title,company,experience,salary,locations,description,industry,employment_type,skills,scraped_at
Data Engineer,Robert Bosch Engineering and Business Solutions Private Limited,3 - 8 years,Not Disclosed,Bengaluru,"Roles & Responsibilities:\nRole Overview\nAs part of our AI Factory, the Data Engineer will design, build, and maintain the data foundation enabling AI/ML models and analytics to deliver value. You will be responsible for ingesting, transforming, and optimizing data from multiple HR and enterprise systems, ensuring it is clean, secure, compliant, and ready for AI-driven use cases.\nThis role is pivotal in enabling data-driven decision-making, ensuring high-quality datasets for our AI/ML engineers, data scientists, and business analysts.\nResponsibilities\nDesign and implement data pipelines to collect, process, and store structured and unstructured data from HRIS, enterprise applications, and external sources.\nBuild and maintain data lakes, warehouses, and marts for AI/ML and analytics use.\nOptimize data quality, performance, and availability through validation, cleansing, and transformation processes.\nWork with Business Analysts to understand data requirements and with AI/ML Engineers to ensure model-ready datasets.\nImplement data governance practices, ensuring compliance with GDPR, CCPA, and AI-related regulations .\nIntegrate real-time and batch data processing solutions.\nAutomate workflows using orchestration tools and CI/CD pipelines.\nMonitor data pipelines and troubleshoot performance or integrity issues.\nDocument data models, schemas, and workflows for ongoing maintainability.\nStay updated on emerging data engineering, AI/ML data processing, and cloud platform trends .",Industry Type: Automobile,"Employment Type: Full Time, Permanent","SAP, Data modeling, Enterprise applications, MySQL, Data structures, Informatica, Oracle, Apache, SQL, Python",2025-09-01 03:18:55
Data Engineer,Hdfc Bank,6 - 11 years,Not Disclosed,"Noida, Navi Mumbai, Bengaluru","Job Role - Data Engineer\nLocation - Navi Mumbai / Bangalore / Noida / Gurugram\n\nJob Purpose\nAzure Data Engineer & Power BI Developer with experience in Big Data Tools and Technologies\nSkilled in designing and implementing scalable data pipelines, working with cloud-based data solutions, and insights through Power BI reports and dashboards",,,"Pyspark, Azure, Python, Azure Data Factory, Azure Databricks",2025-09-01 03:18:57
Data Engineer,BNP Paribas,5 - 7 years,Not Disclosed,Bengaluru,"Position Purpose - Mission\nThe data engineer is responsible for Designing, Architecting and implementing robust, scalable and maintainable data pipelines. candidate will work directly with upstream stockholders (applications owners, data providers) and downstream stakeholders (Data consumers, Data analysts, Data Scientists) to define the data pipeline requirements, implement solutions that serve downstream stakeholders needs through APIs, materialized views.\nOn day to day, Candidate works in conjunction with the Data Analyst, for the aggregation and preparation of data. interacts with security, continuity and IT architecture to validate the IT assets designs and develops. Furthermore, works with BNP Paribas international team\nResponsibilities\nDirect Responsibilities\nWork on the stages from data ingestion to analytics, encompass integration, transformation, warehousing and maintenance\nThe Data Engineer designs architecture, orchestrate, deploys and monitors reliable data processing systems.\nImplement Batch and streaming data pipelines to ingest data into the data warehouse\nPerform undercurrent activities (Data architecture, Data management, DataOps, Security)\nPerform data transformation and modeling, to convert data from OLTP to OLAP to speed up data querying, and best align with business needs\nServe downstream stakeholders across the organization, whose improved access to standardized data will make them more effective at delivering use cases, building dashboards and guiding decisions\nTechnical Competencies\nMaster Data engineering fundamentals concepts (Data warehouse, Data Lake, Data Lakehouse)\nMaster Golang, Bash, SQL, Python\nMaster of HTTP and REST API Best practices\nMaster batch and streaming datapipeline using Kafka\nMaster code versioning with Git and best practices for continuous integration & delivery (CI/CD)\nMaster writing clean and tested code following software engineering best practices (Readable, Modular, Reusable, Extensible)\nMaster data modeling (3NF, Kimball, Vault)\nKnowledge ofdata orchestration using Airflow or Dagster\nKnowledge to self-host and manage tools like Metabase, DBT,\nKnowledge of cloud principals and infrastructure management (IAM, Logging, Terraform, Ansible)\nKnowledge of data abstraction layers (Object Storage, Relational, NoSQL, Document, Trino, and Graph databases)\nKnowledge with Containerization and workload orchestration with (Docker, Kubernetes, Artifactory)\nBackground in working in an agile environment (knowledge of the methods and their limits)",Industry Type: Banking,"Employment Type: Full Time, Permanent","kubernetes, docker, sql, ansible, python, artifactory, data management, golang, data warehousing, data architecture, dashboards, git, iam, data modeling, data lake, rest, data analysis, airflow, data engineering, oltp, nosql, kafka, olap, http, terraform, bash, agile",2025-09-01 03:19:00
Data Engineer,Accenture,2 - 4 years,Not Disclosed,Bengaluru,"Project Role :Data Engineer\n\n\n\nProject Role Description :Design, develop and maintain data solutions for data generation, collection, and processing. Create data pipelines, ensure data quality, and implement ETL (extract, transform and load) processes to migrate and deploy data across systems.\n\nMust have skills :Snowflake Data Warehouse, Data Engineering\n\n\nGood to have skills :NAMinimum\n\n3 year(s) of experience is required\n\n\nEducational Qualification :15 years full time education\n\nSummary:As a Snowflake Sr. Data Engineer, you will build scalable, secure, and high-performance Snowflake pipelines across multiple projects and teams. Your typical day will involve collaborating with Team Leads to ensure alignment with the design of the architecture. From CoE perspective, you will support delivery teams, and contribute to the execution of POVs and POCs.\nRoles & Responsibilities:\nProject Role :Snowflake Sr. Data Engineer\n\nProject Role Description :Build scalable, secure, and high-performance Snowflake pipelines in projects. Contributes to CoE initiatives including POCs, accelerators etc.- Build data pipelines, implement ETL/ELT processes, and work with semi-structured and structured data to support analytics and reporting.- Collaborate closely with project leads to translate requirements into scalable solutions, ensure data quality, and maintain security best practices.- Experience with Snowflake features - performance tuning, writing advanced SQL queries, and leveraging Snowflake features like Snowpipe, Streams, Tasks, and Stored Procedures.- Stay abreast of evolving Snowflake and GenAI capabilities.\n\nProfessional & Technical\n\nSkills:\n-\n\nMust To Have\n\nSkills:\nProficiency in Snowflake Data Warehouse, SnowPro Core Certification (must)- Experience in Data Engineering.- Strong communication skills.-\nGood to have skills :dbt, Fivetran, Python, GenAI Features in Snowflake\n\nAdditional Information:- The candidate should have a minimum of 15 years of experience in Snowflake Data Warehouse.- This position is .\n\n Qualification \n\n15 years full time education",Industry Type: IT Services & Consulting,"Employment Type: Full Time, Permanent","snowflake, python, warehouse, data engineering, etl, hive, sql queries, performance tuning, amazon redshift, airflow, pyspark, data warehousing, elt, snowpipe, sql, stored procedures, plsql, data quality, tableau, spark, hadoop, big data, aws, informatica",2025-09-01 03:19:03
Data Engineer,Accenture,3 - 8 years,Not Disclosed,Bengaluru,"About The Role  \n\n\nProject Role :Data Engineer\n\n\n\nProject Role Description :Design, develop and maintain data solutions for data generation, collection, and processing. Create data pipelines, ensure data quality, and implement ETL (extract, transform and load) processes to migrate and deploy data across systems.\n\nMust have skills :Data Modeling Techniques and Methodologies\n\n\nGood to have skills :NAMinimum\n\n3 year(s) of experience is required\n\n\nEducational Qualification :15 years full time education\n\nSummary:As a Data Engineer, you will design, develop, and maintain data solutions that facilitate data generation, collection, and processing. Your typical day will involve creating data pipelines, ensuring data quality, and implementing ETL processes to effectively migrate and deploy data across various systems. You will collaborate with cross-functional teams to understand data requirements and contribute to the overall data architecture, ensuring that the solutions you develop are scalable and efficient.\nRoles & Responsibilities:- Expected to perform independently and become an SME.- Required active participation/contribution in team discussions.- Contribute in providing solutions to work related problems.- Assist in the design and implementation of data models that meet business needs.- Monitor and optimize data pipelines for performance and reliability.\n\nProfessional & Technical\n\nSkills:\n-\n\nMust To Have\n\nSkills:\nProficiency in Data Modeling Techniques and Methodologies.- Strong understanding of ETL processes and data integration techniques.- Experience with data warehousing concepts and best practices.- Familiarity with data quality frameworks and data governance principles.- Knowledge of database management systems and SQL.\n\nAdditional Information:- The candidate should have minimum 3 years of experience in Data Modeling Techniques and Methodologies.- This position is based at our Bengaluru office.- A 15 years full time education is required.\n\n Qualification \n\n15 years full time education",Industry Type: IT Services & Consulting,"Employment Type: Full Time, Permanent","sql, data modeling, etl, data integration, etl process, hive, python, data warehousing, data architecture, data engineering, sql server, database management, data quality, spark, etl tool, data governance, data warehousing concepts, hadoop, big data, informatica",2025-09-01 03:19:05
Data Engineer,ThoughtWorks,3 - 7 years,Not Disclosed,"Gurugram, Coimbatore, Bengaluru","Data engineers at Thoughtworks are engineers who build, maintain and test the software architecture and infrastructure for managing data applications. They are involved in developing core capabilities which include technical and functional data platforms. They support functional streams of work and are accountable for timely delivery. They work on the latest big data tools, frameworks and offerings (data mesh, etc.), while also being involved in enabling credible and collaborative problem solving to execute on a strategy.\n\n\nJob responsibilities\nYou will collaborate with team members to design intricate data processing pipelines, addressing clients' most challenging problems.\nYou will collaborate with data scientists to design scalable implementations of their models.\nYou will write clean, iterative code using TDD and leverage various continuous delivery practices to deploy, support and operate data pipelines.\nYou will apply different standard models for big data and create data models for at least one type of modeling technique.\nYou will incorporate data quality into your day-to-day work.\n\n\nJob qualifications\nTechnical Skills\nYou have hands-on experience of data modeling and modern data engineering tools and platforms.\nYou have experience in writing clean, high-quality code using the preferred programming language.\nYou have awareness in building data pipelines and data-centric applications using any of the distributed storage platforms and distributed processing platforms in a production setting.\nYou have knowledge of data visualization techniques and can communicate the insights as per the audience.\nYou are aware of data governance, security and privacy strategy to solve business problems.\nYou have experience with different types of databases (i.e.: SQL, NoSQL, etc.).\nProfessional Skills\nYou understand the importance of stakeholder management and can easily liaise between clients and other key stakeholders throughout projects, ensuring buy-in and gaining trust along the way.\nYou are resilient in ambiguous situations and can adapt your role to approach challenges from multiple perspectives.\nYou dont shy away from risks or conflicts, instead you take them on and skillfully manage them.\nYou enjoy influencing others and always advocate for technical excellence while being open to change when needed.",Industry Type: IT Services & Consulting,"Employment Type: Full Time, Permanent","sql, nosql, data modeling, data visualization, big data, hive, python, data analysis, data processing, pyspark, data warehousing, power bi, machine learning, data engineering, data quality, tableau, tdd, spark, data governance, hadoop, sqoop, etl, aws",2025-09-01 03:19:08
Data Engineer,Trigent,8 - 13 years,Not Disclosed,"Gurugram, Bengaluru","Detailed Job Description:\nWe are currently seeking a Senior Data Engineer with hands-on coding experience and a strong background in Python, PySpark, and Object-oriented programming. The ideal candidate will be responsible for designing, developing, and implementing new features to our existing framework using PySpark and Python. This position requires a deep understanding of data transformation and the ability to create standalone scripts based on given business logic.\nQualifications:\nProficient in Python, PySpark, and Object-oriented programming concepts.\nProven experience as a Senior Data Engineer or similar role.\nStrong problem-solving techniques with an ability to troubleshoot complex software issues.\nExperience with AWS is preferred, but not mandatory.\n\nMandatory Skills : Python, Pyspark.",Industry Type: IT Services & Consulting,"Employment Type: Full Time, Permanent","Pyspark, Data engineer, Python",2025-09-01 03:19:10
Python Data Engineer,Citiustech,5 - 8 years,Not Disclosed,"Pune, Chennai, Bengaluru","Primary Skill - Python DE, SQL/Analytics, and Power BI, AWS and FHIR (Fast Healthcare Interoperability Resources)\nSecondary Skill - Experience in healthcare data systems\nExperience - 5 years - 8 years\nLocation - Chennai / Pune / Mumbai / Bangalore\n\nStrong hands-on experience with FHIR standards and data structures.\nProficiency in Python for data engineering tasks.\nExpertise in SQL and data analytics.\nExperience with Power BI for data visualization and reporting.\nSolid understanding of ETL processes and data pipeline architecture.\nDesign, develop, and maintain scalable data pipelines to extract, transform, and load (ETL) data from FHIR APIs into SQL databases.\nWork closely with stakeholders to understand data requirements and ensure data quality and integrity.\nDevelop analytics solutions and dashboards using Power BI to support business insights. Optimize data workflows and troubleshoot data-related issues.\nCollaborate with cross-functional teams including data scientists, analysts, and business users. Experience in healthcare data systems or interoperability standards.\nFamiliarity with cloud platforms (e.g., Azure, AWS, GCP) is a plus.",Industry Type: IT Services & Consulting,"Employment Type: Full Time, Permanent","Power BI, FHIR, AWS, Python, SQL",2025-09-01 03:19:12
Data Engineer,Blend360 India,3 - 7 years,Not Disclosed,Bengaluru,"Develop and maintain robust ETL/ELT pipelines using Python, SQL, and PySpark.\nWork with on-premise big data platforms such as Spark, Hadoop, Hive, and HDFS.\nOptimize and troubleshoot workflows to ensure performance, reliability, and quality.\nUse AI tools to assist with code generation, testing, debugging, and documentation.\nCollaborate with data scientists, analysts, and engineers to support data-driven use cases.\nMaintain up-to-date documentation using AI summarization tools.\nApply AI-augmented software engineering practices, including automated testing, code reviews, and CI/CD.\nIdentify opportunities for automation and process improvement across the data lifecycle.\n\n\nQualifications\n1 3 years of hands-on experience as a Data Engineer or in a similar data-focused engineering role.\nProficiency in Python for data manipulation, automation, and scripting.",Industry Type: Advertising & Marketing,"Employment Type: Full Time, Permanent","Automation, github, GIT, Database design, Process improvement, Debugging, Data processing, Testing, SQL, Python",2025-09-01 03:19:14
Data Engineer,Accenture,2 - 4 years,Not Disclosed,Bengaluru,"About The Role  \n\n\nProject Role :Data Engineer\n\n\n\nProject Role Description :Design, develop and maintain data solutions for data generation, collection, and processing. Create data pipelines, ensure data quality, and implement ETL (extract, transform and load) processes to migrate and deploy data across systems.\n\nMust have skills :Snowflake Data Warehouse\n\n\nGood to have skills :NAMinimum\n\n5 year(s) of experience is required\n\n\nEducational Qualification :15 years full time education\n\nSummary:As a Data Engineer, you will design, develop, and maintain data solutions that facilitate data generation, collection, and processing. Your typical day will involve creating data pipelines, ensuring data quality, and implementing ETL processes to migrate and deploy data across various systems. You will collaborate with cross-functional teams to understand their data needs and provide effective solutions, ensuring that the data infrastructure is robust and scalable to meet the demands of the organization.\nRoles & Responsibilities:- Expected to be an SME.- Collaborate and manage the team to perform.- Responsible for team decisions.- Engage with multiple teams and contribute on key decisions.- Provide solutions to problems for their immediate team and across multiple teams.- Mentor junior team members to enhance their skills and knowledge in data engineering.- Continuously evaluate and improve data processes to enhance efficiency and effectiveness.\n\nProfessional & Technical\n\nSkills:\n-\n\nMust To Have\n\nSkills:\nProficiency in Snowflake Data Warehouse.- Good To Have\n\nSkills:\nExperience with data modeling and database design.- Strong understanding of ETL processes and data integration techniques.- Familiarity with cloud platforms such as AWS or Azure.- Experience in performance tuning and optimization of data queries.\n\nAdditional Information:- The candidate should have minimum 5 years of experience in Snowflake Data Warehouse.- This position is based at our Bengaluru office.- A 15 years full time education is required.\n\n Qualification \n\n15 years full time education",Industry Type: IT Services & Consulting,"Employment Type: Full Time, Permanent","snowflake, warehouse, etl, data integration, etl process, hive, python, performance tuning, amazon redshift, microsoft azure, data warehousing, data engineering, sql, plsql, database design, data quality, tableau, data modeling, spark, hadoop, aws, big data",2025-09-01 03:19:17
Data Engineer,Accenture,2 - 4 years,Not Disclosed,Bengaluru,"About The Role  \n\n\nProject Role :Data Engineer\n\n\n\nProject Role Description :Design, develop and maintain data solutions for data generation, collection, and processing. Create data pipelines, ensure data quality, and implement ETL (extract, transform and load) processes to migrate and deploy data across systems.\n\nMust have skills :Snowflake Data Warehouse\n\n\nGood to have skills :NAMinimum\n\n5 year(s) of experience is required\n\n\nEducational Qualification :15 years full time education\n\nSummary:As a Data Engineer, you will design, develop, and maintain data solutions that facilitate data generation, collection, and processing. Your typical day will involve creating data pipelines, ensuring data quality, and implementing ETL processes to migrate and deploy data across various systems. You will collaborate with cross-functional teams to understand data requirements and deliver effective solutions that meet business needs.\nRoles & Responsibilities:- Expected to be an SME.- Collaborate and manage the team to perform.- Responsible for team decisions.- Engage with multiple teams and contribute on key decisions.- Provide solutions to problems for their immediate team and across multiple teams.- Mentor junior team members to enhance their skills and knowledge.- Continuously evaluate and improve data processes to optimize performance.\n\nProfessional & Technical\n\nSkills:\n-\n\nMust To Have\n\nSkills:\nProficiency in Snowflake Data Warehouse.- Good To Have\n\nSkills:\nExperience with data modeling and database design.- Strong understanding of ETL processes and data integration techniques.- Familiarity with cloud data warehousing solutions.- Experience in performance tuning and optimization of data queries.\n\nAdditional Information:- The candidate should have minimum 5 years of experience in Snowflake Data Warehouse.- This position is based at our Bengaluru office.- A 15 years full time education is required.\n\n Qualification \n\n15 years full time education",Industry Type: IT Services & Consulting,"Employment Type: Full Time, Permanent","snowflake, warehouse, etl, data integration, etl process, hive, python, performance tuning, data warehousing, power bi, data engineering, sql, plsql, database design, data quality, tableau, unix shell scripting, data modeling, spark, hadoop, big data, aws, informatica",2025-09-01 03:19:20
Data Engineer,Accenture,2 - 4 years,Not Disclosed,Bengaluru,"About The Role  \n\n\nProject Role :Data Engineer\n\n\n\nProject Role Description :Design, develop and maintain data solutions for data generation, collection, and processing. Create data pipelines, ensure data quality, and implement ETL (extract, transform and load) processes to migrate and deploy data across systems.\n\nMust have skills :Python (Programming Language)\n\n\nGood to have skills :NAMinimum\n\n5 year(s) of experience is required\n\n\nEducational Qualification :15 years full time education\n\nSummary:As a Data Engineer, you will design, develop, and maintain data solutions that facilitate data generation, collection, and processing. Your typical day will involve creating data pipelines, ensuring data quality, and implementing ETL processes to migrate and deploy data across various systems. You will collaborate with cross-functional teams to understand their data needs and provide effective solutions, ensuring that the data infrastructure is robust and scalable to meet the demands of the organization.\nRoles & Responsibilities:- Expected to be an SME.- Collaborate and manage the team to perform.- Responsible for team decisions.- Engage with multiple teams and contribute on key decisions.- Provide solutions to problems for their immediate team and across multiple teams.- Mentor junior team members to enhance their skills and knowledge.- Continuously evaluate and improve data processes to enhance efficiency.\n\nProfessional & Technical\n\nSkills:\n-\n\nMust To Have\n\nSkills:\nProficiency in Python (Programming Language).- Strong understanding of data modeling and database design principles.- Experience with ETL tools and data integration techniques.- Familiarity with cloud platforms such as AWS or Azure for data storage and processing.- Knowledge of data warehousing concepts and best practices.\n\nAdditional Information:- The candidate should have minimum 5 years of experience in Python (Programming Language).- This position is based at our Bengaluru office.- A 15 years full time education is required.\n\n Qualification \n\n15 years full time education",Industry Type: IT Services & Consulting,"Employment Type: Full Time, Permanent","python, database design, data modeling, design principles, etl, hive, data warehousing, microsoft azure, pyspark, data engineering, sql, plsql, data quality, etl tool, spark, data warehousing concepts, hadoop, aws, big data, data integration, informatica, etl process",2025-09-01 03:19:22
Data Engineer,Accenture,2 - 4 years,Not Disclosed,Bengaluru,"About The Role  \n\n\nProject Role :Data Engineer\n\n\n\nProject Role Description :Design, develop and maintain data solutions for data generation, collection, and processing. Create data pipelines, ensure data quality, and implement ETL (extract, transform and load) processes to migrate and deploy data across systems.\n\nMust have skills :Python (Programming Language)\n\n\nGood to have skills :NAMinimum\n\n5 year(s) of experience is required\n\n\nEducational Qualification :15 years full time education\n\nSummary:As a Data Engineer, you will design, develop, and maintain data solutions that facilitate data generation, collection, and processing. Your typical day will involve creating data pipelines, ensuring data quality, and implementing ETL processes to migrate and deploy data across various systems. You will collaborate with cross-functional teams to understand their data needs and provide effective solutions, ensuring that the data infrastructure is robust and scalable to meet the demands of the organization.\nRoles & Responsibilities:- Expected to be an SME.- Collaborate and manage the team to perform.- Responsible for team decisions.- Engage with multiple teams and contribute on key decisions.- Provide solutions to problems for their immediate team and across multiple teams.- Mentor junior team members to enhance their skills and knowledge in data engineering.\n\nProfessional & Technical\n\nSkills:\n-\n\nMust To Have\n\nSkills:\nProficiency in Python (Programming Language).- Strong understanding of data pipeline architecture and ETL processes.- Experience with data quality frameworks and data governance practices.- Familiarity with cloud platforms such as AWS, Azure, or Google Cloud.- Knowledge of database management systems and data warehousing concepts.\n\nAdditional Information:- The candidate should have minimum 5 years of experience in Python (Programming Language).- This position is based at our Bengaluru office.- A 15 years full time education is required.\n\n Qualification \n\n15 years full time education",Industry Type: IT Services & Consulting,"Employment Type: Full Time, Permanent","python, gcp, data pipeline architecture, aws, etl process, hive, microsoft azure, data warehousing, data engineering, sql, plsql, database management, data quality, tableau, spark, data governance, data warehousing concepts, hadoop, etl, big data, informatica",2025-09-01 03:19:24
Data Engineer,Accenture,3 - 8 years,Not Disclosed,Bengaluru,"Project Role :Data Engineer\n\n\n\n\n\nProject Role Description :Design, develop and maintain data solutions for data generation, collection, and processing. Create data pipelines, ensure data quality, and implement ETL (extract, transform and load) processes to migrate and deploy data across systems.\n\n\n\nMust have skills :Google BigQuery\n\n\n\n\nGood to have skills :Microsoft SQL Server, Google Cloud Data ServicesMinimum\n\n\n\n3 year(s) of experience is required\n\n\n\n\nEducational Qualification :15 years full time education\n\n\nSummary:As a Data Engineer, you will design, develop, and maintain data solutions that facilitate data generation, collection, and processing. Your typical day will involve creating data pipelines, ensuring data quality, and implementing ETL processes to migrate and deploy data across various systems. You will collaborate with cross-functional teams to understand data requirements and deliver effective solutions that meet business needs, while also troubleshooting any issues that arise in the data flow and processing stages.\nRoles & Responsibilities:- Expected to perform independently and become an SME.- Required active participation/contribution in team discussions.- Contribute in providing solutions to work related problems.- Assist in the optimization of data pipelines for performance and efficiency.- Collaborate with data analysts and other stakeholders to understand data needs and deliver appropriate solutions.\nProfessional & Technical\n\n\n\n\nSkills:\n- Must To Have\n\n\n\n\nSkills:\nProficiency in Google BigQuery.- Good To Have\n\n\n\n\nSkills:\nExperience with Microsoft SQL Server, Google Cloud Data Services.- Strong understanding of data modeling and database design principles.- Experience with data integration tools and ETL processes.- Familiarity with cloud-based data storage and processing solutions.\nAdditional Information:- The candidate should have minimum 3 years of experience in Google BigQuery.- This position is based at our Bengaluru office.- A 15 years full time education is required.\n\nQualification\n\n15 years full time education",Industry Type: IT Services & Consulting,"Employment Type: Full Time, Permanent","database design, data modeling, bigquery, design principles, etl, hive, data services, python, data warehousing, microsoft azure, google, machine learning, data engineering, sql server, sql, data quality, tableau, spark, gcp, hadoop, big data, aws, data flow, etl process",2025-09-01 03:19:27
Data Engineer,Accenture,15 - 20 years,Not Disclosed,Bengaluru,"Project Role :Data Engineer\n\n\n\n\n\nProject Role Description :Design, develop and maintain data solutions for data generation, collection, and processing. Create data pipelines, ensure data quality, and implement ETL (extract, transform and load) processes to migrate and deploy data across systems.\n\n\n\nMust have skills :OneTrust Privacy Management\n\n\n\n\nGood to have skills :Data GovernanceMinimum\n\n\n\n7.5 year(s) of experience is required\n\n\n\n\nEducational Qualification :15 years full time education\n\n\nSummary:As a Data Engineer, you will design, develop, and maintain data solutions that facilitate data generation, collection, and processing. Your typical day will involve creating data pipelines, ensuring data quality, and implementing ETL processes to effectively migrate and deploy data across various systems. You will collaborate with cross-functional teams to understand their data needs and provide innovative solutions to enhance data accessibility and usability.\nRoles & Responsibilities:- Expected to be an SME.- Collaborate and manage the team to perform.- Responsible for team decisions.- Engage with multiple teams and contribute on key decisions.- Provide solutions to problems for their immediate team and across multiple teams.- Develop and optimize data pipelines to ensure efficient data flow and processing.- Monitor and troubleshoot data quality issues, implementing corrective actions as necessary.\nProfessional & Technical\n\n\n\n\nSkills:\n- Must To Have\n\n\n\n\nSkills:\nProficiency in OneTrust Privacy Management.- Good To Have\n\n\n\n\nSkills:\nExperience with Data Governance.- Strong understanding of data architecture and data modeling principles.- Experience with ETL tools and data integration techniques.- Familiarity with data quality frameworks and best practices.\nAdditional Information:- The candidate should have minimum 7.5 years of experience in OneTrust Privacy Management.- This position is based at our Bengaluru office.- A 15 years full time education is required.\n\nQualification\n\n15 years full time education",Industry Type: IT Services & Consulting,"Employment Type: Full Time, Permanent","data architecture, data modeling, data governance, etl, data integration, hive, python, data warehousing, power bi, data engineering, sql, plsql, data quality, tableau, unix shell scripting, etl tool, spark, ATCI-5041041-S1872031, hadoop, big data, ssis, data flow, informatica, etl process",2025-09-01 03:19:29
Data Engineer,Accenture,15 - 20 years,Not Disclosed,Bengaluru,"Project Role :Data Engineer\n\n\n\n\n\nProject Role Description :Design, develop and maintain data solutions for data generation, collection, and processing. Create data pipelines, ensure data quality, and implement ETL (extract, transform and load) processes to migrate and deploy data across systems.\n\n\n\nMust have skills :OneTrust Privacy Management\n\n\n\n\nGood to have skills :Data GovernanceMinimum\n\n\n\n7.5 year(s) of experience is required\n\n\n\n\nEducational Qualification :15 years full time education\n\n\nSummary:As a Data Engineer, you will design, develop, and maintain data solutions that facilitate data generation, collection, and processing. Your typical day will involve creating data pipelines, ensuring data quality, and implementing ETL processes to effectively migrate and deploy data across various systems. You will collaborate with cross-functional teams to understand their data needs and provide innovative solutions to enhance data accessibility and usability.\nRoles & Responsibilities:- Expected to be an SME.- Collaborate and manage the team to perform.- Responsible for team decisions.- Engage with multiple teams and contribute on key decisions.- Provide solutions to problems for their immediate team and across multiple teams.- Develop and optimize data pipelines to ensure efficient data flow and processing.- Monitor and troubleshoot data quality issues, implementing corrective actions as necessary.\nProfessional & Technical\n\n\n\n\nSkills:\n- Must To Have\n\n\n\n\nSkills:\nProficiency in OneTrust Privacy Management.- Good To Have\n\n\n\n\nSkills:\nExperience with Data Governance.- Strong understanding of data architecture and data modeling principles.- Experience with ETL tools and data integration techniques.- Familiarity with data quality frameworks and best practices.\nAdditional Information:- The candidate should have minimum 7.5 years of experience in OneTrust Privacy Management.- This position is based at our Bengaluru office.- A 15 years full time education is required.\n\nQualification\n\n15 years full time education",Industry Type: IT Services & Consulting,"Employment Type: Full Time, Permanent","data architecture, data modeling, data governance, etl, data integration, hive, python, data warehousing, power bi, data engineering, sql, plsql, data quality, tableau, unix shell scripting, etl tool, spark, hadoop, big data, ssis, ATCI-5041042-S1872032, data flow, informatica, etl process",2025-09-01 03:19:32
Data Engineer,Globallogic,5 - 10 years,Not Disclosed,Bengaluru,"Description:\n1. Data engineer with 6+ years of hands on experience working on Big Data Platforms\n2. Experience building and optimizing Big data data pipelines and data sets ranging from Data ingestion to Processing to Data Visualization.\n3. Good Experience in writing and optimizing Spark Jobs, Spark SQL etc. Should have worked on both batch and steaming data processing\n4. Good experience in any one programming language -Scala/Python , Python preferred.\n5. Experience in writing and optimizing complex Hive and SQL queries to process huge data. good with UDFs, tables, joins,Views etc\n6. Experience in using Kafka or any other message brokers\n7. Configuring, monitoring and scheduling of jobs using Oozie and/or Airflow\n8. Processing streaming data directly from Kafka using Spark jobs, expereince in Spark- streaming is must\n9. Should be able to handling different file formats (ORC, AVRO and Parquet) and unstructured data\n10. Should have experience with any one No SQL databases like Amazon S3 etc\n11. Should have worked on any of the Data warehouse tools",,,"hive, kubernetes, scala, amazon redshift, emr, eks, sql, parquet, hadoop map reduce, elastic search, streaming, ecs, spark, gcp, aws cloud, hadoop, bigquery, big data, programming, avro, snowflake, python, sql queries, elk, oozie, airflow, microsoft azure, apache flink, nosql, dataproc, s, mapreduce, udf, kafka, aws",2025-09-01 03:19:35
Data Engineer,Accenture,15 - 20 years,Not Disclosed,Pune,"Project Role :Data Engineer\n\n\n\n\n\nProject Role Description :Design, develop and maintain data solutions for data generation, collection, and processing. Create data pipelines, ensure data quality, and implement ETL (extract, transform and load) processes to migrate and deploy data across systems.\n\n\n\nMust have skills :Neo4j, Stardog\n\n\n\n\nGood to have skills :JavaMinimum\n\n\n\n5 year(s) of experience is required\n\n\n\n\nEducational Qualification :15 years full time education\n\n\nSummary:As a Data Engineer, you will design, develop, and maintain data solutions that facilitate data generation, collection, and processing. Your typical day will involve creating data pipelines, ensuring data quality, and implementing ETL processes to migrate and deploy data across various systems. You will collaborate with cross-functional teams to understand their data needs and provide effective solutions, ensuring that the data infrastructure is robust and scalable to meet the demands of the organization.\nRoles & Responsibilities:- Expected to be an SME.- Collaborate and manage the team to perform.- Responsible for team decisions.- Engage with multiple teams and contribute on key decisions.- Provide solutions to problems for their immediate team and across multiple teams.- Mentor junior team members to enhance their skills and knowledge in data engineering.- Continuously evaluate and improve data processes to enhance efficiency and effectiveness.\nProfessional & Technical\n\n\n\n\nSkills:\n- Must To Have\n\n\n\n\nSkills:\nProficiency in Neo4j.- Good To Have\n\n\n\n\nSkills:\nExperience with Java.- Strong understanding of data modeling and graph database concepts.- Experience with data integration tools and ETL processes.- Familiarity with data quality frameworks and best practices.- Proficient in programming languages such as Python or Scala for data manipulation.\nAdditional Information:- The candidate should have minimum 5 years of experience in Neo4j.- This position is based at our Bengaluru office.- A 15 years full time education is required.\n\nQualification\n\n15 years full time education",Industry Type: IT Services & Consulting,"Employment Type: Full Time, Permanent","scala, java, data modeling, python, neo4j, hive, pyspark, data warehousing, sql, spark, hadoop, data visualization, etl, big data, data manipulation, airflow, machine learning, data engineering, data quality, tableau, mapreduce, kafka, sqoop, aws, etl process",2025-09-01 03:19:38
Data Engineer,Accenture,15 - 20 years,Not Disclosed,Bengaluru,"Project Role :Data Engineer\n\n\n\n\n\nProject Role Description :Design, develop and maintain data solutions for data generation, collection, and processing. Create data pipelines, ensure data quality, and implement ETL (extract, transform and load) processes to migrate and deploy data across systems.\n\n\n\nMust have skills :OneTrust Privacy Management\n\n\n\n\nGood to have skills :NAMinimum\n\n\n\n7.5 year(s) of experience is required\n\n\n\n\nEducational Qualification :15 years full time education\n\n\nSummary:As a Data Engineer, you will design, develop, and maintain data solutions that facilitate data generation, collection, and processing. Your typical day will involve creating data pipelines, ensuring data quality, and implementing ETL processes to effectively migrate and deploy data across various systems. You will collaborate with cross-functional teams to understand their data needs and provide innovative solutions to enhance data accessibility and usability.\nRoles & Responsibilities:- Expected to be an SME.- Collaborate and manage the team to perform.- Responsible for team decisions.- Engage with multiple teams and contribute on key decisions.- Provide solutions to problems for their immediate team and across multiple teams.- Develop and optimize data pipelines to ensure efficient data flow and processing.- Monitor and troubleshoot data quality issues, implementing corrective actions as necessary.\nProfessional & Technical\n\n\n\n\nSkills:\n- Must To Have\n\n\n\n\nSkills:\nProficiency in OneTrust Privacy Management.- Good To Have\n\n\n\n\nSkills:\nExperience with Data Governance.- Strong understanding of data architecture and data modeling principles.- Experience with ETL tools and data integration techniques.- Familiarity with data quality frameworks and best practices.\nAdditional Information:- The candidate should have minimum 7.5 years of experience in OneTrust Privacy Management.- This position is based at our Bengaluru office.- A 15 years full time education is required.\n\nQualification\n\n15 years full time education",Industry Type: IT Services & Consulting,"Employment Type: Full Time, Permanent","data architecture, data modeling, data governance, etl, data integration, hive, python, data warehousing, power bi, data engineering, sql, plsql, data quality, tableau, unix shell scripting, etl tool, spark, hadoop, big data, ssis, data flow, informatica, etl process",2025-09-01 03:19:41
Python ETL Developer/Data Engineer,Hexaware Technologies,3 - 7 years,Not Disclosed,"Mumbai, Pune, Chennai","Required Skills:\nStrong programming experience in Python.\nProficiency in Pandas, NumPy, and working with SQL queries.\nExperience in working with Data Lake and processing large volumes of data.\nAbility to parse and consolidate data from Excel, CSV, and plain text formats.\nHands-on experience in writing unit tests, performing regression testing, and implementing error/exception handling.",,,"python, software testing, numpy, sql, pandas, hive, sql queries, data analysis, data manipulation, pyspark, data warehousing, machine learning, data engineering, data extraction, tableau, data science, spark, hadoop, data visualization, etl, big data, data lake",2025-09-01 03:19:43
Data Science Trainer - Work From Home,Thinkvidya Learning,1 - 6 years,Not Disclosed,,"About UrbanPro:\nUrbanPro is Indias largest marketplace for learning and skill development, connecting students with qualified tutors and trainers across a wide range of subjects and professional skills. As a trusted platform, we empower individuals to advance their careers and academic journeys by providing access to quality education and personalized training.\nJob Overview:\nUrbanPro is seeking a passionate and knowledgeable Data Science Trainer to join our pool of expert freelance trainers. This role is ideal for individuals who have a strong command of data science concepts, enjoy teaching, and want to work from the comfort of their home. As a Data Science Trainer with UrbanPro, you’ll deliver live, interactive sessions and provide guidance to students, helping them build a robust understanding of data science tools and techniques.\nKey Responsibilities:\nConduct online, interactive training sessions on data science topics for beginner to advanced level students.\nDesign and deliver engaging learning materials, including presentations, case studies, and real-world examples.\nMentor and guide students on projects, assignments, and career-related skills.\nProvide timely feedback and address student queries to ensure a thorough understanding of concepts.\nStay updated with the latest trends and advancements in data science and incorporate relevant content into the curriculum.\nRequirements:\nEducational Background: Bachelor’s or Master’s degree in Data Science, Computer Science, Statistics, or a related field.\nExperience: Proven experience (2+ years) in data science, machine learning, or a related area, with at least 1 year of training or teaching experience.\nTechnical Skills:\nProficiency in Python/R, SQL, and data visualization tools (e.g., Tableau, Power BI).\nExperience with machine learning algorithms, statistical analysis, and predictive modeling.\nFamiliarity with big data tools like Hadoop or Spark is a plus.\nSoft Skills: Strong communication, patience, and ability to simplify complex concepts for learners.\nEquipment: A stable internet connection, a laptop or desktop with a webcam, and necessary software for online teaching.\nWhy Join Us?\nFlexible, remote work – Set your schedule and work from anywhere.\nCompetitive compensation – Earn based on the hours and quality of training delivered.\nImpactful role – Help students from diverse backgrounds advance their careers in data science.\nProfessional development – Access to UrbanPro’s resources to stay updated and enhance your teaching skills.",Industry Type: Education / Training,"Employment Type: Part Time, Freelance/Homebased","Data Science, Online Tutoring",2025-09-01 03:19:46
Junior Engineer,Prodapt Solutions,1 - 3 years,Not Disclosed,Chennai,"We are looking for talented Junior Engineers with 1 to 3 years of experience who are passionate about AI-driven applications and modern software development. The ideal candidate will have strong programming skills, basic knowledge of generative AI, and an eagerness to learn and implement innovative solutions using LLMs, APIs, and caching techniques.\nKey Responsibilities\n• Develop and maintain applications using Python/Java\n• Work with SLMs & LLMs, understanding when to use each\n• Apply Agentic AI concepts and design patterns\n• Perform Prompt Engineering for effective AI use cases\n• Implement RAG (Retrieval-Augmented Generation) with LLMs\n• Build and integrate with APIs (REST APIs, JDBC calls, JSON, error handling, retries, circuit breakers, etc.)\n• Work with SQL & NoSQL databases (Cassandra, Oracle, Postgres, etc.)\n• Implement caching techniques (Redis, external/internal caching)\n• Explore and utilize tools like Gemini & Copilot for faster development",,,"Generative Ai, Large Language Model, Api Integration, Retrieval Augmented Generation, Python, Agentic Ai, Java, NoSQL, RAG, LLM, SQL",2025-09-01 03:19:48
Looking For Devops Engineer,XYZ,4 - 9 years,Not Disclosed,"Gurugram, Bengaluru","We are looking for a curious and driven Junior to Mid-level Cloud\nSolutions Architect & DevOps Engineer\n\nRequired Skills & Experience:\n• Practical experience with at least one major cloud platform\n(AWS, GCP, Azure); willingness and ability to learn others.\n• Strong programming skills in Python and SQL. Experience\nwith PySpark is a bonus.\n• Familiarity with containerization (Docker) and orchestration\n(Kubernetes).\n• Experience with version control systems (Git) and CI/CD\ntools.\n• Understanding of cloud services pricing models to help\ndesign cost-effective solutions.\n• Solid grasp of DevOps practices, including configuration\nmanagement, secrets handling, and environment setup.\n• Self-motivated, eager to learn, and able to work\nindependently.\nNice to Have (Bonus):\n• Prior experience with big data platforms or streaming data\nsolutions like Kafka.\n\n• Knowledge of modern analytics and data stack tools (e.g.,\ndbt, DuckDB, Cloudflare R2).\n• Understanding of cloud networking, VPNs, security features,\nand firewall configurations.\n\n\nInterested candidates can apply to Jobs@clarityconsulting.in",Industry Type: IT Services & Consulting,"Employment Type: Full Time, Permanent","Pyspark, Azure, GCP, Devops, AWS, Docker, Python, SQL",2025-09-01 03:19:50
AI Software Engineer,DHL IT Services India,2 - 5 years,10-20 Lacs P.A.,Indore,"AI Software Engineer (Python, GenAI)\nWith a global team of 5600+ IT professionals, DHL IT Services connects people and keeps the global economy running by continuously innovating and creating sustainable digital solutions. We work beyond global borders and push boundaries across all dimensions of logistics. You can leave your mark shaping the technology backbone of the biggest logistics company of the world. All our offices have earned #GreatPlaceToWork certification, reflecting our commitment to exceptional employee experiences.\n\nDigitalization. Simply delivered.\nAt IT Services, we are passionate about technology. Our team is continuously expanding. No matter your level of Architecture proficiency, you can always grow within our diverse environment.\n#DHL #DHLITServices #GreatPlace\n\nGrow together.\nThe role of an AI Engineer is the pathfinder for the Engineering team. AI Engineers need to be able to understand the challenges on the ground and find solution to improve efficiency in delivering solutions for faster time to market. AI Engineer is proficient in leveraging available AI tools in applying real world use cases for better productivity.\nReady to embark on the journey? Heres what we are looking for:\nAs an AI Engineer, having Python experience, Prompt Engineering and Generative AI models, and AI use cases application is required. Also, knowledge of AI workflow tools such as LangChain and n8n will be a huge plus to help our company improve our business and IT processes with better efficiency, breaking down tasks to use the right learning models, while grounding results via context engineering” using RAG and MCP protocols to ensure only relevant and good quality results are produced.\nAside from that, you should be able to work independently prioritize and organize your tasks under time and workload pressure. Working in a multinational environment, you can expect cross-region collaboration with teams around the globe, thus being advanced in spoken and written English will be certainly useful.\n\nReady to embark on the journey? Here’s what we are looking for:\nAs a Software Engineer, having Python experience, Prompt Engineering and Generative AI models, use cases knowledge is a huge plus. Very good knowledge of Software Development Methodologies and DevSecOps process and tools and Java & Node.js programming language will also be an integral part of this role.\nYou are a GenAI aficionado, therefore you have a good understanding of version control systems (e.g., Git) and project management tools, analytical and soft skills. You are able to work independently prioritize and organize your tasks under time and workload pressure. Working in a multinational environment, you can expect cross-region collaboration with teams around the globe, thus being advanced in spoken and written English will be certainly useful.\n\nAn array of benefits for you:\nHybrid work arrangements to balance in-office collaboration and home flexibility.\nAnnual Leave: 42 days off apart from Public / National Holidays.\nMedical Insurance: Self + Spouse + 2 children. An option to opt for Voluntary Parental Insurance (Parents / Parent -in-laws) at a nominal premium covering pre existing disease.\nIn House training programs: professional and technical training certifications.",Industry Type: IT Services & Consulting,"Employment Type: Full Time, Permanent","Genrative Ai, Artificial Intelligence, RAG, Python, Agentic Ai, Natural Language Processing, MCP",2025-09-01 03:19:53
Gen AI Developer,Data Engine,3 - 8 years,10-17 Lacs P.A.,"Nagpur, Pune","Job Title: GenAI Developer\nExperience: 3-8 Years\nLocation: Pune / Nagpur (Hybrid)\nEmployment Type: Full-time\n\nAbout Company\n\nData-Engine works with clients to architect and deploy solutions in GenAI, IoT and ML. Our\nteams have designed systems that power connected devices, enable edge intelligence and\ndeliver AI-driven applications that solve concrete business problems both in India and\noverseas. Our focus is to work with clients to translate complex problems into engineered\nsystems that deliver measurable outcomes and accelerate time-to-market.\n\nRole Overview\n\nWe are seeking a highly skilled GenAI / AI-ML Developer with 3-8 years of experience in\ndesigning and implementing AI-driven solutions. The ideal candidate will have strong\nexpertise in Python, machine learning, deep learning, and GenAI technologies, with\nhands-on experience in building and deploying scalable AI systems.\n\nKey Responsibilities\n\nDesign, build, and deploy GenAI applications using LLMs, prompt engineering, and\nRAG frameworks.\n\nWork on prompt engineering, LLM fine-tuning, and deployment workflows.\n\nImplement AI-driven solutions for analyzing, understanding, and migrating legacy\ncodebases.\n\nIntegrate APIs such as OpenAI, Claude, Azure OpenAI, etc., into products or tools.\n\nDevelop reusable components for embeddings, vector search, and prompt handling.\n\nResearch and stay current with latest AI/ML trends, frameworks, and tools.\n\nCollaborate with cross-functional teams to deliver high-impact solutions.\n\nRequired Skills & Qualifications\n\nStrong Python programming skills.\nDeep understanding of machine learning and deep learning algorithms.\n\nProficiency in Natural Language Processing (NLP).\n\nExpertise in data handling, preprocessing, and data engineering.\n\nKnowledge of AI frameworks and libraries (TensorFlow, PyTorch, Hugging Face,\netc.).\nExperience in model deployment, scaling, and optimization.\n\nHands-on experience with GenAI tools (RAG, LLMs, embeddings, vector DBs).\n\nStrong problem-solving and analytical abilities.\n\nPreferred Skills\n\nExperience working with large-scale AI systems in production.\n\nFamiliarity with cloud services (AWS, Azure, GCP) for AI/ML workloads.\n\nPrior experience in Agile/Scrum environments.",Industry Type: IT Services & Consulting,"Employment Type: Full Time, Permanent","Tensorflow, Artificial Intelligence, Deep Learning, Pytorch, Python, Data Handling, Generative AI, LLMs, Natural Language Processing, AI Frameworks, Hugging Face, Machine Learning, Vector Search, RAG Framework",2025-09-01 03:19:55
Assistant Manager - Project Management,IndiGo,4 - 9 years,Not Disclosed,Gurugram,"We are seeking a dynamic and detail-oriented Assistant Manager – Project Manager with a strong command of PowerPoint presentation design and data storytelling & project management.\n The ideal candidate will support project planning, execution, and reporting while creating high-impact presentations for internal and external stakeholders. This role requires a blend of strategic thinking, data fluency and visual communication skills.\nKey Responsibilities:\n\n           Project Management:\nAssist in planning, coordinating, and executing projects across departments.\nTrack project milestones, deliverables, and timelines using project management tools.\nPrepare project documentation, status reports, and dashboards.\nPresentation & Storytelling:\nDesign and develop professional, visually engaging PowerPoint presentations for leadership reviews, client meetings, and internal communications.\nTranslate complex data and project updates into clear, compelling visual narratives.\nEnsure brand consistency and adherence to corporate design standards.\n            Data Visualization & Interpretation\nAnalyze quantitative and qualitative data to extract actionable insights.\nUse tools like Excel, Power BI, or Tableau to build dashboards and charts that support storytelling.\nTailor data communication styles to different stakeholder audiences (technical vs. executive).\nValidate data accuracy and ensure narrative integrity across presentations.\nStakeholder Communication:\nCollaborate with cross-functional teams to gather content and insights.\nPresent project updates and insights to senior management.\nSupport in organizing and facilitating project meetings and workshops.\nProcess Improvement:\nIdentify opportunities to streamline project workflows and reporting.\nContribute to the development of templates, SOPs, and best practices.\nQualifications:\nBachelor’s / Mater’s degree in business administration, Project Management, Communications, or a related field.\n3–5 years of experience in project coordination or management roles.\nProven expertise in Microsoft PowerPoint and Microsoft Office Suite.\nFamiliarity with project management tools (e.g., MS Project).\nStrong analytical, organizational, and communication skills.\nAbility to manage multiple priorities in a fast-paced environment.\n Preferred Skills:\nExperience in consulting, corporate strategy, or business operations.\nKnowledge of data visualization tools (e.g., Power BI, Tableau) is a plus.\n ""At IndiGo, we believe in the innate strength of an energetic, diverse, and inclusive workforce, where the viewpoints and life experiences of our employees help us foster strong connections with all our customers.\nOur diversity equity and inclusion efforts are designed to attract, nurture, and advance the lives of our employees and customers irrespective of their – but not limited to - gender, race, color, religion, caste, creed, ethnicity, origin, language, social and economic status, sexual orientation, differently-abled status, marital status, nationality, age, family status, and maternity status""\n",Industry Type: Aviation,"Employment Type: Full Time, Permanent","execution, project management, analytical, data, project documentation, ms project, power bi, microsoft office suite, excel, tableau, presentation design, data integration tools, project management tools, project coordination, powerpoint, project planning, communication skills",2025-09-01 03:19:57
Junior Data Analyst in Banking Domain,XYZ,3 - 8 years,Not Disclosed,"Hyderabad, Pune, Bengaluru","We are looking for a highly skilled Consultant Data Analytics\n\nThe role demands\nstrong expertise in SQL, big data handling, Tableau, and Python, along with prior exposure to the\nBanking and Financial Services domain.\n\nRequired Skills & Qualifications\n• Technical Skills:\nProficient in SQL, with experience handling big data environments (Hadoop,\nTeradata, Snowflake, etc.).\nStrong hands-on experience in Python, Tableau, and big data querying\n(Hive/Impala).\n• Domain Expertise:\n\n28 years of experience in analytics delivery, with at least some exposure to the\nBanking and Financial Services domain.\n\n• Education:\nMasters or Bachelor’s degree in Mathematics, Statistics, Economics, Computer\nEngineering, or related analytics field.\n\n\nInterested candidates can apply to Jobs@clarityconsulting.in",Industry Type: IT Services & Consulting,"Employment Type: Full Time, Permanent","Banking domain, Python, SQL, Power Bi, Big Data, Data Analysis, Data Visualization, Tableau",2025-09-01 03:20:00
EY Hiring || Fullstck Developer (ASP.Net & Angular)|| BLR,EY,4 - 8 years,Not Disclosed,Bengaluru,"Dear candidate,\n\nWe are currently hiring for the role of DotNet Core Full Stack Developer with strong experience in front-end and back-end development. The ideal candidate should have a data engineering background and hands-on experience with the following technologies:\n\nRequired Skills:",,,"Fullstack Development, ASP.Net, MVC, Angular, SQL",2025-09-01 03:20:02
AVP - Data Scientist.,Aye Finance,4 - 8 years,12-18 Lacs P.A.,Gurgaon/Gurugram,"Roles and Responsibilities:\n• Building end-to-end data pipelines for ML models, other data driven solutions such that the pipeline is directly usable for deployment/implementation.\n• Building and maintaining data pipelines: data cleaning, transformation, roll-up, pre-processing, etc.\n• Building/developing data insight solutions various teams like Credit, Collections, Distribution, Vigilance, HR, etc.\n• Building automation solutions using Python, SQL, Docker, etc. as required.",,,"python, Docker, Pandas, Machine Learning, Container, FastAPI, flask, Kubernetes",2025-09-01 03:20:05
Application & Industrial Engineer,Amway,5 - 10 years,Not Disclosed,Madurai,"Job Location : madurai manufacturing Plant\n\nRole & responsibilities\nPurpose of the role:\nThe role will be a part of Application Engineering team and report to Manager Application engineering. The primary focus of this role is to support Amways Manufacturing Execution Systems (MES) and related digital applications, ensuring seamless IT/OT platform and data integrations and operational efficiency. Secondarily, the role supports the development and maintenance of standard routings in JDE critical for accurate product costing and manufacturing planning. This position requires strong technical expertise, process knowledge, and cross-functional collaboration with plants in India.\nMaintenance of existing MES program and trouble shoot\nImplement existing and new systems within supply chain management scope\nSupport critical Application, Industrial & Process Engineering activities\nSupport initiatives related to lean manufacturing, process optimization, and operational excellence.\n1. MES and Digital Application Support & Maintenance\nMaintain, Support & trouble shoot day-to-day services for existing Manufacturing Execution Systems (MES), Chrysalis and other Digital engineering initiatives.\nLead & develop small scale implementations of new improvements in applications (CAC, Chrysalis, etc.) and IT/OT integration initiatives across manufacturing and supply chain operations.\nSupport workflows for data automation and Tableau dashboards for real-time manufacturing insights.\nEnsure systems uptime, stability, and performance for manufacturing and supply chain operations\n2. IT/OT Platform and Data Integration\nEnsure data integrity and smooth digital flow between shopfloor systems and enterprise applications.\nDevelop and maintaining data flows between MES, ERP, SCADA, and other enterprise systems following the Amway Global Cybersecurity norms.\n3. Standard Routing Management & Product Costing (JDE)\nContribute to maintaining standard routings for ITM products, new formulas, and process changes in JDE.\nTranslate manufacturing process data into accurate routing inputs reflecting production realities.\n4. Cross-Functional Collaboration\nCollaborate with IT, Operations, and Engineering teams to identify and implement system improvements and troubleshoot issues.\nSupport cross-functional initiatives aimed at improving operational efficiency and data transparency.\nCollaborate with Planning, Operations, I&S, Finance, and Project Management teams as needed\nCommunication with technical and non-technical stakeholders.\n5. Documentation & Compliance\nManage technical documentation including SOPs, user guides, and change control logs.\nEnsure alignment with global compliance and regulatory requirements.\nMaintain primary and alternate routing with proper documentation.\n6. Continuous Improvement & Innovation\nIdentify opportunities for system enhancements and process improvements.\nSupport manufacturing digital transformation.\n\nRequired skills and competencies.\nTechnical Skills:\nThe candidate should be well experienced in modern data science and product analytics tools and techniques such as Python, R, Machine learning, C#; advanced statistics, IT/OT integration and data mining techniques.\nShould have hand-on experience on Manufacturing Engineering Project Executions\nExperience with Industrial Automation, control systems like PLC, SCADA, HMI, DCS systems\nExperience in data base handling with SQL, PSSQL, ORACLE or MONGODB\nKnowledge of cybersecurity standards, industrial MES protocols, network and system architecture and test automation\nThorough understanding of manufacturing processes for FMCG/pharmaceuticals, or cosmeceuticals, and familiarity with packaging and production equipment.\nProficiency in CAC MES systems, Chrysalis, JDE ERP, and Tableau.\nPreferred to have any formal training/certification on automation or MES development or software solutions such as Ignition, TIA, Wonderware etc.\nBehavioral skills:\nAnalytical skills and attention to detail with ability to manage data accuracy and troubleshoot.\nResult-Oriented and Technology-DrivenGood communication and collaboration skills for cross-functional teamwork.\nGood problem-solving abilities\nREQUIRED KNOWLEDGE, SKILLS, ABILITIES AND/OR RELATED EXPERIENCE\nEducation : BE/B.TECH\n\nDegree Field :Industrial/Process/ Instrumentation/Electrical/Mechanical/ Electronics or equivalent\n\nRelated Experience (years): 3+ years experience as in engineering, data science or manufacturing execution system or relevant Field.",Industry Type: FMCG,"Employment Type: Full Time, Permanent","IT/OT Integration, Data Mining Techniques, MES Program, Machine Learning, Python, Industrial Automation, HMI, DCS, PLC, SCADA",2025-09-01 03:20:07
Job Opening For Core Data Scientist,Clarity,3 - 8 years,Not Disclosed,Delhi / NCR,"Expertise in machine learning, supervised and unsupervised: Time Series Forecasting, latest\ntechnique in NLP Deep Learning Algorithms and Reinforcement Learning\nExperience in statistical learning: Predictive & Prescriptive Analytics, Web Analytics, Parametric\nand Non-parametric models, Regression, Time Series, Dynamic / Causal Model, Statistical\nLearning, Guided Decisions, Topic Modelling\nExperience working with big data - identifying trends, patterns, and outliers in large volumes of\ndata.\nWorked with at least one mainstream machine learning framework such as caffe, convNet,\nTensor Flow and Torch\nExperience with SQL, relational databases and data warehouse.",Industry Type: Analytics / KPO / Research,"Employment Type: Full Time, Permanent","Data Science, Predictive Modeling, Artificial Intelligence, Natural Language Processing, Machine Learning, Deep Learning, Python",2025-09-01 03:20:10
Senior SQL Developer,Coforge,7 - 10 years,Not Disclosed,"Pune, Greater Noida","Job Location:- Greater Noida\nExperience Required: 7-10 Years\nMandatory Skills- SQL, SQL Migration, ETL, SQL Server, SQL queries/script writing function, Trigger and cursor, Data migrations\nShift- UK Shift\nContact-\nEmail- Aarushi.Shukla@coforge.com",,,"Data Migration, ETL, SQL, Data Integration, SSIS",2025-09-01 03:20:12
Principal Software Engineer Python Spark Cloud,Epsilon,11 - 16 years,Not Disclosed,Bengaluru,"About Business Unit:\n\nThe India Product Engineering team forms the crux of our powerful PeopleCloud platform and connects millions of customers.  The 400+ strong product organization in Epsilon India, is a full-cycle Engineering team that drives architecture, POCs, implementation, Quality Automation, product management, support, operations and DevOps. There are, 25+ Scrum teams as part of the India Engineering center, driving outcomes across the breadth of the Epsilon PeopleCloud suite of products. This team of innovative thinkers develops and builds products that help Epsilon be a market differentiator. They map the future and set new standards for our products, empowered with industry best practices, ML and AI capabilities. The team passionately delivers intelligent end-to-end solutions and plays a key role in Epsilons success story.\n\nWhy we are looking for you:\nWe are looking for Staff Engineer to work on groundbreaking multichannel SaaS Digital Marketing Platform that focuses on uniquely identify the customers patterns, effectively interact with them across channels and achieve a positive return on marketing investment (ROMI). The platform helps consolidate and integrates the features and functionality typically found in stand-alone services and channel-specific messaging platforms to give marketers a tightly integrated, easily orchestrated, insights-driven, cross channel marketing capability.\nPrimary role of the Staff Engineer is to envision and build internet scale services on Cloud using Python and distributed technologies.\nResponsible for development and maintenance of applications with technologies involving Enterprise Python , Distributed technologies, Big Data, Databricks, DevOps and Kubernetes\nCollaborate with developers, product manager, business analysts and business users in conceptualizing, estimating and developing new software applications and enhancements. \nAssist in the development, and documentation of software’s objectives, deliverables, and specifications in collaboration with internal users and departments. \nCollaborate with team for QA Automation and to define test cases, metrics, and resolve questions about test results. \nAssist in the design and implementation process for new products, research and create POC for possible solutions.\nDevelop components based on business and/or application requirements \nCreate unit tests in accordance with team policies & procedures \nAdvise, and mentor team members in specialized technical areas as well as fulfill administrative duties as defined by support process \nCreate Value-adds that would contribute to Cost Optimizations/ Scalability/ Reliability/Secure solutions\nWhat you will enjoy in this role\n\nOur integrated suite of modular products is designed to help deliver personalized experiences and drive meaningful outcomes. Our tech stack caters to a fusion of data and technology with SaaS offerings developed as a Cloud-first approach. Here, a solid understanding of software security practices including user authentication and authorization and being data-savvy would be key. You should also come with the ability to leverage best practices in design patterns, and design algorithms for software development that focus on high quality and agility. You must also have a good understanding of Agile Methodologies like SCRUM.\nYou can refer this article also.\nClick here to view how Epsilon transforms marketing with 1 View, 1 Vision and 1 Voice.\n\nWhat you will do:\n\nBe responsible for development and maintenance of applications with technologies involving Enterprise Python and Distributed technologies.\nLead the team for technical discussions and reviews and collaborate with developers, product manager, business analysts and business users in conceptualizing, estimating and developing new software applications and enhancements. \nAssist in the development, and documentation of software’s objectives, deliverables, and specifications in collaboration with internal users and departments. \nCollaborate with QA team to define test cases, metrics, and resolve questions about test results. \nAssist in the design and implementation process for new products, research and create POC for possible solutions.\nDevelop components based on business and/or application requirements \nCreate unit tests in accordance with team policies & procedures \nAdvise, and mentor team members in specialized technical areas as well as fulfill administrative duties as defined by support process \nFocus on Cost Optimizations/ Scalability/ Reliability/Secure solutions for all the owned features\n\nQualification\n\nBachelor’s degree or equivalent in computer science\n9+ years’ experience in Python/BigData/DevOps/Spark/Kafka/SQL/Angular/Cloud like AWS or GCP/Microservices\nPreferred knowledge/experience in the following technologies\nBig Data Ecosystems: Hadoop, Spark, Kafka, Databricks\nDocker and Kubernetes\nStreaming and Batch Analytics processes\nExperience in following Tools: Eclipse, Maven, Gradle, DB tools, Bitbucket/JIRA/Confluence\nCan develop SOA services and good knowledge of REST API and Micro service architectures\nStrong working experience on performance optimizations and focus on Cost Optimization, and Scalability\nSolid knowledge of web architectural and design patterns\nKnowledge of JavaScript UI frameworks is desirable (backbone, angular, react, etc.)\nUnderstands software security practices including user authentication and authorization, data validation and an understanding of common DOS and SQL injection techniques.\nFamiliar with profiling, code coverage, logging, common IDE’s and other development tools.\nScripting Languages: JavaScript, Linux and Python\nFamiliar with Agile Methodologies – SCRUM and Strong communication skills (verbal and written)\nAbility to work within tight deadlines and effectively prioritize and execute tasks in a high-pressure environment.\nDemonstrated verbal and written communication skills, and ability to interface with Business, Analytics and IT organizations\nAbility to work effectively in short-cycle, team oriented environment, managing multiple priorities and tasks\nAbility to identify non-obvious solutions to complex problems\nBehavioral Attributes\nTeam player with excellent interpersonal collaboration skills\nStrong verbal and written communication\nPossess Can-Do attitude to overcome challenges with high energy levels\nSelf-motivated, directed and passionate",Industry Type: Software Product,"Employment Type: Full Time, Permanent","Cloud, Spark, Python, AWS, azure",2025-09-01 03:20:15
Senior MSBI Developer,Mouri Tech,7 - 9 years,10-17 Lacs P.A.,"Kolhapur, Visakhapatnam, Hyderabad","Dear,\n\nGreeting of the day!!\n\nPlease find the below JD as we are looking for a dynamic MSBI developer with hands on exp on Azure.\n\n7+ years of Overall experience in SSIS ,SAAS,SSRS + Strong SQL + PBI.\nExperience in creating Jobs, Alerts, SQL Mail Agent, and schedule DTS/SSIS Package Develop complex SQL scripts, Stored Procedures, Triggers, Functions, and Views.\nDevelopment experience with MS SQL Server, SQL Server Reporting Services and SQL Server Integration Services (SSIS) Migrating data from various data formats into SQL Server databases using automated import processes (DTS and SSIS packages, etc.).\nDevelop, imports to and extracts from existing SQL databases Able to implement row level security on data and understand application security layer models in Power BI.\nExperience using Microsoft Technologies (SQL Server 2008/2008 R2/2012/2016, Visual Studio 2008/2010/2012/2015) Data Exploration and ETL: Microsoft BI, Alteryx, Talend Data Integration, Informatica PowerCenter, IBM Infosphere Data Stage etc.\nAble to properly understand the business requirements and develop data models accordingly by taking care of the resources.\nData Warehouse Solutions: Redshift, Snowflake, Postgres Azure knowledge is essential Strong problem-solving skills and able to handle PROD issues effectively.\nGood verbal and written communication.\n\nPlease fill the below details:\nAvailability for the Microsoft Teams meeting interview on Weekdays (Yes/No) :\nTotal Exp : \nRelv Exp :\nName (As per Indian Govt ID Proof) : \nDOB :\nCurrent Location :\nPreferred Location :\nNotice Period :\nCurrents CTC :\nExp CTC :\nAlternative number(Mandatory) :\nEducation :\nMarital Status :\nReason for change :\nHolding an offer with (company Name) :\nPassport no. :\nPassport expiry date :\nPAN No :\n\nKindly share the updated resume along with mention details on manohars.in@mouritech.com",Industry Type: IT Services & Consulting,"Employment Type: Full Time, Permanent","SAAS, SSRS, MSBI, SSIS, Msbi Stack, Azure",2025-09-01 03:20:18
SDET(software development test engineer),Puresoftware Technology,4 - 9 years,Not Disclosed,Gurugram,"Job Title\n\nJob Description\n5+ years of QA experience with a focus on automation and cloud-native environments.\nHands-on expertise in automation tools such as Selenium, Cypress, or Playwright.\nExperience with ETL/data pipeline testing, including validating source-to-target data mapping, transformations, and aggregation logic.\nProficient in writing and executing complex SQL queries for data validation.\nGood to Have - Working knowledge of GCP services such as BigQuery, Pub/Sub, Cloud Functions, Cloud Storage, etc.\nFamiliarity with API testing using Postman, RestAssured, or similar tools.\nScripting knowledge in Python, JavaScript, or Java for test automation.\nExperience working in CI/CD pipelines and version control (Git).\nRoles & Responsibilities\nDesign, implement, and maintain automated test frameworks using tools such as Selenium, Cypress, Playwright, or equivalent.\nWrite and execute test plans and test cases for functional, regression, integration, and performance testing.\nValidate ETL processes and data pipelines, ensuring data completeness, correctness, and quality from source to destination.\nPerform data validation and transformation testing across systems like BigQuery, Cloud Storage, Pub/Sub, Firestore, etc.\nDevelop and execute SQL queries and scripts to verify data accuracy in data lakes, warehouses, and staging environments.\nConduct API testing using tools like Postman, RestAssured, or custom scripts.\nIntegrate test automation into CI/CD pipelines using Jenkins, GitHub Actions, or GCP Cloud Build.\nCollaborate closely with developers, data engineers, DevOps, and product teams to ensure overall system quality.\nMonitor logs and test execution in GCP environments using Stackdriver (Cloud Logging & Monitoring) or third-party tools.\nParticipate in Agile ceremonies, backlog grooming, and sprint planning, contributing to continuous improvement.",Industry Type: IT Services & Consulting,"Employment Type: Full Time, Permanent","Automation Testing, SQL, Java, gcp, OOPS, API Testing, etl, aws, Python",2025-09-01 03:20:20
Developer,Fortune India 500 IT Services Company,5 - 9 years,3.25-8.25 Lacs P.A.,"Kolkata, Pune, Bengaluru","Job Title: Developer\nWork Location: Pune -MH, Kolkata\nSkill Required: Digital : Python~Digital : Databricks~Digital : PySpark~Azure Data Factory~MySQL\nExperience Range : 6-8 Years\nJob Description:\nA minimum of 5 years experience with large SQL data marts. Expert relational database experience, Candidate should demonstrate ability to navigate through massive volumes of data to deliver effective and efficient data extraction, design, load, and reporting solutions to business partners. Experience in troubleshooting and Supporting large databases and testing activities; Identifying reporting, and managing database security issues, user access/management; Designing database backup, archiving and storage, performance tunning, ETL importing large volume of data extracted from multiple systems, capacity planning\nEssential Skills:\nStrong knowledge of Extraction Transformation and Loading (ETL) processes using frameworks like Azure Data Factory or Synapse or Databricks; establishing the cloud connectivity between different system like ADLS ,ADF, Synapse, Databricks etc. Databricks Architect, Cloud Architect, Python, SQL\nDesirable Skills:\nDesign and develop ETL processes based on functional and non-functional requirements in python / pyspark within Azure platform. Databricks Architect, Cloud Architect, Python, SQL",Industry Type: IT Services & Consulting,"Employment Type: Full Time, Temporary/Contractual","Azure Data Factory, Pyspark, Datafactory, ADF, Azure Databricks, ETL, Python, SQL",2025-09-01 03:20:23
Job opening For Data-Consultant-CDQ,Clarity,3 - 8 years,Not Disclosed,"Chennai, Bengaluru, Delhi / NCR","Must be strong in understanding the architecture and design principles of IDMC.\nExperience in IDMC - CDQ development around data profiling, cleansing, parsing, standardization, verification, matching, and merging duplicate records.\nGood knowledge of at least one Address Validation and Cleansing tool (Address Doctor, Trillium, etc.).\nAbility to develop and manage data quality rules and scorecards within Informatica Cloud.\nAbility to set up and maintain data quality dashboards and generate reports to monitor data quality metrics.\nMust be strong in Informatica Cloud features like agent configuration, task automation, and deployments of task flows across different environments.\nShould have working knowledge of GitHub, DevOps, CI/CD, and enterprise code management tools.\nExperience with ETL processes and using Informatica Cloud Data Integration for data integration tasks.\nUnderstanding of data governance frameworks and their application to data quality management.\nStrong SQL skills and familiarity with various database management systems.\nWell-versed in understanding design documents like HLD, LLD, etc.\nStrong problem-solving and analytical capabilities.\nCandidates should possess good communication skills and have experience in the onsite-offshore model.",Industry Type: IT Services & Consulting,"Employment Type: Full Time, Permanent","CDQ, Informatica Idq, Informatica Data Quality, Data Quality, IDQ",2025-09-01 03:20:25
Telecom Testing Engineer,Jinrai Technologies,3 - 7 years,7-12 Lacs P.A.,Bengaluru,"Job Role : Senior Engineer-Quality\nDomain: Telecom Testing\nJob Location : Bengaluru only\nJob Type: Full Time / Work from office\nExperience : 3 to 7 Years only\nReady to join in : Immediate only\n\nRequired Skills:\n\nMandatory:\n\n   * 3 to 7 years of experience in the telecom testing domain.\n  * Strong working knowledge of telecom protocols: ITU-T/ANSI SS7, GSM,\nSCCP, TCAP, MAP, Diameter, SIP, GTP.\n  * Familiarity with attach call flows for 2G, 3G, 4G, VoLTE, and 5G.\n  * Proficiency in programming/scripting languages: Python, Java, Perl,\nShell.\n  * Experience with SQL/NoSQL databases such as PostgreSQL and\nCouchbase.\n  * Good command of complex Unix/Linux commands.\n  * Solid understanding of testing concepts and methodologies.\n  * A passion for testing: ability to identify complex issues, spot requirement/code logic gaps, think creatively, and solve problems\neffectively.\n  * Good understanding of 3GPP specifications.\n  * Strong experience in API testing (HTTP/HTTP2).\n  * Proficient in protocol generation tools like Spirent, IXIA, EAST.\n\nGood to have skills :\n\n* Experience or knowledge in Big Data and Kubernetes/Microservices\nenvironments.\n  * Familiarity with CI/CD pipelines and tools such as Selenium, Robot\nFramework, or other open-source tools supporting Java or Python.\n  * Experience with Telesoft/Dialogic stack.\n\nResponsibilities\n\n   * Set up specialized test environments in Linux/Kubernetes environments.\n  * Understand products and release requirements; prepare detailed test plans.\n  * Perform GUI, functional, non-functional, database, regression, performance, and security testing as needed.\n  * Deliver high-quality outputs within project timelines.\n  * Develop automation test suites using Python, Java, or Shell scripting.\n  * Debug test case failures and issues thoroughly.\n  * Report issues using tools like JIRA and manage bugs through to closure.\n  * Take full ownership of assigned tasks and share test results with leads/managers/dev teams.\n  * Support customer support/delivery teams in executing UAT test cases and debugging issues on-site.\n  * Fulfil other responsibilities as assigned by the lead/manager in a timely manner.\n\nOnly immediate joiners will be preferred.",Industry Type: Telecom / ISP,"Employment Type: Full Time, Permanent","Perl / Shell Scripting, Protocol Testing, Telecom Testing, Python, Java, Couchbase, Spirent, IXIA, Postgresql, Scripting Languages, Volte, 3Gpp, JIRA, 5G, 4G, 3G, Linux, SS7, API Testing, Robot Framework, SIP, Selenium, Diameter",2025-09-01 03:20:28
Mdm Specialist,Axtria,6 - 11 years,Not Disclosed,"Pune, Bengaluru, Delhi / NCR","Your Responsibilities includes, but not limited to:\nParticipate in overall architecture, Capacity planning, development, and implementation of Master Data Management solutions (MDM). Using MDM technologies and tools across an enterprise to enable the management and integration of master data.\nUnderstand the technical landscape current as well as desired future state Assess the current state architecture & understand current business processes for managing Master Data Management solutions.\nAssess the functional and non-functional requirements of desired future state MDM solution Prepare the to-be architecture including data ingestion, data quality rules, data model, match/merge, workflows, UI, batch integration and real-time services\nExtensive hands on experience in installation and configuration of core Informatica MDM Hub components such as Hub console, Hub Store, Hub Server, Cleanse/Match Server and Cleanse Adaptor.\nAbility to deliver full lifecycle MDM projects for clients including Data modeling, Metadata management, design and configuration of matching and merging rules, design and configuration of standardizing, cleansing and deduplication rules.\nAbility to fine-tune and optimize MDM Hub performance Hands-on experience with ActiveVOS, Informatica MDM Service Integration Framework (SIF) and Informatica Business Entity Services (BES)\nCreate Design Document and data models addressing business needs for the client MDM environment - Contribute to creating reusable assets and accelerators for MDM platforms.\nWill also be involved in integration/transfer of data across multiple systems, streamlining data processes and providing access to MDM data across the enterprise.\nMake technology decisions related to the Client MDM environment & Interpret requirements and architect MDM solutions.\nProvide subject matter expertise on data architecture and data integration implementations across various downstream system.\nCoordinate with Project Managers and participate in project planning and recurring meetings\nCollaborate with other team members to review prototypes and develop iterative revisions\nMust have Skills:\n6+ years of experience & should have hands on experience of working in MDM Projects and hands on experience in one or more MDM tools like Informatica or Reltio and has expertise in defining matching/ merging & survivor-ship rules\nHands on experience in industry data quality tools like Informatica IDQ, IBM Data Quality.\nMust be proficient reading and understanding data models and experience working with data and databases.\nMust be comfortable with the concept of services (important for integrating with an ESB for operational MDM)\nStrong technical experience in the areas of Master Data Management, Meta data management, Data Quality, Data Governance, Data Integration (ETL) and Data Security\nExperience with (all stages of MDM SDLC) planning, designing, building, deploying and maintaining scalable, highly available, mission critical enterprise wide applications for large enterprises\nShould have experience in integrating MDM with Data Warehouses and Data Lakes\nExcellent query writing skills with Working knowledge of Oracle, SQL server, and other major databases\nGood knowledge of SOA/Real-time integration , Pub-Sub Model and Data Integration with Various CRM systems like Veeva, siebel\nShould have strong commercial knowledge of key business processes & compliance requirements within Pharma Industry across multiple master data domains like Physician & Product\nShould have experience working with 3rd Party Data Providers like IMS, LASH, HMS etc\nExpertise in engaging with business users to understand the business requirements and articulate the value proposition\nWhy consider Axtria?\nAxtria is a data analytics and software technology company we focus heavily on sales and marketing functions in the life sciences. We provide cloud-based solutions to help life science clients with digital transformation of their commercial operations. Axtria combines strong process knowledge of Pharma commercial operations, data analytics and software. Our cloud platforms SalesIQ™, MarketingIQ™ and DataMAx™ are the most advanced and built specifically for the life-science industry.",Industry Type: IT Services & Consulting,"Employment Type: Full Time, Permanent","Reltio, Informatica MDM, Master Data Management",2025-09-01 03:20:30
AbInitio Developer,Infosys,3 - 10 years,Not Disclosed,"Mumbai, Hyderabad, Pune","Roles and Responsibilities :\nDesign, develop, test, deploy and maintain Ab Initio ETL solutions for large-scale data processing.\nCollaborate with cross-functional teams to gather requirements and deliver high-quality solutions on time.\nDevelop complex data pipelines using Ab Initio Graphs and Metadata Hub to integrate multiple systems.",,,"Abinitio Graphs, Abinitio, ETL, Data Warehousing, Metadata Hub",2025-09-01 03:20:32
Python Software Developer,3Pillar,4 - 8 years,10-15 Lacs P.A.,Mumbai (All Areas),"Develop scripts and tools in Python to process and manage data.\nSupport the design and development of ETL pipelines.\nLearn and apply concepts of data modeling, transformation, and integration.\nCollaborate with data engineers and analysts to deliver data solutions.\nRequired Skills:\nStrong programming knowledge in Python (pandas, NumPy, etc.).",,,"Django, Python Development, Python, SQL, Data Engineering, Pandas",2025-09-01 03:20:35
Fullstack Developer,Bluehat Synapse,0 - 2 years,Not Disclosed,Pune( Aundh ),"Job Description:\nWe are hiring a fresher Full Stack Developer to work on our website, mobile apps, and basic data workflows. The role involves developing, maintaining, and optimizing digital products.\n\nResponsibilities:\nDevelop & maintain websites and web applications.\nAssist in mobile app development (Android/iOS).\nBuild and integrate backend APIs & databases.\nSupport basic data engineering tasks (data cleaning, ETL, reports).\nTroubleshoot and optimize performance.\n\nSkills Required:\nFrontend: HTML, CSS, JavaScript (React.js / Vue.js / Angular).\nBackend: Node.js / Python / Java (any one), REST APIs.\nMobile: Flutter / React Native / Native basics.\nDatabases: MySQL/PostgreSQL, MongoDB (preferred).\nData Handling: SQL, Excel/CSV handling, Python (Pandas preferred).\nVersion Control: Git/GitHub.\n\nWho Can Apply:\nFresh graduates (B.Tech/B.E./BCA/MCA or equivalent).\nInternship or project experience preferred.",Industry Type: BPM / BPO,"Employment Type: Full Time, Permanent","web application, HTML, app development, Full Stack Developer, Javascript, website, CSS, developing, react, workflows, SQL, Git, Database, Flutter, mobile app, Python",2025-09-01 03:20:38
Sr VP - Catastrophe Modelling,A leading insurance group,18 - 26 years,60-95 Lacs P.A.,Delhi / NCR,"We are looking for Sr VP role in Catastrophe Modelling based at Delhi/NCR.\nExp: 19+ Yrs\nQualification:\n- Master's degree in Mathematics, Statistics, Actuarial Science, Financial Management, or a related field required; advanced degrees (specialization or Ph.D.) preferred\n- Exposure in P& C insurance is Must.\nA strategic role, which inlves leads service delivery, capability growth, P&L management for analytics business.\nResponsibility :\n- Manage multi-service engagements involving catastrophe modelling, exposure management, data engineering, and analytics.\n- Oversee delivery for one of the largest cat team supporting multiple global insurance clients, focusing on consistent service standards and client satisfaction.\n- Define and implement the CAT and exposure analytics strategy to align with company growth and market trends.\n- Promote a culture of experimentation and hypothesis-driven solutions within analytics teams.\n- Establish centres of excellence for specific risk areas, utilizing previous insights and business intelligence.\n- Lead initiatives focused on automation and digitization, aiming to minimize manual intervention, accelerate turnaround times, and reduce defects.\n- Design and develop data-driven products, platforms, and APIs with monetization potential through subscription or on-demand business models.\n- Excellent communicator, able to explain complex topics simply.\n- Preferred background in insurance, reinsurance, or financial services.\n- Professional certifications like CPCU, ACAS, or FCAS are advantageous",Industry Type: Insurance,"Employment Type: Full Time, Permanent","Catastrophe Modeling, Cat Modelling, Reinsurance, Cat, RMS",2025-09-01 03:20:40
Chief Technical Officer,leading CA FIRM,15 - 24 years,35-75 Lacs P.A.,"Ahmedabad, Vadodara, Mumbai (All Areas)","Urgent opening for Chief Technical Officer (CTO)\nCompany industry CA Firm\nNote - 3 years lock period with the company\n\nRole & responsibilities : Technology Strategy & Leadership Define and implement the companys overall technology vision, strategy, and roadmap aligned with business goals. Drive digital transformation initiatives to enhance operational efficiency and innovation. Timely Delivery of Tech based solutions. Alignment of IT & Tech initiative with firms growth target, Vision and Mission. Oversea IT Infrastructure hardware, software and cloud system. IT Tech based system management. Cyber security & Compliances. Compliance Audit Adoption of analytical tools and automation of financial, Reporting and Auditing. Implementation of secure client portal, dashboard and digital tools. Lead talent strategy including recruitment, L&D, performance reviews, and retention. Ensure streamlined workflows, timely client deliverables. SOP updates as and when required to enhance quality, productivity, and client satisfaction. Drive performance through structured KPIs, dashboards, and MIS reviews. • Product & Platform Development Oversee design, development, and deployment of technology solutions, including automation, BI, AI, and cloud platforms. Ensure scalable, secure, and user-friendly solutions for clients and internal teams. • Data & Infrastructure Management Manage company-wide IT infrastructure, data security, compliance, and integration with ERP/CRM systems. Implement advanced analytics, AI/ML models, and BI dashboards to support decision-making. • Innovation & Emerging Technologies Identify and evaluate emerging technologies (AI, blockchain, IoT, RPA) to maintain competitive advantage. Foster a culture of continuous innovation across teams. Lead Digitalized transformational initiative to modernized firms operations. • Team Development & Collaboration Lead, mentor, and grow the technology team; ensure adoption of coding and project management best practices. Collaborate closely with finance, operations, and business development teams to align tech solutions with business needs. Training to the team members on emerging technologies and digital tools. • Governance & Compliance Ensure technology operations comply with relevant laws, data protection regulations, and industry standards. Maintain robust disaster recovery and business continuity plans. Financial Stewardship Prepare and manage Budget vs actual comparisons and forecast. Billing, collections, profitability, and cost optimization.\n\nTechnical Skills: Enterprise Architecture, Cloud Platforms (AWS, Azure, GCP), API & System Integration, Cybersecurity, AI/ML, Data Engineering, BI Tools (Power BI, Tableau), Automation Frameworks (RPA, VBA, Macros). • Business Acumen: Deep understanding of finance, operational workflows, and technologys role in driving efficiency. • Leadership Skills: Strategic thinking, strong decision-making, stakeholder engagement, and cross-functional collaboration.\n\nQualification - Bachelors or Masters degree in Computer Science, Information Technology, Engineering, or related field. Preferred: MBA in Technology Management, Cloud Certifications (Azure/AWS/GCP), AI/ML specializations, Cybersecurity certifications.\n\n\nExposure in Sector - Financial Services & Banking Accounting & Audit Firms FinTech & Payment Solutions Manufacturing & Trading Retail & E-commerce Real Estate & Infrastructure Healthcare & Pharma Professional Services & Consulting Logistics & Supply Chain IT & SaaS-based Product Companies\n\n\nInterested candidates shared resume onMansi@topgearconsultants.com",Industry Type: Financial Services,"Employment Type: Full Time, Permanent","Leadership, Compliance, Governance Risk And Compliance, Platform Development, Infrastructure Management, Product, Data, Financial Stewardship, Technology Strategy, Cyber security, Compliance Audit",2025-09-01 03:20:42
Datamart Solution Analyst SQL SSIS ADF Python,Cloudxtreme,3 - 6 years,Not Disclosed,Hyderabad,"Job Description\n\nRole & Responsibilities:\n\nDevelop and maintain SQL Server databases, stored procedures, and SSIS packages.\nBuild and optimize ADF pipelines and integrate data from various sources.\nWrite Python scripts for automation and data handling tasks.\nCreate robust and high-performing ETL solutions in Azure environment.\nParticipate in requirement gathering, debugging, testing, and performance tuning.\nCollaborate with business and technical teams using Agile practices.\nWork on API-based data integrations and monitor SQL jobs.\nDocument solutions and maintain coding standards and best practices.\nShift Timing: 2:00 PM 11:00 PM IST\n\nWork Location: Hyderabad (In-Person)\nInterview Mode: In-Person only\n\nPreferred Candidate Profile:\n\n35 years of experience in SQL Server, SSIS, ADF, and Python.\nStrong ETL knowledge and Azure SQL/Data Factory experience.\nExperience with debugging, job scheduling, and performance optimization.\nStrong communication and stakeholder coordination skills.\nOpen to work in late shift and available for in-person interview in Hyderabad.\nBonus: Knowledge of full stack (MVC.Net) or BI tools.",Industry Type: IT Services & Consulting,"Employment Type: Full Time, Temporary/Contractual","SQL Server, API Integration, ADF, Data Pipelines, Debugging, BI, MSBI, SQL Optimization, SSIS, Performance Tuning, Azure SQL, Azure Data Factory, Stored Procedures, Agile, Data Warehousing, ETL, Python",2025-09-01 03:20:44
Power Bi Developer,Blend360 India,5 - 10 years,Not Disclosed,Hyderabad,"Job Description\nAs a Power BI Developer, youll turn raw data into stunning visual stories that spark action and drive decisions. Collaborate with clients, create jaw-dropping dashboards, and lead end-to-end BI projects that deliver real business value. If youre passionate about transforming insights into impact, and thrive in a fast-paced, consulting-style environment we want you on our team!\nWere looking for someone with deep expertise in BI, SQL, and a strong knack for working across teams including Data Engineers, Business Analysts, and business stakeholders to turn complex data into clarity.\n\nWhat Youll Tackle Each Day:\nEnd-to-End BI Implementation: Lead BI projects from requirement gathering to dashboard delivery, including data modelling, deployment, and user training.\nPower BI Development: Build dynamic, high-performance Power BI dashboards using advanced DAX, Power Query (M), RLS, drill-throughs, bookmarks, and custom visuals.\nSQL & Data Transformation: Write efficient SQL for data extraction, transformation, and analysis across platforms like Azure SQL, Snowflake, or Databricks. PySpark experience is added advantage.\nClient & Business Collaboration: Work closely with stakeholders to define KPIs, translate business needs into actionable insights, and deliver impactful analytics.\nCross-Tool BI Integration: Integrate Power BI with tools like, Excel, Power Automate, and SharePoint; assist in dashboard migration and embedded analytics.\nKnowledge exposure to Other BI tools: Experience with other BI tools such Tableau or Qlik Sense will be added advantage.\nData Engineering Collaboration: Collaborate with Data Engineers to align with data pipelines, validate source-to-report logic, and ensure data accuracy across layers\n\nQualifications\n3 to 13 Years of hands-on BI experience, with a strong focus on Power BI, SQL, Power query and DAX, delivering impactful analytics solutions across diverse business domains.\nA strong understanding of data visualization best practices and BI architecture ensures that your dashboards and reports are both visually compelling and highly functional.\nExited to work on Gen AI innovations /automations using Python apart from the day-to-day project work\nExperience in implementing BI solutions for complex business scenarios, you solve real-world challenges through data-driven insights.\nStanding out from the crowd with your unique expertise and problem-solving abilities, you contribute as a key team member.\nKnown as a go-getter, you approach every project with enthusiasm and drive, ensuring high-quality and timely delivery, even in fast-paced environments.\nAs a mentor and collaborator, you pave the way for others, contributing to a positive, innovative team dynamic.\nYour innovative mindset helps you find creative ways to leverage data, consistently turning insights into actionable strategies.\nNot just a hard worker but a fun one, you help foster an enjoyable work environment where collaboration and innovation thrive, making the journey as rewarding as the outcome.\n\nAdditional Information\nThrive & Grow with Us:\nCompetitive Salary: Your skills and contributions are highly valued here, and we make sure your salary reflects that, rewarding you fairly for the knowledge and experience you bring to the table.\nDynamic Career Growth: Our vibrant environment offers you the opportunity to grow rapidly, providing the right tools, mentorship, and experiences to fast-track your career.\nIdea Tanks: Innovation lives here. Our ""Idea Tanks"" are your playground to pitch, experiment, and collaborate on ideas that can shape the future.\nGrowth Chats: Dive into our casual ""Growth Chats"" where you can learn from the bestwhether it's over lunch or during a laid-back session with peers, it's the perfect space to grow your skills.\nSnack Zone: Stay fuelled and inspired! In our Snack Zone, you'll find a variety of snacks to keep your energy high and ideas flowing.\nRecognition & Rewards: We believe great work deserves to be recognized. Expect regular Hive-Fives, shoutouts and the chance to see your ideas come to life as part of our reward program.\nFuel Your Growth Journey with Certifications: Were all about your growth groove! Level up your skills with our support as we cover the cost of your certifications.",Industry Type: IT Services & Consulting,"Employment Type: Full Time, Permanent","power BI lead, power BI project execution, Team Management, Team Handling, Power Bi, Microsoft Power Bi, SQL, Power Bi Reports, Power Bi Development, Embedded Analytics, Power Bi Dashboards, Team Leading, Dax, Visualization Tools, Power Bi Desktop",2025-09-01 03:20:47
HRIS - Implementation,BPO,3 - 8 years,Not Disclosed,Gurugram,"Role & responsibilities\nUnderstand and manage the end-to-end hiring and onboarding processes.\nProvide helpdesk support for Avature users, resolving queries and training end users as needed.\nAnalyze system integrations within the recruitment technology ecosystem.\nDevelop, maintain, and optimize data integrations using Avatures Junction platform.\nConfigure and monitor data flows (import/export/sync) between Avature and third-party systems.\nSet up triggers (HTTP endpoints, webhooks, schedules) to automate integration workflows.\nTroubleshoot integration issues, monitor performance, and ensure data security compliance.\nCollaborate closely with the Avature implementation team and other stakeholders to deliver seamless functionality.\nContinuously improve system adoption, user experience, and process efficiency.\nPerform data analysis on usage, traction, and system adoption trends.\nMaintain technical documentation and provide proactive recommendations for system improvements.\nWork with various data formats (JSON, XML, CSV) and protocols (REST, SOAP).\nEscalate and manage complex system issues appropriately.\nProficiency in PowerPoint, Outlook, and basic reporting tools.\n\nPreferred candidate profile\n\n2-3 years of experience in Avature or a similar Applicant Tracking System (ATS).\n2+ years of experience with system integrations, low-code platforms, or API development.\nEffective communication skills in English (mandatory).\nFlexible to work different shifts (Hybrid or Work from Office model).\nAbility to manage multiple projects simultaneously.\nStrong analytical and troubleshooting skills.\nKnowledge of HRIS systems is a plus.",Industry Type: Analytics / KPO / Research,"Employment Type: Full Time, Permanent","HRIS Implementation, Hris Systems, HRIS, HRIS Implement, HRIS Integration, System Integration, Avature",2025-09-01 03:20:49
Azure DevOps Lead,Encora,8 - 13 years,Not Disclosed,Chennai,"Greetings from Encora Innovation Labs Pvt Ltd! A Leading World Class Product Engineering Company!\n\nEncora is looking for Azure DevOps Lead with 8-12 years experience in Azure DevOps, Terraform, CI/CD,ARM, YAML, Kubernetes and GCP.\n\nPlease find the below detailed job description and the company profile for your better understanding.",,,"Terraform, CI/CD, ARM, Azure Devops, YAML, Kubernetes",2025-09-01 03:20:52
Business Development Executive_ IT Services_ WFO,Palni,5 - 8 years,Not Disclosed,Hyderabad,"Job Title: Business Development Executive (IT Services Sales)\nExperience: 5+ Years\nLocation: Raheja Mind Space, Madhapur, Hyderabad.\nMode of Work: Work from Office\nShift: 5:00 PM-2:00AM\n\nJob Summary:",,,"US Market, Lead Generation, It Services Sales, Cold Calling, End To End Sales, Sales Navigator, Inside Sales, IT Sales, It Solution Sales, Software Services, Service Sales, Zoominfo, IT Services",2025-09-01 03:20:54
IBM Planning Analytics,Egrove Systems,3 - 8 years,Not Disclosed,"Madurai, Chennai","We are seeking a skilled IBM Planning Analytics (TM1) Developer to design, develop, and maintain robust financial planning and reporting solutions. The ideal candidate will have a strong background in TM1 development, data integration, and financial modelling to support our organization's budgeting, forecasting, and analytical needs.\n\nSkill: IBM Planning Analytics\nExperience: 3 - 6 years \nLocation: Bangalore\nNP: Immediate to 15Days\n\nKey Responsibilities:\nModel Development: Design and implement TM1 models, including\nReporting: Create and maintain reports and dashboards using Planning Analytics Workspace (PAW) and Planning Analytics for Excel (PAfE).\nUser Support: Provide support to end-users, including training, troubleshooting, and resolving system-related issues.\nDocumentation: Develop and maintain comprehensive documentation for TM1 models, processes, and procedures.\nCollaboration: Work closely with finance and business teams to understand requirements and translate them into effective TM1 solutions.\n\nRequired Skills & Qualifications:\nTechnical Expertise: Proficiency in TM1 Rules, Feeders, and TurboIntegrator processes.\nExperience: 36 years of hands-on experience in IBM Planning Analytics/TM1 development.\nData Skills: Strong knowledge of SQL and experience and experience with data extraction and transformation.\nReporting Tools: Experience with PAW and PAfE for report development.\nAnalytical Skills: Ability to analyse complex data sets and translate business requirements into technical solutions.\nEducation: Bachelors degree in Finance, Accounting, Computer Science, or a related field.\n\nPreferred Qualifications:\nCertifications: IBM Planning Analytics certification is a plus.\nFinancial Knowledge: Understanding of financial processes, including budgeting, forecasting, and reporting.\nCloud Platforms: Experience with cloud platforms such as Azure or AWS.\nAPIs: Familiarity with TM1 REST API or TM1py for automation and integration.\nSoft Skills: Strong communication skills and the ability to work collaboratively in a team environment.",Industry Type: IT Services & Consulting,"Employment Type: Full Time, Permanent","TM, Planning Analytics, PAW, SQL",2025-09-01 03:20:56
Technical Architect OR Solution Architect,Techtrinite Consulting,15 - 20 years,Not Disclosed,"Kochi, Hyderabad","Role & responsibilities\nGreetings from Tech Trinite Consulting\nJob Title: Solution Architect / Technical Architect\nLocation: Hyderabad / Kochi Work from office\nJob type: Fulltime\n\nShift timings : 3 pm IST to 12 am IST\n\nJob Description:\nWe are seeking a Solutions Architect to design and develop scalable, pharmacy-focused applications across frontend, middleware, and backend systems. The ideal candidate will have hands-on expertise in React, Python, Java, AWS services, RDBMS, and NoSQL databases, with a deep understanding of healthcare and pharmacy-related data flows. This role requires a blend of technical leadership, system design, and hands-on coding, ensuring robust and scalable solutions that meet industry and regulatory standards.\nKey Responsibilities:\nArchitect, design, and develop end-to-end pharmacy applications, ensuring seamless integration between frontend, middleware, and backend systems.\nFrontend Development: Build responsive and intuitive React applications for pharmacy management systems, patient portals, and internal dashboards.\nMiddleware & API Development: Develop scalable RESTful APIs and event-driven services using Python (Fast API, Flask, or Django) and Java (Spring Boot).\nBackend Development: Design and optimize scalable, high-performance databases, leveraging RDBMS (PostgreSQL, MySQL) and NoSQL (DynamoDB, MongoDB, etc.).\nAWS Cloud Architecture: Utilize AWS services (Lambda, ECS, S3, API Gateway, RDS, DynamoDB, SQS, SNS) gto build cloud-native applications.\nData Management & Security: Implement HIPAA-compliant security and data-handling measures for sensitive pharmacy and patient data.\nIntegration & Interoperability: Connect applications with pharmacy management systems (e.g., PioneerRx, Cerner, First Data Bank) and external healthcare APIs (FHIR, HL7).\nPerformance Optimization: Enhance application performance, scalability, and fault tolerance.\nTechnical Leadership: Guide developers, review code, and ensure best practices for CI/CD, DevOps, and microservices architecture.\nRequired Skills & Qualifications:\n10+ years of experience in software architecture and development.\nStrong frontend expertise with React, TypeScript, and modern UI frameworks (e.g., Material-UI, TailwindCSS).\nProficiency in backend development using Python (Fast API, Flask, or Django) and Java (Spring Boot).\nDeep understanding of database technologies (SQL & NoSQL) and experience with query optimization and schema design.\nCloud-native application development experience on AWS (Lambda, ECS, RDS, DynamoDB, API Gateway, etc.).\nStrong API design experience, including REST, GraphQL, and event-driven architectures.\nKnowledge of DevOps tools such as Terraform, CloudFormation, Docker, and Kubernetes.\nExperience in healthcare or pharmacy-related applications with knowledge of compliance standards (HIPAA, FDA, EHR integration).\nExcellent communication and leadership skills to collaborate with cross-functional teams.\nPreferred Qualifications:\nExperience with serverless architectures (AWS Lambda, Step Functions).\nFamiliarity with message queues (Kafka, SQS, RabbitMQ).\nPrior experience integrating with pharmacy management platforms (PioneerRx, Cerner, First Data Bank, etc.).\nKnowledge of AI/ML applications in pharmacy and healthcare analytics.\n\nPreferred candidate profile",Industry Type: Pharmaceutical & Life Sciences,"Employment Type: Full Time, Permanent","Java, React.Js, Python, Restfull Api, Ci/Cd, Spring Boot, Devops, Microservices, NoSQL, Docker, MySQL, MongoDB, AWS, Kubernetes",2025-09-01 03:20:59
Lead Performance Testing /QA - Product software Company,Mindstech,9 - 12 years,30-35 Lacs P.A.,Gurugram,"should have worked into Java application performance testing both on server and Web client sides, had successful hands on experiences on Big Data and Big Analytics setup and testing problematics. both under Solaris and GNU-Linux Operating Systems\n\nRequired Candidate profile\nExperience in testing Rest services\nHands on exp. on Oracle and sql commands,JDK analysis tools, GNU Linux (RHEL) and UNIX shell commands\nDistributed systems performance (Spark/Kafka),microservices",Industry Type: Software Product,"Employment Type: Full Time, Permanent","Java programming, Oracle and sql commands, JDK analysis tools, Lead Performance Testing /QA - Product software Company, Rest services, GNU Linux RHEL and UNIX shell commands, Big Data and Big Analytics setup and testing problematics, Spark/Kafka, microservices",2025-09-01 03:21:01
Etl Tester,Level 5 company,4 - 9 years,Not Disclosed,"Hyderabad, Chennai, Bengaluru","We are hiring for ETL Professional for our client Place in Bangalore/Chennai/Hyderabad/Pune. Please find the below details\n\nExperience: 4 to 12 yrs\nWork location: Bangalore/Chennai/Hyderabad/Pune.\nType: working Under Nityo Payroll\nWork Type: WFO\n\nSkills\nstrong DS testing .\nETL tester with the combination of Python/sql/Selenium\nShould be available for F2F interview in client place.\nNotice period immediate to 30 days\n\nIf you are interested, Please share your update profile to vidhya.b@nityo.com/ jagadeesh@nityo.com or reach me @ 8925740451 (Jagadeesh) to know more details about the requirement and client.\n\nThanks & Regards,\nVidhya B\nPhone: +91 9384850049 |Mobile: +91 8056239878| www.nityo.com\nhttps://www.linkedin.com/in/vidhya-bhaskaran-1720835/",Industry Type: IT Services & Consulting,"Employment Type: Full Time, Temporary/Contractual","ETL Testing, Data Warehouse Etl Testing, Bi Testing, Big Data Testing, Data Warehouse Testing, Hadoop Testing, Informatica Testing, DWH Testing, SQL",2025-09-01 03:21:03
Lead Angular Developer,MJC Global tech,7 - 10 years,10-20 Lacs P.A.,Kochi,"I Hope this email finds you well.\nAdditionally, we would like to confirm the Right to Represent for the Angular Lead\nMJC GlobalTech is a rapidly growing startup in Cloud and Infrastructure, Data Engineering, BI Analytics, AI, and RPA, with a workforce of over 3,000 consultants. We have been operating for the past three years and have built a solid reputation in the market. You can learn more about us at www.myjobcart.com\nJob Description - Lead Engineer - Front End\nResponsibilities\nLead the front-end team in creating and maintaining web applications.\nWork with designers, backend developers, and product managers to produce top-quality products.\nMake sure UI/UX designs are technically possible.\nImprove applications for speed and efficiency.\nFollow best practices and coding standards.\nReview code and offer feedback to team members.\nManage technical debts and keep them low.\nStay updated on industry trends and technologies.\nMentor and support other developers.\nRequirements\nGeneric Skills\nDemonstrated excellence as a Front-End Developer.\nExceptional problem-solving abilities and keen attention to detail.\nSuperior communication and leadership skills.\nCapability to thrive in a fast-paced environment and juggle multiple projects seamlessly.\nCore Technical Skills\nMastery in HTML, CSS, and JavaScript.\nExpertise with responsive and adaptive design.\nAdvanced skills with Angular 14+ and TypeScript. Should be capable enough to build native web components.\nExpertise writing unit tests in Karma/Jasmine or Jest.\nHands-on experience in developing web applications with accessibility, familiarity with WCAG guidelines.\nAbility to develop high-performance web applications.\nStrong command of version control systems (Git).\nKnowledge of code quality analysis tools like Linters, SonarQube, etc.\nFamiliarity with CI/CD pipelines.\nFamiliarity with secure coding practices.\nShould be capable in writing proper documentation.\nGood to have\nKnowledge in visual test automation tools.\nExperience with React or other frameworks.\nExperience with Adobe experience manager.",Industry Type: IT Services & Consulting,"Employment Type: Full Time, Permanent","Typescript, Javascript, Angular",2025-09-01 03:21:06
Campaign Analyst Aftersales,Agco Corporation,6 - 10 years,Not Disclosed,Pune( Baner ),"We are looking for an experienced Aftersales Senior Campaign Analyst with a strong background in digital analytics, data visualization, and campaign performance insights to support our Aftersales Marketing team. You will work closely with senior management and cross-functional stakeholders to provide actionable insights, support data-driven decision-making, and develop scalable BI solutions.\nThis role demands a blend of technical expertise in data engineering and visualization, along with strong analytical storytelling and business acumen.\n\nKey Responsibilities\nCollaborate with senior leadership in Aftersales Marketing and Aftersales Parts Business to identify and prioritize high-impact, data-driven insights across campaigns.\nTranslate business needs into reporting requirements and develop intuitive dashboards and scorecards using tools like Tableau, Power BI, or QlikView.\nUtilize data storytelling to communicate key trends, business opportunities, and performance outcomes to non-technical stakeholders.\nAdhere to enterprise BI standards and optimize data queries for performance and scalability.\nBuild mock-ups and wireframes to define dashboard/report structure; ensure alignment with business objectives.\nDefine and manage integration points between BI tools and systems like Salesforce Marketing Cloud, SAP, CRM tools, and other internal platforms.\nDesign and deploy cloud-based data ingestion pipelines leveraging platforms such as AWS, Azure, or GCP.\nExplore large datasets to determine structure, cleanliness, and best-fit visualizations for consumption by various business teams.\nAct as a change agent in the organization, promoting data-driven thinking and strategic use of analytics across Aftersales Marketing.\nStay abreast of emerging trends and best practices in data science, visualization, and marketing analytics.\nQualifications & Skills\nBachelors Degree in Engineering/ B.Tech\n7 years of experience in campaign analysis, preferably in a digital marketing/aftersales environment.\nStrong expertise in digital analytics: social media, email marketing, UTM tracking, Google Analytics, Google Tag Manager, A/B and Multivariate Testing.\n4+ years of hands-on experience with data visualization tools (Tableau, Power BI, QlikView).\nSolid understanding of data warehousing, data models, data ingestion, and relational databases.\nExperience working with data from Salesforce Marketing Cloud, Sales Cloud, SAP, and internal CRM systems.\nProven experience driving enterprise-level change management in global, cross-functional environments.\nKnowledge of ERP/CRM systems such as Microsoft Dynamics 365, Salesforce, SAP.\nExperience with SQL, R, Python, or Apache Spark is a plus.",Industry Type: Agriculture / Forestry / Fishing (Agri-tech),"Employment Type: Full Time, Permanent","Salesforce Marketing Cloud, Data Visualization Tools, Campaign Analyst, Sfmc, SQL, Project",2025-09-01 03:21:08
Senior .Net Developer,Encora,4 - 7 years,Not Disclosed,Chennai,"Greetings from Encora Innovation Labs!(Encora).\n\nEncora is looking for .Net fullstack developer with 4-6 years experience in .Net Core, Microservices, C#, MVC, React, Web API, SQL, Agile and Azure.\n\nPlease find the below detailed job description and the company profile for your better understanding.\nPosition: Senior Software Engineer",,,"C#, Web API, Net Core, Micro Services, SQL, Design Patterns, Agile, MVC, React, Azure DevOps",2025-09-01 03:21:10
Power Platform Developer,Firm in Recruitment Domain,6 - 11 years,Not Disclosed,Vadodara,"Role Definition\n\nRoles at this level are individual contributors that participates in technical design, development, implementation and support of application systems for specific area\n\nKey Responsibility\n\nDevelop and customize Model-Driven Apps, Canvas Apps, and Dataverse solutions.\nImplement and customize Dynamics 365 CRM (workflows, plugins, entities, business rules, etc.).\nDesign automation workflows in Power Automate with third-party integrations.\nProgram web services/interfaces for Dynamics 365 and Power Platform integration.\nManage project-specific changes to align solutions with business goals.\nBuild custom enhancements using .NET (C#, ASP.NET) and JavaScript.\nTroubleshoot, monitor, and ensure performance of Power Platform/Dynamics apps.\nDevelop add-ons, interfaces, and adjustments during upgrades, ensuring testing and rollout.\nMaintain user and system documentation, including local adjustments.\nDraft and implement IT concepts based on improvement proposals from stakeholders.\nProvide user training during rollouts and major upgrades for smooth adoption.\n\nTechnical / Subject Knowledge  \n\n Expertise in Dataverse and Model-Driven Apps customization, including end-to-end system implementation and troubleshooting.\n Thorough understanding of Microsoft Power Platform ecosystem, including Power Apps, Power Automate, Power BI, and their integration capabilities.\n Proficiency in Canvas Apps development and ability to incorporate complex logic, formulas, and data integrations.\n Advanced knowledge in .NET technology for building and extending custom solutions and plugins tailored to business needs.\n Experience in leveraging out-of-the-box features, as well as creating advanced solutions beyond standard capabilities.\n Hands-on experience with CRM Dynamics 365 customization (Sales, Customer Service, Marketing, Field Service modules preferred).\n\nSkill Sets\n\n Problem-solving to create scalable solutions from business requirements.\n Strong communication and collaboration skills.\n Analytical mindset for improving designs and workflows.\n Works independently or in agile teams.\n Ability to work with other team members of different cultures and to work with and understand business requirements.\n Proficient in database management and querying (Power Query, SQL).\n Effective multitasking and attention to detail.\n\nEducation Experience\n\n BCA/MCA or B.E./B.Tech. (Computer Technology/IT). Certification in the area of application expertise desired.\n\nSkills\n\nPower AutomatePower BIAzureDevOps\n\nMinimum Qualification\n\nB.E/ B.TechMCAComputer EngineeringInformation Technology\n\nWorking Language\n\nEnglishHindiGujarati",Industry Type: Oil & Gas,"Employment Type: Full Time, Permanent","Azure, Power BI, Power Platform, DevOps, Power Automate, Model-Driven Apps, C#, Canvas Apps, querying, Dataverse, data integrations, Power Query, Implementation, SQL, technical design, Javascript, Development, .Net, ASP.NET, Dynamics 365 CRM",2025-09-01 03:21:13
SSE .Net,Epsilon,5 - 8 years,Not Disclosed,Bengaluru,"Experience: 5- 8 years\n\nPrimary skills: .Net Core with .Net Framework, Rest API, SQL\n\nSecondary skills: Cloud (AWS or Azure or GCP or PCF or OCI)\n\nWork Model: Hybrid (Weekly Twice) Cab Facility: Yes\n\nWork Timings: Rotational shift 8am to 5pm or 1pm to 10 pm ( Rotational On call support-weekends)\n\nInterview Process: 3 rounds (Looking for local Bangalore candidates who can attend 2nd round F2F in office premises)\n\nWork Location: Karle Town Tech Park Nagawara, Hebbal Bengaluru 560045\nAbout BU:\nSaaSOps manages post-production support and the overall experience of Epsilon PeopleCloud products for our global clients. This function is responsible for product support, incident management, managed operations and the automation of processes. The team has successfully incubated and mainstreamed Site Reliability Engineering (SRE) as a practice, to ensure reliable product operations on a global scale. Plus, the team is actively pioneering the adoption of AI in operations (AIOps) and recently launched AI-driven self-service capabilities to enhance operational efficiency and improve client experiences.\nSenior Software Engineer is responsible for providing support to Epsilon's home grown products. This includes analyzing, triaging, replicating, testing, solving, provide technical work-around and suggestions to clients, pertaining to Epsilons core product. A Mid-level expertise of RHEL, Oracle DB, SQL, AWS and Shell/Perl scripting, combined with an experience to review .Net code, very good understanding of networking concepts, ITIL frame work, with excellent stake holder communication and management experience.\nClick here to view how Epsilon transforms marketing with 1 View, 1 Vision and 1 Voice.\nhttps://www.epsilon.com/apac/youniverse\n\nResponsibilities:\nAbility to analyze, troubleshoot and resolve customer issues.\nCoordinates with various functions within the company to ensure customer requests are handled/routed appropriately and in a timely manner, by owning issues until closure.\nGood abilities to establish relationships and strong Customer focus\nServes as customer contact for technical and service related problems\nGreat teammate that is ready to contribute or lead elements of solving and problem resolution\nAbility to deal with stressful situations with colleagues and customers\nMust have the ability to communicate effectively in English language both verbal and written\nDocumenting troubleshooting and problem resolution steps, by determining the best course of action.\nShould be able to understand development code for debugging purposes when needed.\nAbility to learn and adapt to new technologies based on organization needs\nEnsure all tickets meet the targets for resolution, escalation, documentation & completion.\nTrain and mentor team members and perform other duties as assigned.\nTrack and report issues within the CPI (Continuous Product Improvement) process to assure proper resolution to ongoing issues.\nCreate and report product improvement ideas including functional enhancements and supportability improvements.\n\nQualification:\nBachelor's Degree in computer or engineering related field (or related field experience).\nMinimum of 5 years related Product support engineering experience preferred, working directly with End-user customers.\nSupport Application running on .Net core with WebAPI, with the ability to understand the code.\nWilling to work in Rotational shift 8am to 5pm or 1pm to 10 pm ( Rotational Weekend On-call support)\nLead and provide advanced support for Databricks clusters and environments\nDesign, develop, and troubleshoot SQL queries, Python/Java scripts, and APIs for data integration and analytics.\nCollaborate with data engineers, developers, and collaborators to address technical challenges.\nAutomate workflows and improve processes to enhance operational efficiency.\nRHEL operating system (certification preferred)\nA good AWS, Networking and Communication protocol knowledge\nExperience in data bricks and writing simple to medium complex SQL queries\nShell/Perl Scripting experience with a good knowledge of API, Webhooks & HTML.\nAbove average knowledge in all phases of systems analysis, the software development process and/or functional engineering principles\nShould be a self - driven individual and be able to independently handle the assignments.\nDevelopment background in .Net would be a plus.\nDocument support processes, standard methodologies, and resolution steps for recurring issues.\nAbout Epsilon:\nEpsilon is a global data, technology and services company that powers the marketing and advertising ecosystem. For decades, weve provided marketers from the worlds leading brands the data, technology and services they need to engage consumers with 1 View, 1 Vision and 1 Voice. 1 View of their universe of potential buyers. 1 Vision for engaging each individual. And 1 Voice to harmonize engagement across paid, owned and earned channels.\nEpsilons comprehensive portfolio of capabilities across our suite of digital media, messaging and loyalty solutions bridge the divide between marketing and advertising technology. We process 400+ billion consumer actions each day using advanced AI and hold many patents of proprietary technology, including real-time modeling languages and consumer privacy advancements. Thanks to the work of every employee, Epsilon has been consistently recognized as industry-leading by Forrester, Adweek and the MRC. Epsilon is a global company with more than 9,000 employees around the world.",Industry Type: Advertising & Marketing (Digital Marketing),"Employment Type: Full Time, Permanent",".Net Core, Web Api, Pcf, OCI, Azure Cloud, GCP, .Net Framework, Cloud, .Net, AWS",2025-09-01 03:21:15
Php Lead,Encora,10 - 15 years,Not Disclosed,"Hyderabad, Pune, Bengaluru","Greetings from Encora Innovation Labs Pvt Ltd (Encora)!\n\nEncora is looking for PHP Lead with 10-15 years experience in PHP, Laravel, CodeIgniter, JavaScript, React, Docker, Git, Microservices, SQL, Agile and Azure\n\nImportant Note : We are looking for an immediate joiner for this role!\nIf you're on a 30/60/90-day notice period, this opportunity may not be the right fit at the moment. We truly appreciate your understanding!",,,"Agile, PHP, Laravel, SQL, Azure, Git, Docker, CodeIgniter, JavaScript, React, Microservices",2025-09-01 03:21:18
SAP MDM Lead,Campus Activewear,10 - 15 years,Not Disclosed,Gurugram,"Role Overview:\nWe are looking for an experienced SAP Master Data Management (MDM) Lead to oversee the strategy, governance, and execution of master data processes within the SAP ecosystem. This role involves collaborating with cross-functional teams to ensure data accuracy, consistency, and compliance, enabling efficient business operations.\n\nKey Responsibilities:",,,"MDM, Manufacturing, SAP MDM, Mdg, Sap Master Data Management, Master Data Management",2025-09-01 03:21:21
Database Administrator Required in Canada/Aus under Govt Visa process,CN Immigration,3 - 8 years,40-70 Lacs P.A.,"Australia, Canada, International","Call Mr. Shueb 8130078449\n\nA database administrator designs, manages, & maintains database systems. They oversee data storage, ensure security and integrity, optimize performance, assess system requirements, implement strategies and data management.\n\nRequired Candidate profile\nRelevant degree & certifications.\nIndustry expertise & technical skills.\nAnalytical, problem-solving, decision-making.\nLeadership, adaptability, communication.\n\nCall Mr Shueb at 8130078449 to apply\n\nPerks and benefits\nAdditional perks, benefits and commissions",Industry Type: IT Services & Consulting,"Employment Type: Full Time, Permanent","Database Administration, database, database analyst, database manager, database officer",2025-09-01 03:21:24
Immediate USA Onsite Opportunities For Software /IT professionals,Skilltune Technologies,10 - 20 years,"90,000-300,000 P.A.",United States (USA),"We are hiring Software Professionals for Onsite USA opportunities. We are primarily considering people who have active H1B with valid stamping or holding (H1 Expired) with active B1/B2, or any other visa to the USA. We request only people with any kind of valid visa to reply/contact this email.\n\nPlease note that these jobs are not based in India but for locations in the USA.\n\nJava, J2EE & .NET, & AEM CQ\nUI/Front end & Angular, NODE, React JS & UI/UX\nData Engineers, Data Scientists, Big Data, Hadoop, Data Analyst\nQA Automation\nERP, SAP, Oracle, Salesforce, MS Dynamics CRM\nAWS, SRE/ DevOps, Azure, MuleSoft, Python, GCP, Bigdata/Hadoop & Power BI\nData Engineers, architects & Scientists, Python\nRPA, ServiceNow, Workday & Salesforce\nScrum Masters & Agile coach\nMobile app developers\nQlikview & Qliksense\nVMWare & Citrix engineer\nEmbedded, C & C++\nSnowflake, ETL/Informatica & Datastage\nSailPoint, Appian, Guidewire, Duck Creek\nCyber & Information security\nRuby on rails, Biztalk, Maximo & Meanstack\n\nDo contact us for any further details. Looking forward to working with you. SEND RESUME TO JOBS@SKILLTUNE.COM",Industry Type: IT Services & Consulting,"Employment Type: Full Time, Permanent","Java, Data Engineering, SALESFORCE, PYTHON, AZURE, Servicenow, J2Ee, Workday, Gcp Cloud, UI/UX, Front End, Data Architecture, AWS, BIGDATA",2025-09-01 03:21:26
