title,company,experience,salary,location,description,industry,skills,scraped_at
Data Architect,Virtusa,9-13 Years,,Chennai,"Bachelor's Degree or equivalent number of years of experience in a Computer Science or Data Management related field.\nExperience in leading and delivering enterprise data platform architectural thinking, and its practical application.\nExperience in the use of conceptual and logical data modelling technologies.\nExperience in defining and working with information and data regulatory governances.\nThe role holder will possess a blend of data/information architecture, analysis, and engineering skills.\nExperience in known industry IT architectural patterns and IT architecture ways of working/methodologies (e.g. FAIR data principles, Data Mesh).\nUnderstanding the appropriate data structure and technology based on business use case and completely familiar with data lifecycles.\nDesirable:\nExperience in a data architect role with practical examples of designing and providing data engineering/architectural blueprints that have been implemented.\nExperience of Information and Data Governance frameworks and their application in a commercial organization.\nUnderstands Data Platforms concepts and cloud-based containerization strategies for hybrid cloud environments.\nExperience in Agile data definition scrums.\nExperience in the use of tooling, e.g. metadata cataloguing tools, data modelling tools, EA tools.\nUnderstanding of or familiarity with,Data Mesh approaches (as distinct from Data Fabric or Data Platform).\nQualification\nDetailed Job Description forInformation Architect at PAN India:\nBachelor's Degree or equivalent number of years of experience in a Computer Science or Data Management related field.\nExperience in leading and delivering enterprise data platform architectural thinking, and its practical application.\nExperience in the use of conceptual and logical data modelling technologies.\nExperience in defining and working with information and data regulatory governances.\nThe role holder will possess a blend of data/information architecture, analysis, and engineering skills.\nExperience in known industry IT architectural patterns and IT architecture ways of working/methodologies (e.g. FAIR data principles, Data Mesh).\nUnderstanding the appropriate data structure and technology based on business use case and completely familiar with data lifecycles.",Consulting,"['FAIR data principles', 'Data Mesh', 'data lifecycles', 'data regulatory governances']",2025-06-12 15:31:30
Data Architect,Virtusa,9-13 Years,,Chennai,"Bachelor's Degree or equivalent number of years of experience in a Computer Science or Data Management related field.\nExperience in leading and delivering enterprise data platform architectural thinking, and its practical application.\nExperience in the use of conceptual and logical data modelling technologies.\nExperience in defining and working with information and data regulatory governances.\nThe role holder will possess a blend of data/information architecture, analysis, and engineering skills.\nExperience in known industry IT architectural patterns and IT architecture ways of working/methodologies (e.g. FAIR data principles, Data Mesh).\nUnderstanding the appropriate data structure and technology based on business use case and completely familiar with data lifecycles.\nDesirable:\nExperience in a data architect role with practical examples of designing and providing data engineering/architectural blueprints that have been implemented.\nExperience of Information and Data Governance frameworks and their application in a commercial organization.\nUnderstands Data Platforms concepts and cloud-based containerization strategies for hybrid cloud environments.\nExperience in Agile data definition scrums.\nExperience in the use of tooling, e.g. metadata cataloguing tools, data modelling tools, EA tools.\nUnderstanding of or familiarity with,Data Mesh approaches (as distinct from Data Fabric or Data Platform).\nQualification\nDetailed Job Description forInformation Architect at PAN India:\nBachelor's Degree or equivalent number of years of experience in a Computer Science or Data Management related field.\nExperience in leading and delivering enterprise data platform architectural thinking, and its practical application.\nExperience in the use of conceptual and logical data modelling technologies.\nExperience in defining and working with information and data regulatory governances.\nThe role holder will possess a blend of data/information architecture, analysis, and engineering skills.\nExperience in known industry IT architectural patterns and IT architecture ways of working/methodologies (e.g. FAIR data principles, Data Mesh).\nUnderstanding the appropriate data structure and technology based on business use case and completely familiar with data lifecycles.",Consulting,"['FAIR data principles', 'Data Mesh', 'data lifecycles', 'data regulatory governances']",2025-06-12 15:31:31
Data Architect,Virtusa,9-13 Years,,Chennai,"Bachelor's Degree or equivalent number of years of experience in a Computer Science or Data Management related field.\nExperience in leading and delivering enterprise data platform architectural thinking, and its practical application.\nExperience in the use of conceptual and logical data modelling technologies.\nExperience in defining and working with information and data regulatory governances.\nThe role holder will possess a blend of data/information architecture, analysis, and engineering skills.\nExperience in known industry IT architectural patterns and IT architecture ways of working/methodologies (e.g. FAIR data principles, Data Mesh).\nUnderstanding the appropriate data structure and technology based on business use case and completely familiar with data lifecycles.\nDesirable:\nExperience in a data architect role with practical examples of designing and providing data engineering/architectural blueprints that have been implemented.\nExperience of Information and Data Governance frameworks and their application in a commercial organization.\nUnderstands Data Platforms concepts and cloud-based containerization strategies for hybrid cloud environments.\nExperience in Agile data definition scrums.\nExperience in the use of tooling, e.g. metadata cataloguing tools, data modelling tools, EA tools.\nUnderstanding of or familiarity with,Data Mesh approaches (as distinct from Data Fabric or Data Platform).\nQualification\nDetailed Job Description forInformation Architect at PAN India:\nBachelor's Degree or equivalent number of years of experience in a Computer Science or Data Management related field.\nExperience in leading and delivering enterprise data platform architectural thinking, and its practical application.\nExperience in the use of conceptual and logical data modelling technologies.\nExperience in defining and working with information and data regulatory governances.\nThe role holder will possess a blend of data/information architecture, analysis, and engineering skills.\nExperience in known industry IT architectural patterns and IT architecture ways of working/methodologies (e.g. FAIR data principles, Data Mesh).\nUnderstanding the appropriate data structure and technology based on business use case and completely familiar with data lifecycles.",Consulting,"['FAIR data principles', 'Data Mesh', 'data lifecycles', 'data regulatory governances']",2025-06-12 15:31:36
Data Architect,Tata Consultancy Services Limited,4-8 Years,,"Thane, Kolkata, Mumbai","Job Description\nPosition Title- Data Architect / Solution Architect\nLocation: Pan india\nThis position description should represent your role and responsibilities at the time of appointment, however due to the dynamic nature of our business, your job title, key tasks and responsibilities are likely to evolve over time. The flexibility to adapt to any changes should be considered a key requirement of working at TPG Telecom.\nRole Purpose & Environment\nIn this role you will work hand-in-hand with various technology and business stakeholders to design and build TPGs modern data platform in the cloud and manage the legacy applications. You will provide strategic direction and leadership guidance driving architecture and implementation initiatives leveraging your knowledge and experience in the area. The role also extends into the consumption side of data and will allow you to deliver business intelligence capabilities (including Advanced Analytics) and strategies for information delivery and data exploration to support business objectives and requirements.\nWe are seeking someone with the passion for understanding and leveraging data, with the attitude and behaviour to deliver on commitments and take ownership of data products when required.\nKey Responsibilities\nDefine and design the overall data architecture, strategy, and data capabilities roadmap that are consistent with our technology direction.\nDefine and design the data platforms, tools and governing process\nCreate, maintain and communicate go-forward strategies for business intelligence capabilities and tools.\nResponsible and accountable for producing the data solution and data product architecture design ensuring that they are submitted and progress via the prescribed governance process through to approval (ARB) in a timely manner aligned with project prescribed timelines.\nDefine and review data solutions for re-usability, scalability, synergy opportunities and alignment to defined best practice and guidelines\nCreate and evolve data technology roadmap, to align with continuously evolving business needs.\nHelp defining and improving best practices, guidelines, and integration with other enterprise solutions.\nParticipates in planning, dependency identification, and management as well as estimation with Project Managers.\nLeads Work Breakdown identification and workshops utilising Architecture designs as input\nDemonstrated grasp of Architecture techniques and ability to work effectively with senior business stakeholders and initiative owners.\nAct as Technology advisors on data to business leaders and strategic leaders on technology direction.\nKey Experience, Skills, and Qualifications\nDomain Expertise\n7 years+ of professional experience in data architecture or data engineering role. Demonstrating a high degree of proficiency in designing and developing complex, high quality data solutions according to our architecture governance policies guidelines.\nStrong experience in developing and maintaining data warehouses (e.g., Redshift, Teradata)\nAble to work independently and develop the solution architecture according to the business requirements and compliance requirements.\nStrong Data warehouse development experience using different ETL tools (e.g. SAS DI, Glue, DBT)\nExperience with data streaming platforms (e.g., Kafka/Kinesis)\nFamiliarity with different operational orchestration platforms (e.g., Airflow, LSF scheduler etc)\nExperience with data catalogue and data governance tools.\nUnderstanding of CLDM, Star Schema, Data Mesh and Data Product concepts\nExposure to machine learning, reporting, data sharing, data intensive application-oriented use cases\nExtensive experience in consulting with business stakeholders and other user groups to deliver both strategic and tactical information management solution.\nExperience working within matrix structures, with demonstrated ability to broker outcomes effectively and collaboratively with colleagues and peers.\nExperience on different delivery methodologies (e.g., Waterfall, Agile)\nTelecommunication Industry experience\nBachelor's degree in computer science, computer programming or related field preferred\nIndividual Skills, Mindset & Behaviours\nStrong communication skills with ability to communicate complex technical concepts in a digestible way\nAbility to effortlessly switch gears from summary view for leadership to hands-on discussion with practitioners\nAssertive, with the confidence to be voice of authority what is best for team\nHigh-energy and passionate outlook to the role and can influence those around her/him\nAbility to build a sense of trust and rapport that creates a comfortable, respectful, and effective workplace",IT Infrastructure,"['Architect', 'Data Architect', 'Kafka', 'Etl']",2025-06-12 15:31:38
Data Architect,Tata Consultancy Services Limited,4-8 Years,,"Noida, Delhi NCR, Pune","Position Title- Data Architect / Solution Architect\nLocation: Pan india\nThis position description should represent your role and responsibilities at the time of appointment, however due to the dynamic nature of our business, your job title, key tasks and responsibilities are likely to evolve over time. The flexibility to adapt to any changes should be considered a key requirement of working at TPG Telecom.\nRole Purpose & Environment\nIn this role you will work hand-in-hand with various technology and business stakeholders to design and build TPGs modern data platform in the cloud and manage the legacy applications. You will provide strategic direction and leadership guidance driving architecture and implementation initiatives leveraging your knowledge and experience in the area. The role also extends into the consumption side of data and will allow you to deliver business intelligence capabilities (including Advanced Analytics) and strategies for information delivery and data exploration to support business objectives and requirements.\nWe are seeking someone with the passion for understanding and leveraging data, with the attitude and behaviour to deliver on commitments and take ownership of data products when required.\nKey Responsibilities\nDefine and design the overall data architecture, strategy, and data capabilities roadmap that are consistent with our technology direction.\nDefine and design the data platforms, tools and governing process\nCreate, maintain and communicate go-forward strategies for business intelligence capabilities and tools.\nResponsible and accountable for producing the data solution and data product architecture design ensuring that they are submitted and progress via the prescribed governance process through to approval (ARB) in a timely manner aligned with project prescribed timelines.\nDefine and review data solutions for re-usability, scalability, synergy opportunities and alignment to defined best practice and guidelines\nCreate and evolve data technology roadmap, to align with continuously evolving business needs.\nHelp defining and improving best practices, guidelines, and integration with other enterprise solutions.\nParticipates in planning, dependency identification, and management as well as estimation with Project Managers.\nLeads Work Breakdown identification and workshops utilising Architecture designs as input\nDemonstrated grasp of Architecture techniques and ability to work effectively with senior business stakeholders and initiative owners.\nAct as Technology advisors on data to business leaders and strategic leaders on technology direction.\nKey Experience, Skills, and Qualifications\nDomain Expertise\n7 years+ of professional experience in data architecture or data engineering role. Demonstrating a high degree of proficiency in designing and developing complex, high quality data solutions according to our architecture governance policies guidelines.\nStrong experience in developing and maintaining data warehouses (e.g., Redshift, Teradata)\nAble to work independently and develop the solution architecture according to the business requirements and compliance requirements.\nStrong Data warehouse development experience using different ETL tools (e.g. SAS DI, Glue, DBT)\nExperience with data streaming platforms (e.g., Kafka/Kinesis)\nFamiliarity with different operational orchestration platforms (e.g., Airflow, LSF scheduler etc)\nExperience with data catalogue and data governance tools.\nUnderstanding of CLDM, Star Schema, Data Mesh and Data Product concepts\nExposure to machine learning, reporting, data sharing, data intensive application-oriented use cases\nExtensive experience in consulting with business stakeholders and other user groups to deliver both strategic and tactical information management solution.\nExperience working within matrix structures, with demonstrated ability to broker outcomes effectively and collaboratively with colleagues and peers.\nExperience on different delivery methodologies (e.g., Waterfall, Agile)\nTelecommunication Industry experience\nBachelor's degree in computer science, computer programming or related field preferred\nIndividual Skills, Mindset & Behaviours\nStrong communication skills with ability to communicate complex technical concepts in a digestible way\nAbility to effortlessly switch gears from summary view for leadership to hands-on discussion with practitioners\nAssertive, with the confidence to be voice of authority what is best for team\nHigh-energy and passionate outlook to the role and can influence those around her/him\nAbility to build a sense of trust and rapport that creates a comfortable, respectful, and effective workplace",IT Infrastructure,"['Teradata', 'Kafka', 'Redshift', 'Etl']",2025-06-12 15:31:39
Data Architect,Tata Consultancy Services Limited,4-8 Years,,"Ahmedabad, Bengaluru, Chennai","Position Title- Data Architect / Solution Architect\nLocation: Pan india\nThis position description should represent your role and responsibilities at the time of appointment, however due to the dynamic nature of our business, your job title, key tasks and responsibilities are likely to evolve over time. The flexibility to adapt to any changes should be considered a key requirement of working at TPG Telecom.\nRole Purpose & Environment\nIn this role you will work hand-in-hand with various technology and business stakeholders to design and build TPGs modern data platform in the cloud and manage the legacy applications. You will provide strategic direction and leadership guidance driving architecture and implementation initiatives leveraging your knowledge and experience in the area. The role also extends into the consumption side of data and will allow you to deliver business intelligence capabilities (including Advanced Analytics) and strategies for information delivery and data exploration to support business objectives and requirements.\nWe are seeking someone with the passion for understanding and leveraging data, with the attitude and behaviour to deliver on commitments and take ownership of data products when required.\nKey Responsibilities\nDefine and design the overall data architecture, strategy, and data capabilities roadmap that are consistent with our technology direction.\nDefine and design the data platforms, tools and governing process\nCreate, maintain and communicate go-forward strategies for business intelligence capabilities and tools.\nResponsible and accountable for producing the data solution and data product architecture design ensuring that they are submitted and progress via the prescribed governance process through to approval (ARB) in a timely manner aligned with project prescribed timelines.\nDefine and review data solutions for re-usability, scalability, synergy opportunities and alignment to defined best practice and guidelines\nCreate and evolve data technology roadmap, to align with continuously evolving business needs.\nHelp defining and improving best practices, guidelines, and integration with other enterprise solutions.\nParticipates in planning, dependency identification, and management as well as estimation with Project Managers.\nLeads Work Breakdown identification and workshops utilising Architecture designs as input\nDemonstrated grasp of Architecture techniques and ability to work effectively with senior business stakeholders and initiative owners.\nAct as Technology advisors on data to business leaders and strategic leaders on technology direction.\nKey Experience, Skills, and Qualifications\nDomain Expertise\n7 years+ of professional experience in data architecture or data engineering role. Demonstrating a high degree of proficiency in designing and developing complex, high quality data solutions according to our architecture governance policies guidelines.\nStrong experience in developing and maintaining data warehouses (e.g., Redshift, Teradata)\nAble to work independently and develop the solution architecture according to the business requirements and compliance requirements.\nStrong Data warehouse development experience using different ETL tools (e.g. SAS DI, Glue, DBT)\nExperience with data streaming platforms (e.g., Kafka/Kinesis)\nFamiliarity with different operational orchestration platforms (e.g., Airflow, LSF scheduler etc)\nExperience with data catalogue and data governance tools.\nUnderstanding of CLDM, Star Schema, Data Mesh and Data Product concepts\nExposure to machine learning, reporting, data sharing, data intensive application-oriented use cases\nExtensive experience in consulting with business stakeholders and other user groups to deliver both strategic and tactical information management solution.\nExperience working within matrix structures, with demonstrated ability to broker outcomes effectively and collaboratively with colleagues and peers.\nExperience on different delivery methodologies (e.g., Waterfall, Agile)\nTelecommunication Industry experience\nBachelor's degree in computer science, computer programming or related field preferred\nIndividual Skills, Mindset & Behaviours\nStrong communication skills with ability to communicate complex technical concepts in a digestible way\nAbility to effortlessly switch gears from summary view for leadership to hands-on discussion with practitioners\nAssertive, with the confidence to be voice of authority what is best for team\nHigh-energy and passionate outlook to the role and can influence those around her/him\nAbility to build a sense of trust and rapport that creates a comfortable, respectful, and effective workplace",IT Infrastructure,"['Teradata', 'Kafka', 'Redshift', 'Etl']",2025-06-12 15:31:41
Data Architect,Tata Consultancy Services Limited,4-8 Years,,"Gurugram, Delhi, Hyderabad","Position Title- Data Architect / Solution Architect\nLocation: Pan india\nThis position description should represent your role and responsibilities at the time of appointment, however due to the dynamic nature of our business, your job title, key tasks and responsibilities are likely to evolve over time. The flexibility to adapt to any changes should be considered a key requirement of working at TPG Telecom.\nRole Purpose & Environment\nIn this role you will work hand-in-hand with various technology and business stakeholders to design and build TPGs modern data platform in the cloud and manage the legacy applications. You will provide strategic direction and leadership guidance driving architecture and implementation initiatives leveraging your knowledge and experience in the area. The role also extends into the consumption side of data and will allow you to deliver business intelligence capabilities (including Advanced Analytics) and strategies for information delivery and data exploration to support business objectives and requirements.\nWe are seeking someone with the passion for understanding and leveraging data, with the attitude and behaviour to deliver on commitments and take ownership of data products when required.\nKey Responsibilities\nDefine and design the overall data architecture, strategy, and data capabilities roadmap that are consistent with our technology direction.\nDefine and design the data platforms, tools and governing process\nCreate, maintain and communicate go-forward strategies for business intelligence capabilities and tools.\nResponsible and accountable for producing the data solution and data product architecture design ensuring that they are submitted and progress via the prescribed governance process through to approval (ARB) in a timely manner aligned with project prescribed timelines.\nDefine and review data solutions for re-usability, scalability, synergy opportunities and alignment to defined best practice and guidelines\nCreate and evolve data technology roadmap, to align with continuously evolving business needs.\nHelp defining and improving best practices, guidelines, and integration with other enterprise solutions.\nParticipates in planning, dependency identification, and management as well as estimation with Project Managers.\nLeads Work Breakdown identification and workshops utilising Architecture designs as input\nDemonstrated grasp of Architecture techniques and ability to work effectively with senior business stakeholders and initiative owners.\nAct as Technology advisors on data to business leaders and strategic leaders on technology direction.\nKey Experience, Skills, and Qualifications\nDomain Expertise\n7 years+ of professional experience in data architecture or data engineering role. Demonstrating a high degree of proficiency in designing and developing complex, high quality data solutions according to our architecture governance policies guidelines.\nStrong experience in developing and maintaining data warehouses (e.g., Redshift, Teradata)\nAble to work independently and develop the solution architecture according to the business requirements and compliance requirements.\nStrong Data warehouse development experience using different ETL tools (e.g. SAS DI, Glue, DBT)\nExperience with data streaming platforms (e.g., Kafka/Kinesis)\nFamiliarity with different operational orchestration platforms (e.g., Airflow, LSF scheduler etc)\nExperience with data catalogue and data governance tools.\nUnderstanding of CLDM, Star Schema, Data Mesh and Data Product concepts\nExposure to machine learning, reporting, data sharing, data intensive application-oriented use cases\nExtensive experience in consulting with business stakeholders and other user groups to deliver both strategic and tactical information management solution.\nExperience working within matrix structures, with demonstrated ability to broker outcomes effectively and collaboratively with colleagues and peers.\nExperience on different delivery methodologies (e.g., Waterfall, Agile)\nTelecommunication Industry experience\nBachelor's degree in computer science, computer programming or related field preferred\nIndividual Skills, Mindset & Behaviours\nStrong communication skills with ability to communicate complex technical concepts in a digestible way\nAbility to effortlessly switch gears from summary view for leadership to hands-on discussion with practitioners\nAssertive, with the confidence to be voice of authority what is best for team\nHigh-energy and passionate outlook to the role and can influence those around her/him\nAbility to build a sense of trust and rapport that creates a comfortable, respectful, and effective workplace",IT Infrastructure,"['Teradata', 'Kafka', 'Redshift', 'Etl']",2025-06-12 15:31:42
Data Architect,Tata Consultancy Services Limited,4-8 Years,,"Thane, Kolkata, Mumbai","Position Title- Data Architect / Solution Architect\nLocation: Pan india\nThis position description should represent your role and responsibilities at the time of appointment, however due to the dynamic nature of our business, your job title, key tasks and responsibilities are likely to evolve over time. The flexibility to adapt to any changes should be considered a key requirement of working at TPG Telecom.\nRole Purpose & Environment\nIn this role you will work hand-in-hand with various technology and business stakeholders to design and build TPGs modern data platform in the cloud and manage the legacy applications. You will provide strategic direction and leadership guidance driving architecture and implementation initiatives leveraging your knowledge and experience in the area. The role also extends into the consumption side of data and will allow you to deliver business intelligence capabilities (including Advanced Analytics) and strategies for information delivery and data exploration to support business objectives and requirements.\nWe are seeking someone with the passion for understanding and leveraging data, with the attitude and behaviour to deliver on commitments and take ownership of data products when required.\nKey Responsibilities\nDefine and design the overall data architecture, strategy, and data capabilities roadmap that are consistent with our technology direction.\nDefine and design the data platforms, tools and governing process\nCreate, maintain and communicate go-forward strategies for business intelligence capabilities and tools.\nResponsible and accountable for producing the data solution and data product architecture design ensuring that they are submitted and progress via the prescribed governance process through to approval (ARB) in a timely manner aligned with project prescribed timelines.\nDefine and review data solutions for re-usability, scalability, synergy opportunities and alignment to defined best practice and guidelines\nCreate and evolve data technology roadmap, to align with continuously evolving business needs.\nHelp defining and improving best practices, guidelines, and integration with other enterprise solutions.\nParticipates in planning, dependency identification, and management as well as estimation with Project Managers.\nLeads Work Breakdown identification and workshops utilising Architecture designs as input\nDemonstrated grasp of Architecture techniques and ability to work effectively with senior business stakeholders and initiative owners.\nAct as Technology advisors on data to business leaders and strategic leaders on technology direction.\nKey Experience, Skills, and Qualifications\nDomain Expertise\n7 years+ of professional experience in data architecture or data engineering role. Demonstrating a high degree of proficiency in designing and developing complex, high quality data solutions according to our architecture governance policies guidelines.\nStrong experience in developing and maintaining data warehouses (e.g., Redshift, Teradata)\nAble to work independently and develop the solution architecture according to the business requirements and compliance requirements.\nStrong Data warehouse development experience using different ETL tools (e.g. SAS DI, Glue, DBT)\nExperience with data streaming platforms (e.g., Kafka/Kinesis)\nFamiliarity with different operational orchestration platforms (e.g., Airflow, LSF scheduler etc)\nExperience with data catalogue and data governance tools.\nUnderstanding of CLDM, Star Schema, Data Mesh and Data Product concepts\nExposure to machine learning, reporting, data sharing, data intensive application-oriented use cases\nExtensive experience in consulting with business stakeholders and other user groups to deliver both strategic and tactical information management solution.\nExperience working within matrix structures, with demonstrated ability to broker outcomes effectively and collaboratively with colleagues and peers.\nExperience on different delivery methodologies (e.g., Waterfall, Agile)\nTelecommunication Industry experience\nBachelor's degree in computer science, computer programming or related field preferred\nIndividual Skills, Mindset & Behaviours\nStrong communication skills with ability to communicate complex technical concepts in a digestible way\nAbility to effortlessly switch gears from summary view for leadership to hands-on discussion with practitioners\nAssertive, with the confidence to be voice of authority what is best for team\nHigh-energy and passionate outlook to the role and can influence those around her/him\nAbility to build a sense of trust and rapport that creates a comfortable, respectful, and effective workplace",IT Infrastructure,"['Teradata', 'Kafka', 'Redshift', 'Etl']",2025-06-12 15:31:43
Data Architect,Tata Consultancy Services Limited,4-8 Years,,"Ahmedabad, Bengaluru, Chennai","Job Description\nPosition Title- Data Architect / Solution Architect\nLocation: Pan india\nThis position description should represent your role and responsibilities at the time of appointment, however due to the dynamic nature of our business, your job title, key tasks and responsibilities are likely to evolve over time. The flexibility to adapt to any changes should be considered a key requirement of working at TPG Telecom.\nRole Purpose & Environment\nIn this role you will work hand-in-hand with various technology and business stakeholders to design and build TPGs modern data platform in the cloud and manage the legacy applications. You will provide strategic direction and leadership guidance driving architecture and implementation initiatives leveraging your knowledge and experience in the area. The role also extends into the consumption side of data and will allow you to deliver business intelligence capabilities (including Advanced Analytics) and strategies for information delivery and data exploration to support business objectives and requirements.\nWe are seeking someone with the passion for understanding and leveraging data, with the attitude and behaviour to deliver on commitments and take ownership of data products when required.\nKey Responsibilities\nDefine and design the overall data architecture, strategy, and data capabilities roadmap that are consistent with our technology direction.\nDefine and design the data platforms, tools and governing process\nCreate, maintain and communicate go-forward strategies for business intelligence capabilities and tools.\nResponsible and accountable for producing the data solution and data product architecture design ensuring that they are submitted and progress via the prescribed governance process through to approval (ARB) in a timely manner aligned with project prescribed timelines.\nDefine and review data solutions for re-usability, scalability, synergy opportunities and alignment to defined best practice and guidelines\nCreate and evolve data technology roadmap, to align with continuously evolving business needs.\nHelp defining and improving best practices, guidelines, and integration with other enterprise solutions.\nParticipates in planning, dependency identification, and management as well as estimation with Project Managers.\nLeads Work Breakdown identification and workshops utilising Architecture designs as input\nDemonstrated grasp of Architecture techniques and ability to work effectively with senior business stakeholders and initiative owners.\nAct as Technology advisors on data to business leaders and strategic leaders on technology direction.\nKey Experience, Skills, and Qualifications\nDomain Expertise\n7 years+ of professional experience in data architecture or data engineering role. Demonstrating a high degree of proficiency in designing and developing complex, high quality data solutions according to our architecture governance policies guidelines.\nStrong experience in developing and maintaining data warehouses (e.g., Redshift, Teradata)\nAble to work independently and develop the solution architecture according to the business requirements and compliance requirements.\nStrong Data warehouse development experience using different ETL tools (e.g. SAS DI, Glue, DBT)\nExperience with data streaming platforms (e.g., Kafka/Kinesis)\nFamiliarity with different operational orchestration platforms (e.g., Airflow, LSF scheduler etc)\nExperience with data catalogue and data governance tools.\nUnderstanding of CLDM, Star Schema, Data Mesh and Data Product concepts\nExposure to machine learning, reporting, data sharing, data intensive application-oriented use cases\nExtensive experience in consulting with business stakeholders and other user groups to deliver both strategic and tactical information management solution.\nExperience working within matrix structures, with demonstrated ability to broker outcomes effectively and collaboratively with colleagues and peers.\nExperience on different delivery methodologies (e.g., Waterfall, Agile)\nTelecommunication Industry experience\nBachelor's degree in computer science, computer programming or related field preferred\nIndividual Skills, Mindset & Behaviours\nStrong communication skills with ability to communicate complex technical concepts in a digestible way\nAbility to effortlessly switch gears from summary view for leadership to hands-on discussion with practitioners\nAssertive, with the confidence to be voice of authority what is best for team\nHigh-energy and passionate outlook to the role and can influence those around her/him\nAbility to build a sense of trust and rapport that creates a comfortable, respectful, and effective workplace",IT Infrastructure,"['Architect', 'Data Architect', 'Kafka', 'Etl']",2025-06-12 15:31:44
Network Data Architect,Aspire Systems India Private Limited,12-16 Years,,Chennai,"Minimum 12+ years of relevant hands on experience in configuring and troubleshooting Network devices, Cisco routers, ACI, Switches, Firewalls and F5 Load Balancers.\nAbility to troubleshoot and upgrade Cisco routers, Switches, Firewalls and F5 Load Balancers.\nMust be skilled to perform router/switch network hardware/software upgrades.\nMust have hands on experience in Routing Protocol Development (BGP, OSPF, VPN and Static.), providing IP Addressing Strategy - NAT, Re-Addressing, WAN - IP Routed Network Integration Wireless LAN technologies.\nExperience with Cisco LAN routing, switching, Security, Voice, and Wireless LAN products.\nExperience in network protocols VPN, OSPF, BGP, TCP/IP.\nExperience in Cisco nexus and Datacenter support.\nExperience and hands on with Cisco Client/ Cisco Prime/ Public DNS services.\nExperience in providing Network Engineering services in support of the large enterprise customer data networks.\nConfigure, administer firewall infrastructure, working with Cisco and Palo alto.\nWork with customer technical teams to provide solutions for customers internetworking communications requirements.\nExperience in proposal presentation and participating in Pre-sales engagement is an added advantage.\nProvide valuable solutions for colleagues and stakeholders, both tactically and strategically and ensure compliance to process, procedure, and tools within the operations.\nExcellent written and verbal communications skills are essential.\nProven analytic skills and the ability to isolate and resolve complex issues.\nGood understanding of Migration Effort, Resources and Timelines estimation.\nDesign public cloud infrastructure and DevOps solutions, architectures and roadmaps.\nEvolve and build best practice materials for Infrastructure-as-Code and Configuration Management.\nEnable sales including knowledge transfer, architecture and design, as well as participate in the sales cycle as needed.\nParticipate in community and market activities including participation in trade shows.\nCreate, build and grow partnerships with various organizations relevant to the practice,\nEnable development teams to leverage cloud and cloud-native architectures with new and existing applications.",Software,"['Network Data Architect', 'Tcp/ip', 'BGP', 'OSPF']",2025-06-12 15:31:46
Data Architect,Xoom,2-4 Years,,Bengaluru,"Your day to day:\nDevelop and implement a long-term data strategy aligned with business objectives, focusing on event-driven architectures and real-time analytics.\nDemonstrate deep expertise in Kappa and Lambda architectures, data modeling, domain-driven design, CQRS, and stream processing frameworks.\nAddress complex data challenges, such as large-scale data integration, real-time analytics, and data governance.\nDesign and model data structures, schemas, and relationships to optimize performance and scalability.\nLead the transition of existing applications to event-driven architectures, leveraging event modeling, domain-driven design, and CQRS.\nCollaborate with development teams to ensure seamless integration of data models and architectures.\nMentor and guide junior data professionals, fostering a culture of innovation and excellence.\nStay updated on emerging technologies and evaluate their suitability for our organization.\nYour way to impact:-\nHybrid Data Architecture Expertise. Craft solutions that seamlessly integrate on-premises, cloud-based, and hybrid data storage options, ensuring optimal data management across the organization.\nCompliance & Governance. Ensure your data architectures and designs adhere to PayPals specific enterprise data architecture standards for each data store type.\nData Access Pattern & Structure Design. Design data structures and access patterns that meet both functional and non-functional requirements.\nFunctional. Align with the specific business needs of the project.\nNon-Functional. Prioritize security, availability, performance, scalability to create a robust and user-friendly data platform.\nAs a Customer Champion, youll collaborate with domain architects to identify opportunities for data platform improvements.\nData Security. Enhance data security posture by minimizing risks and vulnerabilities.\nFault Tolerance. Design data solutions to be highly available and resilient to failures.\nScalability. Ensure solutions can accommodate future growth.\nQuery Performance. Optimize data structures and access patterns for faster queries, ultimately improving the customer experience.\nDrive Improvement Implementation. Not only identify improvement opportunities but also actively work towards their implementation.\nWhat do you need to bring-\n10+ years of experience as a Data Architect or a similar role.\nProven track record of leading successful data modernization projects.\nDeep understanding of data modeling techniques.\nExpertise in domain-driven design principles and their application to data modeling.\nProficiency in Kappa and Lambda architectures, including their benefits, challenges, and best practices.\nStrong experience with stream processing frameworks (e.g., Apache Flink, Apache Spark Streaming).\nKnowledge of data lake and data warehouse concepts.\nExperience with cloud platforms (e.g., AWS, Azure, GCP) and their data services.\nCertifications related to data architecture, cloud platforms, or data analytics.\nExcellent communication and collaboration skills.",FinTech,"['Kappa and Lambda Architectures', 'Domain-Driven Design', 'CQRS', 'Data Modeling']",2025-06-12 15:31:47
Data Architect,Achnet,8-13 Years,,Bengaluru,"A Data Architect is a professional who is responsible for designing, building, and maintaining an organization's data architecture\nDesigning and implementing data models, data integration solutions, and data management systems that ensure data accuracy, consistency, and security\nDeveloping and maintaining data dictionaries, metadata, and data lineage documents to ensure data governance and compliance\nData Architect should have a strong technical background in data architecture and management, as well as excellent communication skills\nStrong problem-solving skills and the ability to think critically are also essential to identify and implement solutions to complex data issues",Career Planning,"['Business intelligence', 'Python', 'Data Management', 'Oracle', 'Data Warehousing', 'Data Architecture', 'SQL Server', 'Sql', 'PL/SQL', 'Data Quality', 'Tableau', 'Data Modeling']",2025-06-12 15:31:49
Data Architect,Achnet,8-15 Years,,Bengaluru,"A Data Architect is a professional who is responsible for designing, building, and maintaining an organization's data architecture\nDesigning and implementing data models, data integration solutions, and data management systems that ensure data accuracy, consistency, and security\nDeveloping and maintaining data dictionaries, metadata, and data lineage documents to ensure data governance and compliance\nData Architect should have a strong technical background in data architecture and management, as well as excellent communication skills\nStrong problem-solving skills and the ability to think critically are also essential to identify and implement solutions to complex data issues",Career Planning,"['Business intelligence', 'Python', 'Data Management', 'Oracle', 'Data Warehousing', 'Data Architecture', 'SQL Server', 'Sql', 'PL/SQL', 'Data Quality', 'Tableau', 'Data Modeling']",2025-06-12 15:31:50
Data Lake/Big Data Architect,Infosys Limited,10-12 Years,,"Delhi, India",Job Description:\nThe resource should mandatorily have minimum 10 Years of experience in solution planning and system architecture designing with at least 4 years of experience as a Lead Architect for DW BI or Big Data Systems\nThe resource should have demonstrated extensive experience in the use of various techniques to develop robust data warehouse business intelligence solutions which have significant weightage to statistical and advanced analytics\nKey Responsibilities:\nROLE AND RESPONSIBILITIES\nAs a Data Lake Big Data Architect lead the engagement efforts at different stages from problem definition to diagnosis to solution design development deployment in large government implementation programs\nCreate detailed design and architecture and process artifacts implement the solution and the deployment plan\nConnect with senior client business and IT stakeholders demonstrating thought leadership in domain process and technology\nREQUIRED SKILLS AND EXPERIENCE\nDomain process functional technical\nStrong hands on and in depth knowledge in Data Lakes Big Data modules\nStrong understanding of Data modelling concepts\nStrong understanding of the Data Warehousing Business Intelligence AI solutions good understanding of airlines industry\nThorough understanding of Agile methodologies\nGood understanding of business processes in the airlines domain or with government organizations\nExperience in leading and driving Business process workshops and Fit GAP analysis\nShould have working experience in a highly regulated environment\nShould be aware of release governance processes and have experience in working on any incident management tool\nPreferred Skills:\nFoundational->Development process generic->SaaS Development Process,IT/Computers - Software,"['Data Lakes', 'Business Intelligence', 'Data modelling concepts', 'Big Data modules', 'AI solutions', 'Data Warehousing', 'Agile Methodologies']",2025-06-12 15:31:52
Senior Data Architect,Celonis,3-5 Years,,Bengaluru,"The qualifications you need:\nYou have that rare combination a strong technical expertise and business acumen. You ll use this to build a system-agnostic data model for various business processes.\n3-5+ years of experience working in the data field as a Data Engineer, Data Analyst or similar.\nMust-have:\nExperience working with data from at least one of the following system types:\nStrong solution designing skills with solid understanding of business processes (supply chain, financial, CRM or IT-related processes) and data beneath the IT systems that run these processes.\nExperience with databases and data modeling, and hands-on experience with SQL.\nAbility to work independently and own a part of the team s goals\nVery good knowledge of spoken and written English\nAbility to communicate effectively and build a good rapport with team members",Software,"['Business Acumen', 'Supply Chain', 'Financial', 'CRM', 'Sql']",2025-06-12 15:31:53
Data Architect,Citiustech Healthcare Technology Private Limited,5-10 Years,,"Mumbai City, Bengaluru, Mumbai","We are looking for a data architect with below skillset\nHands on skills withImage data (preferably DICOM) parsing\nArchitect and implement data warehousing solutions using AWS (Redshift, S3, Lambda)\nDevelop and maintain ETL pipelines using Informatica PowerCenter or AWS Glue\nCollaborate with cross-functional teams to identify and prioritize data requirements\nAnalyze complex data sets using SQL, Python, and Java and or/Apex languageto inform business decisions\nImplement data visualization tools (Tableau, Power BI) for stakeholder reporting\nEnsure data integrity, security, and compliance with HIPAA, GDPR, and CCPA\nRequirements:> 5 years of experience in data management with focus in image metadata/bigdata\nStrong expertise in:\nPACS& RIS, SYNAPSE/XNAT, systems\nAWS (Redshift, S3, Lambda, Glue)\nData governance, quality, and security\nETL pipelines (Informatica PowerCenter or AWS Glue)\nData warehousing and visualization",Health Care,"['Data Warehousing', 'Tableau', 'Python', 'AWS']",2025-06-12 15:32:03
Celonis Data Architect,Harman Connected Services Corporation India Private Limited,12-15 Years,INR 2 - 3 LPA,Bengaluru,"A Celonis data architect is responsible for designing and implementing the data architecture required for effective utilization of the Celonis process mining tool within an organization. They work closely with various stakeholders, including data engineers, business analysts, and process owners, to define data requirements, ensure data integrity, and enable seamless data integration.\nThe role requires a strong understanding of data architecture principles, data modeling techniques, and relational and non-relational databases. Candidate should also be proficient in ETL processes and tools, as well as have experience in data integration and data governance. Additionally, candidate should have a good understanding of business processes, data visualization, and analytics to effectively implement process mining initiatives within the customer organization\nRole and Responsibilities\nOver all 12-15 years of IT experience with minimum 5+ years experience in Process Mining using Celonis\nStrong experience in Data Integration, Data Modeling, Data quality, Data pipeline management, Dashboard design\nExperience in delivering at least 1 to 2 large scale end-to-end Celonis process mining implementations as Data Architect\nExperience in leading team of data modelers, data engineers\nStrong experience in providing multiple solutions and reviewing the implementations in parallel\nExpertise in defining the governance, security, roles around Data pools and dashboards in Celonis\nExperience in implementing object centric process mining\nMajor accountabilities:\nCollaborating with business stakeholders to understand their data requirements and process mining goals.\nEngage with customers C-level their strategic objectives with the Celonis technical strategy\nDesigning and implementing data models, schemas, and structures that align with the organization's data governance policies and standards.\nIdentifying and documenting data sources, including databases, systems, and applications, that need to be integrated with Celonis.\nEnsuring proper data extraction, transformation, and loading (ETL) processes to populate the necessary data into Celonis.\nSupervising data engineers in the development and maintenance of data pipelines and workflows.\nAssessing data quality, consistency, and accuracy and taking proactive measures to resolve issues. Implementing data security measures, including access controls and data encryption, to protect sensitive information within Celonis.\nProviding technical support and guidance to business analysts and end-users in data preparation, analysis, and reporting using Celonis.\nStaying updated with the latest trends and advancements in data management and process mining technologies, including Celonis updates and new features.",Software,"['Celonis Data Architect', 'Etl']",2025-06-12 15:32:07
Celonis Data Architect,Harman Connected Services Corporation India Private Limited,12-15 Years,INR 2 - 3 LPA,Bengaluru,"A Celonis data architect is responsible for designing and implementing the data architecture required for effective utilization of the Celonis process mining tool within an organization. They work closely with various stakeholders, including data engineers, business analysts, and process owners, to define data requirements, ensure data integrity, and enable seamless data integration.\nThe role requires a strong understanding of data architecture principles, data modeling techniques, and relational and non-relational databases. Candidate should also be proficient in ETL processes and tools, as well as have experience in data integration and data governance. Additionally, candidate should have a good understanding of business processes, data visualization, and analytics to effectively implement process mining initiatives within the customer organization\nRole and Responsibilities\nOver all 12-15 years of IT experience with minimum 5+ years experience in Process Mining using Celonis\nStrong experience in Data Integration, Data Modeling, Data quality, Data pipeline management, Dashboard design\nExperience in delivering at least 1 to 2 large scale end-to-end Celonis process mining implementations as Data Architect\nExperience in leading team of data modelers, data engineers\nStrong experience in providing multiple solutions and reviewing the implementations in parallel\nExpertise in defining the governance, security, roles around Data pools and dashboards in Celonis\nExperience in implementing object centric process mining\nMajor accountabilities:\nCollaborating with business stakeholders to understand their data requirements and process mining goals.\nEngage with customers C-level their strategic objectives with the Celonis technical strategy\nDesigning and implementing data models, schemas, and structures that align with the organization's data governance policies and standards.\nIdentifying and documenting data sources, including databases, systems, and applications, that need to be integrated with Celonis.\nEnsuring proper data extraction, transformation, and loading (ETL) processes to populate the necessary data into Celonis.\nSupervising data engineers in the development and maintenance of data pipelines and workflows.\nAssessing data quality, consistency, and accuracy and taking proactive measures to resolve issues. Implementing data security measures, including access controls and data encryption, to protect sensitive information within Celonis.\nProviding technical support and guidance to business analysts and end-users in data preparation, analysis, and reporting using Celonis.\nStaying updated with the latest trends and advancements in data management and process mining technologies, including Celonis updates and new features.",Software,"['Celonis Data Architect', 'Etl']",2025-06-12 15:32:09
Data Modeler Architect,Virtusa,10-12 Years,,Hyderabad,"Design and develop conceptual, logical, and physical data models for enterprise and application-level databases.\nTranslate business requirements into well-structured data models that support analytics, reporting, and operational systems.\nDefine and maintain data standards, naming conventions, and metadata for consistency across systems.\nCollaborate with data architects, engineers, and analysts to implement models into databases and data warehouses/lakes.\nAnalyze existing data systems and provide recommendations for optimization, refactoring, and improvements.\nCreate entity relationship diagrams (ERDs) and data flow diagrams to document data structures and relationships.\nSupport data governance initiatives including data lineage, quality, and cataloging.\nReview and validate data models with business and technical stakeholders.\nProvide guidance on normalization, denormalization, and performance tuning of database designs.\nEnsure models comply with organizational data policies, security, and regulatory requirements.",Information Technology,"['Data Modelling for Analytical (OLAP)', 'ERDs', 'Sql', 'Data Integration', 'Redshift']",2025-06-12 15:32:11
Data Engineering Architect (ATC),Virtusa,8-12 Years,,Bengaluru,"Experience:\n8+ years of experience in data engineering, specifically in cloud environments like AWS.\nProficiency in PySpark for distributed data processing and transformation.\nSolid experience with AWS Glue for ETL jobs and managing data workflows.\nHands-on experience with AWS Data Pipeline (DPL) for workflow orchestration.\nStrong experience with AWS services such as S3, Lambda, Redshift, RDS, and EC2.\nTechnical Skills:\nProficiency in Python and PySpark for data processing and transformation tasks.\nDeep understanding of ETL concepts and best practices.\nFamiliarity with AWS Glue (ETL jobs, Data Catalog, and Crawlers).\nExperience building and maintaining data pipelines with AWS Data Pipeline or similar orchestration tools.\nFamiliarity with AWS S3 for data storage and management, including file formats (CSV, Parquet, Avro).\nStrong knowledge of SQL for querying and manipulating relational and semi-structured data.\nExperience with Data Warehousing and Big Data technologies, specifically within AWS.\nAdditional Skills:\nExperience with AWS Lambda for serverless data processing and orchestration.\nUnderstanding of AWS Redshift for data warehousing and analytics.\nFamiliarity with Data Lakes, Amazon EMR, and Kinesis for streaming data processing.\nKnowledge of data governance practices, including data lineage and auditing.\nFamiliarity with CI/CD pipelines and Git for version control.\nExperience with Docker and containerization for building and deploying applications.\nDesign and Build Data Pipelines: Design, implement, and optimize data pipelines on AWS using PySpark, AWS Glue, and AWS Data Pipeline to automate data integration, transformation, and storage processes.\nETL Development: Develop and maintain Extract, Transform, and Load (ETL) processes using AWS Glue and PySpark to efficiently process large datasets.\nData Workflow Automation: Build and manage automated data workflows using AWS Data Pipeline, ensuring seamless scheduling, monitoring, and management of data jobs.\nData Integration: Work with different AWS data storage services (e.g., S3, Redshift, RDS) to ensure smooth integration and movement of data across platforms.\nOptimization and Scaling: Optimize and scale data pipelines for high performance and cost efficiency, utilizing AWS services like Lambda, S3, and EC2.",Information Technology,"['Cloud Platforms', 'Data Architecture', 'Etl', 'Big Data']",2025-06-12 15:32:12
Data Warehouse Architect- Technology Group,Icici Bank Limited,8-12 Years,,Hyderabad,"Essential Services: Role & Location fungibility\nThe role descriptions give you an overview of the responsibilities; it is only directional and guiding in nature. At ICICI Bank, we believe in serving our customers beyond our role definition, product boundaries, and domain limitations through our philosophy of customer 360-degree. In essence, this captures our belief in serving the entire banking needs of our customers as One Bank, One Team. To achieve this, employees at ICICI Bank are expected to be role and location-fungible with the understanding that Banking is an essential service.\nAbout the Role:\nAs a Data Warehouse Architect, you will be responsible for managing and enhancing data warehouse that manages large volume of customer-life cycle data flowing in from various applications within guardrails of risk and compliance.You will be managing the day-to-day operations of data warehouse i.e. Vertica. In this role responsibility, you will manage a team of data warehouse engineers to develop data modelling, designing ETL data pipeline, issue management, upgrades, performance fine-tuning, migration, governance and security framework of the data warehouse. This role enables the Bank to maintain huge data sets in a structured manner that is amenable for data intelligence. The data warehouse supports numerous information systems used by various business groups to derive insights.\nAs a natural progression, the data warehouses will be gradually migrated to Data Lake enabling better analytical advantage. The role holder will also be responsible for guiding the team towards this migration.\nKey Responsibilities:\nData Pipeline Design:Responsible for designing and developing ETL data pipelines that can help in organising large volumes of data. Use of data warehousing technologies to ensure that the data warehouse is efficient, scalable, and secure.\nIssue Management: Responsible for ensuring that the data warehouse is running smoothly. Monitor system performance, diagnose and troubleshoot issues,and make necessary changes to optimize system performance.\nCollaboration:Collaborate with cross-functional teams to implement upgrades, migrations and continuous improvements.\nData Integration and Processing: Responsible for processing, cleaning, and integrating large data sets from various sources to ensure that the data is accurate, complete, and consistent.\nData Modelling: Responsible for designing and implementing data modelling solutions to ensure that the organization's data is properly structured and organized for analysis.\nKey Qualifications & Skills:\nEducation Qualification:B.E./B. Tech. in Computer Science, Information Technology or equivalent domain with 10 to 12 years of experience and at least 5 years or relevant work experience in Datawarehouse/mining/BI/MIS.\nExperience in Data Warehousing:Knowledge on ETL and data technologies and outline future vision in OLTP, OLAP (Oracle / MSSQL). Data Modelling, Data Analysis and Visualization experience (Analytical tools experience like Power BI / SAS / ClickView / Tableu etc). Good to have exposure to Azure Cloud Data platform services like COSMOS, Azure Data Lake, Azure Synapse, and Azure Data factory.\nSynergize with the Team:Regular interaction with business/product/functional teams to create mobility solutions.\nCertification:Azure certified DP 900, PL 300, DP 203 or any other Data platform/Data Analyst certifications.",Banking,"['Data Warehousing', 'Etl']",2025-06-12 15:32:14
Data Integration Architect,Alstom,10-12 Years,,Bengaluru,"Hands-on-experience architecting and delivering solutions related to enterprise integration, APIs, service-oriented architecture, and technology modernizations\n3-4 years hands-on experience with the design, and implementation of integrations in the area of Dell Boomi\nUnderstanding the Business requirements and Functional requirement Documents and Design a Technical Solution as per the needs\nPerson should be good with Master Data Management, Migration and Governance best practices\nExtensive data quality and data migration experience including proficiency in data warehousing, data analysis and conversion planning for data migration activities\nLead and build data migration objects as needed for conversions of data from different sources\nShould have architected integration solutions using Dell Boomi for cloud, hybrid and on-premise integration landscapes\nAbility to build and architect a high performing, highly available, highly scale Boomi Molecule Infrastructure\nIn depth understanding of enterprise integration patterns and prowess to apply them in the customers IT landscape\nAssists project teams during system design to promote the efficient re-use of IT assets Advises project team during system development to assure compliance with architectural principles, guidelines and standards\nAdept in building the Boomi processes with Error handling and email alerts logging best practices\nShould be proficient in using Enterprise level and Database connectors\nExtensive data quality and data migration experience including proficiency in data warehousing, data analysis and conversion planning for data migration activities\nExcellent understanding on REST with in-depth understanding on how Boomi processes can expose consume services using the different http methods, URI and Media type\nUnderstand Atom, Molecule, Atmosphere Configuration and Management, Platform Monitoring, Performance Optimization Suggestions, Platform Extension, User Permissions Control Skills.\nKnowledge on API governance and skills like caching, DB management and data warehousing\nShould have hands on experience in configuring AS2, https, SFTP involving different authentication methods\nThorough knowledge on process deployment, applying extensions, setting up schedules, Web Services user management process filtering and process reporting\nShould be expert with XML and JSON activities like creation, mapping and migrations\nPerson should have worked on integration on SAP, SuccessFactors, Sharepoint, cloud-based apps, Web applications and engineering application\nSupport and resolve issues related to data integration deliveries or platform\nProject Management\nPerson should deliver Data Integration projects using data integration platform\nManage partner deliveries by setting up governance of their deliveries\nUnderstand project priorities, timelines, budget, and deliverables and the need to proactively push yourself and others to achieve project goals\nManagerial:\nPerson is individual contributor and operationally managing small technical team\nQualifications & Skills:\n10+ years of experience in the area of enterprise integrations\nMinimum 3-4 years of experience with Dell boomi\nShould have working experience with database like sql server, Data warehousing\nHands on experience on REST, SOAP, XML, JSON, SFTP, EDI\nShould have worked on integration of multiple technologies like SAP, Web, cloud based apps.\nTECHNICAL COMPETENCIES & EXPERIENCE\nTechnical expertise in Delll Boomi for data integration is MUST.",Transportation,"['REST/SOAP/XML/JSON', 'Project management', 'Dell Boomi', 'Data Migration', 'Api Integration', 'Data Warehousing']",2025-06-12 15:32:15
Data Base Architect,Aspire Systems India Private Limited,7-11 Years,,"Hyderabad, Bengaluru, Cochin / Kochi / Ernakulam","Database Design and Architecture:Lead the design, implementation, and optimization of scalable and efficient database architectures to support business requirements.\nData Modeling and Management:Develop data models, database schemas, and data pipelines for efficient storage, retrieval, and management of data across platforms.\nAWS Database Services:Manage AWS databases, including Aurora (PostgreSQL/MySQL) and DynamoDB, optimizing for cost, performance, and scalability.\nPython Scripting:Use Python for data manipulation, automation of database tasks, and integration with other systems.\nDatabase Performance Optimization:Monitor and optimize database performance, troubleshoot issues, and ensure high availability and disaster recovery.\nDocumentation and Reporting:Maintain up-to-date documentation for database architectures, processes, and configurations. Generate reports on database performance, issues, and improvements.\nPrimary Skills (Essential):\nAt least five years of professional programming experience writing performant stored procedures/functions/SQL statements\nDatabase Management:Expertise in database administration, tuning, and troubleshooting.\nSQL Expertise:Strong SQL skills across various database systems.\nAWS Databases:Proficiency with Amazon Aurora (MySQL/PostgreSQL) and DynamoDB, including setup, optimization, and scaling.\nPython:Strong Python skills for data manipulation, automation, and database task management.\nData Modeling:Proficiency in designing logical and physical data models to support business processes.\nSecondary Skills (Highly Beneficial):\nSnowflake:Hands-on experience with Snowflake data warehousing, data modeling, and data ingestion processes.\nETL/ELT Tools:Familiarity with ETL/ELT processes and tools (e.g., Apache Airflow, AWS Glue) for data transformation and ingestion.\nData Governance and Compliance:Knowledge of data governance practices, including data security and regulatory compliance standards.",Software,"['Database Architect', 'MySQL', 'PostgreSQL', 'AWS']",2025-06-12 15:32:16
Data Engineering Architect (ATC),Virtusa,10-13 Years,,Hyderabad,"Proficiency in PySpark for distributed data processing and transformation.\nSolid experience with AWS Glue for ETL jobs and managing data workflows.\nHands-on experience with AWS Data Pipeline (DPL) for workflow orchestration.\nStrong experience with AWS services such as S3, Lambda, Redshift, RDS, and EC2.\nTechnical Skills:\nProficiency in Python and PySpark for data processing and transformation tasks.\nDeep understanding of ETL concepts and best practices.\nFamiliarity with AWS Glue (ETL jobs, Data Catalog, and Crawlers).\nExperience building and maintaining data pipelines with AWS Data Pipeline or similar orchestration tools.\nFamiliarity with AWS S3 for data storage and management, including file formats (CSV, Parquet, Avro).\nStrong knowledge of SQL for querying and manipulating relational and semi-structured data.\nExperience with Data Warehousing and Big Data technologies, specifically within AWS.\nAdditional Skills:\nExperience with AWS Lambda for serverless data processing and orchestration.\nUnderstanding of AWS Redshift for data warehousing and analytics.\nFamiliarity with Data Lakes, Amazon EMR, and Kinesis for streaming data processing.\nKnowledge of data governance practices, including data lineage and auditing.\nFamiliarity with CI/CD pipelines and Git for version control.\nExperience with Docker and containerization for building and deploying applications.\nDesign and Build Data Pipelines: Design, implement, and optimize data pipelines on AWS using PySpark, AWS Glue, and AWS Data Pipeline to automate data integration, transformation, and storage processes.\nETL Development: Develop and maintain Extract, Transform, and Load (ETL) processes using AWS Glue and PySpark to efficiently process large datasets.\nData Workflow Automation: Build and manage automated data workflows using AWS Data Pipeline, ensuring seamless scheduling, monitoring, and management of data jobs.\nData Integration: Work with different AWS data storage services (e.g., S3, Redshift, RDS) to ensure smooth integration and movement of data across platforms.\nOptimization and Scaling: Optimize and scale data pipelines for high performance and cost efficiency, utilizing AWS services like Lambda, S3, and EC2.",IT Management,"['Analytics - Kinesis', 'S3', 'Aws Lambda', 'Platform', 'Pyspark', 'Apache Kafka', 'Redshift', 'Python']",2025-06-12 15:32:18
Staff Data Engineer/Architect,Synopsys (India) Private Limited,5-10 Years,,Hyderabad,"What You'll Be Doing:\nBuilding the data engineering and analytics infrastructure for our new Enterprise Data Platform using Snowflake and Fivetran.\nLeading the development of data models, algorithms, data pipelines, and insights to enable data-driven decision-making.\nCollaborating with team members to shape the design and direction of the data platform.\nWorking end-to-end on data products, from problem understanding to developing data pipelines, dimensional data models, and visualizations.\nProviding support and advice to business users, including data preparation for predictive and prescriptive modeling.\nEnsuring consistency of processes and championing best practices in data management.\nEvaluating and recommending new data tools or processes.\nDesigning, developing, and deploying scalable AI/Generative AI and machine learning models as needed.\nProviding day-to-day production support to internal business unit customers, implementing enhancements and resolving defects.\nMaintaining awareness of emerging trends in AI, Generative AI, and machine learning to enhance existing systems and develop innovative solutions.\n\nThe Impact You Will Have:\nDriving the development of a cutting-edge data platform that supports enterprise-wide data initiatives.\nEnabling data-driven decision-making across the organization through robust data models and insights.\nEnhancing the efficiency and effectiveness of data management processes.\nSupporting business users in leveraging data for predictive and prescriptive analytics.\nInnovating and integrating advanced AI and machine learning solutions to solve complex business challenges.\nContributing to the overall success of Synopsys by ensuring high-quality data infrastructure and analytics capabilities.\n\nWhat You'll Need:\nBS with 5+ years of relevant experience or MS with 3+ years of relevant experience in Computer Sciences, Mathematics, Engineering, or MIS.\n5 years of experience in DW/BI development, reporting, and analytics roles, working with business and key stakeholders.\nAdvanced knowledge of Data Warehousing, SQL, ETL/ELT, dimensional modeling, and databases (e.g., mySQL, Postgres, HANA).\nHands-on experience with modern data stack tools, including cloud data warehouses (Snowflake), transformation tools (dbt), and cloud providers (Azure, AWS).\nExperience with data ingestion tools (e.g., Fivetran, HVR, Airbyte), CI/CD (GitLab, Kubernetes, Airflow), and data catalog tools (e.g., Datahub, Atlan) is a plus.\nProficiency in scripting languages like Python, Unix, SQL, Scala, and Java for data extraction and exploration.\nExperience with visualization tools like Tableau and PowerBI is a plus.\nKnowledge of machine learning frameworks and libraries (e.g., Pandas, NumPy, TensorFlow, PyTorch) and LLM models is a plus.\nUnderstanding of data governance, data integrity, and data quality best practices.\nExperience with agile development methodologies and change control processes.",Information Technology,"['Cloud Platforms', 'Data Modeling', 'Etl', 'Big Data']",2025-06-12 15:32:19
Data Solution Architect,BCForward,18-22 Years,,Bengaluru,"Data Solution Architect\nBachelor's degree with a preferred area of study in information technology, computer science, computer engineering or related fields\n8+ years of overall experience in big data, database and enterprise data architecture and delivery\n8+ years of programming proficiency in a subset of Python, Java, and Scala\n5+ years of hands-on experience building solutions on distributed processing frameworks such as Spark, Hadoop or Databricks\n5+ years of experience architecting, developing, releasing, and maintaining enterprise data lake platforms\n3+ years of experience implementing cloud-based systems. AWS and/or Databricks preferred\nNote: Looking for Immediate to 30-Days joiners at most.",IT Management,"['Databricks', 'AWS', 'Hadoop', 'Spark', 'Python']",2025-06-12 15:32:20
Solution Architect-Data Platforms,IBM,4-8 Years,,Bengaluru,"Experience in data architecture and engineering Proven expertise with Snowflake data platform Strong understanding of ETL/ELT processes and data integration\nExperience with data modeling and data warehousing concepts\nFamiliarity with performance tuning and optimization techniques\nExcellent problem-solving skills and attention to detail\nStrong communication and collaboration skills\nRequired education\nBachelor's Degree\nPreferred education\nMaster's Degree\nRequired technical and professional expertise\nCloud & Data Architecture: AWS ,Snowflake\nETL & Data Engineering: AWS Glue, Apache Spark, Step Functions\nBig Data & Analytics: Athena,Presto, Hadoop\nDatabase & Storage: SQL,Snow sql\nSecurity & Compliance: IAM, KMS, Data Masking\nPreferred technical and professional experience\nCloud Data Warehousing: Snowflake (Data Modeling, Query Optimization)\nData Transformation: DBT (Data Build Tool) for ELT pipeline management\nMetadata & Data Governance: Alation (Data Catalog, Lineage, Governance)",Information Technology,"['snowflake', 'dbt', 'AWS Glue', 'Data Modeling', 'Apache Spark', 'Sql']",2025-06-12 15:32:22
Solution Architect-Data Platforms,IBM,0-5 Years,,Navi Mumbai,"Role Overview\nIn this role, you'll work in one of our IBM Consulting Client Innovation Centers (Delivery Centers), where we deliver deep technical and industry expertise to a wide range of public and private sector clients around the world. Our delivery centers offer our clients locally based skills and technical expertise to drive innovation and adoption of new technology.\nYour Role and Responsibilities\nData Strategy and Planning: Develop and implement data architecture strategies that align with organizational goals and objectives. Collaborate with business stakeholders to understand data requirements and translate them into actionable plans.\nData Modeling: Design and implement logical and physical data models to support business needs. Ensure data models are scalable, efficient, and comply with industry best practices.\nDatabase Design and Management: Oversee the design and management of databases, selecting appropriate database technologies based on requirements. Optimize database performance and ensure data integrity and security.\nData Integration: Define and implement data integration strategies to facilitate seamless flow of information across systems.\nResponsibilities:\nExperience in data architecture and engineering.\nProven expertise with Snowflake data platform.\nStrong understanding of ETL/ELT processes and data integration.\nExperience with data modeling and data warehousing concepts.\nFamiliarity with performance tuning and optimization techniques.\nExcellent problem-solving skills and attention to detail.\nStrong communication and collaboration skills.\nRequired Education\nBachelor's Degree\nPreferred Education\nMaster's Degree\nRequired Technical and Professional Expertise\nCloud & Data Architecture: AWS, Snowflake\nETL & Data Engineering: AWS Glue, Apache Spark, Step Functions\nBig Data & Analytics: Athena, Presto, Hadoop\nDatabase & Storage: SQL, Snow SQL\nSecurity & Compliance: IAM, KMS, Data Masking\nPreferred Technical and Professional Experience\nCloud Data Warehousing: Snowflake (Data Modeling, Query Optimization)\nData Transformation: DBT (Data Build Tool) for ELT pipeline management\nMetadata & Data Governance: Alation (Data Catalog, Lineage, Governance)",Software,"['snowflake', 'Athena', 'dbt', 'AWS', 'Spark', 'Sql', 'Etl', 'Data Modeling']",2025-06-12 15:32:23
"Assistant Vice President - Pre Sales solution architect - Data Engineering, cloud, AI/ML",Genpact,Fresher,,Bengaluru,"Ready to shape the future of work\n\n\n\nAt Genpact, we don&rsquot just adapt to change&mdashwe drive it. AI and digital innovation are redefining industries, and we&rsquore leading the charge. Genpact&rsquos , our industry-first accelerator, is an example of how we&rsquore scaling advanced technology solutions to help global enterprises work smarter, grow faster, and transform at scale. From large-scale models to , our breakthrough solutions tackle companies most complex challenges.\n\n\n\nIf you thrive in a fast-moving, tech-driven environment, love solving real-world problems, and want to be part of a team that&rsquos shaping the future, this is your moment.\n\n\n\nGenpact (NYSE: G) is anadvanced technology services and solutions company that deliverslastingvalue for leading enterprisesglobally.Through ourdeep business knowledge, operational excellence, and cutting-edge solutions - we help companies across industries get ahead and stay ahead.Powered by curiosity, courage, and innovation,our teamsimplementdata, technology, and AItocreate tomorrow, today.Get to know us atand on,,, and.\n\n\n\n\n\n\n\n\n\nInviting applications for the role of Assistant Vice President - Presales Solution Architect\n\n\n\nIn this role, you'll be part of Genpact's transformation under GenpactNext, as we lead the shift to Agentic AI Solutions&mdashdomain-specific, autonomous systems that redefine how we deliver value to clients. You'll help drive the adoption of innovations like the Genpact AP Suite in finance and accounting, with more Agentic AI products set to expand across service lines.\n\n\n\nIn this role, you will be responsible for being familiar with our products and offerings, understanding customer needs and requirements, creating a compelling story to solve the identified business challenges, running demos, and answering technical questions. You will play a crucial role in addressing technical challenges faced by our customers and proposing effective solutions. Your ability to analyze customer requirements and translate them into tailored solutions will be key to your success in this position.\n\n\n\n\n\n\nResponsibilities\n\n\n\n\n\nBe familiar with our products and offerings to effectively understand customer needs and pain points, align them with the most appropriate products we have available, and architect end-to-end software solutions to address the client&rsquos requirements, taking into account the existing client technology landscape.\n\n\n\n\n\n\n\nCreate a compelling story that effectively solves the identified issues faced by customers, using your technical knowledge together with our products and offerings knowledge.\n\n\n\n\n\n\n\nDeliver product demonstrations that showcase the functionality and value of our solutions, tailoring them to address specific customer pain points.\n\n\n\n\n\n\n\nCollaborate with cross-functional teams, including sales, product development, and customer success, to ensure seamless communication and deliver actionable solution strategies.\n\n\n\n\n\n\n\nSupport our effort to respond to clients' Request for Proposals (RFPs) and Request for Information (RFIs) by leveraging your technical expertise and understanding of our products and offerings. Prepare comprehensive and compelling responses that address the specific requirements outlined in the RFPs/RFIs, showcasing how our solutions can meet the client's needs.\n\n\n\n\n\n\n\nUtilize your technical expertise and understanding of our products and solutions to estimate the effort required for implementing and delivering customized solutions to clients.\n\n\n\n\n\n\n\nActively participate in the sales cycle, helping to close deals by demonstrating the value of the proposed solutions.\n\n\n\n\n\n\n\nFoster a culture of continuous innovation and experimentation to drive differentiation in the market.\n\n\n\n\n\n\n\nStay updated on industry trends and advancements to continuously enhance your technical knowledge and expertise.\n\n\n\n\n\n\n\n\n\n\nQualifications we seek in you!\n\n\n\nMinimum Qualifications\n\n\n\n\n\nShould have experience in complex data engineering, data management, Analytics and cloud migration/modernization initiatives.\n\n\n\n\n\n\n\nRelevant years in IT services with strong background in solutioning lead role.\n\n\n\n\n\n\n\nProven track record of creating and delivering new assets/accelerators products, or solutions that have contributed to revenue growth.\n\n\n\n\n\n\n\nStrong problem-solving skills and the ability to manage ambiguity.\n\n\n\n\n\n\n\nStrong understanding of software development lifecycle methodologies, solution architecture, and design principles.\n\n\n\n\n\n\n\nExcellent communication, presentation, and storytelling skills, with the ability to effectively convey complex technical concepts to both technical and non-technical stakeholders.\n\n\n\n\n\n\n\nAbility to work collaboratively in cross-functional teams, including sales, product management, and development teams.\n\n\n\n\n\n\n\nStrong problem-solving skills and the ability to think strategically to identify client needs and propose innovative solutions.\n\n\n\n\n\n\n\n\n\n\n\nPreferred Qualifications/ Skills\n\n\n\n\n\nExperience with AI/ML, Gen AI/Agentic AI solutions\n\n\n\n\n\n\n\nExperience in any one of cloud technologies (AWS/Azure/GCP)\n\n\n\n\n\n\n\n\n\n\n\nWhy join Genpact\n\n\n\n\n\nBe a transformation leader - Work at the cutting edge of AI, automation, and digital innovation\n\n\n\n\n\n\n\n\n\nMake an impact - Drive change for global enterprises and solve business challenges that matter\n\n\n\n\n\n\n\nAccelerate your career - Get hands-on experience, mentorship, and continuous learning opportunities\n\n\n\n\n\n\n\nWork with the best - Join 140,000+ bold thinkers and problem-solvers who push boundaries every day\n\n\n\n\n\n\n\nThrive in a values-driven culture - Our courage, curiosity, and incisiveness - built on a foundation of integrity and inclusion - allow your ideas to fuel progress\n\n\n\n\n\nCome join the tech shapers and growth makers at Genpact and take your career in the only direction that matters: Up.\n\n\n\nLet&rsquos build tomorrow together.\n\n\n\n\n\n\nGenpact is an Equal Opportunity Employer and considers applicants for all positions without regard to race, color, religion or belief, sex, age, national origin, citizenship status, marital status, military/veteran status, genetic information, sexual orientation, gender identity, physical or mental disability or any other characteristic protected by applicable laws. Genpact is committed to creating a dynamic work environment that values respect and integrity, customer focus, and innovation.\nFurthermore, please do note that Genpact does not charge fees to process job applications and applicants are not required to pay to participate in our hiring process in any other way. Examples of such scams include purchasing a 'starter kit,' paying to apply, or purchasing equipment or training.",IT/Computers - Hardware & Networking,[],2025-06-12 15:32:25
Data Center Solution Architect,SCHNEIDER ELECTRIC SINGAPORE PTE LTD,5-10 Years,,Bengaluru,"Key Responsibilities\nSolution Design & Engineering:\nLiaise with the Schneider offer team, customer project teams, consultants, and internal teams to fully understand project requirements, scope, and needs.\nEnsure solution compliance with local standards, regulations, codes, and safety requirements.\nCoordinate with electrical and mechanical engineers to create all necessary documentation, including capacity and design calculations, drawings, layouts, specifications, block schematics, solution value propositions, and compliance tables.\nDevelop solution designs that guarantee successful project implementation and high customer satisfaction.\nProvide engineering support during installation, offering guidance on processes, required tools, procedures, regulatory compliance, technical interpretations of do's and don'ts, and ensuring overall quality.\nProject Execution Support:\nAssist with vendor qualification and provide initial costing estimates.\nParticipate in customer meetings to communicate project status and address any roadblocks.\nEscalate roadblocks to internal stakeholders and provide regular reports on proposal status to the Project Manager and Solution Manager.\nEnsure adherence to customer project processes, methodologies, and procedures during the design phase.\nControl the schedule during the design phase to align with the project master plan.\nCustomer Care & Quality:\nDeliver services aimed at achieving the highest customer satisfaction during project execution.\nEscalate any design issues to the Project Manager and take responsibility for their resolution.\nIdentify needed improvements, document them, and communicate to the respective owners and stakeholders.\nPartner Management:\nCoordinate design finalization with third-party service providers during project execution.\nMonitor and communicate the performance of partners.\nQualifications\nEducation: Bachelor's Degree or equivalent in Electrical Engineering or Mechanical Engineering.\nExperience: At least 5 years of experience in the electrical or mechanical engineering industry, with a minimum of 2 years in designing complete systems for critical facilities such as data centers.\nLanguage: Good command of English.\nBusiness Understanding:Strong understanding of electrical distribution system design.\nUnderstanding of electrical system components such as HV, MV, LV distribution, switchgear, panel design standards, grounding, generator systems, etc.\nUnderstanding of mechanical design, including cooling, piping, and fire alarm systems.\nKnowledge of best practices and standards in electrical systems design, installation, and operation requirements.\nUnderstanding of engineering system documentation.\nProven skill in project engineering.\nAbility to meet deadlines and demonstrate effective time management skills.\nExcellent business ethics and integrity.\nDemonstrated flexibility in operational style to meet the requirements of a multi-cultural position",Electronics,"['Project Requirement Analysis', 'Local Standards Compliance', 'Regulatory Compliance', 'code compliance', 'Solution Design']",2025-06-12 15:32:26
Data and Analytics - Architect,SCHNEIDER ELECTRIC SINGAPORE PTE LTD,8-12 Years,,Bengaluru,"Key Responsibilities\nData Modeling & Expansion:\nDesign new data models or expand existing ones based on business feedback.\nCollaborate with global and regional data integration teams to acquire expanded data from source systems.\nDevelop and implement databases, data collection systems, data analytics, and other strategies to optimize statistical efficiency and quality.\nAcquire data from primary or secondary data sources and maintain databases.\nAnalyze and improve performance on existing data models, including query optimization, DAX optimization, and processing optimization (partitions).\nBuild and enhance SQL Server Analysis Services data models.\nData Quality & Governance:\nWork with the larger Growth Technology Systems team to develop and uphold data governance policies and procedures.\nEnsure standardized data naming, consistent data definitions, and monitor overall data quality for assigned data entities.\nFilter and clean data by reviewing reports and performance indicators to locate and correct code problems.\nData Analysis & Reporting:\nDevelop and implement data analyses and other strategies that optimize statistical efficiency and quality.\nInterpret data and analyze results using statistical techniques.\nDevelop or assist in the development of SSRS, Excel, Tableau, and Power BI reports.\nDocumentation & Compliance:Develop required process documentation and adhere to security compliance.\nEssential Functions\nDW solutioning\nUnderstanding business requirements, sourcing data, and designing data models.\nAssessing Data Quality, Data Integration, Migration & Modeling.\nHandling end-to-end development.\nFrequent client interaction.\nQualifications\nPrimary Skills\nGood business analytical skills.\nDeep understanding of dimensional modeling, OLTP, and OLAP database designs and implementation strategies.\nData Warehousing concepts, architecture, and schemas.\nFamiliarity with ETL tools such as Microsoft SSIS/DTS, Data Stage, Informatica Power Center, Informatica Cloud.\nExperience in providing solutions for BI & DW environments.\nStrong knowledge of and experience with reporting packages (e.g., Business Objects), databases (e.g., SQL), and programming (XML, Javascript, or ETL frameworks).\nKnowledge of statistics and experience using statistical packages for analyzing datasets (e.g., Excel, SPSS, SAS).\nStrong analytical skills with the ability to collect, organize, analyze, and disseminate significant amounts of information with attention to detail and accuracy.\nGood communication skills, both written and verbal.\nExperience in the Manufacturing sector.\nFamiliarity with Agile methodologies such as Scrum.\nPreferred Knowledge\nExposure to data visualization/BI.\nAWS",Electronics,"['Data Modeling', 'Databases', 'Data Analytics', 'Sql Server Analysis Services', 'Tableau', 'Power Bi']",2025-06-12 15:32:36
Architect (ATC)- Data Integration,Virtusa,6-10 Years,,Bengaluru,"Collaborate with business stakeholders, data architects, and IT teams to gather and understand data migration requirements.\nAnalyze legacy banking and insurance systems (e.g., core banking, policy admin, claims, CRM) to identify data structures and dependencies.\nWork with large-scale datasets and understand big data architectures (e.g., Hadoop, Spark, Hive) to support scalable data migration and transformation.\nPerform data profiling, cleansing, and transformation using SQL and ETL tools, with the ability to understand and write complex SQL queries and interpret the logic implemented in ETL workflows.\nDevelop and maintain data mapping documents and transformation logic specific to financial and insurance data (e.g., customer KYC, transactions, policies, claims).\nValidate migrated data against business rules, regulatory standards, and reconciliation reports.\nSupport UAT by preparing test cases and validating migrated data with business users.\nEnsure data privacy and security compliance throughout the migration process.",Information Technology,"['CRM', 'Core Banking', 'Spark', 'Hadoop Basics', 'Sql']",2025-06-12 15:32:41
Architect (ATC)- Data Integration,Virtusa,6-10 Years,,Bengaluru,"Collaborate with business stakeholders, data architects, and IT teams to gather and understand data migration requirements.\nAnalyze legacy banking and insurance systems (e.g., core banking, policy admin, claims, CRM) to identify data structures and dependencies.\nWork with large-scale datasets and understand big data architectures (e.g., Hadoop, Spark, Hive) to support scalable data migration and transformation.\nPerform data profiling, cleansing, and transformation using SQL and ETL tools, with the ability to understand and write complex SQL queries and interpret the logic implemented in ETL workflows.\nDevelop and maintain data mapping documents and transformation logic specific to financial and insurance data (e.g., customer KYC, transactions, policies, claims).\nValidate migrated data against business rules, regulatory standards, and reconciliation reports.\nSupport UAT by preparing test cases and validating migrated data with business users.\nEnsure data privacy and security compliance throughout the migration process.",Information Technology,"['CRM', 'Core Banking', 'Spark', 'Hadoop Basics', 'Sql']",2025-06-12 15:32:43
Data Modeler Team Lead/Architect,Paulwin George (Proprietor of Angel And Genie),7-10 Years,,Gurugram,"Job Description: Data Modeler Architect\nPosition: Data Modeler Architect\nExperience: 8+ years\nLocation: Gurugram\nDepartment: IT/Data Architecture\nReports to: Data Architecture Lead / Data Manager\nPosition Overview:\nWe are looking for a skilled and motivated Data Modeler Architect with 8 years of experience to join our\nIT team. The Data Modeler will be responsible for designing, developing, and maintaining data models\nthat support business requirements and data-driven decision-making. You will work closely with business\nanalysts, data architects, and other stakeholders to ensure the organization's data is structured\neffectively and efficiently. This position offers the opportunity to influence how the company handles\ndata at a large scale and play a pivotal role in the company's data strategy.\nKey Responsibilities:\nData Modeling & Design:\no Design and develop conceptual, logical, and physical data models in line with the\ncompany's data strategy and business objectives.\no Collaborate with business stakeholders and IT teamsto gather requirements and ensure\nmodels meet business needs.\no Create and maintain metadata and data dictionaries to ensure consistency across various\ndata sets.\no Review and optimize data models to improve system performance,scalability, and\nquality.\nData Integration & Management:\no Assist in integrating and transforming data from multiple sources into usable formats.\no Work on data governance and standardization initiatives to ensure data consistency,\nintegrity, and security.\no Collaborate with ETL developers to ensure proper data flow and transformation within\nthe models.\nCollaboration & Support:\no Work with other teams(e.g., data engineers, data analysts) to ensure alignment and\nproper implementation of data models across the organization.\no Provide guidance and support for datamigration, quality assurance, and reporting efforts.\no Act as a liaison between business users and technical teams, translating business\nrequirements into data specifications.\nPerformance Monitoring & Reporting:\no Monitor data model performance and proactively suggest optimizations to improve\nefficiency.\no Assist in the creation of dashboards and reports for business users by providing insights\ninto data structures and relationships.\nSkills & Qualifications:\nEducation:\no Bachelor's degree in Computer Science, Information Technology, Data Science, or a\nrelated field. Master's degree preferred.\nExperience:\no 5 years of experience in data modeling, database design, or a related role in an IT\ncompany.\no Hands-on experience with data modeling tools(e.g., Erwin, IBM Infosphere Data\nArchitect, Microsoft SQL Server Management Studio, or similar tools).\no Extensive experience in Snowflake\no Strong experience with database managementsystems such as SQL Server, Oracle,\nMySQL, or PostgreSQL.\nTechnical Skills:\no Expertise in designing relational, dimensional, and NoSQL data models.\no Proficiency in SQL and understanding of database query optimization techniques.\no Familiarity with ETL processes and data warehousing concepts.\no Experience with data governance practices and tools.\nSoft Skills:\no Strong analytical and problem-solving skills.\no Good communication and collaboration skillsto work with technical and non-technical\nteams.\no Ability to work in a fast-paced environment, prioritize tasks, and manage multiple\nprojects simultaneously.\no Detail-oriented with a focus on data quality and consistency.\nMust Skills:\nExperience of cloud-based data platforms such as AWS, Google Cloud, or Azure. (Must)\nExperience with big data tools(e.g., Hadoop, Spark) and platforms.\nExperience in Snowflake\nExperience with data visualization tools(e.g., Power BI, Tableau) is a plus.\nWhy Join Us:\nWork with industry-leading data solutions and innovative technologies to help clients\ntransform their businesses.\nCompetitive salary and performance-based incentives.\nCollaborative work environment with opportunitiesto engage in exciting, data-centric projects.\nExposure to clients across various industries, giving you a broad range of experience and\ngrowth opportunities.\nTravel opportunities to meet with clients and explore new markets.\nOngoing training and development to ensure you stay ahead of industry trends in the data space.","Information Technology, Human Resources","['Mysql', 'Postgresql', 'Microsoft Sql']",2025-06-12 15:32:44
Architect - Enterprise Data Operations,PepsiCo,3-5 Years,,"Gurugram, India","Overview\n\nThe resource will be an empowered member of a team of platform engineers who build environments with consistency maintaining the standards on the PepsiCo Data Lake, and enable exploration and access for analytics, visualization, machine learning, and product development efforts across the company. As a member of the platform engineering team, he/she will help lead the development of very large and complex data applications into public cloud environments directly impacting the design, architecture, and implementation of PepsiCo's flagship data products around topics like revenue management, supply chain, manufacturing, and logistics.\n\nResponsibilities\n\nActive contributor to code development and support existing projects.\nManage data pipelines from internal and external data sources to support day-to-day operations.\nUnderstand and adapt existing Infrastructure of platform engineering in the organization.\nResponsible for adopting best practices around systems integration, security, performance, and data management defined within the organization.\nCollaborate with team and learn to build data pipelines.\nSupport platform engineering teams and quickly respond to failures.\nCollaborate with the team and learn about building a modern and scalable platform.\nCreate documentation for learning and knowledge transfer.\nLearn and adapt automation skills/techniques in day-to-day activities.\nLearn well-defined coding/development life cycles within the organization\nKnowledge of data modeling, data warehousing, and ETL/ELT pipelines.\nKnowledge of data profiling and data quality tools is a plus.\nKnowledge in Statistical/Machine learning models is a plus.\nKnowledge in the retail or supply chain space is a plus\nFamiliarity with business intelligence tools (such as PowerBI) is a plus.\n\nQualifications\n\nBE/BTech in Computer Science, Math, Physics, or other technical fields.\n3+ years of overall technology experience includes some hands-on experience with software development and platform engineering work.\n3+ years of development experience in programming languages like Java, Python, PySpark, Scala, etc. Experience or knowledge in Data Modeling & SQL is a plus.\n2+ years of experience in any cloud technologies.\nWorking experience or knowledge of agile development, including DevOps and DataOps concepts.\nExperience with version control systems like GitHub and deployment & CI tools",Food Processing & Packaged Food,"['Data Quality Tools', 'DataOps', 'CI Tools', 'Statistical Machine Learning Models', 'Business Intelligence Tools', 'Sql', 'ELT', 'Cloud Technologies', 'Java', 'Data Profiling', 'Data Warehousing', 'Github', 'Devops', 'Pyspark', 'Etl', 'Powerbi', 'Python', 'Scala', 'Data Modeling', 'Agile Development']",2025-06-12 15:32:45
Data Engineering Architect,Cybage Software Private Limited,10-15 Years,,Pune,"This role involves leveraging advanced data technologies to drive business outcomes in the media and advertising sector, focusing on scalability and performance optimization. Successful candidates will be adept at collaborating across teams to implement comprehensive data strategies and ensure robust, secure data management.\nTechnical and Professional Requirements\nCandidate should have good experience into the following tech stack:\nBig Query / Big Data / Hadoop / Snowflake\nProgramming / Scripting Languages like Python / Java / Go\nHands on experience in defining and implementing various Machine Learning models for different business needs.\nHands on experience in handling various performance and data scalability problems.\nKnowledge in Advertising Domain and varied experience in working on different data sets such as Campaign Performance, Ad Performance, Attribution, Audience Data etc.\nJob Responsibilities:\nDesigning and implementing an overall data strategy as per business requirements. The strategy includes data model designs, database development standards, implementation and management of data warehouses and data analytics systems.\nIdentification of data sources, internal and external, and defining a plan for data management as per business data strategy.\nCollaborating with cross-functional teams for the smooth functioning of the enterprise data system.\nManaging end-to-end data architecture, from selecting the platform, designing the technical architecture, and developing the application to finally testing and implementing the proposed solution.\nPlanning and execution of big data solutions using Big Query, Big Data, Hadoop, Snowflake.\nIntegrating technical functionality, ensuring data accessibility, accuracy, and security.",Software,"['Data Engineering Architect', 'Hadoop', 'Python', 'Java']",2025-06-14 06:38:40
Principal Consultant - Data Architect,Oracle,5-10 Years,,"Mumbai, India","Context:\nIn modern banking age financial institutions need to bring Classical Data Driversand EvolvingBusiness Driverstogether in a single platform. These drivers also need to communicate with each other and share the data products for enterprise consumption. Traditional data platforms are able to handle classical data drivers well but fail to communicate with evolving business drivers due to limitations of technologies and implementation approaches.\nModern Data Platformhelps to fill this gap, and take the business to the next level of growth and expansion using data driven approaches. The technology transformation in recent years make such implementations feasible.\nYour Opportunity\nYou will be responsible for leading the Modern Data Platform Practice, that would involve providing solutions to customers on Tradition Datawarehouses, Big Data Platforms on Prem and Cloud. It would cover aspects of Architecting the Data Platforms, defining Data engineering design, choosing appropriate technology and tools across on-Prem and Cloud services. Help the organization to strengthen the Modern Data Platform capabilities, lead the Pre-sales discussion on data platforms, provide the technology architecture in the RFP responses and lead the technology POC/MVP.\nYour Qualifications:We expect you to have following qualifications and experiences to be able to effectively perform the suggested role:\nA Technology leader with an engineering academic background in Computer Science / Information Technology / Data Technologies [BE/BTech/MCA]\nOverall 5-10 years of Data Engineering and analytics experience as individual contributor as well as Technology / Architecture lead\nA minimum of 3-5 years of hands-on experience in Big Data systems across On-Prem and Cloud environments\nShould have led Data Platform architecture & design projects for a mid to large size firms\nHave experience of implementing Batch Data and Streaming / Online data integrations using 3rd party tools and custom programs\nA good hands-on experience on SQL and one of the programming language: Core Java / Scala / Python.\nA good hands-on experience in Kafka for enabling Event driven data pipes / processing\nKnowledge of leading Data Sevices offered by AWS, Azure, Snowflake, Confluent\nThorough understanding on distributed computing and related data structures\nShould have implemented Data Governance and Quality capabilities for a Data Platform (for On-Prem and or Cloud )\nGood analytical skills and presentation skills\nExperience in building the team from the ground up\nGood exposure of leading RDBMS technologies and Data Visualization platforms\nShould have demonstrated AI/ML models for Data Processing and generating Insights for end users\nGood teammate and ability to work on own initiatives with minimal direction\nCareer Level - IC3\nDiversity and Inclusion:\nAn Oracle career can span industries, roles, Countries and cultures, giving you the opportunity to flourish in new roles and innovate, while blending work life in. Oracle has thrived through 40+ years of change by innovating and operating with integrity while delivering for the top companies in almost every industry.\nIn order to nurture the talent that makes this happen, we are committed to an inclusive culture that celebrates and values diverse insights and perspectives, a workforce that inspires thought leadership and innovation.\nOracle offers a highly competitive suite of Employee Benefits designed on the principles of parity, consistency, and affordability. The overall package includes certain core elements such as Medical, Life Insurance, access to Retirement Planning, and much more. We also encourage our employees to engage in the culture of giving back to the communities where we live and do business.\nAt Oracle, we believe that innovation starts with diversity and inclusion and to create the future we need talent from various backgrounds, perspectives, and abilities. We ensure that individuals with disabilities are provided reasonable accommodation to successfully participate in the job application, interview process, and in potential roles. to perform crucial job functions.\nThat's why we're committed to creating a workforce where all individuals can do their best work. It's when everyone's voice is heard and valued that we're inspired to go beyond what's been done before.\nCareer Level - IC3",IT/Computers - Hardware & Networking,"['snowflake', 'Confluent', 'Batch Data and Streaming Online data integrations', 'RDBMS technologies', 'AI ML models', 'Big Data systems', 'Data Platform architecture design', 'Kafka', 'Sql', 'Data Visualization', 'AWS', 'Python', 'Azure', 'Data Governance', 'Core Java', 'Scala']",2025-06-16 05:39:11
Azure Data Architect,Geetha Technology Solutions,10-15 Years,,Coimbatore,"Azure+ SQL+ ADF+ Databricks +design+ Architecture(Mandate)\nTotal experience in data management area for 10 + years with Azure cloud data platform experience\nArchitect with Azure stack (ADLS, AALS, Azure Data Bricks, Azure Streaming Analytics Azure Data Factory, cosmos DB & Azure synapse) & mandatory expertise on Azure streaming Analytics, Data Bricks, Azure synapse, Azure cosmos DB\nMust have worked experience in large Azure Data platform and dealt with high volume Azure streaming Analytics\nExperience in designing cloud data platform architecture, designing large scale environments\n5 plus Years of experience architecting and building Cloud Data Lake, specifically Azure Data Analytics technologies and architecture is desired, Enterprise Analytics Solutions, and optimizing real time big data data pipelines, architectures and data sets.",Information Technology,"['Architecting', 'Azure', 'Azure Databricks', 'Azure Data Lake', 'Data Management', 'Data Analytics', 'Azure Synapse', 'Microsoft Azure', 'Azure Data Factory']",2025-06-17 06:02:05
Azure Data Architect,Geetha Technology Solutions,10-15 Years,,Hyderabad,"Azure+ SQL+ ADF+ Databricks +design+ Architecture(Mandate)\nTotal experience in data management area for 10 + years with Azure cloud data platform experience\nArchitect with Azure stack (ADLS, AALS, Azure Data Bricks, Azure Streaming Analytics Azure Data Factory, cosmos DB & Azure synapse) & mandatory expertise on Azure streaming Analytics, Data Bricks, Azure synapse, Azure cosmos DB\nMust have worked experience in large Azure Data platform and dealt with high volume Azure streaming Analytics\nExperience in designing cloud data platform architecture, designing large scale environments\n5 plus Years of experience architecting and building Cloud Data Lake, specifically Azure Data Analytics technologies and architecture is desired, Enterprise Analytics Solutions, and optimizing real time big data data pipelines, architectures and data sets.",Information Technology,"['Architecting', 'Azure', 'Azure Databricks', 'Azure Data Lake', 'Data Management', 'Data Analytics', 'Azure Synapse', 'Microsoft Azure', 'Azure Data Factory']",2025-06-17 06:02:07
Azure Data Architect,Geetha Technology Solutions,10-15 Years,,Hyderabad,"Azure+ SQL+ ADF+ Databricks +design+ Architecture(Mandate)\nTotal experience in data management area for 10 + years with Azure cloud data platform experience\nArchitect with Azure stack (ADLS, AALS, Azure Data Bricks, Azure Streaming Analytics Azure Data Factory, cosmos DB & Azure synapse) & mandatory expertise on Azure streaming Analytics, Data Bricks, Azure synapse, Azure cosmos DB\nMust have worked experience in large Azure Data platform and dealt with high volume Azure streaming Analytics\nExperience in designing cloud data platform architecture, designing large scale environments\n5 plus Years of experience architecting and building Cloud Data Lake, specifically Azure Data Analytics technologies and architecture is desired, Enterprise Analytics Solutions, and optimizing real time big data data pipelines, architectures and data sets.",Information Technology,"['Architecting', 'Azure', 'Azure Databricks', 'Azure Data Lake', 'Data Management', 'Data Analytics', 'Azure Synapse', 'Microsoft Azure', 'Azure Data Factory']",2025-06-17 06:02:08
"Data Architect, Application architect",Clifyx Technology,12-15 Years,,Bengaluru,"Responsibilities:\nDevelop and maintain scalable applications using Java and Spring Boot on Azure Cloud.\nWork with Kafka for event-driven architecture and real-time data streaming.\nManage and optimize NoSQL databases including Cosmos DB, MongoDB, PostgreSQL, and Cassandra.\nDeploy and manage containerized applications using Azure Kubernetes Service.\nCollaborate with front-end teams and utilize React.js to build seamless user interfaces (preferred skill).\nEngage with cross-functional teams in Retail, Transportation, and Supply Chain domains.",Recruiting,"['Java', 'Spring Boot', 'Kafka', 'Nosql', 'Azure Cloud', 'React Js']",2025-06-17 06:02:09
Data Solution Architect,Purview India Consulting And Services Llp,10-20 Years,INR 20 - 30 LPA,"Hyderabad, Bengaluru","In this role, you will:\nArchitect scalable and secure data solutions as required.\nTake on general solution architecture tasks and deliverables as part of the wider Solution Architecture team where required.\nDevelop logical and physical data models to meet business requirements, contributing to conceptual models where required.\nCollaborate with business analysts and application teams to gather and understand data requirements.\nCreate clear and effective data models, solutions and architectures, ensuring alignment with the overall data architecture and project goals.\nEnsure that the data architecture and models support real-time, near-real-time and batch data processing where needed.\nEnsure smooth data integration and flow across various platforms and systems, including integration of data sources into data refineries for analysis and reporting.\nProvide training and support to other teams in understanding, using and implementing data models and architecture.\nEnsure data models maintain high standards of data integrity, accuracy, and consistency.\nDevelop and implement best practices for data modelling, including naming conventions, documentation, and version control.\nCreate and maintain comprehensive documentation, including Solution Design Documents, entity-relationship diagrams and data dictionaries.\nEnsure that architectures and models are reviewed and approved at the appropriate forums.\nRequirements\nTo be successful in this role, you should meet the following requirements:\nDemonstrable experience in solution architecture, data modelling and data architecture.\nDemonstrable experience preparing and presenting architecture governance artefacts to design boards.\nExperience providing feedback and technical knowledge to facilitate peer review of architectures.\nUsing architecture patterns to accelerate decisions and design.\nProficiency in data modelling tools such as ER Studio, ERWIN or Visual Paradigm.\nStrong understanding of database systems, including relational (SQL) and non-relational (NoSQL) databases.\nFamiliarity with ETL processes and data integration tools.\nExperience with cloud-based (GCP, AWS, Azure), on-prem and hybrid data architectures and solutions.\nStrong analytical and problem-solving skills.\nExcellent communication and documentation abilities.\nAbility to collaborate with technical and non-technical teams.\nIn addition to the above, the following background experience would be highly beneficial:\nConsultancy / customer facing experience within a software vendor or enterprise scale services environment.\nFinancial Services domain knowledge with practical experience of mobilizing technology to meet the market dynamics effecting the financial services domain (Risk / Cost / Customer).\nA track record of successful refactoring / tech-debt remediation projects.\nExposure or experience of big data and big data technologies.\nHigh Level & Holistic Capabilities sought:\nExperience in digital and broader architectural transformation, applying solutions from experience, decomposing monolithic solutions and applying methods to manage technical debt.\nExperience working with enterprise architectures, translating those into solution and data architectures.\nAdherence to architecture governance practices and procedures.\nExperience, knowledge and understanding of enterprise level software development.\nAbility to participate in technical design and oversee all technology related issues of cloud native product development, promoting API reuse and managing down technical debt across the enterprise.","Information Technology, Information Services","['Data Modelling', 'Data Architecture', 'cloud', 'ELT']",2025-06-17 06:02:10
Azure Data Architect,Syren Technologies Private Limited,10-18 Years,,Remote,"An Azure Data Architect is responsible for designing, implementing, and maintaining the data infrastructure within an organization. They collaborate with both business and IT teams to understand stakeholders needs and unlock the full potential of data. They create conceptual and logical data models, analyze structural requirements, and ensure efficient database solutions.\nJob Responsibilities\nAct as subject matter expert providing best-practice guidance on data lake and ETL architecture frameworks suitable for handling big data for unstructured and structured information\nDrive business and Service Layer development with the customer by finding new opportunities based on expanding existing solutions creating new ones\nProvide hands-on subject matter expertise to build and implement Azure-based Big Data solution\nResearch, evaluate, architect, and deploy new tools, frameworks, and patterns to build sustainable Big Data platforms for our clients\nFacilitate and/or conduct requirements workshops\nResponsible for collaborating on the prioritization of technical requirement\nCollaborates with peer teams and vendors on the solution and delivery\nHas overall accountability for project delivery\nWorks collaboratively with the Product Management, Data Management, and other Architects to deliver for the cloud data platform, Data as a service\nConsults with clients to assess current problem states, define desired future states, define solution architecture and make solutions recommendations",Information Technology,"['vAzure', 'Cloud Data Platform', 'Big Data', 'Data Lake', 'Etl', 'Data Architecture']",2025-06-18 06:38:14
Data Architect,Clifyx Technology,12-15 Years,,Bengaluru,"In the role of Data Architect, you will interface with key stakeholders and apply your knowledge for understanding the business and business data across source systems. You will play an important role in creating a detailed business data understanding, outlining problems, opportunities, and data solutions for a business.\nBasic:\nBachelors degree or foreign equivalent required from an accredited institution. Will also consider three years of progressive experience in the specialty in lieu of every year of education.\nAt least 12+ years of experience with Information Technology and 5+ years in Data Architect\nExtensive experience in Design and Architecture of large data transformation systems.\nPreferred:\nUnderstanding of the business area that the project is involved with.\nWorking with data stewards to understand the data sources.\nClear understanding of data entities, relationships, cardinality etc for the inbound sources based on inputs from the data stewards / source system experts.\nPerformance tuning understanding the overall requirement, reporting impact.\nData Modeling for the business and reporting models as per the reporting needs or delivery needs to other downstream systems.\nHave experience to components and languages like Databricks, Python, PySpark, SCALA, R.\nAbility to ask strong questions to help the team see areas that may lead to problems.\nAbility to validate the data by writing sql queries and compare against the source system and transformation mapping.\nWork closely with teams to collect and translate information requirements into data to develop data-centric solutions.\nEnsure that industry-accepted data architecture principles and standards are integrated and followed for modeling, stored procedures, replication, regulations, and security, among other concepts, to meet technical and business goals.\nContinuously improve the quality, consistency, accessibility, and security of our data activity across company needs.\nExperience on Azure DevOps project tracking tool or equivalent tools like JIRA.\nShould have Outstanding verbal, non-verbal communication.\nShould have experience and desire to work in a Global delivery environment.",Recruiting,"['SQL validation', 'Data Architecture', 'Data Modeling', 'Databricks', 'Python', 'Azure DevOps']",2025-06-18 06:38:16
Data Architect,Clifyx Technology,12-15 Years,,Bengaluru,"In the role of Data Architect, you will interface with key stakeholders and apply your knowledge for understanding the business and business data across source systems. You will play an important role in creating a detailed business data understanding, outlining problems, opportunities, and data solutions for a business.\nBasic:\nBachelors degree or foreign equivalent required from an accredited institution. Will also consider three years of progressive experience in the specialty in lieu of every year of education.\nAt least 12+ years of experience with Information Technology and 5+ years in Data Architect\nExtensive experience in Design and Architecture of large data transformation systems.\nPreferred:\nUnderstanding of the business area that the project is involved with.\nWorking with data stewards to understand the data sources.\nClear understanding of data entities, relationships, cardinality etc for the inbound sources based on inputs from the data stewards / source system experts.\nPerformance tuning understanding the overall requirement, reporting impact.\nData Modeling for the business and reporting models as per the reporting needs or delivery needs to other downstream systems.\nHave experience to components and languages like Databricks, Python, PySpark, SCALA, R.\nAbility to ask strong questions to help the team see areas that may lead to problems.\nAbility to validate the data by writing sql queries and compare against the source system and transformation mapping.\nWork closely with teams to collect and translate information requirements into data to develop data-centric solutions.\nEnsure that industry-accepted data architecture principles and standards are integrated and followed for modeling, stored procedures, replication, regulations, and security, among other concepts, to meet technical and business goals.\nContinuously improve the quality, consistency, accessibility, and security of our data activity across company needs.\nExperience on Azure DevOps project tracking tool or equivalent tools like JIRA.\nShould have Outstanding verbal, non-verbal communication.\nShould have experience and desire to work in a Global delivery environment.",Recruiting,"['SQL validation', 'Data Architecture', 'Data Modeling', 'Databricks', 'Python', 'Azure DevOps']",2025-06-18 06:38:17
Data Architect,Sightspectrum,10-15 Years,,Bengaluru,"Roles :\nDeep database expertise.\nExpert in architecting data lake solutions\nDeep knowledge in designing and architecting Database systems\nHands on with Apache services like Arrow, Parquet, Spark, etc\nHands on experience with databases (postgres, redis ), Apache services ( Parquet, Arrow etc )\nDeep Data Lake expertise\nLong term maintenance and support of this DB system",Information Technology,"['Arrow', 'Parquet', 'Apache services', 'Spark', 'Databases']",2025-06-18 06:38:18
Data Architect,Sightspectrum,10-15 Years,,Bengaluru,"Roles:\nDeep database expertise.\nExpert in architecting data lake solutions\nDeep knowledge in designing and architecting Database systems\nHands on with Apache services like Arrow, Parquet, Spark, etc\nHands on experience with databases (postgres, redis ), Apache services ( Parquet, Arrow etc )\nDeep Data Lake expertise\nLong term maintenance and support of this DB system",Information Technology,"['Arrow', 'Parquet', 'Apache services', 'Spark', 'Postgres', 'Redis']",2025-06-18 06:38:19
Data Architect,Clifyx Technology,8-10 Years,,Bengaluru,"Experience in collecting business requirements to develop and implement SSIS packages.\nAnalyzing existing data in legacy systems, data cleansing, and transformation of data\nData Mapping between source and destination systems\nInvolved in planning, designing, mapping discussions, schedules the job related meeting\nCoordination between Dev teams and Data Migration team\nUnderstanding of D365 CE Apps from the Dataverse side\nUnderstanding of CRM sales functionalities\nMust have good knowledge on Dynamics 365 CRM and coding best practices.\nIncludes discussion around data migration, design specifications, data extraction, problem diagnosis, debugging, testing, modification and assurance of technical requirements of computer programs per established industry practices and Customers Development Management Methodology (DMM).\nUnderstanding of data management related tools like SSIS for ETL purpose, Need to be we'll versed in Data analyzing\nMust have good knowledge on Dynamics 365 CRM Sales.\nMust be able to work directly with the client and Microsoft.\nMust have good communication skills\nMandatory Skills\nSSIS Package and Dynamics CRM modules\nData Migration\nData Mapping and Migration knowledge, using Data migration tools like SSIS package\nGood to Have Skills\nNeed to be we'll versed in D365 architecture from DB/Dataverse understanding",Recruiting,"['DynamicsCRM', 'Dataverse', 'DataMapping', 'SSIS', 'Datamigration', 'Etl']",2025-06-18 06:38:21
"Data Architect - Governance, Data Solutions, Data Quality, Consulting",Hucon Solutions India Private Limited,10-15 Years,,"Hyderabad, Kolkata, Cochin / Kochi / Ernakulam","Description\nWe are seeking a highly skilled Data Architect specializing in Governance, Data Solutions, and Data Quality to join our team in India. The ideal candidate will have extensive experience in designing and implementing data governance frameworks, ensuring high data quality, and providing consulting services to enhance our data management practices.\nResponsibilities\nDesign and implement data governance frameworks to ensure data quality and compliance.\nDevelop and maintain data architecture models and data flow diagrams.\nCollaborate with stakeholders to understand data requirements and translate them into technical specifications.\nEvaluate and recommend data solutions and tools to improve data management processes.\nMonitor and enforce data quality standards across the organization.\nProvide consulting services on best practices for data governance and data quality improvement.\nLead data quality assessments and remediation initiatives.\nSkills and Qualifications\nBachelor's or Master's degree in Computer Science, Information Technology, or related field.\n10-15 years of experience in data architecture, data governance, and data quality management.\nStrong knowledge of data modeling techniques and best practices.\nExperience with data governance frameworks and methodologies (e.g., DAMA-DMBOK).\nProficiency in SQL and experience with database management systems (e.g., Oracle, SQL Server, PostgreSQL).\nFamiliarity with data quality tools and technologies (e.g., Talend, Informatica, Alteryx).\nExcellent analytical and problem-solving skills.\nStrong communication and interpersonal skills to interact with technical and non-technical stakeholders.",Human Resources,"['Data Governance', 'Data Architect']",2025-06-18 06:38:22
"Data Architect - Governance, Data Solutions, Data Quality, Consulting",Hucon Solutions India Private Limited,10-15 Years,,Thiruvananthapuram / Trivandrum,"Description\nWe are seeking a highly skilled Data Architect specializing in Governance, Data Solutions, and Data Quality to join our team in India. The ideal candidate will have extensive experience in designing and implementing data governance frameworks, ensuring high data quality, and providing consulting services to enhance our data management practices.\nResponsibilities\nDesign and implement data governance frameworks to ensure data quality and compliance.\nDevelop and maintain data architecture models and data flow diagrams.\nCollaborate with stakeholders to understand data requirements and translate them into technical specifications.\nEvaluate and recommend data solutions and tools to improve data management processes.\nMonitor and enforce data quality standards across the organization.\nProvide consulting services on best practices for data governance and data quality improvement.\nLead data quality assessments and remediation initiatives.\nSkills and Qualifications\nBachelor's or Master's degree in Computer Science, Information Technology, or related field.\n10-15 years of experience in data architecture, data governance, and data quality management.\nStrong knowledge of data modeling techniques and best practices.\nExperience with data governance frameworks and methodologies (e.g., DAMA-DMBOK).\nProficiency in SQL and experience with database management systems (e.g., Oracle, SQL Server, PostgreSQL).\nFamiliarity with data quality tools and technologies (e.g., Talend, Informatica, Alteryx).\nExcellent analytical and problem-solving skills.\nStrong communication and interpersonal skills to interact with technical and non-technical stakeholders.",Human Resources,"['Data Governance', 'Data Architect']",2025-06-18 06:38:23
Big Data Architect,Geetha Technology Solutions,12-15 Years,,Mumbai,"Roles and Responsibilities:\n12+ Years experience in Big data Space across Architecture, Design, Development, testing & Deployment, full understanding in SDLC.\nExperience of Hadoop and related technology stack experience\nExperience of the Hadoop Eco-system(HDP+CDP) / Big Data (especially HIVE)\nHand on experience with programming languages such as Java/Scala/python\nHand-on experience/knowledge on Spark\nBeing responsible and focusing on uptime and reliable running of all or ingestion/ETL jobs\nGood SQL and used to work in a Unix/Linux environment is a must\nCreate and maintain optimal data pipeline architecture\nExperience performing root cause analysis on internal and external data and processes to answer specific business questions and identify opportunities for improvement.\nGood to have cloud experience\nGood to have experience for Hadoop integration with data visualization tools like PowerBI",Information Technology,"['stack', 'Hadoop Eco-system', 'Big Data', 'Hadoop', 'Programming Languages', 'Powerbi']",2025-06-18 06:38:24
"Vice President, Data Tech Solutions Architect",Genpact,Fresher,,Bengaluru,"Ready to shape the future of work\n\n\n\nAt Genpact, we don&rsquot just adapt to change&mdashwe drive it. AI and digital innovation are redefining industries, and we&rsquore leading the charge. Genpact&rsquos , our industry-first accelerator, is an example of how we&rsquore scaling advanced technology solutions to help global enterprises work smarter, grow faster, and transform at scale. From large-scale models to , our breakthrough solutions tackle companies most complex challenges.\n\n\n\nIf you thrive in a fast-moving, tech-driven environment, love solving real-world problems, and want to be part of a team that&rsquos shaping the future, this is your moment.\n\n\n\nGenpact (NYSE: G) is anadvanced technology services and solutions company that deliverslastingvalue for leading enterprisesglobally.Through ourdeep business knowledge, operational excellence, and cutting-edge solutions - we help companies across industries get ahead and stay ahead.Powered by curiosity, courage, and innovation,our teamsimplementdata, technology, and AItocreate tomorrow, today.Get to know us atand on,,, and.\n\n\n\n\n\n\nInviting applications for the role of Vice President, Data Tech Solutions Architect!\n\n\n\nIn this role, we are seeking candidates who have deep technical knowledge and a strategic bent to leverage technology for better business outcomes for the Banking and Capital Markets vertical. The candidate must have detailed understanding of a modern Tech stack, hyperscale offerings, key digital technologies Generative AI, AI/ML, etc.\n\n\n\nRole will be part of the Global Banking and Capital Markets Solutions team, as the evangelist for Alliance Partner Technology, Data/ AI led transformation opportunities in all Solutions created for clients. The role will constantly identify solution gaps, understand emerging client needs and market trends, to create and own a mid to long term Data/ Tech solution roadmap. All of this will be done in close partnership with rest of Genpact ecosystem, i.e., Alliance Partners, Service Lines, Data and Tech Practices in order to deliver top notch solutions.\n\n\n\n\n\n\nResponsibilities\n\n\n\n\n\nProvide technical leadership to evaluate and adopt Data, Tech and AI solutions from Alliance Partners and Genpact offerings\n\n\n\n\n\n\n\nRun the solution management cadence, build and own a periodically refreshed roadmap of Data/ Tech new solutionsidentified and prioritized through Client and Sales feedback\n\n\n\n\n\n\n\nAim for unified solutioning through consolidated business needs to avoid multiple design and build efforts\n\n\n\n\n\n\n\nCollaborate with Alliance Partners and internal teams to create a Tech driven PoV for all solutions, facilitating higher conversions with Clients\n\n\n\n\n\n\n\nFully own first and second level solutioning, orchestrating initial conversations and engage more specialized Genpact teams and Alliance Partners for deeper solutioning\n\n\n\n\n\n\n\nProvide thought leadership to Lead Solution Architects on RFPs, with an objective to steer Tech and Data led transformation agenda\n\n\n\n\n\n\n\nBuild and maintain a comprehensive tech stack view for priority clients to facilitate proactive engagements\n\n\n\n\n\n\n\nCreate architectural artifacts for new solutions developed, and drive consistency to elevate the Tech quotient in Client engagements\n\n\n\n\n\nQualifications we seek in you!\n\n\n\nMinimum Qualifications\n\n\n\n\n\n\n\nBachelor's degree in Computer Science, Information Technology, or a related field.\n\n\n\n\n\n\n\nRelevant years of experience in IT architecture, with a focus on financial services.\n\n\n\n\n\n\n\nTechnical Skills:\n\n\n\n\n\n\n\nThe mandate for this role will be the same as rest of the Global Solutions team, to cover all geographies and to include all Banking and Capital Markets clients where we are responding to Request for Proposals or working on contract renewals or proactively stocking the shelf for targeted solutions.\n\n\n\n\n\n\n\nRequires strong organizational, technical and communication skills. Requires strong stakeholder management and ability to influence\n\n\n\n\n\n\n\nProficiency in designing IT solutions.\n\n\n\n\n\n\n\nExperience with cloud platforms (e.g., AWS, Azure, Google Cloud).\n\n\n\n\n\n\n\nExperience in Data Platforms, AI/ GenAI Solutions\n\n\n\n\n\n\n\nExperience in architecting and designing solutions using Microsoft Power Platform, including Power Apps, Power Automate, and Power BI.\n\n\n\n\n\n\n\nMust have a understanding of low-code/no-code environments and the ability to create scalable, secure and efficient solutions that align with business requirements and best practices.\n\n\n\n\n\n\n\nFamiliarity with DevOps practices and tools.\n\n\n\n\n\n\n\nKnowledge of concept and principles of agile methodology ability to apply appropriate agile approaches in the processes of software development and delivery.\n\n\n\n\n\n\n\nThe mandate for this role will be the same as rest of the Global Solutions team, to cover all geographies and to include all Banking and Capital Markets clients where we are responding to Request for Proposals or working on contract renewals or proactively stocking the shelf for targeted solutions.\n\n\n\n\n\n\n\nRequires strong organizational, technical and communication skills. Requires strong stakeholder management and ability to influence across multiple levels of leadership, while leveraging the different capabilities at Genpact to deliver maximum value for Clients. Must work well in a dynamic, complex environment and under deadline pressures.\n\n\n\n\n\nPreferred Qualifications/ Skills\n\n\n\n\n\nConsulting experience - demonstrated ability to convey value proposition, differentiators in a compelling manner to win new relationships/opportunities\n\n\n\n\n\n\n\nTransformation experience - demonstrated ability to design and execute operational transformation. Experience of running day to day operations would be an added advantage\n\n\n\n\n\n\n\n\nWhy join Genpact\n\n\n\n\n\nBe a transformation leader - Work at the cutting edge of AI, automation, and digital innovation\n\n\n\n\n\n\n\n\n\nMake an impact - Drive change for global enterprises and solve business challenges that matter\n\n\n\n\n\n\n\nAccelerate your career - Get hands-on experience, mentorship, and continuous learning opportunities\n\n\n\n\n\n\n\nWork with the best - Join 140,000+ bold thinkers and problem-solvers who push boundaries every day\n\n\n\n\n\n\n\nThrive in a values-driven culture - Our courage, curiosity, and incisiveness - built on a foundation of integrity and inclusion - allow your ideas to fuel progress\n\n\n\n\n\nCome join the tech shapers and growth makers at Genpact and take your career in the only direction that matters: Up.\n\n\n\nLet&rsquos build tomorrow together.\n\n\n\n\n\n\nGenpact is an Equal Opportunity Employer and considers applicants for all positions without regard to race, color, religion or belief, sex, age, national origin, citizenship status, marital status, military/veteran status, genetic information, sexual orientation, gender identity, physical or mental disability or any other characteristic protected by applicable laws. Genpact is committed to creating a dynamic work environment that values respect and integrity, customer focus, and innovation.\nFurthermore, please do note that Genpact does not charge fees to process job applications and applicants are not required to pay to participate in our hiring process in any other way. Examples of such scams include purchasing a 'starter kit,' paying to apply, or purchasing equipment or training.",IT/Computers - Hardware & Networking,"['DevOps practices and tools', 'Generative AI', 'Ai', 'Data Technology', 'Data Platforms']",2025-06-18 06:38:25
Deputy General Manager_Data Center Network Architect_Pune,Vodafone,12-14 Years,,Pune,"About VOIS\nIn 2009, VOIS started operating in India and now has established global delivery centers in Pune, Bangalore and Ahmedabad. With more than 14,500 employees, VOIS India supports global markets and group functions of Vodafone and delivers best-in-class customer experience through multi-functional services in the areas of Information Technology, Networks, Business Intelligence and Analytics, Digital Business Solutions (Robotics & AI), Commercial Operations (Consumer & Business), Intelligent Operations, Finance Operations, Supply Chain Operations and HR Operations and more.\nAbout VOIS India\nVOIS (Vodafone Intelligent Solutions) is a strategic arm of Vodafone Group Plc, creating value and enhancing quality and efficiency across 28 countries, and operating from 7 locations: Albania, Egypt, Hungary, India, Romania, Spain and the UK.\nOver 29,000 highly skilled individuals are dedicated to being Vodafone Group's partner of choice for talent, technology, and transformation. We deliver the best services across IT, Business Intelligence Services, Customer Operations, Business Operations, HR, Finance, Supply Chain, HR Operations, and many more.\nEstablished in 2006, VOIS has evolved into a global, multi-functional organization, a Centre of Excellence for Intelligent Solutions focused on adding value and delivering business outcomes for Vodafone\nWho you are\nRole Purpose\nWork and lead a dedicated team, close to the Product Owner (within the product line) following the Agile methodology to transform the Network DC infrastructure and build the SDN evolution\nThe Cloud Infrastructure & Network Architect is responsible for delivering, maintaining, and optimizing Cloud Platforms and related infrastructure, network, database, and middleware capabilities to support and enable the development and operations of Cloud modules and solutions\nThis role is responsible for reviewing Cloud solution designs, understanding their impact on the associated infrastructure, network and ensuring the availability of supporting and enabling infrastructure from internal (local and/or global DCs) and external service providers\nMust have technical/professional qualifications:\nMaster's or Bachelor's Degree or technical institute certificate in Computer Science, Information Systems or other related field\n12 + years of work experience in designing, developing, deploying and / or administering infrastructure solutions at the expert certification level\nExperience of current and emerging virtualization, infrastructure, and cloud and containers technologies and architectures, such as Windows, LinUX/UI, AWS, Azure, Openstack, Docker etc.\nExperience of configuration management and automation with the following tools Puppet, Ansible, Jenkins, GIT (must ALL)\nRoles and Responsibilities:\nWork with Private and Public Cloud service providers to forecast and right-size long-term capacity and performance requirements, iterating regularly\nDetermine user and technical story impact on existing architecture, work processes and systems\nDesign and implement on-site supporting platform/infrastructure/network and tooling for software module development, orchestration, and operations\nCore competencies, knowledge and experience:\nSystems analysis and infrastructure & network design in hyper-scale environments\nInfrastructure & Network automation and configuration management tools, e.g. (Puppet, Jenkins, Ansible)\nPublic and private cloud IaaS and PaaS deployment models and technologies, e.g. (Openstack, AWS, Azure)\nNetwork knowledge and network build experience in large scale Datacenter environment (e.g. Cisco ACI networking and various SDN technologies, NSX, Contrail, etc)\nVOIS Equal Opportunity Employer Commitment\nIndia:\nVOIS is proud to be an Equal Employment Opportunity Employer. We celebrate differences and we welcome and value diverse people and insights. We believe that being authentically human and inclusive powers our employees growth and enables them to create a positive impact on themselves and society. We do not discriminate based on age, colour, gender (including pregnancy, childbirth, or related medical conditions), gender identity, gender expression, national origin, race, religion, sexual orientation, status as an individual with a disability, or other applicable legally protected characteristics.\nAs a result of living and breathing our commitment, our employees have helped us get certified as a Great Place to Work in India for four years running. We have been also highlighted among theTop 5 Best Workplaces for Diversity, Equity, and Inclusion, Top 10 Best Workplaces for Women, Top 25 Best Workplaces in IT & IT-BPM and 10th Overall Best Workplacesin India by the Great Place to Work Institute in 2023. These achievements position us among a select group of trustworthy and high-performing companies which put their employees at the heart of everything they do.\nBy joining us, you are part of our commitment. We look forward to welcoming you into our family which represents a variety of cultures, backgrounds, perspectives, and skills!\nApply now, and we'll be in touch!",Telecom/ISP,"['SDN Technologies', 'Infrastructure Network', 'Containers Technologies', 'Contrail', 'Cloud Platforms', 'Virtualization Infrastructure', 'OpenStack', 'Middleware', 'Windows', 'Automation', 'Cisco Aci', 'Jenkins', 'Git', 'Configuration Management', 'Docker', 'Linux', 'Nsx', 'Ansible', 'Puppet', 'Azure', 'AWS', 'Database']",2025-06-18 06:38:28
Senior Data Engineer / Associate Architect,TalentBasket,10-20 Years,,"Thiruvananthapuram / Trivandrum, Cochin / Kochi / Ernakulam","We're Hiring: Senior Data Engineer / Associate Architect\nLocation: Kochi / Trivandrum (Work from Office)\nNotice Period: Immediate Joiners Only\nShift: US Overlapping (till 10 PM IST)\nAre you a data expert with 10+ years of experience in building scalable platforms on AWS We're looking for a Senior Data Engineer to lead from the front and drive architectural excellence!\nMust-Have Skills:\nPython, PySpark\nAWS Glue, EMR, Lambda\nStep Functions, GitLab CI/CD\nS3, DynamoDB, API Development\nKey Responsibilities:\nArchitect & optimize AWS data frameworks\nBuild scalable APIs & automate data quality checks\nLead in Agile teams & contribute to modern data lakehouse solutions\nIf you're a problem-solver with leadership skills and ready to make an impact, let's talk!\nDM me or apply now at [HIDDEN TEXT]",Data Integration,"['PYTHON', 'Pyspark', 'AWS', 'LAMDA']",2025-06-18 06:38:29
Cloud Architect - AWS + Data bricks,World Of Opportunities For Women LLP,8-12 Years,INR 14.5 - 19 LPA,Hyderabad,"Looking for 8+ Y / highly experienced and deeply hands-on Data Architect to lead the design, build, and optimization of our data platforms on AWS and Databricks. This role requires a strong blend of architectural vision and direct implementation expertise, ensuring scalable, secure, and performant data solutions from concept to production.\nStrong hand on exp in data engineering/architecture, hands-on architectural and implementation experience on AWS and Databricks, Schema modeling .\nAWS: Deep hands-on expertise with key AWS data services and infrastructure.\nDatabricks: Expert-level hands-on development with Databricks (Spark SQL, PySpark), Delta Lake, and Unity Catalog.\nCoding: Exceptional proficiency in Python , Pyspark , Spark , AWS Services and SQL.\nArchitectural: Strong data modeling and architectural design skills with a focus on practical implementation.\nPreferred: AWS/Databricks certifications, experience with streaming technologies, and other data tools.\nDesign & Build: Lead and personally execute the design, development, and deployment of complex data architectures and pipelines on AWS (S3, Glue, Lambda, Redshift, etc.) and Databricks (PySpark/Spark SQL, Delta Lake, Unity Catalog).\nDatabricks Expertise: Own the hands-on development, optimization, and performance tuning of Databricks jobs, clusters, and notebooks.",Login to check your skill match score,"['Data Bricks', 'Microservices Architecture', 'DevOps Practices', 'Infrastructure as Code', 'CI/CD Pipelines', 'Aws Services', 'Cloud Security', 'Networking Concepts', 'Database Management', 'Performance Tuning']",2025-06-18 06:38:30
Senior Manager_Data Architect_Data Modeling_Pune,Vodafone,Fresher,,Pune,"About VOIS:\nVOIS (Vodafone Intelligent Solutions) is a strategic arm of Vodafone Group Plc, creating value and enhancing quality and efficiency across 28 countries, and operating from 7 locations: Albania, Egypt, Hungary, India, Romania, Spain and the UK.\nOver 29,000 highly skilled individuals are dedicated to being Vodafone Group's partner of choice for talent, technology, and transformation. We deliver the best services across IT, Business Intelligence Services, Customer Operations, Business Operations, HR, Finance, Supply Chain, HR Operations, and many more.\nEstablished in 2006, VOIS has evolved into a global, multi-functional organisation, a Centre of Excellence for Intelligent Solutions focused on adding value and delivering business outcomes for Vodafone.\nAbout VOIS India:\nIn 2009, VOIS started operating in India and now has established global delivery centres in Pune, Bangalore and Ahmedabad. With more than 14,500 employees, VOIS India supports global markets and group functions of Vodafone, and delivers best-in-class customer experience through multi-functional services in the areas of Information Technology, Networks, Business Intelligence and Analytics, Digital Business Solutions (Robotics & AI), Commercial Operations (Consumer & Business), Intelligent Operations, Finance Operations, Supply Chain Operations and HR Operations and more.\nJob Description\nRole purpose:\nCreating detailed data architecture documentation, including data models, data flow diagrams, and technical specifications\nCreating and maintaining data models for databases, data warehouses, and data lakes, defining relationships between data entities to optimize data retrieval and analysis.\nDesigning and implementing data pipelines to integrate data from multiple sources, ensuring data consistency and quality across systems.\nCollaborating with business stakeholders to define the overall data strategy, aligning data needs with business requirements.\nSupport migration of new & changed software, elaborate and perform production checks\nNeed to effectively communicate complex data concepts to both technical and non-technical stakeholders.\nGCP Knowledge/exp with Cloud Composer, BigQuery, Pub/Sub, Cloud Functions.\n-- Strong communicator, experienced in leading & negotiating decision and effective outcomes.\n-- Strong overarching Data Architecture knowledge and experience with ability to govern application of architecture principles within projects\nVOIS Equal Opportunity Employer Commitment\nIndia:\nVOIS is proud to be an Equal Employment Opportunity Employer. We celebrate differences and we welcome and value diverse people and insights. We believe that being authentically human and inclusive powers our employees growth and enables them to create a positive impact on themselves and society. We do not discriminate based on age, colour, gender (including pregnancy, childbirth, or related medical conditions), gender identity, gender expression, national origin, race, religion, sexual orientation, status as an individual with a disability, or other applicable legally protected characteristics.\nAs a result of living and breathing our commitment, our employees have helped us get certified as a Great Place to Work in India for four years running. We have been also highlighted among the Top 10 Best Workplaces for Millennials, Equity, and Inclusion,Top 50 Best Workplaces for Women,Top 25 Best Workplaces in IT & IT-BPMand10th Overall Best Workplaces in India by the Great Place to Work Institute in 2024. These achievements position us among a select group of trustworthy and high-performing companies which put their employees at the heart of everything they do.\nBy joining us, you are part of our commitment. We look forward to welcoming you into our family which represents a variety of cultures, backgrounds, perspectives, and skills!\nApply now, and we'll be in touch!",Telecom/ISP,"['Pub Sub', 'Cloud Composer', 'Cloud Functions', 'Data Lakes', 'Data Pipelines', 'Data Flow Diagrams', 'GCP Knowledge', 'data models', 'BigQuery', 'data warehouses', 'Data Architecture']",2025-06-19 06:12:19
Data Architect,Iospl Technology Services,10-15 Years,,Remote,"About the Role -\nExperience in architecting with AWS or Azure Cloud Data Platform\nSuccessfully implemented large scale data warehouse data lake solutions in snowflake or AWS Redshift\nBe proficient in Data modelling and data architecture design experienced in reviewing 3rd Normal Form and Dimensional models.\nImplementing Master data management, process design and implementation\nImplementing Data quality solutions including processes\nIOT Design using AWS or Azure Cloud platforms\nDesigning and implementing machine learning solutions as part of high-volume data ingestion and transformation\nWorking with structured and unstructured data including geo-spatial data\nExperience in technologies like python, SQL, no SQL, KAFKA, Elastic Search\nExperience using snowflake, informatica, azure logic apps, azure functions, azure storage, azure data lake and azure search.",IT Management,"['Data Modelling', 'Aws', 'python', 'Sql', 'No Sql', 'Kafka', 'Elastic Search']",2025-06-19 06:12:21
Data Architect,Iospl Technology Services,10-15 Years,,Remote,"About the Role -\nExperience in architecting with AWS or Azure Cloud Data Platform\nSuccessfully implemented large scale data warehouse data lake solutions in snowflake or AWS Redshift\nBe proficient in Data modelling and data architecture design experienced in reviewing 3rd Normal Form and Dimensional models.\nImplementing Master data management, process design and implementation\nImplementing Data quality solutions including processes\nIOT Design using AWS or Azure Cloud platforms\nDesigning and implementing machine learning solutions as part of high-volume data ingestion and transformation\nWorking with structured and unstructured data including geo-spatial data\nExperience in technologies like python, SQL, no SQL, KAFKA, Elastic Search\nExperience using snowflake, informatica, azure logic apps, azure functions, azure storage, azure data lake and azure search.",IT Management,"['Data Modelling', 'Aws', 'python', 'Sql', 'No Sql', 'Kafka', 'Elastic Search']",2025-06-19 06:12:21
Senior Architect - Req Data,Apexon,10-15 Years,,Pune,"Domain Leadership and Strategy:\nDefine and lead solution development for regulatory data and compliance needs in the BFSI sector.\nUnderstand global regulations (e.g., BCBS 239, GDPR, FATCA, AML/KYC) and develop aligned data solutions.\nAccelerators and Frameworks:\nDesign and enhance accelerators/frameworks for regulatory reporting, lineage, data quality, and auditability.\nBuild modular solutions for ingestion, curation, and reporting of regulatory data.\nClient Engagement and RFP Support:\nContribute to solutioning for client RFPs related to regulatory data modernization and compliance frameworks.\nConduct discovery workshops with compliance, risk, and data governance teams.\nArchitecture and Implementation:\nCollaborate with platform and engineering teams to build scalable data pipelines for RegTech use cases.\nEnsure solutions support traceability, explainability, and real-time compliance alerts.\nKnowledge Management and Thought Leadership:\nAuthor white papers, knowledge assets, and accelerators for internal reuse and market positioning.\nTechnical Competencies:\nRegTech Tools: Familiarity with regulatory compliance tools and data frameworks.\nCloud Platforms: Strong experience with AWS/GCP/Azure data services.\nData Lineage & Governance: Tools like Collibra, Alation, or Informatica EDC.\nData Pipelines: ETL/ELT design using Python, Spark, or cloud-native solutions.\nQualifications:\nMust Have:\nBachelor s or Master s degree in Computer Science, Financial Engineering, or related field.\n10+ years of experience in BFSI data systems with 5+ years in regulatory and compliance data.\nNice to Have:\nKnowledge of regulatory frameworks and reporting formats (FINREP, COREP, CCAR, etc.).\nExperience with AI/ML for fraud detection or anomaly detection in RegTech.",Information Technology,"['Regulatory Compliance', 'AWS', 'Data Lineage', 'Etl', 'Python', 'Spark']",2025-06-19 06:12:22
Senior Architect - Req Data,Apexon,10-15 Years,,Pune,"Domain Leadership and Strategy:\nDefine and lead solution development for regulatory data and compliance needs in the BFSI sector.\nUnderstand global regulations (e.g., BCBS 239, GDPR, FATCA, AML/KYC) and develop aligned data solutions.\nAccelerators and Frameworks:\nDesign and enhance accelerators/frameworks for regulatory reporting, lineage, data quality, and auditability.\nBuild modular solutions for ingestion, curation, and reporting of regulatory data.\nClient Engagement and RFP Support:\nContribute to solutioning for client RFPs related to regulatory data modernization and compliance frameworks.\nConduct discovery workshops with compliance, risk, and data governance teams.\nArchitecture and Implementation:\nCollaborate with platform and engineering teams to build scalable data pipelines for RegTech use cases.\nEnsure solutions support traceability, explainability, and real-time compliance alerts.\nKnowledge Management and Thought Leadership:\nAuthor white papers, knowledge assets, and accelerators for internal reuse and market positioning.\nTechnical Competencies:\nRegTech Tools: Familiarity with regulatory compliance tools and data frameworks.\nCloud Platforms: Strong experience with AWS/GCP/Azure data services.\nData Lineage & Governance: Tools like Collibra, Alation, or Informatica EDC.\nData Pipelines: ETL/ELT design using Python, Spark, or cloud-native solutions.\nQualifications:\nMust Have:\nBachelor s or Master s degree in Computer Science, Financial Engineering, or related field.\n10+ years of experience in BFSI data systems with 5+ years in regulatory and compliance data.\nNice to Have:\nKnowledge of regulatory frameworks and reporting formats (FINREP, COREP, CCAR, etc.).\nExperience with AI/ML for fraud detection or anomaly detection in RegTech.",Information Technology,"['Regulatory Compliance', 'AWS', 'Data Lineage', 'Etl', 'Python', 'Spark']",2025-06-19 06:12:24
Data Architect-Azure,NTT Data,Fresher,,"Noida, India","Req ID:312753\nNTT DATA strives to hire exceptional, innovative and passionate individuals who want to grow with us. If you want to be part of an inclusive, adaptable, and forward-thinking organization, apply now.\nWe are currently seeking a Data Architect-Azure to join our team in Noida, Uttar Pradesh (IN-UP), India (IN).\nResponsibilities:\nHands-on understanding of designing, developing, and maintaining scalable data pipelines.\nEnsure data quality, integrity, and security across all pipelines.\nImplement and manage data lakes to store structured and unstructured data.\nOptimize data pipelines for performance and scalability.\nCollaborate with data scientists, analysts, and other stakeholders to understand data requirements.\nDevelop and maintain ETL (Extract, Transform, Load) processes.\nUtilize Databricks for data processing and analytics.\nMonitor and troubleshoot data pipeline issues.\nDevelop and execute test plans to validate data pipelines and ETL processes.\nImplement automated testing frameworks to ensure data accuracy and reliability.\nCommunicate and present the data validation approach/strategy to customer\nDocument data pipeline processes and best practices.\nStay updated on emerging data engineering technologies and trends.\nQualifications:\nBachelor's degree in Computer Science, Engineering, or a related field.\nProficiency in programming languages such as Python, Java, or Scala.\nExperience with cloud platforms like AWS, Azure, or Google Cloud.\nFamiliarity with big data technologies such as Apache Spark, Kafka, and Hadoop.\nStrong knowledge of SQL and NoSQL database systems.\nExcellent communication, problem-solving and analytical skills.\nAbility to work collaboratively in a team environment.\nStrong attention to detail and commitment to data quality.\nPreferred Skills:\nExperience with Databricks and Delta Lake.\nKnowledge of data warehousing concepts and technologies.\nUnderstanding of data governance and compliance.\nExperience with real-time data processing solutions.\nExperience with testing frameworks and tools such as pytest, JUnit, or similar.\nKnowledge of data validation and quality assurance best practices.\nAbout NTT DATA\nNTT DATA is a $30 billion trusted global innovator of business and technology services. We serve 75% of the Fortune Global 100 and are committed to helping clients innovate, optimize and transform for long term success. As a Global Top Employer, we have diverse experts in more than 50 countries and a robust partner ecosystem of established and start-up companies. Our services include business and technology consulting, data and artificial intelligence, industry solutions, as well as the development, implementation and management of applications, infrastructure and connectivity. We are one of the leading providers of digital and AI infrastructure in the world. NTT DATA is a part of NTT Group, which invests over $3.6 billion each year in R&D to help organizations and society move confidently and sustainably into the digital future. Visit us at\nNTT DATA endeavors to make accessible to any and all users. If you would like to contact us regarding the accessibility of our website or need assistance completing the application process, please contact us at . This contact information is for accommodation requests only and cannot be used to inquire about the status of applications. NTT DATA is an equal opportunity employer. Qualified applicants will receive consideration for employment without regard to race, color, religion, sex, sexual orientation, gender identity, national origin, disability or protected veteran status. For our EEO Policy Statement, please click . If you'd like more information on your EEO rights under the law, please click . For Pay Transparency information, please click.",IT/Computers - Software,"['Delta Lake', 'Java', 'Pytest', 'Hadoop', 'Scala', 'Apache Spark', 'Kafka', 'Google Cloud', 'Sql', 'Nosql', 'JUnit', 'Databricks', 'Azure', 'Python', 'AWS']",2025-06-20 06:06:21
Data Architect,Stack Digital,10-15 Years,,"Hyderabad, Chennai, Pune","10+ years of strong experience with data transformation & ETL on large data sets\nExperience with designing customer centric datasets (i.e., CRM, Call Center, Marketing, Offline, Point of Sale etc.)\n5+ years of Data Modeling experience (i.e., Relational, Dimensional, Columnar, Big Data)\n5+ years of complex SQL or NoSQL experience\nExperience in advanced Data Warehouse concepts\nExperience in industry ETL tools (i.e., Informatica, Unifi)\nExperience with Business Requirements definition and management, structured analysis, process design, use case documentation\nExperience with Reporting Technologies (i.e., Tableau, PowerBI)\nExperience in professional software development\nDemonstrate exceptional organizational skills and ability to multi-task simultaneous different customer projects\nStrong verbal & written communication skills to interface with Sales team & lead customers to successful outcome\nMust be self-managed, proactive and customer focused\nDegree in Computer Science, Information Systems, Data Science, or related field\nExperience & knowledge with Adobe Experience Cloud solutions\nExperience & knowledge with Digital Analytics or Digital Marketing\nExperience in programming languages (Python, Java, or Bash scripting)\nExperience with Big Data technologies (i.e., Hadoop, Spark, Redshift, Snowflake, Hive, Pig etc.)\nExperience as an enterprise technical or engineer consultant",Information Technology,"['SQL/NoSQL', 'Power BI/Tableau', 'Big Data (Hadoop/Spark/Snowflake)', 'Etl', 'Data Modeling', 'Informatica']",2025-06-20 06:06:23
Data Architect,Stack Digital,10-15 Years,,"Hyderabad, Chennai, Pune","10+ years of strong experience with data transformation & ETL on large data sets\nExperience with designing customer centric datasets (i.e., CRM, Call Center, Marketing, Offline, Point of Sale etc.)\n5+ years of Data Modeling experience (i.e., Relational, Dimensional, Columnar, Big Data)\n5+ years of complex SQL or NoSQL experience\nExperience in advanced Data Warehouse concepts\nExperience in industry ETL tools (i.e., Informatica, Unifi)\nExperience with Business Requirements definition and management, structured analysis, process design, use case documentation\nExperience with Reporting Technologies (i.e., Tableau, PowerBI)\nExperience in professional software development\nDemonstrate exceptional organizational skills and ability to multi-task simultaneous different customer projects\nStrong verbal & written communication skills to interface with Sales team & lead customers to successful outcome\nMust be self-managed, proactive and customer focused\nDegree in Computer Science, Information Systems, Data Science, or related field\nExperience & knowledge with Adobe Experience Cloud solutions\nExperience & knowledge with Digital Analytics or Digital Marketing\nExperience in programming languages (Python, Java, or Bash scripting)\nExperience with Big Data technologies (i.e., Hadoop, Spark, Redshift, Snowflake, Hive, Pig etc.)\nExperience as an enterprise technical or engineer consultant",Information Technology,"['SQL/NoSQL', 'Power BI/Tableau', 'Big Data (Hadoop/Spark/Snowflake)', 'Etl', 'Data Modeling', 'Informatica']",2025-06-20 06:06:25
Data Architect,Stack Digital,10-15 Years,,"Delhi, Kolkata, Mumbai","10+ years of strong experience with data transformation & ETL on large data sets\nExperience with designing customer centric datasets (i.e., CRM, Call Center, Marketing, Offline, Point of Sale etc.)\n5+ years of Data Modeling experience (i.e., Relational, Dimensional, Columnar, Big Data)\n5+ years of complex SQL or NoSQL experience\nExperience in advanced Data Warehouse concepts\nExperience in industry ETL tools (i.e., Informatica, Unifi)\nExperience with Business Requirements definition and management, structured analysis, process design, use case documentation\nExperience with Reporting Technologies (i.e., Tableau, PowerBI)\nExperience in professional software development\nDemonstrate exceptional organizational skills and ability to multi-task simultaneous different customer projects\nStrong verbal & written communication skills to interface with Sales team & lead customers to successful outcome\nMust be self-managed, proactive and customer focused\nDegree in Computer Science, Information Systems, Data Science, or related field\nExperience & knowledge with Adobe Experience Cloud solutions\nExperience & knowledge with Digital Analytics or Digital Marketing\nExperience in programming languages (Python, Java, or Bash scripting)\nExperience with Big Data technologies (i.e., Hadoop, Spark, Redshift, Snowflake, Hive, Pig etc.)\nExperience as an enterprise technical or engineer consultant",Information Technology,"['SQL/NoSQL', 'Power BI/Tableau', 'Big Data (Hadoop/Spark/Snowflake)', 'Etl', 'Data Modeling', 'Informatica']",2025-06-20 06:06:27
Azure Data Architect,Growel Softech Private Limited,14-16 Years,INR 35 - 40 LPA,"Noida, Mumbai, Pune","Description\nWe are seeking a highly skilled Azure Data Architect with 14-16 years of experience to join our dynamic team in India. The ideal candidate will be responsible for designing and implementing robust data architectures on the Azure cloud platform, ensuring data integrity, quality, and security.\nResponsibilities\nDesign and implement scalable data architectures on Azure cloud platform.\nCollaborate with data engineers and data scientists to ensure data integrity and quality.\nDevelop data modeling and ETL processes to handle large volumes of data.\nOptimize data storage and retrieval using Azure Data Lake and Azure SQL Database.\nImplement security measures and data governance policies in line with organizational standards.\nProvide technical leadership and mentorship to junior team members.\nStay updated with the latest Azure features and best practices in data architecture.\nSkills and Qualifications\n14-16 years of experience in data architecture and cloud technologies.\nStrong expertise in Azure services such as Azure Data Factory, Azure SQL Database, and Azure Synapse Analytics.\nProficient in data modeling techniques and ETL processes.\nSolid understanding of database management systems (DBMS) and data warehousing concepts.\nExperience with big data technologies like Hadoop and Spark is a plus.\nKnowledge of programming languages such as Python, SQL, and R for data manipulation.\nFamiliarity with data governance frameworks and security best practices.\nExcellent problem-solving skills and ability to work in a collaborative environment.",Login to check your skill match score,"['ETL Processes', 'Scalability Solutions', 'Data Modeling', 'Azure Sql', 'Data Warehousing', 'Big Data', 'Cloud Architecture', 'Azure DevOps', 'Security Compliance', 'Performance Tuning']",2025-06-20 06:06:29
Cloud Data Architect,Hashroot Technologies Private Limited,7-10 Years,,"Gurugram, Bengaluru, Pune","The Cloud Data Architect will lead client engagements, guiding stakeholders toward optimized, cloud-native data architectures. This role will be pivotal in defining modernization strategies, designing future-state data platforms, and integrating Microsoft Fabric solutions.\nKey Responsibilities:\nLead client interviews and workshops to understand current and future data needs\nConduct technical reviews of Azure infrastructure including Databricks, Synapse Analytics, and Power BI\nDesign scalable and optimized architecture solutions with a focus on Microsoft Fabric integration\nDefine and refine data governance frameworks including cataloguing, lineage, and quality standards\nDeliver strategic and actionable project outputs in line with client expectations\nEvaluate and ensure the quality and accuracy of deliverables\nCollaborate with business and domain stakeholders to capture and implement business logic\nManage end-to-end project delivery, including coordination with client and internal teams\nCommunicate effectively with global stakeholders across various channels\nTroubleshoot and resolve complex issues across dev, test, UAT, and production environments\nEnsure quality checks and adherence to Service Level Agreements and Turnaround Times\nRequired Skills and Experience:\nBachelor's or Master's degree in Computer Science, Finance, Information Systems, or related field\nMinimum 7 years of experience in Data and Cloud architecture roles\nProven experience engaging with client stakeholders and leading solution architecture\nDeep expertise in Azure Data Platform: Synapse, Databricks, Azure Data Factory, Azure SQL, Power BI\nStrong knowledge of data governance best practices including data quality, cataloguing, and lineage\nFamiliarity with Microsoft Fabric and its integration into enterprise environments\nExperience creating modernization roadmaps and designing target architectures\nExcellent verbal and written communication skills\nStrong analytical, organizational, and problem-solving abilities\nSelf-starter capable of working independently and in team environments\nExperience delivering projects in agile development environments\nProject management and team leadership capabilities","Financial Services, Finance, Information Services","['Microsoft Fabric', 'Data Architecture', 'Cloud Architecture', 'Azure Data', 'Azure Data Bricks', 'Azure Data Factory', 'Azure Sql', 'Power Bi', 'Azure Synapse']",2025-06-22 05:39:16
Master Data Management Data Architect,Amgen Technology Private Limited,1-9 Years,,Hyderabad,"Design, develop, and maintain data solutions for data generation, collection, and processing\nCollaborate and communicate with MDM Developers, Data Architects, Product teams, Business SMEs, and Data Scientists to design and develop end-to-end data pipelines to meet fast paced business needs across geographic regions\nIdentify and resolve complex data-related challenges\nAdhere to standard processes for coding, testing, and designing reusable code/component\nParticipate in sprint planning meetings and provide estimations on technical implementation\nAs a SME, work with the team on MDM related product installation, configuration, customization and optimization\nResponsible for the understanding, documentation, maintenance, and additional creation of master data related data-models (conceptual, logical, and physical) and database structures\nReview technical model specifications and participate in data quality testing\nCollaborate with Data Quality & Governance Analyst and Data Governance Organization to monitor and preserve the master data quality\nCreate and maintain system specific master data data-dictionaries for domains in scope\nArchitect MDM Solutions, including data modeling and data source integrations from proof-of-concept through development and delivery\nDevelop the architectural design for Master Data Management domain development, base object integration to other systems and general solutions as related to Master Data Management\nDevelop and deliver solutions individually or as part of a development team\nApproves code reviews and technical work\nMaintains compliance with change control, SDLC and development standards\nContribute to the design, development, and implementation of data pipelines, ETL/ELT processes, and data integration solutions\nCollaborate with multi-functional teams to understand data requirements and design solutions that meet business needs\nImplement data security and privacy measures to protect sensitive data\nLeverage cloud platforms (AWS preferred) to build scalable and efficient data solutions\nWhat we expect of you We are all different, yet we all use our unique contributions to serve patients.\nBasic Qualifications:\nMaster s degree and 1 to 3 years of Computer Science, IT or related field experience OR\nBachelor s degree and 3 to 5 years of Computer Science, IT or related field experience OR\nDiploma and 7 to 9 years of Computer Science, IT or related field experience.\nPreferred Qualifications:\nExpertise in architecting and designing Master Data Management (MDM) solutions.\nPractical experience with AWS Cloud, Databricks, Apache Spark, workflow orchestration, and optimizing big data processing performance.\nFamiliarity with enterprise source systems and consumer systems for master and reference data, such as CRM, ERP, and Data Warehouse/Business Intelligence.\nAt least 2 to 3 years of experience as an MDM developer using Informatica MDM or Reltio MDM, along with strong proficiency in SQL.\nGood-to-Have Skills:\nExperience with ETL tools such as Apache Spark, and various Python packages related to data processing, machine learning model development.\nGood understanding of data modeling, data warehousing, and data integration concepts.\nExperience with development using Python, React JS, cloud data platforms.\nCertified Data Engineer / Data Analyst (preferred on Databricks or cloud environments).\nSoft Skills:\nExcellent critical-thinking and problem-solving skills\nGood communication and collaboration skills\nDemonstrated awareness of how to function in a team setting\nTeam-oriented, with a focus on achieving team goals\nStrong presentation and public speaking skills.",Pharmaceutical,"['MDM', 'SMEs', 'Etl', 'AWS', 'Databricks', 'Apache']",2025-06-24 06:21:55
MDM Data Architect,Amgen Technology Private Limited,1-9 Years,,Hyderabad,"Develop the MDM backend solutions and implement ETL and Data engineering pipelines using Databricks, AWS, Python/PySpark, SQLetc\nLead the implementation and optimization of MDM solutions using Informatica or Reltio platforms.\nPerform data profiling andidentifythe DQ rulesneed.\nDefine and drive enterprise-wide MDM architecture, including IDQ, data stewardship, and metadata workflows.\nManage cloud-based infrastructure using AWS and Databricks to ensure scalability and performance.\nEnsure data integrity, lineage, and traceability across MDM pipelines and solutions.\nProvide mentorship and technical leadership to junior team members and ensure project delivery timelines.\nHelpcustom UIteam for integration with backend data using API or other integration methodsfor better user experience on data stewardship\nBasic Qualifications and Experience:\nMaster s degree with4-6years of experience in Business, Engineering,ITor relatedfield OR\nBachelor s degree with6-9years of experience in Business, Engineering,ITor relatedfield OR\nDiploma with10-12years of experience in Business, Engineering,ITor related field\nFunctional Skills:\nMust-Have Skills:\nStrong understanding and hands on experience of Databricks and AWS cloud services.\nProficiencyin Python,PySpark, SQL, and Unix for data processing and orchestration.\nDeep knowledge of MDM tools (Informatica, Reltio) and data quality frameworks (IDQ).\nMust have knowledge on customer master data (HCP, HCOetc)\nExperience with data modeling, governance, and DCR lifecycle management.\nAble to implement end to end integrations including API based integrations, Batch integrations and Flatfile-basedintegrations\nStrong experience with external data enrichments like D&B\nStrong experience on match/merge and survivorship rules implementations\nVery goodunderstanding on reference data and its integration with MDM\nHands on experience with custom workflowsor building data pipelines/orchestrations\nGood-to-Have Skills:\nExperience with Tableau orPowerBIfor reporting MDM insights.\nExposure or knowledge ofDataScienceandGenAIcapabilities.\nExposure to Agile practices and tools (JIRA, Confluence).\nPrior experience in Pharma/Life Sciences.\nUnderstanding of compliance and regulatory considerations in master data.\nProfessional Certifications:\nAnyMDMcertification(e.g.Informatica, Reltioetc)\nDatabricks Certifications (Data engineer or Architect)\nAny cloudcertification (AWS or AZURE)\nSoft Skills:\nStrong analytical abilities to assess and improve master data processes and solutions.\nExcellent verbal and written communication skills, with the ability to convey complex data concepts clearly to technical and non-technical stakeholders.\nEffective problem-solving skills to address data-related issues and implement scalable solutions.\nAbility to work effectively with global, virtual teams",Pharmaceutical,"['MDM', 'HCP', 'HCO', 'Python', 'Pyspark', 'Sql', 'Unix']",2025-06-24 06:21:57
MDM Data Architect,Amgen Technology Private Limited,1-9 Years,,Hyderabad,"Develop the MDM backend solutions and implement ETL and Data engineering pipelines using Databricks, AWS, Python/PySpark, SQLetc\nLead the implementation and optimization of MDM solutions using Informatica or Reltio platforms.\nPerform data profiling andidentifythe DQ rulesneed.\nDefine and drive enterprise-wide MDM architecture, including IDQ, data stewardship, and metadata workflows.\nManage cloud-based infrastructure using AWS and Databricks to ensure scalability and performance.\nEnsure data integrity, lineage, and traceability across MDM pipelines and solutions.\nProvide mentorship and technical leadership to junior team members and ensure project delivery timelines.\nHelpcustom UIteam for integration with backend data using API or other integration methodsfor better user experience on data stewardship\nBasic Qualifications and Experience:\nMaster s degree with4-6years of experience in Business, Engineering,ITor relatedfield OR\nBachelor s degree with6-9years of experience in Business, Engineering,ITor relatedfield OR\nDiploma with10-12years of experience in Business, Engineering,ITor related field\nFunctional Skills:\nMust-Have Skills:\nStrong understanding and hands on experience of Databricks and AWS cloud services.\nProficiencyin Python,PySpark, SQL, and Unix for data processing and orchestration.\nDeep knowledge of MDM tools (Informatica, Reltio) and data quality frameworks (IDQ).\nMust have knowledge on customer master data (HCP, HCOetc)\nExperience with data modeling, governance, and DCR lifecycle management.\nAble to implement end to end integrations including API based integrations, Batch integrations and Flatfile-basedintegrations\nStrong experience with external data enrichments like D&B\nStrong experience on match/merge and survivorship rules implementations\nVery goodunderstanding on reference data and its integration with MDM\nHands on experience with custom workflowsor building data pipelines/orchestrations\nGood-to-Have Skills:\nExperience with Tableau orPowerBIfor reporting MDM insights.\nExposure or knowledge ofDataScienceandGenAIcapabilities.\nExposure to Agile practices and tools (JIRA, Confluence).\nPrior experience in Pharma/Life Sciences.\nUnderstanding of compliance and regulatory considerations in master data.\nProfessional Certifications:\nAnyMDMcertification(e.g.Informatica, Reltioetc)\nDatabricks Certifications (Data engineer or Architect)\nAny cloudcertification (AWS or AZURE)\nSoft Skills:\nStrong analytical abilities to assess and improve master data processes and solutions.\nExcellent verbal and written communication skills, with the ability to convey complex data concepts clearly to technical and non-technical stakeholders.\nEffective problem-solving skills to address data-related issues and implement scalable solutions.\nAbility to work effectively with global, virtual teams",Pharmaceutical,"['MDM', 'HCP', 'HCO', 'Python', 'Pyspark', 'Sql', 'Unix']",2025-06-24 06:21:58
Staff Specialist IT - PLM Data Architect,Infineon,8-11 Years,,Ahmedabad,"Design and Create the framework for managing the organization s enterprise data architecture.\nFocus on identifying and using the right tools and technologies, technical methodologies, technical guardrails and guidelines ,integration with broader technical environment, etc.\nDesign and implement a scalable and flexible data architecture for the PLM system, ensuring data consistency, integrity, and quality across the entire product lifecycle.\nDevelop and maintain data models, data flows, and data governance policies to ensure data accuracy, completeness, and compliance with industry standards and regulations.\nCollaborate with cross-functional teams, including engineering, manufacturing, and quality, to ensure data requirements are met and data is properly integrated across systems.\nDevelop and maintain data interfaces, APIs, and data migration strategies to ensure seamless data exchange between PLM and other systems.\nEnsure data security, access controls, and auditing mechanisms are in place to protect sensitive product data.\nDevelop and maintain data analytics and reporting capabilities to support business decision-making and product development.\nYour Profile\nYou are best equipped for this task if you have:\nBachelor s or Master s degree (Computer Science or Related) with 8+years of relevant experience.\nProven experience as Data Architecture or in a similar role in an RD environment.\nExperience in implementing data management, data integration and reporting technologies.\nGood Knowledge of data governance, data quality, and data security best practices.\nKnowledge in enterprise systems like PLM, ERP, MD systems.\nProficiency in data modelling and design.\nExperience working with Data Platforms, Data Catalogues, API Management and Event Driven Architecture.\nKnowledge of programming languages Python or Java , NoSQL databases, data visualization, data virtualization.\nSolid understanding of cloud services, architectures, and storage solutions.\nExcellent problem-solving and communication skills.",Manufacturing,"['Md', 'Python', 'Nosql', 'Java', 'Plm', 'Erp']",2025-06-24 06:22:00
Data Solution Architect (Data Engineering),Amgen Technology Private Limited,6-12 Years,,Hyderabad,"Design and implement scalable, modular, and future-proof data architectures that support R&D initiatives in enterprise.\nDevelop enterprise-wide data frameworks that enable governed, secure, and accessible data across various business domains.\nDefine data modeling strategies to support structured and unstructured data, ensuring efficiency, consistency, and usability across analytical platforms.\nLead the development of high-performance data pipelines for batch and real-time data processing, integrating APIs, streaming sources, transactional systems, and external data platforms.\nOptimize query performance, indexing, caching, and storage strategies to enhance scalability, cost efficiency, and analytical capabilities.\nEstablish data interoperability frameworks that enable seamless integration across multiple data sources and platforms.\nDrive data governance strategies, ensuring security, compliance, access controls, and lineage tracking are embedded into enterprise data solutions.\nImplement DataOps best practices, including CI/CD for data pipelines, automated monitoring, and proactive issue resolution, to improve operational efficiency.\nLead Scaled Agile (SAFe) practices, facilitating Program Increment (PI) Planning, Sprint Planning, and Agile ceremonies, ensuring iterative delivery of enterprise data capabilities.\nCollaborate with business stakeholders, product teams, and technology leaders to align data architecture strategies with organizational goals.\nAct as a trusted advisor on emerging data technologies and trends, ensuring that the enterprise adopts cutting-edge data solutions that provide competitive advantage and long-term scalability.\nWhat we expect of you\nMust-Have Skills:\nExperience in data architecture, enterprise data management, and cloud-based analytics solutions.\nWell versed in R&D domain of Biotech/Pharma industry and has been instrumental in solving complex problems for them using data strategy.\nExpertise in Databricks, cloud-native data platforms, and distributed computing frameworks.\nStrong proficiency in modern data modeling techniques, including dimensional modeling, NoSQL, and data virtualization.\nExperience designing high-performance ETL/ELT pipelines and real-time data processing solutions.\nDeep understanding of data governance, security, metadata management, and access control frameworks.\nHands-on experience with CI/CD for data solutions, DataOps automation, and infrastructure as code (IaC).\nProven ability to collaborate with cross-functional teams, including business executives, data engineers, and analytics teams, to drive successful data initiatives.\nStrong problem-solving, strategic thinking, and technical leadership skills.\nExperienced with SQL/NOSQL database, vector database for large language models\nExperienced with data modeling and performance tuning for both OLAP and OLTP databases\nExperienced with Apache Spark, Apache Airflow\nExperienced with software engineering best-practices, including but not limited to version control (Git, Subversion, etc.), CI/CD (Jenkins, Maven etc.), automated unit testing, and Dev Ops\nGood-to-Have Skills:\nExperience with Data Mesh architectures and federated data governance models.\nCertification in cloud data platforms or enterprise architecture frameworks.\nKnowledge of AI/ML pipeline integration within enterprise data architectures.\nFamiliarity with BI & analytics platforms for enabling self-service analytics and enterprise reporting.\nEducation and Professional Certifications\nDoctorate Degree with 3-5 + years of experience in Computer Science, IT or related field OR\nMaster s degree with 6 - 8 + years of experience in Computer Science, IT or related field OR\nBachelor s degree with 8-10 + years of experience in Computer Science, IT or related field\nAWS Certified Data Engineer preferred\nDatabricks Certificate preferred\nSoft Skills:\nExcellent analytical and troubleshooting skills.\nStrong verbal and written communication skills\nAbility to work effectively with global, virtual teams\nHigh degree of initiative and self-motivation.\nAbility to manage multiple priorities successfully.\nTeam-oriented, with a focus on achieving team goals.\nAbility to learn quickly, be organized and detail oriented.\nStrong presentation and public speaking skills.",Pharmaceutical,"['Uat', 'Apache Spark', 'Apache Airflow', 'Dev Ops', 'Jenkins', 'Maven']",2025-06-24 06:22:01
Data Solution Architect (Data Engineering,Amgen Technology Private Limited,3-10 Years,,Hyderabad,"Design and implement scalable, modular, and future-proof data architectures that support R&D initiatives in enterprise.\nDevelop enterprise-wide data frameworks that enable governed, secure, and accessible data across various business domains.\nDefine data modeling strategies to support structured and unstructured data, ensuring efficiency, consistency, and usability across analytical platforms.\nLead the development of high-performance data pipelines for batch and real-time data processing, integrating APIs, streaming sources, transactional systems, and external data platforms.\nOptimize query performance, indexing, caching, and storage strategies to enhance scalability, cost efficiency, and analytical capabilities.\nEstablish data interoperability frameworks that enable seamless integration across multiple data sources and platforms.\nDrive data governance strategies, ensuring security, compliance, access controls, and lineage tracking are embedded into enterprise data solutions.\nImplement DataOps best practices, including CI/CD for data pipelines, automated monitoring, and proactive issue resolution, to improve operational efficiency.\nLead Scaled Agile (SAFe) practices, facilitating Program Increment (PI) Planning, Sprint Planning, and Agile ceremonies, ensuring iterative delivery of enterprise data capabilities.\nCollaborate with business stakeholders, product teams, and technology leaders to align data architecture strategies with organizational goals.\nAct as a trusted advisor on emerging data technologies and trends, ensuring that the enterprise adopts cutting-edge data solutions that provide competitive advantage and long-term scalability.\nWhat we expect of you\nMust-Have Skills:\nExperience in data architecture, enterprise data management, and cloud-based analytics solutions.\nWell versed in R&D domain of Biotech/Pharma industry and has been instrumental in solving complex problems for them using data strategy.\nExpertise in Databricks, cloud-native data platforms, and distributed computing frameworks.\nStrong proficiency in modern data modeling techniques, including dimensional modeling, NoSQL, and data virtualization.\nExperience designing high-performance ETL/ELT pipelines and real-time data processing solutions.\nDeep understanding of data governance, security, metadata management, and access control frameworks.\nHands-on experience with CI/CD for data solutions, DataOps automation, and infrastructure as code (IaC).\nProven ability to collaborate with cross-functional teams, including business executives, data engineers, and analytics teams, to drive successful data initiatives.\nStrong problem-solving, strategic thinking, and technical leadership skills.\nExperienced with SQL/NOSQL database, vector database for large language models\nExperienced with data modeling and performance tuning for both OLAP and OLTP databases\nExperienced with Apache Spark, Apache Airflow\nExperienced with software engineering best-practices, including but not limited to version control (Git, Subversion, etc.), CI/CD (Jenkins, Maven etc.), automated unit testing, and Dev Ops\nGood-to-Have Skills:\nExperience with Data Mesh architectures and federated data governance models.\nCertification in cloud data platforms or enterprise architecture frameworks.\nKnowledge of AI/ML pipeline integration within enterprise data architectures.\nFamiliarity with BI & analytics platforms for enabling self-service analytics and enterprise reporting.\nEducation and Professional Certifications\nDoctorate Degree with 3-5 + years of experience in Computer Science, IT or related field OR\nMaster s degree with 6 - 8 + years of experience in Computer Science, IT or related field OR\nBachelor s degree with 8-10 + years of experience in Computer Science, IT or related field\nAWS Certified Data Engineer preferred\nDatabricks Certificate preferred\nSoft Skills:\nExcellent analytical and troubleshooting skills.\nStrong verbal and written communication skills\nAbility to work effectively with global, virtual teams\nHigh degree of initiative and self-motivation.\nAbility to manage multiple priorities successfully.\nTeam-oriented, with a focus on achieving team goals.\nAbility to learn quickly, be organized and detail oriented.\nStrong presentation and public speaking skills.",Pharmaceutical,"['Uat', 'Apache Spark', 'Apache Airflow', 'Dev Ops', 'Jenkins', 'Maven']",2025-06-24 06:22:02
Power BI Architect - Data Engineer,NTT Data,3-5 Years,,"Bengaluru, India","NTT DATA strives to hire exceptional, innovative and passionate individuals who want to grow with us. If you want to be part of an inclusive, adaptable, and forward-thinking organization, apply now.\nWe are currently seeking a Power BI Architect - Data Engineer to join our team in Bangalore, Karntaka (IN-KA), India (IN).\nRole: Power BI - Data Engineer\nResponsibilities:\n. As a Data Engineer, you will be actively involved in designing, implementation, and managing comprehensive business intelligence solutions, focusing on data modeling, report development, and ensuring data security and compliance\n. Working within our high-performing and collaborative teams\n. Present data migration solutions and influence key stakeholders in our client groups\n. Assist our clients to drive towards strategic data architecture goals and objectives by enhancing the coherence, quality, security, and availability of organization's data assets, by developing their data migration roadmap\n.Design and leadership of real-time data architectures oriented towards large volumes of information.\n.Implementation of integration flows (ETL/ELT) with Data Lakes and Microsoft Fabric, covering streaming scenarios, IoT, and on-premises/cloud sources.\n.Optimization and governance of tabular models in Power BI, ensuring high availability, security, and scalability.\n.Coordination of data quality standards with a focus on DataOps for continuous deployments and automation.\nRequirements :\n. Demonstrable experience in Master data management\n. 3-5+ years of experience in designing and implementing BI solutions and data architectures (advanced modeling, DAX, optimization, and governance)\n. Strong knowledge & Mastery of Data Lake, Microsoft Fabric, and real-time ingestion methods.\n. Hands on experience & Knowledge of Python or R for data manipulation/transformation and automation.\n. Proven experience with tabular modeling, DAX queries, and report optimization in Power BI.\n. Ability to plan, define, estimate and manage the delivery of work packages using the above experience\n. Excellent communication skills and the flexibility to respond to different program demands\nSkills:\n. A deep understanding of key technical developments in your area of expertise and the ability to explain what they mean for our clients\n. Able to lead the definition of information and data models, data governance structures and processes\n. Experience of working in complex environments across multiple business and technology domains\n. Experienced in bridging the gap between functional and non-functional teams\nAbout NTT DATA\nNTT DATA is a $30 billion trusted global innovator of business and technology services. We serve 75% of the Fortune Global 100 and are committed to helping clients innovate, optimize and transform for long term success. As a Global Top Employer, we have diverse experts in more than 50 countries and a robust partner ecosystem of established and start-up companies. Our services include business and technology consulting, data and artificial intelligence, industry solutions, as well as the development, implementation and management of applications, infrastructure and connectivity. We are one of the leading providers of digital and AI infrastructure in the world. NTT DATA is a part of NTT Group, which invests over $3.6 billion each year in R&D to help organizations and society move confidently and sustainably into the digital future. Visit us at\nNTT DATA endeavors to make accessible to any and all users. If you would like to contact us regarding the accessibility of our website or need assistance completing the application process, please contact us at . This contact information is for accommodation requests only and cannot be used to inquire about the status of applications. NTT DATA is an equal opportunity employer. Qualified applicants will receive consideration for employment without regard to race, color, religion, sex, sexual orientation, gender identity, national origin, disability or protected veteran status. For our EEO Policy Statement, please click . If you'd like more information on your EEO rights under the law, please click . For Pay Transparency information, please click.",IT/Computers - Software,"['R', 'Microsoft Fabric', 'Power Bi', 'Data Lake', 'Dax', 'Python', 'ELT', 'Etl']",2025-06-24 06:22:04
Data Architect,Talentica Software India Private Limited,8-10 Years,,Bengaluru,"Role- Data Architect\nAbout Talentica Software\nTalentica Software is a boutique software development company founded by industry veterans and ex-IITB graduates. We specialize in helping startups build innovative products using cutting-edge tools and technologies. Over our 21 years, we have collaborated with over 180 startups, primarily in the US, leading to many successful exits. In 2022, we were recognized as India's Great Mid-Size Workplace by Great Place to Work.\nPosition: Data Engineer\nWe are looking for a highly skilled Data Engineer to lead the development and implementation of our Data Warehouse/Lakehouse solution. Your expertise will ensure a robust foundation for scalable, high-performance analytics.\nKey Responsibilities:\nLead the end-to-end development and deployment of a scalable and secure Lakehouse architecture.\nDefine best practices for data ingestion, storage, transformation, and processing using modern cloud technologies.\nArchitect data pipelines using ETL/ELT frameworks for structured, semi-structured, and unstructured data.\nOptimize data modeling strategies to meet analytical and performance needs.\nEvaluate and select appropriate cloud technologies and frameworks.\nDevelop and maintain efficient, automated data pipelines integrating data from multiple sources (e.g., Oracle, BigQuery, MongoDB).\nImplement distributed data processing frameworks using tools like Apache Spark and Dataflow.\nEnsure optimal query performance and cost-effective cloud resource utilization.\nEstablish data governance policies, ensuring compliance with regulations (GDPR, CCPA).\nImplement robust data access control and security measures across multi-tenant environments.\nDefine data lineage, cataloging, and metadata management for data democratization.\nStay updated on cloud data platforms and analytics technologies to drive innovation.\nLead Proof of Concepts (POCs) to validate new approaches and technologies.\nQualifications:\nEducation: BE/BTech from top institutes in India (IIT, NIT, BITS, etc.).\nExperience: 8+ years in data engineering with a track record of implementing large-scale data solutions.\nTechnical Skills:\nExtensive experience with cloud platforms (AWS, GCP, Azure) for data warehouse/lakehouse implementations.\nExpertise in modern data architectures (Databricks, Snowflake, BigQuery).\nStrong background in SQL, Python, and distributed computing frameworks (Spark, Dataflow).\nExperience in building high-volume, reliable data pipelines for real-time and batch processing.\nKnowledge of data modeling principles (Star Schema, Snowflake Schema).\nFamiliarity with AI tools and implementing semantic layers.\nTools & Technologies:\nCloud Platforms: AWS, GCP, Azure\nData Processing Tools: Apache Spark, Databricks, Airflow, Dataflow\nProgramming: Python, SQL, Scala (advantageous)\nDatabase Systems: Oracle, BigQuery, MongoDB\nCI/CD & Infrastructure as Code: Git, Jenkins\nSecurity & Compliance: RBAC, encryption, data masking\nBI Tools: Tableau, Power BI, Looker\nSoft Skills:\nExcellent problem-solving abilities and strategic thinking.\nStrong leadership and collaboration skills.\nEffective communication skills for technical concepts.\nAbility to work independently and manage multiple priorities.\nWhat You'll Find Here:\nCulture of Innovation: We focus on technology expertise, not maintenance projects.\nEndless Learning Opportunities: Explore advancements in your field and apply them to create innovative products.\nTalented Peers: Work alongside experienced graduates from top engineering colleges.\nWork-Life Balance: Flexible schedules with remote working options.\nGreat Culture: 82% of our employees recommend us to their friends.",Software,"['Airflow', 'Apache Spark', 'Databricks', 'DataFlow']",2025-06-26 06:38:05
Data Architect,Grid Dynamics Private Limited,6-8 Years,,"Hyderabad, Bengaluru, Chennai","Responsibilities:\nTrusted Advisor:Provide direction to clients in different verticals on their selection of data and ML platforms, data strategies, expected impact, and relevant tools and methodologies that they can deploy to accelerate Big Data and advanced analytics programs.\nPre-Sales and Consulting:Lead and drive technology consulting engagements and pre-sales, architecture assessments, and discovery workshops. Plan data engineering programs of Fortune-1000 enterprises and lead a team of principal consultants and data engineers who work on client accounts and drive consulting engagements to success.\nTechnology Strategy and R&D:Create and bring to the market solutions in data engineering, MLOps, data governance. Responsible for driving innovation through research and development activities on industry trends, defining Go-To-Market strategies, developing\nassets and solutions strategy across multiple industries.\nEngineering:Working with Grid Dynamics s delivery organization to ensure that the right tools, technologies, and processes are in place across the firm to transform and continuously improve the quality and efficiency of our clients data platforms and data management processes.\nBusiness Development & Partnership:\nManage relationships with key technology partners(AWS, GCP, Azure) and industry analysts.\nRequirements:\nExtensive practical experience in Big Data engineering, data governance, and cloud data\nplatforms.\nStrong understanding of cloud-based architectures for data collection, data aggregation, reporting, and BI.\nStrong understanding of ML platforms and tooling including open-source, cloud native, and proprietary.\nDeep domain knowledge in at least one of the following industries: Retail, Finance, Manufacturing, Healthcare, Life Sciences.\nExperience in managing and delivering sophisticated analytical and data engineering programs at the enterprise scale.\nManaged key client relations worldwide and advised global technology and business leaders on innovation and data strategy.\nExperience with Big 4 consulting is a plus.","Consulting, Information Services","['ETL Processes', 'NoSQL Databases', 'Data Modeling', 'Sql', 'Cloud Solutions', 'Big Data', 'Data Warehousing']",2025-06-26 06:38:07
Data Architect,Grid Dynamics Private Limited,6-8 Years,,"Hyderabad, Bengaluru, Chennai","Responsibilities:\nTrusted Advisor:Provide direction to clients in different verticals on their selection of data and ML platforms, data strategies, expected impact, and relevant tools and methodologies that they can deploy to accelerate Big Data and advanced analytics programs.\nPre-Sales and Consulting:Lead and drive technology consulting engagements and pre-sales, architecture assessments, and discovery workshops. Plan data engineering programs of Fortune-1000 enterprises and lead a team of principal consultants and data engineers who work on client accounts and drive consulting engagements to success.\nTechnology Strategy and R&D:Create and bring to the market solutions in data engineering, MLOps, data governance. Responsible for driving innovation through research and development activities on industry trends, defining Go-To-Market strategies, developing\nassets and solutions strategy across multiple industries.\nEngineering:Working with Grid Dynamics s delivery organization to ensure that the right tools, technologies, and processes are in place across the firm to transform and continuously improve the quality and efficiency of our clients data platforms and data management processes.\nBusiness Development & Partnership:\nManage relationships with key technology partners(AWS, GCP, Azure) and industry analysts.\nRequirements:\nExtensive practical experience in Big Data engineering, data governance, and cloud data\nplatforms.\nStrong understanding of cloud-based architectures for data collection, data aggregation, reporting, and BI.\nStrong understanding of ML platforms and tooling including open-source, cloud native, and proprietary.\nDeep domain knowledge in at least one of the following industries: Retail, Finance, Manufacturing, Healthcare, Life Sciences.\nExperience in managing and delivering sophisticated analytical and data engineering programs at the enterprise scale.\nManaged key client relations worldwide and advised global technology and business leaders on innovation and data strategy.\nExperience with Big 4 consulting is a plus.","Consulting, Information Services","['ETL Processes', 'NoSQL Databases', 'Data Modeling', 'Sql', 'Cloud Solutions', 'Big Data', 'Data Warehousing']",2025-06-26 06:38:08
Data & Integration Architect,Maruti Suzuki,5-10 Years,,Gurugram,"Job Responsibilities:\nDesign and develop scalable, secure, and reliable data integration solutions to support business operations and analytics needs.\nCollaborate with business stakeholders, data engineers, and analysts to gather and translate data requirements into technical specifications.\nImplement robust data integration strategies using ETL/ELT processes, data pipelines, APIs, and other tools.\nEnsure data quality, consistency, integrity, and security across all integration points and platforms.\nCreate and maintain comprehensive data models, data flow diagrams, schemas, and related documentation.\nMonitor integration processes for performance bottlenecks and resolve data-related issues proactively.\nOptimize performance of data integration systems and support root cause analysis for any data disruptions.\nStay informed about evolving technologies and industry best practices in data integration, architecture, and governance.\nMentor junior developers and team members, promoting best practices in data architecture and integration.\nEducational Qualifications:\nB.Tech / B.E in Computer Science, Information Technology, or Electronics Engineering\nPreferred Certifications:\nTOGAF\nRelevant Data Architecture or Integration Certifications (e.g., Informatica, MuleSoft Certified Developer)\nRequired Competencies / Skills:\n5+ years of experience in Data and Integration Architecture design and implementation\nExpertise in modern data integration tools and platforms (e.g., Informatica, Talend, MuleSoft)\nProficient in SQL and major database systems such as Oracle, SQL Server, MySQL\nExperience with cloud platforms (AWS, Azure, or Google Cloud) and data warehousing architectures\nStrong understanding of data governance, quality control, and information security practices\nExcellent communication, stakeholder management, and presentation skills\nEffective time management and prioritization skills\nCollaborative, team-oriented mindset with a mentoring approach",Automotive,"['Computer Science', 'security audit', 'Togaf', 'Information Security', 'MySQL', 'Data Quality', 'Informatica', 'Information Technology']",2025-06-27 06:14:28
Data Engineer Lead/Architect,Teizo Soft Private Limited,12-15 Years,,"Hyderabad, Bengaluru, Pune","Mode of Hire: FTE\nRole: Data Engineer Lead/Architect\nYears of experience needed 12+ years\nLocation: Pune(1stpreference) Bangalore/HYD (2nd preference)\nMust have: Python, Spark, and AWS, RAG,Azure, ETL, Python, Snowflake, Datawarehouse, Databricks, Abinitio, Tableau, SQL, and NoSQL. Good at problem solving, well-versed with overall project architecture and Hands-on Coding expis mandatory.\nRequired Skills:\nProficiency in multiple programming languages - ideally Python\nProficiency in at least one cluster computing frameworks (preferably Spark, alternatively Flink or Storm)\nProficiency in at least one cloud data lakehouse platforms (preferably AWS data lake services or Databricks, alternatively Hadoop), at least one relational data stores (Postgres, Oracle or similar) and at least one NOSQL data stores (Cassandra, Dynamo, MongoDB or similar)\nProficiency in at least one scheduling/orchestration tools (preferably Airflow, alternatively AWS Step Functions or similar)\nProficiency with data structures, data serialization formats (JSON, AVRO, Protobuf, or similar), big-data storage formats (Parquet, Iceberg, or similar), data processing methodologies (batch, micro-batching, and stream), one or more data modelling techniques (Dimensional, Data Vault, Kimball, Inmon, etc.), Agile methodology (develop PI plans and roadmaps), TDD (or BDD) and CI/CD tools (Jenkins, Git,)\nStrong organizational, problem-solving, and critical thinking skills; Strong documentation skills\nPreferred skills:\nProficiency in IaC (preferably Terraform, alternatively AWS cloud formation)",Login to check your skill match score,"['and AWS', 'RAG', 'snowflake', 'Python', 'Spark', 'Azure', 'Etl', 'Datawarehouse', 'Databricks', 'Abinitio', 'Tableau', 'Sql', 'Nosql']",2025-06-27 06:14:30
Data Architect,Grid Dynamics Private Limited,12-18 Years,,"Hyderabad, Bengaluru, Chennai","A result- oriented thought-leader to drive the development of the data engineering practice\nA trusted advisor and business partner to customers across verticals, and consulting team leader who establishes engineering processes and skill development.\nTechnology skills (any of below):\nData engineering: analytical data platforms, streaming, big data, EDW, data lakes, data governance, data mesh, Spark, Kafka, Snowflake, (2 from below: AWS, GCP, Azure) Transactional databases: Redis, Cassandra, MongoDB, (2 from below: AWS, GCP, Azure) ML and MLOps: VertexAI, Sagemaker, Dataiku, Databricks, mlflow\nEssential functions\nResponsibilities:\nTrusted Advisor:Provide direction to clients in different verticals on their selection of data and ML platforms, data strategies, expected impact, and relevant tools and methodologies that they can deploy to accelerate Big Data and advanced analytics programs.\nPre-Sales and Consulting:Lead and drive technology consulting engagements and pre-sales, architecture assessments, and discovery workshops. Plan data engineering programs of Fortune-1000 enterprises and lead a team of principal consultants and data engineers who work on client accounts and drive consulting engagements to success.\nTechnology Strategy and R&D:Create and bring to the market solutions in data engineering, MLOps, data governance. Responsible for driving innovation through research and development activities on industry trends, defining Go-To-Market strategies, developing\nassets and solutions strategy across multiple industries.\nEngineering:Working with Grid Dynamics's delivery organization to ensure that the right tools, technologies, and processes are in place across the firm to transform and continuously improve the quality and efficiency of our clients data platforms and data management processes.\nBusiness Development & Partnership:\nManage relationships with key technology partners(AWS, GCP, Azure) and industry analysts.\nRequirements:\nExtensive practical experience in Big Data engineering, data governance, and cloud data\nplatforms.\nStrong understanding of cloud-based architectures for data collection, data aggregation, reporting, and BI.\nStrong understanding of ML platforms and tooling including open-source, cloud native, and proprietary.\nDeep domain knowledge in at least one of the following industries: Retail, Finance, Manufacturing, Healthcare, Life Sciences.\nExperience in managing and delivering sophisticated analytical and data engineering programs at the enterprise scale.\nManaged key client relations worldwide and advised global technology and business leaders on innovation and data strategy.\nExperience with Big 4 consulting is a plus.\nQualifications\nExperience with enterprise Architecture.\nWould be a plus\nEnterprise Architecture",Information Technology,"['snowflake', 'Spark', 'Kafka', 'AWS', 'Gcp', 'Data Governance']",2025-06-28 06:28:31
Data Architect,Evnek,8-12 Years,,Remote,"We are seeking an experienced Data Architect to join our team, working with our UAE-based client. The ideal candidate should have 8-12 years of hands-on experience in data architecture, with at least 4 years in architectural design and integration. This role requires a strong problem-solving mindset, a proactive attitude, and the ability to work collaboratively in a team environment.\nKey Responsibilities\nDesign and implement robust data architecture solutions.\nDevelop and manage data lake architecture.\nOversee ETL processes, data modeling, and data integration.\nEnsure data quality assurance and integrity.\nHandle and troubleshoot architectural issues effectively.\nCollaborate with stakeholders to understand data requirements and deliver solutions.\nContribute proactively to team projects and initiatives.\nRequired Skills\n8-12 years of hands-on experience in data architecture.\n4+ years in architectural design and integration.\nStrong expertise in MS Dynamics.\nProficiency in data lake architecture.\nExperience with ETL, data modeling, data integration, and data quality assurance.\nExcellent problem-solving and troubleshooting skills.\nProactive and flexible team player.",Consulting,"['Data Modeling', 'MS Dynamics', 'Data Warehousing', 'Data Architecture', 'Etl', 'Data Integration', 'Data Lake']",2025-06-28 06:28:33
Data Architect,Evnek,8-12 Years,,Remote,"We are seeking an experienced Data Architect to join our team, working with our UAE-based client. The ideal candidate should have 8-12 years of hands-on experience in data architecture, with at least 4 years in architectural design and integration. This role requires a strong problem-solving mindset, a proactive attitude, and the ability to work collaboratively in a team environment.\nKey Responsibilities\nDesign and implement robust data architecture solutions.\nDevelop and manage data lake architecture.\nOversee ETL processes, data modeling, and data integration.\nEnsure data quality assurance and integrity.\nHandle and troubleshoot architectural issues effectively.\nCollaborate with stakeholders to understand data requirements and deliver solutions.\nContribute proactively to team projects and initiatives.\nRequired Skills\n8-12 years of hands-on experience in data architecture.\n4+ years in architectural design and integration.\nStrong expertise in MS Dynamics.\nProficiency in data lake architecture.\nExperience with ETL, data modeling, data integration, and data quality assurance.\nExcellent problem-solving and troubleshooting skills.\nProactive and flexible team player.",Consulting,"['Data Modeling', 'MS Dynamics', 'Data Warehousing', 'Data Architecture', 'Etl', 'Data Integration', 'Data Lake']",2025-06-28 06:28:34
Data Architect,Evnek,8-12 Years,,"Ahmedabad, Pune","We are seeking an experienced Data Architect to join our team, working with our UAE-based client. The ideal candidate should have 8-12 years of hands-on experience in data architecture, with at least 4 years in architectural design and integration. This role requires a strong problem-solving mindset, a proactive attitude, and the ability to work collaboratively in a team environment.\nKey Responsibilities\nDesign and implement robust data architecture solutions.\nDevelop and manage data lake architecture.\nOversee ETL processes, data modeling, and data integration.\nEnsure data quality assurance and integrity.\nHandle and troubleshoot architectural issues effectively.\nCollaborate with stakeholders to understand data requirements and deliver solutions.\nContribute proactively to team projects and initiatives.\nRequired Skills\n8-12 years of hands-on experience in data architecture.\n4+ years in architectural design and integration.\nStrong expertise in MS Dynamics.\nProficiency in data lake architecture.\nExperience with ETL, data modeling, data integration, and data quality assurance.\nExcellent problem-solving and troubleshooting skills.\nProactive and flexible team player.",Consulting,"['Data Modeling', 'MS Dynamics', 'Data Warehousing', 'Data Architecture', 'Etl', 'Data Integration', 'Data Lake']",2025-06-28 06:28:35
GCP Data Architect,Evnek,8-13 Years,,Hyderabad,"We are seeking a Technical Architect specializing in Healthcare Data Analytics with expertise in Google Cloud Platform (GCP).\nThe role involves designing and implementing data solutions tailored to healthcare analytics requirements.\nThe ideal candidate will have experience in GCP tools like BigQuery, Dataflow, Dataprep, and Healthcare APIs, and should stay up to date with GCP updates.\nKnowledge of healthcare data standards, compliance requirements (e.g., HIPAA), and healthcare interoperability is essential.\nThe role requires experience in microservices, containerization (Docker, Kubernetes), and programming languages like Python and Spark.\nThe candidate will lead the implementation of data analytics solutions and collaborate with cross-functional teams, data scientists, and engineers to deliver secure, scalable systems.",Information Technology,"['Big Query', 'Gcp', 'Hipaa', 'Spark', 'DataFlow', 'Python']",2025-06-28 06:28:37
Data Architect,Tarento Technologies Private Limited,7-12 Years,,Bengaluru,"Role Summary:\nThe selected candidate will be responsible for designing, developing, and maintaining data pipelines and infrastructure using Microsoft Azure Data, with a strong focus on Azure Synapse Analytics and Spark Data Pools.\nKey Responsibilities:\nData Pipeline Development: Build and manage end-to-end data pipelines using Azure Data Factory, Synapse Analytics, and other Azure services.\nSpark Data Pools: Leverage Spark within Azure Synapse for large-scale data processing in a distributed setup.\nData Integration: Integrate structured and semi-structured data from various sources into a centralized data lake or warehouse.\nData Modelling: Work with data architects to create efficient models supporting business analytics and reporting.\nPerformance Optimization: Monitor and optimize performance of data pipelines, especially in Spark-based environments.\nAzure Synapse Analytics: Design complex data integration and analytics solutions using Azure Synapse.\nTechnical Skills Required:\nPython Programming, SQL, PySpark\nStrong hands-on experience with Azure Synapse Analytics, Azure Data Factory, and Spark Data Pools\nNOTE :We are currently hiring for the role of Data Architect. We are looking for candidates who can join immediately or within 30 days (maximum). Candidates who can buy back their notice period will be preferred for this urgent requirement.","Data Integration, Data Storage","['Data pipelines', 'Performance Optimization', 'Azure Synapse', 'Azure Data Factory', 'Data Modelling', 'Data Architect']",2025-06-28 06:28:38
ARCHITECT - DATA ANALYTICS,Sasken Technologies,8-10 Years,,"Kolkata, Mumbai","Job Summary\nAn accomplished technology leader with 8+ years of experience in architecting and delivering scalable data-driven systems. This role oversees the design of data subsystems, provides strategic technical direction, and leads projects of significant organizational impact. The individual will engage directly with customers in high-level discussions and guide technical teams in modern data engineering practices, BI strategy, and advanced analytics across cloud platforms. Brings an innovation-first mindset and deep hands-on experience in data architecture, pipelines, visualization, and AI/ML readiness.\nKey Responsibilities\nOwn the architecture and design of scalable data engineering subsystems and cloud-native analytics solutions.\nLead cross-functional teams on high-profile projects, making technical trade-off decisions that balance performance, cost, and delivery timelines.\nEngage with customers in technical forums to represent the organization as a thought leader and trusted advisor.\nCreate data ingestion, transformation, and enrichment pipelines using ETL/ELT best practices.\nDrive the creation and automation of dashboards, reports, and self-service BI layers.\nEvaluate and integrate emerging technologies to improve platform capabilities and decision intelligence.\nMentor senior engineers and architects, and foster a data-driven culture within the organization.\nEducation & Experience\nBachelor's or Master's degree in Engineering, Computer Science, or equivalent (B.E./B.Tech/MCA)\n8+ years of experience in data engineering, BI, and analytics leadership roles\nCore Competencies\nData Engineering Expertise:\nData warehousing, big data pipelines, stream processing\nHandling structured/unstructured data and real-time ingestion\nCloud & Platform Skills:\nHands-on experience with AWS, Azure, GCP\nCloud-native analytics and scalable storage systems\nTools & Technologies:\nData & Storage: MongoDB, Hive, HBase, ElasticSearch\nVisualization: Tableau, Power BI, QlikView\nCompute & Processing: Spark (MLlib), Kafka\nProgramming & Querying:\nLanguages: Python, Scala, SQL, R\nFrameworks: Spark, Hadoop, REST APIs\nSpecializations\nData Warehousing (DWH)\nBig Data Engineering\nEdge Analytics & Real-Time Processing\nData Architecture & BI Platform Design",Consulting,"['Architecture', 'Python', 'Data Warehousing', 'Sql', 'Hadoop', 'Big Data', 'Data Analytics']",2025-06-28 06:28:39
ARCHITECT - DATA ANALYTICS,Sasken Technologies,8-10 Years,,"Delhi, Hyderabad","Job Summary\nAn accomplished technology leader with 8+ years of experience in architecting and delivering scalable data-driven systems. This role oversees the design of data subsystems, provides strategic technical direction, and leads projects of significant organizational impact. The individual will engage directly with customers in high-level discussions and guide technical teams in modern data engineering practices, BI strategy, and advanced analytics across cloud platforms. Brings an innovation-first mindset and deep hands-on experience in data architecture, pipelines, visualization, and AI/ML readiness.\nKey Responsibilities\nOwn the architecture and design of scalable data engineering subsystems and cloud-native analytics solutions.\nLead cross-functional teams on high-profile projects, making technical trade-off decisions that balance performance, cost, and delivery timelines.\nEngage with customers in technical forums to represent the organization as a thought leader and trusted advisor.\nCreate data ingestion, transformation, and enrichment pipelines using ETL/ELT best practices.\nDrive the creation and automation of dashboards, reports, and self-service BI layers.\nEvaluate and integrate emerging technologies to improve platform capabilities and decision intelligence.\nMentor senior engineers and architects, and foster a data-driven culture within the organization.\nEducation & Experience\nBachelor's or Master's degree in Engineering, Computer Science, or equivalent (B.E./B.Tech/MCA)\n8+ years of experience in data engineering, BI, and analytics leadership roles\nCore Competencies\nData Engineering Expertise:\nData warehousing, big data pipelines, stream processing\nHandling structured/unstructured data and real-time ingestion\nCloud & Platform Skills:\nHands-on experience with AWS, Azure, GCP\nCloud-native analytics and scalable storage systems\nTools & Technologies:\nData & Storage: MongoDB, Hive, HBase, ElasticSearch\nVisualization: Tableau, Power BI, QlikView\nCompute & Processing: Spark (MLlib), Kafka\nProgramming & Querying:\nLanguages: Python, Scala, SQL, R\nFrameworks: Spark, Hadoop, REST APIs\nSpecializations\nData Warehousing (DWH)\nBig Data Engineering\nEdge Analytics & Real-Time Processing\nData Architecture & BI Platform Design",Consulting,"['Architecture', 'Python', 'Data Warehousing', 'Sql', 'Hadoop', 'Big Data', 'Data Analytics']",2025-06-28 06:28:41
Architect - Data Analytics,Sasken Technologies,8-13 Years,,Bengaluru,"Job Summary\nPerson at this position owns architecture/ design of a specific technology area or a sub-system, formulates new solution and ideas and produces new or original work.\nPerson demonstrates the ability to justify a stand or decision supported by sound technical knowledge base in a specific technology area or a sub-system.\nPerson is able to the represent the organization externally in detailed technical discussion with the customer with a high level of authority on technical matters in a specific technology area or a sub-system.\nPerson leads projects which are of significant organisational profile and makes trade-off decisions to deliver solutions that both meet customer's technical requirements and timelines.\nPerson demonstrates the ability to analyse and interpret complex problems and improve, change or adapt existing methods to solve the problem.\nRoles & Responsibilities\nResponsible for ensuring that both functional and non-functional (e.g. performance, scalability, security) requirements will be met or exceeded\nResponsible for providing Architecture/ high level design/ test strategy for the existing projects and new proposals for a specific technology area or a sub-system.\nResponsible for identification and evaluation of various tools, test languages or test methodologies and choosing the best ones for a specific technology area or a sub-system.\nResponsible for participating in Customer interaction for major/critical change requests/new features, moderating the meetings and highlighting impact on schedule and effort.\nResponsible for reviewing Design Documents and code, Test coverage and its alignment with technical objectives.\nResponsible for leading the specification of complex customer requirements for a specific technology area or a sub-system.\nResponsible for leading/ participating in technical reviews to ensure quality parameters are being met.\nResponsible for contribution to RFP/Documentation/complete responsibility for proposal relating to growth in existing accounts/effort estimation for new proposals.\nExpected to contribute to technical capability development of organisation through subject matter expertise.\nExpected to keep self-updated on trends, new developments, tools etc. in one's own area of expertise and proactively share the knowledge.",Consulting,"['Analytic', 'Azure', 'Tableau', 'Sql', 'Power Bi', 'AWS', 'Python']",2025-06-28 06:28:42
ARCHITECT - DATA ANALYTICS,Sasken Technologies,8-10 Years,,"Chennai, Pune","Job Summary\nAn accomplished technology leader with 8+ years of experience in architecting and delivering scalable data-driven systems. This role oversees the design of data subsystems, provides strategic technical direction, and leads projects of significant organizational impact. The individual will engage directly with customers in high-level discussions and guide technical teams in modern data engineering practices, BI strategy, and advanced analytics across cloud platforms. Brings an innovation-first mindset and deep hands-on experience in data architecture, pipelines, visualization, and AI/ML readiness.\nKey Responsibilities\nOwn the architecture and design of scalable data engineering subsystems and cloud-native analytics solutions.\nLead cross-functional teams on high-profile projects, making technical trade-off decisions that balance performance, cost, and delivery timelines.\nEngage with customers in technical forums to represent the organization as a thought leader and trusted advisor.\nCreate data ingestion, transformation, and enrichment pipelines using ETL/ELT best practices.\nDrive the creation and automation of dashboards, reports, and self-service BI layers.\nEvaluate and integrate emerging technologies to improve platform capabilities and decision intelligence.\nMentor senior engineers and architects, and foster a data-driven culture within the organization.\nEducation & Experience\nBachelor's or Master's degree in Engineering, Computer Science, or equivalent (B.E./B.Tech/MCA)\n8+ years of experience in data engineering, BI, and analytics leadership roles\nCore Competencies\nData Engineering Expertise:\nData warehousing, big data pipelines, stream processing\nHandling structured/unstructured data and real-time ingestion\nCloud & Platform Skills:\nHands-on experience with AWS, Azure, GCP\nCloud-native analytics and scalable storage systems\nTools & Technologies:\nData & Storage: MongoDB, Hive, HBase, ElasticSearch\nVisualization: Tableau, Power BI, QlikView\nCompute & Processing: Spark (MLlib), Kafka\nProgramming & Querying:\nLanguages: Python, Scala, SQL, R\nFrameworks: Spark, Hadoop, REST APIs\nSpecializations\nData Warehousing (DWH)\nBig Data Engineering\nEdge Analytics & Real-Time Processing\nData Architecture & BI Platform Design",Consulting,"['Architecture', 'Python', 'Data Warehousing', 'Sql', 'Hadoop', 'Big Data', 'Data Analytics']",2025-06-28 06:28:43
