title,company,experience,salary,locations,description,industry,employment_type,skills,scraped_at
Data Architect,IDFC FIRST Bank,Fresher,,"Mumbai, India","Job Requirements\n\nAbout the Role\n\nThe DataArchitect within the Data & Analytics function will collaborate with Data Scientists to build and support generative AI solutions across text, audio, image, and tabular data domains. The role involves managing large volumes of structured and unstructured data, ensuring efficient storage, retrieval, and augmentation to power GenAI models. The ideal candidate will be proficient in building scalable data pipelines, optimizing data architecture, and maintaining high standards of data reliability and governance.\n\nKey Responsibilities\n\nPrimary Responsibilities\n\nBuild and maintain data engineering pipelines, with a focus on unstructured data.\nConduct requirements gathering and project scoping sessions with business users, subject matter experts, and executive stakeholders.\nDesign, build, and optimize data architecture and ETL pipelines for use by Data Scientists and GenAI products.\nManage the full data lifecycle: ingestion, transformation, and consumption.\nEnsure data reliability, integrity, and governance across all systems.\nWork with APIs to enable seamless data integration and usability.\nCreate technical design documentation for data pipelines and projects.\nDebug technical issues and manage code versioning using Git.\nDemonstrate hands-on experience with big data infrastructure such as MapReduce, Hive, HDFS, YARN, HBase, MongoDB, DynamoDB, etc.\n\nSecondary Responsibilities\n\nApply machine learning and predictive analytics techniques where applicable.\nLeverage domain knowledge in banking or financial services to enhance data solutions.\nPresent data insights using effective storytelling and visualization techniques.\n\nWhat We Are Looking For\n\nEducation\n\nBachelor's or Master's degree in Computer Science or Data Engineering or Information Systems or a related field.\n\nExperience\n\nProven experience in building and managing data pipelines and architectures.\nHands-on experience with big data technologies and cloud platforms (AWS, GCP, or Azure).\nExposure to GenAI applications and working with unstructured data formats.\nExperience in the banking or financial services industry is a plus.\n\nSkills and Attributes\n\nStrong programming and debugging skills.\nProficiency in data architecture, ETL design, and pipeline optimization.\nFamiliarity with API integration and cloud services.\nExcellent documentation and communication skills.\nStrong problem-solving mindset and attention to detail.\nAbility to deliver high-quality outputs under tight timelines.\nProficiency in data storytelling and presentation techniques.\n\nKey Success Metrics\n\nTimely and high-quality delivery of all assigned tasks.\nEffective tracking and reporting of deliverables.\nAbility to adapt and thrive in a fast-paced, evolving tech environment.",Login to check your skill match score,Permanent Job,"data storytelling, pipeline optimization, big data infrastructure, HDFS, Dynamodb, Data Architecture, HBase, Yarn, Api Integration, data engineering, Mapreduce, Hive, Gcp, MongoDB, Azure, Etl, AWS",2026-01-04 01:33:01
Data Architect (Enterprise Architecture),Fidelity International,Fresher,,"Gurugram, India","About the Opportunity\nJob Type: Permanent\nApplication Deadline: 16 January 2026\nJob Description\nTitle Data Architect\nDepartment Enterprise Architecture\nLocation Gurgaon\nReports To Lead Data Architect\nLevel 5\nWe're proud to have been helping our clients build better financial futures for over 50 years. How have we achieved this By working together - and supporting each other - all over the world. So, join our Enterprise Technology Services team and feel like you're part of something bigger.\nWe align business, technology, and data strategies to drive transformation, foster innovation, ensure compliance, and deliver maximum value through strategic leadership, solution design, and efficient change execution.\nThis role exists to embed data as a core asset across the enterprise-supporting transformation, compliance, and innovation. You'll manage the logical and physical data architecture, ensure adherence to policies (e.g., EOL, security), and act as a steward of the data lifecycle. Your expertise in data product modeling, metadata management, governance, and risk will be essential in shaping solutions that deliver real business value.\nYou'll collaborate with business analysts, delivery teams, and system groups to integrate data into corporate tooling and support modeling efforts.\nKey Responsibilities\nUnderstand the Goals and objectives of the business and align data architecture to support the business outcomes.\nMaintaining current state data architecture views.\nResponsible for building conceptual and logical data models, architectural standards and patterns.\nResponsible for developing Portfolio data roadmaps(12-36 months) including work packages/ programmes/ initiatives and to seek approved sponsorships from senior stakeholders to achieve target state roadmaps.\nResponsible in ensuring data artefacts are maintained, catalogued and accessible i.e., data sources, data models, current and target data state views etc and integrated into corporate platforms i.e. Lean IX, Collibra, ER Studio etc.\nResponsible for the data architecture measurement and KPIs that are collated into global scorecards for tracking of data maturity\nResponsible for establishing Data Product standards and implementing Domain-oriented data architecture ensuring proper governance.\nResponsible to represent Data Architecture approach and strategy to appropriate Review Authorities.\nResponsible for understanding the costs of data solutions within the Portfolio and works closely with the Head of Data Architecture in tracking & reporting of such to the Head of Enterprise Architecture.\nResponsible for periodic communications on the portfolio data architecture successes challenges decisions roadmaps issues costs progress towards Fidelity data strategy.\nSupports portfolio solution architects in the design of data solutions and ensures alignment to the Fidelity data strategy\nContribute to the wider Fidelity data architecture strategy and blueprints led by Head of Data Architecture.\nWorks closely with other data teams within the organisation e.g., Data Value team (MI/ Analytics) and AI/ML teams, Data Services and the Data Delivery teams.\nBe an advisor to the Business, Governance, and other technology teams.\nYou're passionate about shaping the future of data and thrive in environments where complexity meets opportunity. You bring clarity to ambiguity, structure to scale, and strategy to delivery. You're not just technically strong-you're a communicator, collaborator, and problem-solver who understands the value of data as a business asset.\nWe're looking for someone who brings the following essential skills:\nData Architecture & Modeling - Proven ability to build data models and architecture documents, with hands-on experience in data development, engineering, and enterprise data design.\nData Governance & Quality - Deep understanding of data governance, data quality, and issue management practices essential for robust and compliant data solutions.\nData Product Modeling - Practical experience designing data product models and implementing supporting capabilities for scalable, reusable data assets.\nCloud & Platform Architecture - Solid experience with AWS, Azure, and Snowflake, including architecture patterns and cloud-native data solutions.\nAPI & Integration Expertise - Strong grasp of RESTful APIs and application integration principles for effective data distribution and ecosystem connectivity.\nPerformance Engineering - Knowledge of performance optimization at both system and database levels to ensure efficient and scalable data solutions.\nML & AI experience -- Exposure to machine learning platforms( e.g., Azure ML, AWS Sagemaker) and understanding of how data architecture supports AI-driven solutions.\nDomain Knowledge in Asset Management - Sound understanding of asset management or asset distribution domains to inform strategic data architecture decisions.\nFeel rewarded\nFor starters, we'll offer you a comprehensive benefits package. We'll value your wellbeing and support your development. And we'll be as flexible as we can about where and when you work - finding a balance that works for all of us. It's all part of our commitment to making you feel motivated by the work you do and happy to be part of our team. For more about our work, our approach to dynamic working and how you could build your future here, visit careers.fidelityinternational.com.\nFor more about our work, our approach to dynamic working and how you could build your future here, visit careers.fidelityinternational.com.",Banking/Accounting/Financial Services,Permanent Job,"Data Governance Quality, ML AI experience, Data Product Modeling, Cloud Platform Architecture, Data Architecture Modeling, Domain Knowledge in Asset Management, API Integration Expertise, Performance Engineering",2026-01-04 01:33:02
Data Architect (Enterprise Architecture),Fidelity International,Fresher,,"Gurugram, India","About the Opportunity\nJob Type: Permanent\nApplication Deadline: 16 January 2026\nJob Description\nTitle Data Architect\nDepartment Enterprise Architecture\nLocation Gurgaon\nReports To Lead Data Architect\nLevel 5\nWe're proud to have been helping our clients build better financial futures for over 50 years. How have we achieved this By working together - and supporting each other - all over the world. So, join our Enterprise Technology Services team and feel like you're part of something bigger.\nWe align business, technology, and data strategies to drive transformation, foster innovation, ensure compliance, and deliver maximum value through strategic leadership, solution design, and efficient change execution.\nThis role exists to embed data as a core asset across the enterprise-supporting transformation, compliance, and innovation. You'll manage the logical and physical data architecture, ensure adherence to policies (e.g., EOL, security), and act as a steward of the data lifecycle. Your expertise in data product modeling, metadata management, governance, and risk will be essential in shaping solutions that deliver real business value.\nYou'll collaborate with business analysts, delivery teams, and system groups to integrate data into corporate tooling and support modeling efforts.\nKey Responsibilities\nUnderstand the Goals and objectives of the business and align data architecture to support the business outcomes.\nMaintaining current state data architecture views.\nResponsible for building conceptual and logical data models, architectural standards and patterns.\nResponsible for developing Portfolio data roadmaps(12-36 months) including work packages/ programmes/ initiatives and to seek approved sponsorships from senior stakeholders to achieve target state roadmaps.\nResponsible in ensuring data artefacts are maintained, catalogued and accessible i.e., data sources, data models, current and target data state views etc and integrated into corporate platforms i.e. Lean IX, Collibra, ER Studio etc.\nResponsible for the data architecture measurement and KPIs that are collated into global scorecards for tracking of data maturity\nResponsible for establishing Data Product standards and implementing Domain-oriented data architecture ensuring proper governance.\nResponsible to represent Data Architecture approach and strategy to appropriate Review Authorities.\nResponsible for understanding the costs of data solutions within the Portfolio and works closely with the Head of Data Architecture in tracking & reporting of such to the Head of Enterprise Architecture.\nResponsible for periodic communications on the portfolio data architecture successes challenges decisions roadmaps issues costs progress towards Fidelity data strategy.\nSupports portfolio solution architects in the design of data solutions and ensures alignment to the Fidelity data strategy\nContribute to the wider Fidelity data architecture strategy and blueprints led by Head of Data Architecture.\nWorks closely with other data teams within the organisation e.g., Data Value team (MI/ Analytics) and AI/ML teams, Data Services and the Data Delivery teams.\nBe an advisor to the Business, Governance, and other technology teams.\nYou're passionate about shaping the future of data and thrive in environments where complexity meets opportunity. You bring clarity to ambiguity, structure to scale, and strategy to delivery. You're not just technically strong-you're a communicator, collaborator, and problem-solver who understands the value of data as a business asset.\nWe're looking for someone who brings the following essential skills:\nData Architecture & Modeling - Proven ability to build data models and architecture documents, with hands-on experience in data development, engineering, and enterprise data design.\nData Governance & Quality - Deep understanding of data governance, data quality, and issue management practices essential for robust and compliant data solutions.\nData Product Modeling - Practical experience designing data product models and implementing supporting capabilities for scalable, reusable data assets.\nCloud & Platform Architecture - Solid experience with AWS, Azure, and Snowflake, including architecture patterns and cloud-native data solutions.\nAPI & Integration Expertise - Strong grasp of RESTful APIs and application integration principles for effective data distribution and ecosystem connectivity.\nPerformance Engineering - Knowledge of performance optimization at both system and database levels to ensure efficient and scalable data solutions.\nML & AI experience -- Exposure to machine learning platforms( e.g., Azure ML, AWS Sagemaker) and understanding of how data architecture supports AI-driven solutions.\nDomain Knowledge in Asset Management - Sound understanding of asset management or asset distribution domains to inform strategic data architecture decisions.\nFeel rewarded\nFor starters, we'll offer you a comprehensive benefits package. We'll value your wellbeing and support your development. And we'll be as flexible as we can about where and when you work - finding a balance that works for all of us. It's all part of our commitment to making you feel motivated by the work you do and happy to be part of our team. For more about our work, our approach to dynamic working and how you could build your future here, visit careers.fidelityinternational.com.\nFor more about our work, our approach to dynamic working and how you could build your future here, visit careers.fidelityinternational.com.",Banking/Accounting/Financial Services,Permanent Job,"Data Governance Quality, ML AI experience, Data Product Modeling, Cloud Platform Architecture, Data Architecture Modeling, Domain Knowledge in Asset Management, API Integration Expertise, Performance Engineering",2026-01-04 01:33:03
Life Sciences Data Architect,Coforge,12-18 Years,,"Noida, India","Role: Life Sciences Data Architect\nExperience: 12- 18 years\nLocation: Greater Noida, Pune, Hyderabad, 5 days WFO\nWe are seeking a seasoned Life Sciences Data Architect with deep expertise in designing and implementing modern data platforms and solutions for the life sciences domain. The ideal candidate will have strong knowledge of pharma, biotech, and medical devices data models, interoperability standards, and regulatory frameworks. Exposure to Industry 4.0 and broader healthcare domains is a plus. You will lead architecture, optimization, and governance of data platforms supporting analytics, reporting, and AI/ML workloads for global life sciences organizations.\nKey Responsibilities\nArchitect and implement life sciences data platforms (data mesh, data lakes, warehousing, streaming/incremental loads).\nDefine data modeling strategies (star/snowflake/dimensional, data vault, hybrid) for healthcare/payer analytics and AI/ML use cases.\nLead migration from legacy EDWs (Teradata, Oracle, SQL Server) to modern platforms like Snowflake, Databricks, ensuring performance tuning and validation.\nImplement ETL/ELT patterns using tools like Fivetran, Matillion, AWS Glue, ADF, Databricks, DBT; establish CI/CD pipelines for SQL/DBT code.\nEnforce data governance, lineage, access control, and PHI security (HIPAA, GDPR, regional compliance).\nOptimize platform performance (warehouse sizing, clustering keys, caching, materialized views).\nDefine observability and alerting frameworks for pipeline health, data quality, and SLA monitoring.\nMentor and lead data engineering teams, set standards, and deliver stakeholder demos.\nMandatory Skills\n1218 years in data engineering/architecture, with at least 3+ years architecting modern data platforms (Snowflake, Databricks) in production.\nProven experience across life sciences value chain: R&D, manufacturing, supply chain, commercial, patient safety, sustainability.\nStrong ETL, SQL, performance tuning, and data modeling skills; experience with DBT, Snowpipe, streams & tasks preferred.\nHands-on with cloud platforms (AWS/Azure/GCP) and integration tools (Fivetran, Matillion, Informatica, ADF, Glue, Kafka).\nFamiliarity with orchestration (Airflow, ADF), monitoring, data catalog tools (Collibra, Alation), and data quality frameworks.\nExpertise in security, RBAC, encryption, and compliance for healthcare data.\nExcellent stakeholder management and ability to present technical proposals to CxO and clinical leaders.\nDesirable Skills\nBachelor's in Computer Science, Information Systems, Bioinformatics; Master's preferred.\nCertifications in life sciences data standards or bioinformatics.\nExperience with BI tools (Power BI, Tableau, Looker).\nFamiliarity with ML operationalization and MLOps best practices for healthcare analytics.",Login to check your skill match score,Permanent Job,"Airflow, Alation, Matillion, snowflake, dbt, Fivetran, Collibra, Adf, AWS Glue, Kafka, Sql, Databricks, Etl",2026-01-04 01:33:04
Data Architect,Tata Consultancy Services,12-16 Years,,"Chennai, India","Locations: Chennai\nExperience: 12-16 Years\nRole: AWS Data Architect\nMust-Have:\nAWS\nData Reporting\nEnterprise Architecture\nKey Skills:\n3+ years of AWS Data platform experience (Overall experience of 12+ years) including AWS-EMR Cluster Platform, Glue, EC2, S3, VPC, IAM, RDS, Redshift, Sagemaker, Lake formation and Glue catalogue. Experience in Databricks platform is a definite plus.\nData Storage Fundamentals\nCloud specific patterns and technologies\nAWS Service Selection, Container design\nExperience in data security areas in AWS like IAM, CloudWatch, CloudTrail, Inspector\nResponsibility:\nManaging the full life cycle of a data platform solution in AWS.\nLeading AWS cloud design and development, testing, and deployment of the proposed solution. Interpersonal skills are important as there is a need to interact with business/technical users. Gather Application Know-how necessary for design and development using AWS tools.\nAble to analyze complex problems using information provided, understand customer requests, and provide the appropriate solution.\nNeed to have expertise in the set-up and administration of AWS data platform including security areas and have working knowledge of tools like Pyspark, Iceberg Framework, AWS stack of data products like S3, Redshift.",Login to check your skill match score,Permanent Job,"Container design, Data Storage Fundamentals, Lake formation, AWS Data platform, Cloud specific patterns and technologies, Sagemaker, Iceberg Framework, Glue catalogue, Inspector, Glue, AWS Service Selection, CloudTrail, AWS-EMR Cluster, Pyspark, S3, RDS, Vpc, Redshift, Cloudwatch, Ec2, Iam, Databricks, AWS",2026-01-04 01:33:06
Data Architect,Accenture services Pvt Ltd,3-5 Years,,"Hyderabad, India","Project Role : Data Architect\n\nProject Role Description : Define the data requirements and structure for the application. Model and design the application data structure, storage and integration.\n\nMust have skills : Data Architecture Principles\n\nGood to have skills : NA\n\nMinimum 3 Year(s) Of Experience Is Required\n\nEducational Qualification : 15 years full time education\n\nSummary: As a Data Architect, you will define the data requirements and structure for the application. Your typical day will involve modeling and designing the application data structure, storage, and integration, ensuring that the data architecture aligns with the overall business objectives and technical specifications. You will collaborate with various stakeholders to gather requirements and translate them into effective data solutions, while also addressing any challenges that arise during the design and implementation phases. Roles & Responsibilities: - Expected to perform independently and become an SME. - Required active participation/contribution in team discussions. - Contribute in providing solutions to work related problems. - Engage in continuous learning to stay updated with the latest data architecture trends and technologies. - Collaborate with cross-functional teams to ensure data integrity and accessibility. Professional & Technical Skills: - Must To Have Skills: Proficiency in Data Architecture Principles. - Strong understanding of data modeling techniques and best practices. - Experience with database management systems and data storage solutions. - Familiarity with data integration tools and ETL processes. - Knowledge of cloud-based data architecture and services. Additional Information: - The candidate should have minimum 3 years of experience in Data Architecture Principles. - This position is based at our Hyderabad office. - A 15 years full time education is required.",Login to check your skill match score,Permanent Job,"data integration tools, data storage solutions, Data Architecture Principles, ETL processes, data modeling techniques, cloud-based data architecture and services, Database Management Systems",2026-01-04 01:33:07
Data Architect,alliantgroup,10-12 Years,,India,"Role: Data Architect (Data Science & Advanced Analytics)\nExperience: 10-12 Years\nLocation: Hyderabad / Mumbai\nabout alliantgroup\nalliantgroupis a global professional services firm (PSF) that is focused on providing business consulting, digital transformation, taxation (Credits and Incentives), and accounting services. The purpose of the firm is to strengthen American businesses. The company was founded in 2002 and is headquartered in Houston, Texas. In the US we have offices in Austin, Boston, Chicago, Indianapolis, New York, Irvine, Sacramento, and Washington, D.C. In UK we have offices in London and Bristol. We also have an office in Hyderabad, India.\nMore about our culture and why we love alliantgroup\nhttps://youtu.be/nM_9fXXwyrg\nalliantTALENT:\nalliantTALENT subsidiary of alliantgroup was incorporated several years back in Hyderabad. It has over 1,000 employees who provide professional services to US and UK clients. Our Core Values that focus on Exceptional Client Experience, High Performance, and People development set us apart from other PSFs.\nAt alliantTalent, professionals get an exceptional opportunity to work directly with US and UK client. This is also one of our key differentiating factors. They also get the opportunity to work on cross-service line projects, enabling them to become more rounded professionals.\nWe are looking for an experienced Data Architect with a strong background in data science, advanced analytics, and big data solutioning. The role focuses on designing and enabling data-driven architectures that support predictive modeling, machine learning, and AI initiatives. The ideal candidate will have hands-on expertise with Microsoft Fabric and other modern data platforms, ensuring scalable, intelligent solutions for enterprise analytics.\nWhat will be your responsibilities:\nData Science Solutioning\nArchitect end-to-end solutions for advanced analytics, machine learning, and AI-driven projects.\nDesign frameworks for experimentation, model deployment, and monitoring at scale.\nEnable seamless integration of data science workflows into enterprise data platforms.\nData Architecture\nDefine modern data architectures leveraging Microsoft Fabric (Lakehouse, Synapse Data Warehouse, Data Factory, Power BI).\nBuild scalable data ecosystems that support real-time analytics, predictive insights, and decision intelligence.\nEstablish standards for data quality, governance, and lineage.\nAnalytics Enablement\nPartner with data scientists and analysts to provide high-quality, curated datasets for modeling.\nDrive adoption of self-service analytics and democratization of data across business units.\nEnable advanced visualization and storytelling through BI tools.\nLeadership & Collaboration\nAct as a thought leader in data science architecture and solution design.\nMentor teams on best practices in big data analytics and AI.\nCollaborate with stakeholders to align data science initiatives with business goals\nWhat are we looking for:\nCore Experience\n1012 years of industry experience in data architecture, data science, and advanced analytics.\nProven expertise in solutioning large-scale big data and AI projects.\nTechnical Expertise\nMicrosoft Fabric (Lakehouse, Synapse, Data Factory, Power BI integration).\nCloud platforms: Azure (preferred), AWS, or GCP.\nBig Data & ML platforms: Databricks, Spark MLlib, TensorFlow, PyTorch, Scikit-learn.\nProgramming: Python, R, SQL, Scala.\nDatabases: Snowflake, Azure SQL DB, NoSQL (MongoDB, Cosmos DB).\nVisualization: Power BI, Tableau.\nExperience with MLOps frameworks (MLflow, Azure ML).\nSoft Skills\nStrong analytical and solution-oriented mindset.\nExcellent communication and stakeholder engagement skills.\nAbility to lead projects under tight timelines with immediate availability.\nPreferred Qualifications\nExperience with real-time streaming analytics (Kafka, Event Hub).\nExposure to AI/ML model lifecycle management in enterprise environments.\nKnowledge of data governance frameworks and ethical AI practices.\nWhat we offer:\nWith us, there are always opportunities to break new ground. We empower you to take the organization to the next level with the versatile experience that you bring in. We trust you with responsibility early on and support you in all ways to make this organization as trusted partner to the customers and a great place to work for the employees.\nJoin us and bring your curiosity to life!",Login to check your skill match score,Permanent Job,"Event Hub, MLflow, R, snowflake, MLlib, Scikit-learn, Synapse, Lakehouse, Azure SQL DB, Microsoft Fabric, Data Factory, Kafka, Tableau, Tensorflow, Nosql, Pytorch, Cosmos DB, Python, AWS, Power Bi, Scala, Sql, Azure ML, Gcp, Spark, Databricks, MongoDB, Azure",2026-01-04 01:33:08
Data Architect,r3 Consultant,7-9 Years,,"Noida, India","Role Summary\n\nWork with us to build modern Insurtech AI underpinned solutions, we are a growing team of hands on architects striving to build high quality solutions for our internal and external customers. The Data Architect is responsible for designing enterprise data solutions including data warehouses, data lakes, and analytics platforms. This role defines data strategy, establishes data governance, and architects scalable data infrastructure.\n\nKey Responsibilities\n\nEnterprise Data Architecture & Strategy Works with Chief Architect to define the enterprise data strategy and roadmap, designing comprehensive architectures encompassing data warehouses, data lakes, and lakehouse patterns using Azure Synapse Analytics, Azure Data Lake Storage, and Azure Databricks as primary platforms, with strategic use of Snowflake, AWS Redshift, and Google BigQuery where appropriate. Establishes architecture standards implementing bronze/silver/gold medallion patterns for raw ingestion, transformation, and business-ready consumption layers.\n\nData Modeling & Design- Designs sophisticated data models using dimensional modeling (star/snowflake schemas) for analytics, data vault methodology for enterprise warehousing with audit trails critical for insurance, and normalized models for operational systems. Creates master data management solutions ensuring single sources of truth for policies, claims, customers, agents, and products. Establishes naming conventions, data standards, and metadata practices enabling data discoverability and self-service analytics.\n\nData Integration & Pipelines- Architects robust ETL/ELT pipelines using Azure Data Factory, Apache Spark, Azure Databricks, and SSIS for legacy integration. Designs data ingestion supporting batch processing, real-time streaming via Azure Event Hubs and Kafka, change data capture for incremental updates, and API-based integration. Implements DataOps practices including CI/CD for data workflows, automated quality validation, version control, and fault-tolerant pipeline design with comprehensive error handling.\n\nData Governance & Quality- Leads governance initiatives implementing Azure Purview or Collibra for metadata management, data lineage, classification, and discovery. Designs data quality frameworks with profiling, validation, anomaly detection, and quality scorecards ensuring insurance data meets regulatory requirements. Implements privacy controls for GDPR, CCPA, and insurance regulations through data masking, anonymization, and access controls protecting PII and sensitive claim data.\n\nPerformance & Cost Optimization- Architects for scale designing partitioning strategies for large insurance datasets, indexing for common query patterns, compression reducing storage costs, and caching for frequently accessed data. Implements cost optimization through lifecycle policies, query optimization, and right-sized infrastructure balancing performance with budget.\n\nAnalytics & AI/ML Enablement- Designs platforms optimized for analytics and AI/ML workloads, creating feature stores for reusable ML features, data science sandboxes with governance, and training pipelines supporting insurance-specific models for fraud detection, claims prediction, and underwriting automation. Ensures architectures support traditional BI and advanced analytics including NLP on policy documents and computer vision for claims assessment.\n\nCollaboration & Leadership- Works with business stakeholders, data engineers, analytics teams, AI/ML practitioners, and enterprise architects to deliver solutions meeting organizational needs. Mentors data engineering teams, leads technical design reviews, and ensures new systems align with enterprise data architecture principles from inception.\n\nRequired Skills\n\nData Architecture & Modeling- Expert knowledge of dimensional modeling techniques (Kimball methodology, star/snowflake schemas), data vault 2.0 methodology for enterprise data warehousing, entity-relationship modeling for operational systems, and modern data lake architectures including medallion/multi-hop patterns. Deep understanding of master data management principles, data fabric and data mesh concepts for distributed data architectures, and normalization/denormalization trade-offs optimizing for different use cases.\n\nMicrosoft Data Platform Expertise- Comprehensive experience with Azure Synapse Analytics (dedicated SQL pools, serverless SQL, Spark pools), Azure Data Lake Storage Gen2 (hierarchical namespace, access control, lifecycle management), Azure Data Factory (mapping data flows, control flows, triggers, parameters), Azure Databricks (Delta Lake, Unity Catalog, notebooks, workflows), Azure Purview (data catalog, lineage, compliance), Azure Event Hubs and Azure Stream Analytics for real-time processing, and Power BI for business intelligence integration.\n\nMulti-Platform Data Technologies- Familiarity with Snowflake (virtual warehouses, time travel, data sharing), AWS data services (Redshift, S3, Glue, Athena), Google Cloud Platform (BigQuery, Cloud Storage, Dataflow), and open-source technologies including Apache Spark (DataFrame API, Spark SQL, performance tuning), Apache Kafka for event streaming, Apache Airflow for workflow orchestration, and Delta Lake for ACID transactions on data lakes.\n\nETL/ELT & Data Integration- Proficiency in Azure Data Factory pipeline development, Apache Spark programming (PySpark, Scala), SQL Server Integration Services (SSIS) for legacy systems, database replication and CDC tools (Azure Data Sync, Debezium), API integration patterns (REST, GraphQL), and data validation/transformation frameworks ensuring data quality throughout pipelines.\n\nData Governance & Security- Expertise implementing data governance frameworks, metadata management solutions (Azure Purview, Collibra, Alation), data lineage and impact analysis, data quality tools and methodologies, data classification and sensitivity labeling, role-based access control (RBAC) and attribute-based access control (ABAC), encryption at rest and in transit, data masking and anonymization techniques, and compliance with GDPR, CCPA, HIPAA, and insurance-specific regulations.\n\nPerformance & Optimization- Deep understanding of database indexing strategies, partitioning and bucketing techniques for large datasets, query optimization and execution plan analysis, caching mechanisms (Redis, in-memory tables), compression algorithms and their trade-offs, and cost optimization approaches for cloud data platforms.\n\nInsurance Domain Knowledge- Understanding of insurance data structures (policy administration, claims management, billing), actuarial data requirements (loss triangles, reserves, exposures), regulatory reporting (statutory accounting, Solvency II, state filings), reinsurance data flows, and agent/distribution channel data models.\n\nRequired Experience\n\nSeven or more years in data engineering, data architecture, or database administration roles with demonstrable emphasis on cloud data platforms, including at least three years designing and implementing enterprise-scale data solutions. Proven experience architecting solutions on Microsoft Azure data services with preference for candidates having led migrations from on-premises to cloud or multi-cloud data platform implementations. Prior experience in designing lakehouse style architectures.\n\nTrack record of designing data warehouses and data lakes for complex organizations, preferably in insurance or financial services environments with strict regulatory requirements. Hands-on experience implementing data governance frameworks, establishing data quality standards, and building data catalogs enabling self-service analytics. Demonstrated success architecting data platforms supporting AI/ML workloads including feature engineering pipelines and model training datasets.\n\nExperience leading cross-functional data initiatives, collaborating with business stakeholders to translate requirements into technical solutions, mentoring data engineering teams, and establishing architectural standards adopted across organizations. Evidence of optimizing data platform costs while maintaining performance SLAs and implementing DataOps practices including automated testing, CI/CD for data pipelines, and monitoring/alerting frameworks.\n\nCertifications\n\nMicrosoft Certified: Azure Data Engineer Associate (DP-203), Microsoft Certified: Azure Solutions Architect Expert (AZ-305), or equivalent Azure data certifications. Additional valuable certifications include Snowflake SnowPro Core Certification, AWS Certified Data Analytics Specialty, Google Professional Data Engineer, Databricks Certified Data Engineer Professional, and CDMP (Certified Data Management Professional).\n\nKey Competencies\n\nInsurance Domain Expertise- Understanding of insurance business processes, data flows across policy administration and claims systems, actuarial data requirements, regulatory reporting obligations, and reinsurance data structures. Familiarity with insurance industry standards including ACORD data formats and common insurance platforms (Duck Creek, Guidewire, InsuranceSuite).\n\nTechnical Leadership- Ability to lead architectural design reviews, establish technical standards and patterns, mentor junior data engineers and architects, communicate complex technical concepts to non-technical stakeholders, and balance competing priorities including cost, performance, security, and time-to-market.\n\nStrategic Thinking- Capability to define multi-year data platform roadmaps aligned with business strategy, evaluate emerging data technologies for organizational fit, design architectures accommodating future growth and changing requirements, and balance build-versus-buy decisions optimizing for long-term maintainability and total cost of ownership.\n\nInnovation & Continuous Improvement- Commitment to staying current with data architecture trends including data mesh, data fabric, lakehouse architectures, and real-time analytics platforms. Experience evaluating and adopting new technologies including streaming analytics, graph databases, time-series databases, and vector databases supporting AI/ML workloads.",Login to check your skill match score,Permanent Job,"Performance Optimization, Insurance Domain Knowledge, Data Governance Security, Multi-Platform Data Technologies, ETL ELT Data Integration, Data Architecture Modeling, Microsoft Data Platform Expertise",2026-01-04 01:33:10
Data Architect- Databricks,InfoCepts,Fresher,,"Pune, India","Position: Data Architect (Databricks, Snowflake)\nLocation: Nagpur, Pune, Chennai, Bangalore\nType of Employment: Full time Employment\nPurpose of the Position:\nDesign and optimize cloud-native data architectures on platforms like Databricks and Snowflake, enabling scalable data engineering, advanced analytics, and AI/ML solutions aligned with business needs.\nKey Result Areas and Activities:\nDesign and implement Lakehouse architectures using Databricks, Delta Lake, and Apache Spark.\nLead the development of data pipelines, ETL/ELT processes, and data integration strategies.\nCollaborate with business and technical teams to define data architecture standards, governance, and security models.\nOptimize performance and cost-efficiency of Databricks clusters and jobs.\nProvide technical leadership and mentorship to data engineers and developers.\nIntegrate Databricks with cloud platforms (Azure, AWS, or GCP) and enterprise systems.\nEvaluate and recommend tools and technologies to enhance the data ecosystem.\nEnsure compliance with data privacy and regulatory requirements.\nContribute to proposal and pre sales activities.",Login to check your skill match score,Permanent Job,"snowflake, Gcp, Apache Spark, Databricks, Azure, Etl, ELT, AWS",2026-01-04 01:33:11
Data Architect- Databricks,InfoCepts,Fresher,,"Pune, India","Position: Data Architect (Databricks, Snowflake)\nLocation: Nagpur, Pune, Chennai, Bangalore\nType of Employment: Full time Employment\nPurpose of the Position:\nDesign and optimize cloud-native data architectures on platforms like Databricks and Snowflake, enabling scalable data engineering, advanced analytics, and AI/ML solutions aligned with business needs.\nKey Result Areas and Activities:\nDesign and implement Lakehouse architectures using Databricks, Delta Lake, and Apache Spark.\nLead the development of data pipelines, ETL/ELT processes, and data integration strategies.\nCollaborate with business and technical teams to define data architecture standards, governance, and security models.\nOptimize performance and cost-efficiency of Databricks clusters and jobs.\nProvide technical leadership and mentorship to data engineers and developers.\nIntegrate Databricks with cloud platforms (Azure, AWS, or GCP) and enterprise systems.\nEvaluate and recommend tools and technologies to enhance the data ecosystem.\nEnsure compliance with data privacy and regulatory requirements.\nContribute to proposal and pre sales activities.",Login to check your skill match score,Permanent Job,"snowflake, Gcp, Apache Spark, Databricks, Azure, Etl, ELT, AWS",2026-01-04 01:33:11
Data Architect,Lakshya Software Technologies Pvt. Ltd.,5-10 Years,,"Bengaluru, India","Azure Data Architect :\n5-10+years of experience in data engineering with strong expertise in Azure Data Factory, Azure Databricks, and Spark SQL.\nHands-on experience in building scalable ETL/ELT pipelines and transforming large datasets for SQL Server or other storage systems.\nExpertise in SQL, PL/SQL, and performance tuning for large-scale data workloads.\nWork with job schedulers such as Workload Automation (WLA), Control-M, or Azure Automation to manage and optimize batch processes.\nConduct performance tuning while collaborating with the Informatica team to compare test results and perform parallel testing for validation.\nCollaborate with engineering and product teams to understand complex data systems and deliver optimized solutions.\nPerform performance tuning and ensure high availability and scalability of data workflows.",Login to check your skill match score,Permanent Job,"Azure Automation, Control-M, Spark SQL, Azure Data Factory, Performance Tuning, Pl Sql, Azure Databricks, Sql, ELT, Etl",2026-01-04 01:33:13
Azure Data Architect,ArcelorMittal Digital Consulting,6-8 Years,,"Hyderabad, India","Job Title Azure Data Architect\nJob Nature Full-time\nExperience 6 to 8 years\nBrief Description\nWe are looking for a highly experienced and innovative Azure Data Architect / Consultant to lead the design, development, and deployment of enterprise-scale data platforms and AI-driven solutions. This role is critical in delivering mission-critical data science, engineering, and analytics projects that support business transformation, operational intelligence, and predictive decision-making.\nThe ideal candidate will have deep expertise in high-volume data processing, query optimization, and performance tuning, ensuring that data pipelines and analytics workloads are efficient, scalable, and aligned with business goals. The candidate will also lead Data and analytics initiatives using Microsoft platforms such as Microsoft Fabric, Azure Synapse, Azure Machine Learning, Azure Data Bricks and other Data Engineering and Analytical tools.\nRelevant Experience\n68 years of experience in data engineering, data science, and analytics\nProven experience in building and optimizing large-scale data pipelines and analytical models\nHands-on experience (for mining 3-4 years) with Azure data services in production environments\nExperience in enterprise data architecture, AI-led transformation, and real-time analytics\nKey Responsibilities\nArchitect, design, implement and maintain end-to-end data platforms using Microsoft Fabric, Azure Synapse Analytics, Azure Data Factory, and Azure Databricks\nDesign and lead data science and analytics projects using Azure Machine Learning, Python, and ML frameworks\nBuild and optimize high-volume data pipelines with a focus on performance, scalability, and cost-efficiency\nPerform advanced query optimization, indexing, and performance tuning across structured and unstructured data sources\nEnable real-time analytics and predictive insights using Azure Stream Analytics, Synapse Real-Time, and Power BI\nDefine and implement data governance, security, and compliance strategies aligned with enterprise policies\nProvision and manage Azure Data Fabric components including Delta Lake, Azure Blob Storage, and Lakehouse architecture\nIntegrate data and AI solutions with internal and external systems using REST APIs, Azure Functions, Logic Apps, and Event Grid\nMonitor and maintain data pipelines and analytics workloads using Azure Monitor, Log Analytics, and Application Insights\nCollaborate with data scientists, analysts, and business stakeholders to align data solutions with strategic goals\nMentor junior data engineers and scientists and contribute to internal data strategy and innovation forums\nThe candidate will be hands on in solution and contributor to the project with active development and coding deliverables.\nInitiate, lead and moderate meetings and discussions with internal as well as external stakeholders, leading to desire outcome of the purpose of the project. If required travel for the meetings and discussion required.\nDesired Skills\nAzure Data Engineering and Analytics\no Microsoft Fabric: Data engineering, real-time analytics, and data science workloads\no Azure Synapse Analytics: Dedicated and serverless SQL pools, Spark pools, Synapse Pipelines\no Azure Data Factory: ETL/ELT orchestration, data movement, and transformation\no Azure Databricks: Delta Lake, Spark, MLflow integration\no Azure Stream Analytics: Real-time data ingestion and processing\no Azure Data Lake Storage Gen2, Azure Blob Storage, Delta Storage\nData Science and Machine learning\no Azure Machine Learning: Model training, deployment, monitoring, and MLOps\no Python, R, SQL, PL/SQL\no Libraries: Pandas, Scikit-learn, TensorFlow, PyTorch\no Model lifecycle management and integration with Azure ML pipelines\nData Analytics and Visualization\no Major Strength in PL / SQL and Procedural Queries.\no Extensive experience in working with RDBMS packages such as MS SQL, Oracle, PostgreSQL, etc.\no Power BI: Data modeling, DAX, real-time dashboards\no Synapse Real-Time Analytics: KQL queries, telemetry analysis\no Azure Monitor, Log Analytics, Application Insights\nIntegration and Architecture\no REST APIs, Azure Functions, Logic Apps, Event Grid\no Event-driven and serverless architecture patterns\no Real-time and batch data processing pipelines\no Knowledge of ML Ops + Data Ops\nSecurity and Governance\no RBAC, Managed Identities, Private Endpoints\no Data classification, lineage, encryption, and compliance\nNice to Have Skills\nExperience with Azure AI Foundry and AI Studio\nFamiliarity with Apache Kafka, Event Hubs, and streaming architectures\nExposure to data mesh and data fabric principles\nExperience with CI/CD for data pipelines and MLOps and Data Ops\nKnowledge of multi-cloud data integration and hybrid data platforms\nSoft Skills\nStrong analytical and problem-solving mindset\nProactive, self-managed, and results-oriented\nExcellent communication and stakeholder engagement skills\nTeam player with mentoring and leadership capabilities\nCurious, innovative, and eager to learn and share knowledge\nStrong project tracking and execution discipline\nAcademic Background and Qualifications\nBachelor's or master's degree in computer science, Data Science, Engineering, (BE / ME Computer Science, Computer Science or IT , MCA).\nPreferred: Postgraduate specialization or executive degree in AI/ML or Data Engineering\nCertifications (Mandatory any 2 of the below):\nMicrosoft Certified: Azure Data Engineer Associate\nMicrosoft Certified: Azure AI Engineer Associate\nMicrosoft Certified: Azure Solutions Architect Expert\nDatabricks certified Data Engineer Professional\nDatabricks certified Machine Learning Professional\nDeliverables\nEnterprise-scale data platforms and AI-driven solutions\nOptimized large-scale data pipelines and analytical models\nReal-time analytics and predictive insights\nData governance, compliance, and security implementations\nMentoring and technical leadership contributions\nInterview Process\nThe candidate may expect a scenario-based question and may be some assignment during or after the interview which has to be submitted by given timeline.\nWork Location Hyderabad\nNotice Period 30 days\nTime Zone Selected candidate is required to work as per:\nIndia Time (IST) / European Time (CET/GMT) / Americas Time Zone (EST)",Login to check your skill match score,Permanent Job,"Azure Data Lake Storage Gen2, Log Analytics, R, Application Insights, Logic Apps, Scikit-learn, Azure Blob Storage, Azure Stream Analytics, Microsoft Fabric, Azure Monitor, Event Grid, Pl Sql, Azure Databricks, Tensorflow, Azure Functions, Pytorch, Azure Synapse Analytics, Python, Power Bi, Sql, Azure Data Factory, Pandas, Rest Apis, Azure Machine Learning",2026-01-04 01:33:14
Master Data Management Data Architect,Amgen Technology Private Limited,1-9 Years,,Hyderabad,"Design, develop, and maintain data solutions for data generation, collection, and processing\nCollaborate and communicate with MDM Developers, Data Architects, Product teams, Business SMEs, and Data Scientists to design and develop end-to-end data pipelines to meet fast paced business needs across geographic regions\nIdentify and resolve complex data-related challenges\nAdhere to standard processes for coding, testing, and designing reusable code/component\nParticipate in sprint planning meetings and provide estimations on technical implementation\nAs a SME, work with the team on MDM related product installation, configuration, customization and optimization\nResponsible for the understanding, documentation, maintenance, and additional creation of master data related data-models (conceptual, logical, and physical) and database structures\nReview technical model specifications and participate in data quality testing\nCollaborate with Data Quality & Governance Analyst and Data Governance Organization to monitor and preserve the master data quality\nCreate and maintain system specific master data data-dictionaries for domains in scope\nArchitect MDM Solutions, including data modeling and data source integrations from proof-of-concept through development and delivery\nDevelop the architectural design for Master Data Management domain development, base object integration to other systems and general solutions as related to Master Data Management\nDevelop and deliver solutions individually or as part of a development team\nApproves code reviews and technical work\nMaintains compliance with change control, SDLC and development standards\nContribute to the design, development, and implementation of data pipelines, ETL/ELT processes, and data integration solutions\nCollaborate with multi-functional teams to understand data requirements and design solutions that meet business needs\nImplement data security and privacy measures to protect sensitive data\nLeverage cloud platforms (AWS preferred) to build scalable and efficient data solutions\nWhat we expect of you We are all different, yet we all use our unique contributions to serve patients.\nBasic Qualifications:\nMaster s degree and 1 to 3 years of Computer Science, IT or related field experience OR\nBachelor s degree and 3 to 5 years of Computer Science, IT or related field experience OR\nDiploma and 7 to 9 years of Computer Science, IT or related field experience.\nPreferred Qualifications:\nExpertise in architecting and designing Master Data Management (MDM) solutions.\nPractical experience with AWS Cloud, Databricks, Apache Spark, workflow orchestration, and optimizing big data processing performance.\nFamiliarity with enterprise source systems and consumer systems for master and reference data, such as CRM, ERP, and Data Warehouse/Business Intelligence.\nAt least 2 to 3 years of experience as an MDM developer using Informatica MDM or Reltio MDM, along with strong proficiency in SQL.\nGood-to-Have Skills:\nExperience with ETL tools such as Apache Spark, and various Python packages related to data processing, machine learning model development.\nGood understanding of data modeling, data warehousing, and data integration concepts.\nExperience with development using Python, React JS, cloud data platforms.\nCertified Data Engineer / Data Analyst (preferred on Databricks or cloud environments).\nSoft Skills:\nExcellent critical-thinking and problem-solving skills\nGood communication and collaboration skills\nDemonstrated awareness of how to function in a team setting\nTeam-oriented, with a focus on achieving team goals\nStrong presentation and public speaking skills.",Pharmaceutical,Permanent Job,"MDM, SMEs, Etl, AWS, Databricks, Apache",2026-01-04 01:33:15
Master Data Management Data Architect,Amgen Technology Private Limited,7-11 Years,,Hyderabad,"In this vital role, you will be responsible for designing, building, maintaining, analyzing, and interpreting data to deliver actionable insights that drive business decisions. This role involves working with large datasets, developing reports, supporting and driving data governance initiatives, and visualizing data to ensure data is accessible, reliable, and efficiently managed. The ideal candidate has deep technical skills and provides administration support for Master Data Management (MDM) and Data Quality platform, including solution architecture, inbound/outbound data integration (ETL), Data Quality (DQ), and maintenance/tuning of match rules.\nRoles & Responsibilities\nDesign, develop, and maintain data solutions for data generation, collection, and processing.\nCollaborate and communicate with MDM Developers, Data Architects, Product teams, Business SMEs, and Data Scientists to design and develop end-to-end data pipelines to meet fast-paced business needs across geographic regions.\nIdentify and resolve complex data-related challenges.\nAdhere to standard processes for coding, testing, and designing reusable code/components.\nParticipate in sprint planning meetings and provide estimations on technical implementation.\nAs a SME, work with the team on MDM related product installation, configuration, customization, and optimization.\nResponsible for the understanding, documentation, maintenance, and additional creation of master data related data-models (conceptual, logical, and physical) and database structures.\nReview technical model specifications and participate in data quality testing.\nCollaborate with Data Quality & Governance Analyst and Data Governance Organization to monitor and preserve the master data quality.\nCreate and maintain system-specific master data dictionaries for domains in scope.\nArchitect MDM Solutions, including data modeling and data source integrations from proof-of-concept through development and delivery.\nDevelop the architectural design for Master Data Management domain development, base object integration to other systems, and general solutions as related to Master Data Management.\nDevelop and deliver solutions individually or as part of a development team.\nApprove code reviews and technical work.\nMaintain compliance with change control, SDLC, and development standards.\nContribute to the design, development, and implementation of data pipelines, ETL/ELT processes, and data integration solutions.\nCollaborate with multi-functional teams to understand data requirements and design solutions that meet business needs.\nImplement data security and privacy measures to protect sensitive data.\nLeverage cloud platforms (AWS preferred) to build scalable and efficient data solutions.\nWhat We Expect of You\nWe are all different, yet we all use our unique contributions to serve patients.\nBasic Qualifications\nMaster's degree and 1 to 3 years of Computer Science, IT, or related field experience OR\nBachelor's degree and 3 to 5 years of Computer Science, IT, or related field experience OR\nDiploma and 7 to 9 years of Computer Science, IT, or related field experience.\nPreferred Qualifications\nExpertise in architecting and designing Master Data Management (MDM) solutions.\nPractical experience with AWS Cloud, Databricks, Apache Spark, workflow orchestration, and optimizing big data processing performance.\nFamiliarity with enterprise source systems and consumer systems for master and reference data, such as CRM, ERP, and Data Warehouse/Business Intelligence.\nAt least 2 to 3 years of experience as an MDM developer using Informatica MDM or Reltio MDM, along with strong proficiency in SQL.\nGood-to-Have Skills\nExperience with ETL tools such as Apache Spark, and various Python packages related to data processing, machine learning model development.\nGood understanding of data modeling, data warehousing, and data integration concepts.\nExperience with development using Python, React JS, cloud data platforms.\nCertified Data Engineer / Data Analyst (preferred on Databricks or cloud environments).\nSoft Skills\nExcellent critical-thinking and problem-solving skills.\nGood communication and collaboration skills.\nDemonstrated awareness of how to function in a team setting.\nTeam-oriented, with a focus on achieving team goals.\nStrong presentation and public speaking skills.",Biotechnology,Permanent Job,"Architecting, Presentation Skills, Master data management, Computer Science, Sql, Python",2026-01-04 01:33:17
MDM Data Architect,Amgen Technology Private Limited,1-9 Years,,Hyderabad,"In this vital role, you will be responsible for ensuring the proper management, governance, quality, and accessibility of an organization's data. The ideal candidate has deep technical skills, experience with Syniti Knowledge Platform (SKP) technologies, and a deep understanding of data architecture and ETL processes. You will play a crucial role in enabling data-driven decision-making and maintaining regulatory compliance by ensuring data is trustworthy, well-organized, and effectively used.\nRoles & Responsibilities\nData Architecture & Migration: Design, develop, and manage data migration solutions using the Syniti Knowledge Platform. You will configure and optimize Syniti Data Replication (SDR) and Syniti Advanced Data Migration (ADM) solutions. You'll also create and maintain data load programs and contribute to ongoing data migration design through data analysis and collaboration.\nData Governance & Quality: Collaborate with team members to understand data governance and quality requirements and implement solutions to address them. You will monitor and improve data accuracy, completeness, consistency, and reliability. You'll also develop and maintain metrics to track data quality and stewardship effectiveness.\nCollaboration & Documentation: Work with data owners, data analysts, and IT teams to align data practices with business objectives. You will act as a liaison between technical teams and business users. Additionally, you will develop and maintain documentation for data processes, standards, and workflows.\nSecurity & Access Control: Create and maintain metadata repositories for easy data identification and understanding. You will manage access controls to ensure authorized personnel can access data and safeguard sensitive and confidential information from unauthorized access.\nProblem-Solving & Communication: Investigate and resolve data-related issues and discrepancies. You'll maintain related documentation and clearly communicate status to team leadership.\nTechnical Skills\nA solid understanding of Syniti's Data Migration methodology and strong proficiency in its tools (ADM, Data Quality, MDM, Mass maintenance & SDR).\nExperience with SAP Advanced Data Migration and Management (ADMM) is a plus.\nProficiency in data analysis tools (e.g., SQL) and experience with data visualization tools.\nDatabase experience with SQL Server, Oracle, etc.\nExperience in ETL / Data Migration / Data Quality / Data Analysis is a plus.\nERP techno-functional or functional experience (SAP preferred) is a plus.\nExperience in SAP MDG Business Partner (Customer & Supplier), Material & Finance objects is a plus.\nWorking knowledge of a SAFe development environment is a plus.\nUnderstanding of enterprise data strategy, data governance, and data infrastructure is a plus.\nWorking knowledge with cloud (e.g., AWS) and on-premises compute infrastructure is a plus.\nAgile Certified Practitioner and Syniti Certified Developer certifications are preferred.\nQualifications\nA Master's degree, a Bachelor's degree, or a Diploma in Computer Science, IT, or a related field.\nSuccessfully participated in at least one or more full ERP implementation lifecycles is a plus.\nSoft Skills\nProblem-Solving: Excellent critical-thinking and problem-solving skills, with the ability to investigate and resolve data-related issues.\nCommunication: Good communication and collaboration skills, with demonstrated presentation abilities.\nCollaboration: The ability to work effectively with cross-functional teams and act as a liaison between technical and business groups.",Biotechnology,Permanent Job,"Access Control, Documentation, issue resolution, Data Migration, Data Governance, Data Quality",2026-01-04 01:33:18
Data Architect,Talent Corner HR Services Pvt Ltd,8-10 Years,,"Bengaluru, India","Data Architect\nBengaluru\nMinimum 8 years in Data Analytics, software development with at least 2 - 3 years hands-on experience in the area of Data Engineering\nJob Description:\nDesign & develop technical solutions which combine disparate information to create meaningful insights for business, using Big-data architectures\nBuild and analyse large, structured and unstructured databases based on scalable cloud infrastructures\nDevelop prototypes and proof of concepts using multiple data-sources and big-data technologies\nProcess, manage, extract and cleanse data to apply Data Analytics in a meaningful way\nDesign and develop scalable end-to-end data pipelines for batch and stream processing\nInterested Candidates kindly connect:\n8180989161\n[HIDDEN TEXT]",Login to check your skill match score,Permanent Job,"data pipelines, big-data technologies, cloud infrastructures, Big-data architectures",2026-01-05 01:35:17
Data Architect (Snowflake / DBT/ Data Modeling),Spaulding Ridge,8-10 Years,,"Jaipur, India","Spaulding Ridge is an advisory and IT implementation firm. We help global organizations get financial clarity into the complex, daily sales, and operational decisions that impact profitable revenue generations, efficient operational performance, and reliable financial management.\n\nAt Spaulding Ridge, we believe all business is personal. Core to our values is our relationships with our clients, our business partners, our team, and the global community. Our employees dedicate their time to helping our clients transform their business, from strategy through implementation and business transformation.\n\nWhat You Will Do And Learn\n\nAs a Snowflake Architect/ Manager in Data Solutions, you'll be responsible for designing, implementing, and testing proposed modern analytic solutions. Working closely with our client partners and architects, you'll develop relationships with key technical resources while delivering tangible business outcomes.\n\nManage the Data engineering lifecycle including research, proof of concepts, architecture, design, development, test, deployment, and maintenance\nCollaborate with team members to design and implement technology that aligns with client business objectives\nBuild proof of concepts for a modern analytics stack supporting a variety of Cloud-based Business Systems for potential clients\nTeam management experience and ability to manage, mentor and develop talent of assigned junior resources\nCreate actionable recommendations based on identified platform, structural and/or logic problems\nCommunicate and demonstrate a clear understanding of client business needs, goals, and objectives\nCollaborate with other architects on solution designs and recommendations.\n\nQualifications:\n\n8+ years experience developing industry leading business intelligence and analytic solutions\nMust have thorough knowledge of data warehouse concepts and dimensional modelling\nMust have experience in writing advanced SQL\nMust have at least 5+ years of hands-on experience on DBT (Data Build Tool). Mandatory to have most recent hands-on experience on DBT.\nMust have experience working with DBT on one or more of the modern databases like Snowflake / Amazon Redshift / BigQuery / Databricks / etc.\nHands-on experience with Snowflake would carry higher weightage\nSnowflake SnowPro Core certification would carry higher weightage\nExperience working in AWS, Azure, GCP or similar cloud data platform would be an added advantage\nHands-on experience on Azure would carry higher weightage\nMust have experience in setting up DBT projects\nMust have experience in understanding / creating / modifying & optimizing YML files within DBT\nMust have experience in implementing and managing data models using DBT, ensuring efficient and scalable data transformations\nMust have experience with various materialization techniques within DBT\nMust have experience in writing & executing DBT Test cases\nMust have experience in setting up DBT environments\nMust have experience in setting up DBT Jobs\nMust have experience with writing DBT Jinja and Macros\nMust have experience in creating DBT Snapshots\nMust have experience in creating & managing incremental models using DBT\nMust have experience with DBT Docs\nShould have a good understanding of DBT Seeds\nMust have experience with DBT Deployment\nMust Experience with architecting data pipelines using DBT, utilizing advanced DBT features\nProficiency in version control systems and CI/CD\nMust have hands-on experience configuring DBT with one or more version control systems like Azure DevOps / Github / Gitlab / etc.\nMust have experience in PR approval workflow\nParticipate in code reviews and best practices for SQL and DBT development\nExperience working with visualization tools such as Tableau, PowerBI, Looker and other similar analytic tools would be an added advantage\n2+ years of Business Data Analyst experience\n2+ years of experience writing Business requirements, Use cases and/or user stories, for data warehouse or data mart initiatives.\nUnderstanding and experience on ETL/ELT is an added advantage\n2+ years of consulting experience working on project-based delivery using Software Development Life Cycle (SDLC)\n2+ years of years of experience with relational databases (Postgres, MySQL, SQL Server, Oracle, Teradata etc.)\n2+ years of experience creating functional test cases and supporting user acceptance testing\n2+ years of experience in Agile/Kanban/DevOps Delivery\nOutstanding analytical, communication, and interpersonal skillsAbility to manage projects and teams against planned work\nResponsible for managing the day-to-day client relationship on projects\n\nSpaulding Ridge's Commitment to an Inclusive Workplace\n\n\nWhen we engage the expertise, insights, and creativity of people from all walks of life, we become a better organization, we deliver superior services to clients, and we transform our communities and world for the better.\n\nAt Spaulding Ridge, we believe our team should reflect the rich diversity of society and we take seriously the responsibility to cultivate a workplace where every bandmate feels accepted, respected, and valued for who they are. We do this by creating a culture of trust and belonging, through practices and policies that support inclusion, and through our employee led Employee Resource Groups (ERGs): CRE (Cultural Race and Ethnicity), Women Elevate, PROUD and Mental Wellness Alliance.\n\nThe company is committed to offering Equal Employment Opportunity and to providing reasonable accommodation to applicants with physical and/or mental disabilities. If you are interested in applying for employment with Spaulding Ridge and are in need of accommodation or special assistance to navigate our website or to complete your application, please send an e-mail with your request to our VP of Human Resources, Cara Halladay ([HIDDEN TEXT]). Requests for reasonable accommodation will be considered on a case-by-case basis.\n\nQualified applicants will receive consideration for employment without regard to their age, race, religion, national origin, gender, sexual orientation, gender identity, protected veteran status or disability.",Login to check your skill match score,Permanent Job,"Looker, Teradata, snowflake, SQL Server, Tableau, Sql, Gcp, Powerbi, MySQL, Postgres, Azure, Oracle, AWS",2026-01-07 00:11:07
Data Architect (Enterprise Architecture),Fidelity International,Fresher,,"Gurugram, India","About The Opportunity\n\nJob Type: Permanent\n\nApplication Deadline: 16 January 2026\n\nJob Description\n\nTitle Data Architect\n\nDepartment Enterprise Architecture\n\nLocation Gurgaon\n\nReports To Lead Data Architect\n\nLevel 5\n\nWe're proud to have been helping our clients build better financial futures for over 50 years. How have we achieved this By working together - and supporting each other - all over the world. So, join our Enterprise Technology Services team and feel like you're part of something bigger.\n\nAbout Your Team\n\nWe align business, technology, and data strategies to drive transformation, foster innovation, ensure compliance, and deliver maximum value through strategic leadership, solution design, and efficient change execution.\n\nAbout Your Role\n\nAs a Data Architect within Fidelity's Enterprise Architecture team, your role is pivotal in enabling the business to make informed, strategic decisions through trusted, well-structured data. You'll be responsible for solving complex architectural challenges, guiding technical strategy, and ensuring data solutions are scalable, secure, and aligned with business objectives.\n\nThis role exists to embed data as a core asset across the enterprisesupporting transformation, compliance, and innovation. You'll manage the logical and physical data architecture, ensure adherence to policies (e.g., EOL, security), and act as a steward of the data lifecycle. Your expertise in data product modeling, metadata management, governance, and risk will be essential in shaping solutions that deliver real business value.\n\nYou'll collaborate with business analysts, delivery teams, and system groups to integrate data into corporate tooling and support modeling efforts.\n\nKey Responsibilities\n\nUnderstand the Goals and objectives of the business and align data architecture to support the business outcomes.\nMaintaining current state data architecture views.\nResponsible for building conceptual and logical data models, architectural standards and patterns.\nResponsible for developing Portfolio data roadmaps(12-36 months); including work packages/ programmes/ initiatives and to seek approved sponsorships from senior stakeholders to achieve target state roadmaps.\nResponsible in ensuring data artefacts are maintained, catalogued and accessible i.e., data sources, data models, current and target data state views etc and integrated into corporate platforms i.e. Lean IX, Collibra, ER Studio etc.\nResponsible for the data architecture measurement and KPIs that are collated into global scorecards for tracking of data maturity\nResponsible for establishing Data Product standards and implementing Domain-oriented data architecture ensuring proper governance.\nResponsible to represent Data Architecture approach and strategy to appropriate Review Authorities.\nResponsible for understanding the costs of data solutions within the Portfolio and works closely with the Head of Data Architecture in tracking & reporting of such to the Head of Enterprise Architecture.\nResponsible for periodic communications on the portfolio data architecture; successes; challenges; decisions; roadmaps; issues costs; progress towards Fidelity data strategy.\nSupports portfolio solution architects in the design of data solutions and ensures alignment to the Fidelity data strategy\nContribute to the wider Fidelity data architecture strategy and blueprints; led by Head of Data Architecture.\nWorks closely with other data teams within the organisation e.g., Data Value team (MI/ Analytics) and AI/ML teams, Data Services and the Data Delivery teams.\nBe an advisor to the Business, Governance, and other technology teams.\n\nAbout You\n\nYou're passionate about shaping the future of data and thrive in environments where complexity meets opportunity. You bring clarity to ambiguity, structure to scale, and strategy to delivery. You're not just technically strongyou're a communicator, collaborator, and problem-solver who understands the value of data as a business asset.\n\nWe're looking for someone who brings the following essential skills:\n\nData Architecture & Modeling Proven ability to build data models and architecture documents, with hands-on experience in data development, engineering, and enterprise data design.\nData Governance & Quality Deep understanding of data governance, data quality, and issue management practices essential for robust and compliant data solutions.\nData Product Modeling Practical experience designing data product models and implementing supporting capabilities for scalable, reusable data assets.\nCloud & Platform Architecture Solid experience with AWS, Azure, and Snowflake, including architecture patterns and cloud-native data solutions.\nAPI & Integration Expertise Strong grasp of RESTful APIs and application integration principles for effective data distribution and ecosystem connectivity.\nPerformance Engineering Knowledge of performance optimization at both system and database levels to ensure efficient and scalable data solutions.\nML & AI experience -- Exposure to machine learning platforms( e.g., Azure ML, AWS Sagemaker) and understanding of how data architecture supports AI-driven solutions.\nDomain Knowledge in Asset Management Sound understanding of asset management or asset distribution domains to inform strategic data architecture decisions.\n\nFeel rewarded\n\nFor starters, we'll offer you a comprehensive benefits package. We'll value your wellbeing and support your development. And we'll be as flexible as we can about where and when you work finding a balance that works for all of us. It's all part of our commitment to making you feel motivated by the work you do and happy to be part of our team. For more about our work, our approach to dynamic working and how you could build your future here, visit careers.fidelityinternational.com.\n\nFor more about our work, our approach to dynamic working and how you could build your future here, visit careers.fidelityinternational.com.",Login to check your skill match score,Permanent Job,"Data Governance Quality, ML AI experience, Data Product Modeling, Data Architecture Modeling, Cloud Platform Architecture, Domain Knowledge in Asset Management, API Integration Expertise, Performance Engineering",2026-01-08 01:34:00
"Data Architect/Senior Associate Director, Tech SME",HSBC,Fresher,,"Pune, India","Some Careers Shine Brighter Than Others.\n\nIf you're looking for a career that will help you stand out, join HSBC and fulfil your potential. Whether you want a career that could take you to the top, or simply take you in an exciting new direction, HSBC offers opportunities, support and rewards that will take you further.\n\nHSBC is one of the largest banking and financial services organisations in the world, with operations in 64 countries and territories. We aim to be where the growth is, enabling businesses to thrive and economies to prosper, and, ultimately, helping people to fulfil their hopes and realise their ambitions.\n\nWe are currently seeking an experienced professional to join our team in the role of Virtualization Lead.\n\nIn This Role, You Will\n\nDesign and implement database architectures (relational, NoSQL, cloud, hybrid).\nDevelop data models, schemas, and standards for structured and unstructured data.\nDefine and enforce data governance, quality, and security policies.\nLead database performance tuning, optimization, and capacity planning.\nArchitect data integration solutions (ETL/ELT, APIs, streaming) using tools such as IBM DataStage, Informatica, or Talend.\nCollaborate with engineering, analytics, and business teams to deliver data solutions.\nEvaluate and select database technologies and tools, including ETL platforms and data pipeline orchestration tools.\nGuide data migration, modernization, and cloud adoption projects.\nDocument data flows, architectures, and best practices.\nMentor engineers and analysts on data architecture, design, and tool usage.\n\nTo be successful in this role, you should meet the following requirements:\n\nProven experience designing and managing enterprise databases (Oracle, SQL, NoSQL, cloud).\nStrong skills in data modeling, normalization, and schema design.\nExperience with data integration, ETL/ELT (preferably with IBM DataStage or similar tools), and API design.\nKnowledge of data governance, security, and compliance frameworks.\nPerformance tuning and troubleshooting expertise.\nFamiliarity with data pipeline tools (e.g., DataStage, Informatica, Talend, Apache NiFi, Airflow).\nExcellent communication and documentation skills.\nCertifications in database or data integration technologies are a plus.\n\nYou'll achieve more when you join HSBC.\n\nwww.hsbc.com/careers\n\nHSBC is committed to building a culture where all employees are valued, respected and opinions count. We take pride in providing a workplace that fosters continuous professional development, flexible working and opportunities to grow within an inclusive and diverse environment. Personal data held by the Bank relating to employment applications will be used in accordance with our Privacy Statement, which is available on our website.\n\nIssued by HSBC Software Development India",Login to check your skill match score,Permanent Job,"database architectures, cloud adoption, data architecture design, data integration solutions, data models, Capacity Planning, data pipeline orchestration tools, Apis, Ibm Datastage, database performance tuning, Data Migration, Informatica, ELT, Nosql, cloud, Data Governance, Talend, Etl",2026-01-10 01:44:53
Senior Data Architect,Savishty,8-10 Years,,"Jaipur, India","Data Architect (8+ years in data architecture)\nJob Summary:\nWe're seeking a skilled Data Architect to lead the design and delivery of innovative, scalable data solutions that\npower our business. With deep expertise in Databricks and cloud platforms like Azure and AWS, you'll architect\nhigh-performance data systems and drive impactful analytics. If you thrive on solving complex data challenges, this\nis your chance to shine.\nKey Responsibilities:\nDesign scalable data lakes, warehouses, and real-time streaming architectures.\nBuild and optimize data pipelines and Delta Lake solutions using Databricks (Spark, Workflows, SQL\nAnalytics).\nDevelop cloud-native data platforms on Azure (Synapse, Data Factory, Data Lake) and AWS (Redshift, Glue,\nS3).\nCreate and automate ETL/ELT workflows with Apache Spark, PySpark, and cloud tools.\nDesign and implement robust data models (e.g., dimensional, normalized, star schemas) to support\nanalytics and reporting.\nLeverage big data technologies (Hadoop, Kafka, Scala) for large-scale processing.\nEnsure data governance, security, and compliance with standards like GDPR and HIPAA.\nOptimize Spark workloads and storage for peak performance.\nCollaborate with engineering, analytics, and business teams to align data solutions with organizational\ngoals.\nRequired Skills & Qualifications:\n8+ years in data architecture, engineering, or analytics roles.\nHands-on experience with Databricks (Delta Lake, Spark, MLflow, pipelines).\nExpertise in Azure (Synapse, Data Lake, Data Factory) and AWS (Redshift, S3, Glue).\nStrong coding skills in SQL, Python OR Scala.\nExperience with NoSQL (e.g., MongoDB), streaming (e.g., Kafka)\nKnowledge of data governance and compliance best practices.\nExcellent problem-solving and communication skills, with a knack for cross-team collaboration.",Login to check your skill match score,Permanent Job,"Glue, Delta Lake, S3, Data Factory, Hadoop, Aws Redshift, Pyspark, Scala, Apache Spark, Kafka, Sql, Nosql, Azure Synapse, Spark, Databricks, MongoDB, Azure, Python, AWS",2026-01-11 01:28:03
EY - GDS Consulting - AI and DATA - GCP Architect - Manager,EY,5-7 Years,,"Kolkata, India","At EY, you'll have the chance to build a career as unique as you are, with the global scale, support, inclusive culture and technology to become the best version of you. And we're counting on your unique voice and perspective to help EY become even better, too. Join us and build an exceptional experience for yourself, and a better working world for all.\n\nCritical Roles And Responsibilities For The GCP Architect\n\nLooking for a highly skilled GCP Architect to lead a migration project, ensuring a seamless transition of workloads, and services to Google Cloud Platform (GCP).\n\nThe ideal candidate will have deep expertise in cloud architecture, security, with hands-on experience in large-scale data migrations. Earlier experience of migrating data from Legacy systems (mainframes). Candidate should have worked on at least 2 large scale data migrations or data modernization programs in Financial Industry.\n\nKey Responsibilities:\n\nCloud Architecture: Design and implement scalable, secure, and cost-effective GCP architectures for GCP environment.\nMigration Planning: Develop and execute migration strategies for data from legacy applications to FNZ.\nData Model: To create data models based on the migration requirements\nPerformance & Cost Optimization: Monitor, optimize, and provide recommendations for cloud resource utilization, cost efficiency, and performance enhancements.\nStakeholder Collaboration: Work closely with business, security, and engineering teams to align cloud solutions with organizational goals.\nIncident Management & Troubleshooting: Provide technical leadership for incident resolution, root cause analysis, and continuous improvement in cloud operations.\n\nTechnical Expertise:\n\nStrong Analytical and Problem solving skills\nExpertise in data modelling (ER, Dimensional Models)\nStrong SQL Expertise\nStrong hands-on experience with GCP services (Compute Engine, GKE, Cloud Composer, Cloud Functions, BigQuery, IAM, GCS, Spaner etc.).\nData Modelling & Data Ware housing knowledge mandatory.\nUnderstanding of security best practices, encryption, and identity management in a multi-cloud setup.\nExperience in Migration from on-prem to GCP.\nProficient in comprehending the Mainframe system and data stored in MVS DB2 and files.\nCapable of extracting data into files for migration purposes.\nOffer support to Business Analysts and Technical Analysts concerning mainframe applications and systems.\nStrong scripting skills in Python, Bash, or Go for automation.\n\nCertifications (Preferred):\n\nGoogle Professional Cloud Architect\n\nSoft Skills:\n\nExcellent problem-solving and analytical skills.\nStrong communication and stakeholder management abilities.\nAbility to lead and mentor technical teams in a fast-paced environment.\nAbility to conduct workshops and address any Technical challenges\n\nEY | Building a better working world\n\nEY exists to build a better working world, helping to create long-term value for clients, people and society and build trust in the capital markets.\n\nEnabled by data and technology, diverse EY teams in over 150 countries provide trust through assurance and help clients grow, transform and operate.\n\nWorking across assurance, consulting, law, strategy, tax and transactions, EY teams ask better questions to find new answers for the complex issues facing our world today.",Login to check your skill match score,Permanent Job,"Security best practices, Migration Planning, Performance Cost Optimization, Cloud Architecture Design, GCP services, Data Modelling, Incident Management, Sql",2026-01-11 01:28:04
EY - GDS Consulting - AI and DATA - GCP Architect - Manager,EY,5-7 Years,,"Kolkata, India","At EY, you'll have the chance to build a career as unique as you are, with the global scale, support, inclusive culture and technology to become the best version of you. And we're counting on your unique voice and perspective to help EY become even better, too. Join us and build an exceptional experience for yourself, and a better working world for all.\n\nCritical Roles And Responsibilities For The GCP Architect\n\nLooking for a highly skilled GCP Architect to lead a migration project, ensuring a seamless transition of workloads, and services to Google Cloud Platform (GCP).\n\nThe ideal candidate will have deep expertise in cloud architecture, security, with hands-on experience in large-scale data migrations. Earlier experience of migrating data from Legacy systems (mainframes). Candidate should have worked on at least 2 large scale data migrations or data modernization programs in Financial Industry.\n\nKey Responsibilities:\n\nCloud Architecture: Design and implement scalable, secure, and cost-effective GCP architectures for GCP environment.\nMigration Planning: Develop and execute migration strategies for data from legacy applications to FNZ.\nData Model: To create data models based on the migration requirements\nPerformance & Cost Optimization: Monitor, optimize, and provide recommendations for cloud resource utilization, cost efficiency, and performance enhancements.\nStakeholder Collaboration: Work closely with business, security, and engineering teams to align cloud solutions with organizational goals.\nIncident Management & Troubleshooting: Provide technical leadership for incident resolution, root cause analysis, and continuous improvement in cloud operations.\n\nTechnical Expertise:\n\nStrong Analytical and Problem solving skills\nExpertise in data modelling (ER, Dimensional Models)\nStrong SQL Expertise\nStrong hands-on experience with GCP services (Compute Engine, GKE, Cloud Composer, Cloud Functions, BigQuery, IAM, GCS, Spaner etc.).\nData Modelling & Data Ware housing knowledge mandatory.\nUnderstanding of security best practices, encryption, and identity management in a multi-cloud setup.\nExperience in Migration from on-prem to GCP.\nProficient in comprehending the Mainframe system and data stored in MVS DB2 and files.\nCapable of extracting data into files for migration purposes.\nOffer support to Business Analysts and Technical Analysts concerning mainframe applications and systems.\nStrong scripting skills in Python, Bash, or Go for automation.\n\nCertifications (Preferred):\n\nGoogle Professional Cloud Architect\n\nSoft Skills:\n\nExcellent problem-solving and analytical skills.\nStrong communication and stakeholder management abilities.\nAbility to lead and mentor technical teams in a fast-paced environment.\nAbility to conduct workshops and address any Technical challenges\n\nEY | Building a better working world\n\nEY exists to build a better working world, helping to create long-term value for clients, people and society and build trust in the capital markets.\n\nEnabled by data and technology, diverse EY teams in over 150 countries provide trust through assurance and help clients grow, transform and operate.\n\nWorking across assurance, consulting, law, strategy, tax and transactions, EY teams ask better questions to find new answers for the complex issues facing our world today.",Login to check your skill match score,Permanent Job,"Security best practices, Migration Planning, Performance Cost Optimization, Cloud Architecture Design, GCP services, Data Modelling, Incident Management, Sql",2026-01-11 01:28:05
Data Engineer,Ikigai,1-3 Years,,"Bengaluru, India","We are seeking a Data Engineer who excels in cleaning, transforming, and preparing complex data for integration into machine learning models. In this role, you will work closely with clients to understand their data and ensure it is properly formatted, validated, and optimized for use in our data pipelines.\n\nThis position emphasizes data hygiene, reconciliation, and transformationturning raw, messy data into structured, reliable datasets that flow seamlessly through our systems. The ideal candidate will combine analytical thinking with strong technical skills in Python (NumPy, Pandas) and SQL, bringing a software-engineering mindset to data quality and operational efficiency.\n\nResponsibilities\n\nCollaborate with client teams to understand data sources, formats, and integration requirements.\nClean, reconcile, and transform raw customer data to align with our platform's ingestion standards.\nBuild and maintain data transformation and validation pipelines to ensure consistent, high-quality outputs.\nDiagnose and resolve data discrepancies, ensuring accuracy and consistency across systems.\nDevelop scripts and workflows for repeatable data processing and format standardization.\nPartner with internal engineering and client success teams to deliver clean, production-ready datasets.\nAbility to quickly learn new libraries and APIs to connect to external data sources for example: Looker SDK, BigQuery python client or Snowflake python connector.\nDocument data mappings, transformation logic, and validation procedures for long-term maintainability.\nAbility to create effective visualizations to provide insights from the data.\n\nQualifications\n\n13 years of experience in a data-focused role (data scientist, software engineer, data analysis, data operations, or data engineering).\nBachelor's degree in Computer Science, Information Systems, Statistics, or a related field preferred.\nStrong proficiency in Python, particularly NumPy and Pandas for data manipulation and transformation.\nSolid experience with SQL for data querying, joining, and reconciliation across multiple sources.\nExperience building or maintaining ETL/ELT pipelines or data wrangling workflows.\nAttention to detail and a commitment to maintaining high data quality and consistency.\nAbility to interpret and clean messy or incomplete data for use in production systems.\nExcellent communication skills for collaborating with both technical and non-technical stakeholders.\n\nPreferred Skills\n\nExperience with data validation, schema alignment, or reconciliation across disparate systems.\nFamiliarity with version control, testing, or other software engineering best practices.\nExposure to data visualization or reporting tools for validating and communicating results.\nBackground in client-facing or consulting environments where data integrity and delivery were key.\n\nAbout Ikigai Labs\n\nIkigai Labs is committed to equal employment opportunity and non-discrimination for all employees and qualified applicants without regard to a person's race, color, sex, gender identity or expression, age, religion, national origin, ancestry or citizenship, ethnicity, disability, military or protected veteran status, genetic information, sexual orientation, marital or familial status, or any other personal characteristic protected under applicable law.\n\nPowered by JazzHR\n\nWSxZGFaD0m",Login to check your skill match score,Permanent Job,"Looker SDK, snowflake, Numpy, BigQuery, Pandas, Sql, Python, Etl, ELT",2026-01-11 01:28:06
Data Engineer,Sauce Labs,2-4 Years,,"Delhi, India","Location: New Delhi, India\n\nAbout Us\n\nAt Sauce Labs, we empower the world's top enterprises - like Walmart, Bank of America, and Indeed - to deliver quality web and mobile applications at speed. Our industry-leading platform ensures continuous quality across the SDLC, using AI-powered analytics to identify key quality signals from development through production. With our unified solution, teams can release and innovate with confidence, knowing their apps will always look, function, and perform exactly as they should. Backed by TPG and Riverwood Capital, we are shaping the future of digital confidence - join us!\n\nThe Role\n\nWe are seeking a highly skilled and motivated Data Engineer to join our global team. As a Data Engineer, you will design, build, and maintain the systems and infrastructure that enable efficient data collection, processing, and analysis. Your work will empower the organization to make data-driven decisions and support advanced analytics and machine learning initiatives.\n\nResponsibilities\n\nDesign, develop, and maintain robust and scalable data pipelines to extract, transform, and load (ETL/ELT) data from various sources.\nIntegrate data from a variety of formats and sources, including APIs, cloud platforms, and on-premise databases.\nOptimize data workflows and processing for performance and reliability.\nWork closely with the AI & data analytics teams to understand data requirements and deliver tailored solutions.\nCollaborate with other engineering teams to design and optimize data architectures, ensuring data availability and consistency across the organization.\nEnsure data quality, integrity, and compliance with organizational and regulatory standards.\nDevelop and enforce data governance policies and procedures.\nMonitor and optimize the performance of data infrastructure and pipelines.\nDocument data engineering processes, workflows, and infrastructure for transparency and maintainability.\n\nRequired Skills\n\nBachelor's degree in Computer Science, Information Technology, Engineering, or a related field. A Master's degree is a plus.\n2+ years of experience working as a data engineer or a similar role.\nStrong knowledge of data modeling and schema design.\nProficient in SQL and some programming languages such as Python.\nStrong working knowledge of data warehousing solutions (Snowflake, Redshift, BigQuery).\nHands-on experience with ETL/ELT tools and workflows.\nFamiliarity with cloud platforms (Google Cloud, AWS, Azure) and their data-related services.\nKnowledge of orchestration / data processing tools (Airflow, dbt).\nAbility to troubleshoot data-related issues and identify root causes.\nExperience with containerization and orchestration tools (e.g., Docker, Kubernetes) is a plus.\nExperience with big data tools and platforms (e.g. Kafka, Spark) is a plus\nExcellent communication and collaboration skills.\nAbility to work in a fast-paced, dynamic environment with multiple stakeholders.\n\nThis position is required to be in the office 5 days a week.\n\nPlease note our privacy terms when applying for a job at Sauce Labs.\n\nSauce Labs is proud to be an Equal Opportunity employer and values diversity at our company. We do not discriminate on the basis of race, religion, color, national origin, gender identity/expression/status, sexual orientation, age, marital status, veteran status or disability status.\n\nSecurity Responsibilities At Sauce\n\nAt Sauce, we will commit to supporting the health and safety of employees and properties, partnering with internal stakeholders to learn and act on ever-evolving security protocols and procedures. You'll be expected to fully comply with all policies and procedures related to security at the department and org wide level and exercise a security first approach to how we design, build & run our products and services.",Login to check your skill match score,Permanent Job,"Schema Design, Data Modeling, Python, Sql",2026-01-11 01:28:07
Data Engineer,Tekskills Inc.,5-7 Years,,"Kolkata, India","Job Description\nExperience:4+ Years\nRole: Data Engineer\nLocation: Bengaluru & Kolkata\nEmployment Type: Full-Time / Permanent\nWork Mode: Onsite/ Hybrid\nJob Description:\nWe are looking for an experienced Data Engineer with strong expertise in Databricks, Python, SQL, and PySpark to design, develop, and optimize large-scale data processing solutions. The ideal candidate will have hands-on experience working in modern data platforms and building efficient data pipelines. Experience with Qlik or any BI tool is an added advantage.\nKey Responsibilities:\nDesign, develop, and maintain scalable data pipelines and ETL processes using Databricks and PySpark.\nWork with structured and unstructured data across multiple data sources.\nOptimize data processing for performance, reliability, and scalability.\nWrite efficient SQL queries for data extraction, transformation, and reporting.\nCollaborate with Data Scientists, Analysts, and Business Teams to deliver reliable datasets.\nImplement data quality checks, validations, and automation.\nEnsure best practices in coding, security, and data governance.\nSupport performance tuning and troubleshooting of data workflows.\nBuild reusable frameworks and components for data processing.\nRequired Skills & Experience:\n57 years of professional experience as a Data Engineer\nStrong hands-on experience in Databricks (Data Engineering)\nProficiency in Python & PySpark\nStrong expertise in SQL and database concepts\nExperience working in cloud or big-data environments\nGood understanding of ETL concepts and data warehouse design\nExperience with version control tools (Git, etc.)\nGood to Have:\nExperience with Qlik or any BI/Data Visualization tool\nExposure to Azure / AWS / GCP data platforms\nExperience with CI/CD & data automation workflows",Login to check your skill match score,Permanent Job,"Cloud or Big-Data Environments, Pyspark, Databricks, Sql, Python, Etl",2026-01-11 01:28:08
Data Engineering Consultant,Optum,5-7 Years,,"Hyderabad, India","Optum is a global organization that delivers care, aided by technology to help millions of people live healthier lives. The work you do with our team will directly improve health outcomes by connecting people with the care, pharmacy benefits, data and resources they need to feel their best. Here, you will find a culture guided by inclusion, talented peers, comprehensive benefits and career development opportunities. Come make an impact on the communities we serve as you help us advance health optimization on a global scale. Join us to start Caring. Connecting. Growing together.\n\nPrimary Responsibilities\n\nSupport the full data engineering lifecycle including research, proof of concepts, design, development, testing, deployment, and maintenance of data management solutions\nUtilize knowledge of various data management technologies to drive data engineering projects\nLead data acquisition efforts to gather data from various structured or semi-structured source systems of record to hydrate client data warehouse and power analytics across numerous health care domains\nLeverage combination of ETL/ELT methodologies to pull complex relational and dimensional data to support loading DataMart's and reporting aggregates\nEliminate unwarranted complexity and unneeded interdependencies\nDetect data quality issues, identify root causes, implement fixes, and manage data audits to mitigate data challenges\nImplement, modify, and maintain data integration efforts that improve data efficiency, reliability, and value\nLeverage and facilitate the evolution of best practices for data acquisition, transformation, storage, and aggregation that solve current challenges and reduce the risk of future challenges\nEffectively create data transformations that address business requirements and other constraints\nPartner with the broader analytics organization to make recommendations for changes to data systems and the architecture of data platforms\nSupport the implementation of a modern data framework that facilitates business intelligence reporting and advanced analytics\nPrepare high level design documents and detailed technical design documents with best practices to enable efficient data ingestion, transformation and data movement.\nLeverage DevOps tools to enable code versioning and code deployment.\nLeverage data pipeline monitoring tools to detect data integrity issues before they result into user visible outages or data quality issues\nLeverage processes and diagnostics tools to troubleshoot, maintain and optimize solutions and respond to customer and production issues\nContinuously support technical debt reduction, process transformation, and overall optimization\nLeverage and contribute to the evolution of standards for high quality documentation of data definitions, transformations, and processes to ensure data transparency, governance, and security\nEnsure that all solutions meet the business needs and requirements for security, scalability, and reliability\nComply with the terms and conditions of the employment contract, company policies and procedures, and any and all directives (such as, but not limited to, transfer and/or re-assignment to different work locations, change in teams and/or work shifts, policies in regard to flexibility of work benefits and/or work environment, alternative work arrangements, and other decisions that may arise due to the changing business environment). The Company may adopt, vary or rescind these policies and directives in its absolute discretion and without any limitation (implied or otherwise) on its ability to do so\n\nRequired Qualifications\n\nBachelor's Degree (preferably in information technology, engineering, math, computer science, analytics, engineering or other related field)\n5+ years of combined experience in data engineering, ingestion, normalization, transformation, aggregation, structuring, and storage\n5+ years of combined experience working with industry standard relational, dimensional or non-relational data storage systems\n5+ years of experience in designing ETL/ELT solutions using tools like Informatica, DataStage, SSIS, PL/SQL, T-SQL, etc.\n5+ years of experience in managing data assets using SQL, Python, Scala, VB.NET or other similar querying/coding language\n3+ years of experience in Micorsoft Azure Cloud, Azure Data Factory, Data Bricks, Spark, Scala / Python , ADO, Github, Expert in SQL/Advanced SQL\n3+ years of experience working with healthcare data or data to support healthcare organizations\n\nAt UnitedHealth Group, our mission is to help people live healthier lives and make the health system work better for everyone. We believe everyone - of every race, gender, sexuality, age, location and income - deserves the opportunity to live their healthiest life. Today, however, there are still far too many barriers to good health which are disproportionately experienced by people of color, historically marginalized groups and those with lower incomes. We are committed to mitigating our impact on the environment and enabling and delivering equitable care that addresses health disparities and improves health outcomes - an enterprise priority reflected in our mission.",Login to check your skill match score,Permanent Job,"Data Bricks, data engineering, Github, T-sql, VB.NET, Scala, Pl Sql, Informatica, SSIS, Sql, ELT, Azure Data Factory, DataStage, Spark, Python, Etl",2026-01-11 01:28:10
Data Engineer with Snowflake,Dentsu Global Services,Fresher,,"Bengaluru, India","We're Hiring | Data Engineer (Snowflake, Python & SQL)\nLocation: Bengaluru, Coimbatore & Pune\nMode of Work - Hybrid\nWe are hiring a Data Engineer with strong experience in Python, SQL, and Snowflake to build scalable and reliable data solutions. The ideal candidate has hands-on expertise in Snowflake Tasks and Streams, understands marketing and audience data, and thrives in an Agile development environment.\nKey Responsibilities:\nWork within Agile development teams, contributing to sprints and ceremonies.\nApply data engineering best practices to ensure scalable, maintainable codebases.\nDevelop solutions using Python and SQL.\nUnderstand and manipulate business data.\nCollaborate with cross-functional teams to deliver data solutions that meet business needs.\nCommunicate effectively to gather requirements and present solutions.\nFollow best practices for data processing and coding standards.\nSkills:\nProficient in Python for data manipulation and automation.\nMust have Hands-on experience with orchestration and automation tools such as Snowflake Tasks and Streams.\nStrong experience with SQL development (knowledge of MS SQL is a plus).\nExcellent written and oral communication skills.\nDeep understanding of business data, especially as it relates to marketing and audience targeting.\nExperience with Agile methodologies and CI/CD processes\nExperience with MS SQL.\nFamiliarity with SAS.\nGood to have B2B and AWS knowledge",Login to check your skill match score,Permanent Job,"snowflake, Snowflake Tasks and Streams, MS SQL, Agile Methodologies, SAS, Python, Sql, AWS",2026-01-11 01:28:11
Analytics Engineer,DataVinci Analytics Agency,Fresher,,India,"Job Role:Analytics Engineer\nCTC - Negotiable\nLocation : Remote\nKey Responsibilities:\n1. Work closely with the data lead to prepare, clean, and transform backend data for reporting and automation use cases.\n2. Build visually clean, client-facing dashboards (Looker Studio, Power BI, etc.)\n3. Write and optimize SQL queries for performance and clarity across projects\n4. Understand API structures and assist in fetching, interpreting, and preparing API data for pipelines.\n5. Document logic, metric definitions, and stakeholder-friendly explanations\n6. Support audits, testing, and validation across data pipelines and visualization layers.\nRequirements:\n1. Bachelor's or Master's degree in a relevant field (e.g., computer science, data analytics, information systems) or equivalent practical experience.\n2. Advanced proficiency in SQL (must be comfortable writing joins, filters, aggregations, and window functions).\n3. Familiarity with APIs understanding how to read JSON, basic GET/POST logic, and integrate into workflows\n4. Strong analytical thinking and ability to work with raw, imperfect data.\n5. Effective written communication skills for documentation and clarity in logic.\nSkill(s) required:\n1. SQL (strong foundation required).\n2. Working knowledge of Google Cloud Platform (GCP) especially BigQuery, Cloud Functions, or Cloud Storage.\n3. Python for automation, API integrations, or light ETL tasks.\n4. Exposure to data modeling concepts and maintaining data consistency across multiple sources.\n5. Experience with marketing, eCommerce, or SaaS analytics environments (a plus).\n6. Understanding of data performance optimization (indexing, partitioning, query tuning\n7. Working Knowledge of Google Cloud Platform (GSP).\nWhy work with us\n1. International exposure\n2. Work from home\n3. Annual company retreats\n4. Fun & supportive team\n5. Weekly friday-yay calls\nWant to see what we do: https://datavinci.services/\nLearn more about us here: https://datavinci.services/meet-the-team/",Login to check your skill match score,Permanent Job,"Cloud Functions, Indexing, data performance optimization, partitioning, Query Tuning, Cloud Storage, BigQuery, Data Modeling, Api Integration, Python, Sql",2026-01-11 01:28:12
Analytics Engineer,DataVinci Analytics Agency,Fresher,,India,"Job Role:Analytics Engineer\nCTC - Negotiable\nLocation : Remote\nKey Responsibilities:\n1. Work closely with the data lead to prepare, clean, and transform backend data for reporting and automation use cases.\n2. Build visually clean, client-facing dashboards (Looker Studio, Power BI, etc.)\n3. Write and optimize SQL queries for performance and clarity across projects\n4. Understand API structures and assist in fetching, interpreting, and preparing API data for pipelines.\n5. Document logic, metric definitions, and stakeholder-friendly explanations\n6. Support audits, testing, and validation across data pipelines and visualization layers.\nRequirements:\n1. Bachelor's or Master's degree in a relevant field (e.g., computer science, data analytics, information systems) or equivalent practical experience.\n2. Advanced proficiency in SQL (must be comfortable writing joins, filters, aggregations, and window functions).\n3. Familiarity with APIs understanding how to read JSON, basic GET/POST logic, and integrate into workflows\n4. Strong analytical thinking and ability to work with raw, imperfect data.\n5. Effective written communication skills for documentation and clarity in logic.\nSkill(s) required:\n1. SQL (strong foundation required).\n2. Working knowledge of Google Cloud Platform (GCP) especially BigQuery, Cloud Functions, or Cloud Storage.\n3. Python for automation, API integrations, or light ETL tasks.\n4. Exposure to data modeling concepts and maintaining data consistency across multiple sources.\n5. Experience with marketing, eCommerce, or SaaS analytics environments (a plus).\n6. Understanding of data performance optimization (indexing, partitioning, query tuning\n7. Working Knowledge of Google Cloud Platform (GSP).\nWhy work with us\n1. International exposure\n2. Work from home\n3. Annual company retreats\n4. Fun & supportive team\n5. Weekly friday-yay calls\nWant to see what we do: https://datavinci.services/\nLearn more about us here: https://datavinci.services/meet-the-team/",Login to check your skill match score,Permanent Job,"Cloud Functions, Indexing, data performance optimization, partitioning, Query Tuning, Cloud Storage, BigQuery, Data Modeling, Api Integration, Python, Sql",2026-01-11 01:28:13
Senior Data Engineer,SailPoint,5-7 Years,,"Pune, India","SailPoint is the leader in identity security for the cloud enterprise. Our identity security solutions secure and enable thousands of companies worldwide,\ngiving our customers unmatched visibility into the entirety of their digital workforce, ensuring workers have the right access to do their job no more, no less.\nWant to be on a team that full of results-driven individuals who are constantly seeking to innovate Want to make an impact\nAt SailPoint, our Data Platform team does just that. SailPoint is seeking a Senior Data Engineer to help build robust data ingestion and processing system to power our data platform. We are looking for well-rounded engineers who are passionate about building and delivering reliable, scalable data pipelines.\nThis is a unique opportunity to build something from scratch but have the backing of an organization that has the muscle to take it to market quickly, with a\nvery satisfied customer base.\n\nResponsibilities:\nSpearhead the design and implementation of ELT processes, especially focused on extracting data from and loading data into various endpoints, including RDBMS, NoSQL databases and data-warehouses.\nDevelop and maintain scalable data pipelines for both stream and batch processing leveraging JVM based languages and frameworks.\nCollaborate with cross-functional teams to understand diverse data sources and environment contexts, ensuring seamless integration into our data ecosystem.\nUtilize AWS service-stack wherever possible to implement lean design solutions for data storage, data integration and data streaming problems.\nDevelop and maintain workflow orchestration using tools like Apache Airflow.\nStay abreast of emerging technologies in the data engineering space, proactively incorporating them into our ETL processes.\nThrive in an environment with ambiguity, demonstrating adaptability and problem-solving skills.\n\nQualifications:\nBS in computer science or a related field.\n5+ years of experience in data engineering or related field.\nDemonstrated system-design experience orchestrating ELT processes targeting data\nHands-on experience with at least one streaming or batch processing framework, such as Flink or Spark.\nHands-on experience with containerization platforms such as Docker and container orchestration tools like Kubernetes.\nProficiency in AWS service stack.\nFamiliarity with workflow orchestration tools such as Airflow.\nExperience with DBT, Kafka, Jenkins and Snowflake.\nExperience leveraging tools such as Kustomize, Helm and Terraform for implementing infrastructure as code.\nStrong interest in staying ahead of new technologies in the data engineering space.\nComfortable working in ambiguous team-situations, showcasing adaptability and drive in solving novel problems in the data-engineering space.\n\nPreferred\nExperience with AWS\nExperience with CICD\nExperience instrumenting code for gathering production performance metrics\nExperience in working with a Data Catalog tool ( Ex: Atlan / Alation )\n\nSailPoint is an equal opportunity employer and we welcome all qualified candidates to apply to join our team. All qualified applicants will receive consideration for employment without regard to race, color, religion, sex, sexual orientation, gender identity, national origin, disability, protected veteran status, or any other category protected by applicable law.\nAlternative methods of applying for employment are available to individuals unable to submit an application through this site because of a disability. Contact [HIDDEN TEXT] or mail to 11120 Four Points Dr, Suite 100, Austin, TX 78726, to discuss reasonable accommodations. NOTE: Any unsolicited resumes sent by candidates or agencies to this email will not be considered for current openings at SailPoint.",Login to check your skill match score,Permanent Job,"JVM based languages, NoSQL databases, Kustomize, AWS service stack, ELT processes, snowflake, dbt, Kafka, Apache Airflow, Jenkins, RDBMS, Docker, Terraform, Helm, Kubernetes",2026-01-11 01:28:14
Senior Data Engineer,Texplorers Inc,5-7 Years,,"Hyderabad, India","Company Description\nTexplorers Inc. is a leader in digital transformation for global enterprises, with over 15 years of experience in cloud technology and AI expertise. The company focuses on empowering businesses to scale efficiently and continuously improve through their innovation ecosystem. Texplorers Inc. is committed to innovation, sustainability, and inclusion, ensuring perpetual learning and growth for their clients.\nWe are seeking candidates who can join us immediately.\nWe are seeking an experienced Data Engineer to build and refine robust big data solutions. You will be responsible for designing high-performance ETL pipelines using Apache Spark across major cloud environments (Azure, AWS, or GCP), with a heavy focus on data engineering excellence and system optimization.\nKey Responsibilities:\n-Lead the end-to-end design and optimization of Databricks ETL pipelines to ensure high-quality data delivery.\n-Develop scalable data ingestion and transformation workflows by leveraging the full power of the Apache Spark framework.\n-Manage complex data lifecycles involving both structured and unstructured datasets from diverse originating sources.\n-Fine-tune Spark jobs to balance peak performance with cost-efficiency and long-term scalability.\n-Establish robust CI/CD patterns and version control standards for all Databricks-based workflows.\n-Collaborate with stakeholders across engineering, data science, and analytics to translate business needs into technical solutions.\n-Enforce rigorous security protocols and access management policies within the Databricks environment.\n-Diagnose and resolve complex bottlenecks related to big data processing and system scalability.\nRequired Skills:\n-Proven track record of developing high-performance solutions using Databricks and Apache Spark (proficient in PySpark, Scala, or Java).\n-Expert-level command of SQL for complex data modeling, transformation, and analytical querying.\n-Deep familiarity with cloud ecosystems (Azure, AWS, or GCP), with specific expertise in storage and warehousing solutions like ADLS, S3, or BigQuery.\n-Significant experience building end-to-end ETL/ELT pipelines and managing scalable Data Warehousing environments.\n-Strong grip on CI/CD pipelines, Git version control, and DevOps methodologies tailored for data engineering.\n-In-depth knowledge of Delta Lake and Lakehouse architecture, with a focus on advanced performance tuning and optimization.\n-Skilled in managing massive-scale datasets within distributed computing environments.\nPreferred Skills:\n-Skilled in leveraging Databricks MLflow to track, deploy, and scale machine learning models.\n-Familiarity with modern data stack components such as Apache Kafka for streaming, Airflow for workflow automation, or Snowflake for cloud warehousing.\n-Deep understanding of data privacy standards, access control policies, and corporate compliance requirements.\nEducation & Experience:\n-Bachelor's or Master's degree in Computer Science, Data Engineering, or a strictly related technical discipline.\n-57 years of specialized experience in Data Engineer and big data architecture.\n-Mandatory background in the Retail sector, with a deep understanding of industry-specific data challenges",Login to check your skill match score,Permanent Job,"CI CD, ADLS, Delta Lake, Lakehouse architecture, Java, S3, BigQuery, Pyspark, Scala, Apache Spark, Sql, ELT, Devops, Git, Gcp, Data Warehousing, Databricks, Azure, AWS, Etl",2026-01-11 01:28:15
Senior Data Engineer,CX Data Labs,Fresher,,"Chennai, India","Company Description\nCX Data Labs is committed to delivering a holistic approach to Data and Analytics needs through customized strategy execution services. Our mission is to work collaboratively with clients in crafting tailored strategies to drive successful outcomes. With leadership experience from global Fortune 50 companies, we bring unique insights to navigate Data, Analytics, and Technology Modernization initiatives. Our diverse team prioritizes client success, creating solutions that are easy to implement across various organizational frameworks.\nRole Description\nThis is an on-site, full-time Senior Data Engineer role based in Chennai. The Senior Data Engineer will design, build, and optimize data pipelines, ensuring the efficient processing and storage of large-scale datasets. Responsibilities include developing robust data models, ensuring data quality and security, troubleshooting technical issues, and collaborating across teams to support business intelligence and analytical needs.\nQualifications\nProficiency in programming languages and frameworks such as Python, Java, Scala, and Spark.\nExperience with relational and non-relational databases like SQL, NoSQL, and data warehouse technologies.\nStrong knowledge of ETL processes, data pipeline development, and workflow orchestration tools such as Apache Airflow or similar tools.\nFamiliarity with cloud platforms (AWS, Azure, or GCP) and containerization tools like Docker and Kubernetes.\nUnderstanding of data architecture, data modeling, and data governance principles.\nExperience in handling big data technologies like Hadoop, Hive, and Kafka.\nSolid problem-solving, analytical, and communication skills.\nBachelor's or Master's degree in Computer Science, Engineering, or a related field.\nExperience in data security and compliance standards is a plus.",Login to check your skill match score,Permanent Job,"data governance principles, workflow orchestration tools, data pipeline development, data warehouse technologies, ETL processes, Java, Hadoop, Scala, Data Architecture, Kafka, Data Modeling, Sql, Apache Airflow, Nosql, Hive, Gcp, Docker, Spark, Azure, Kubernetes, Python, AWS",2026-01-11 01:28:17
Senior Data Engineer,AU SMALL FINANCE BANK,5-8 Years,,"Jaipur, India","Experience - 5 to 8\n\nDomain - Candidate must have banking experience (Asset Loan Product Experience will be an advantage)\n\nCandidate must have worked as a Data Engineer with data modelling and Architectural skills with work experience of 5 to 8 years , also candidate must have minimum 2 years of team handling experience.\n\nmust be able to close the project single handedly on time. One should be a good team player,\n\none should have good analytical and logic skills who can guide and help the team technically and logically.\n\nTech Experience - Good Handson experience in Pyspark | SQL |Python |Airflow",Login to check your skill match score,Permanent Job,"Airflow, Pyspark, Python, Sql",2026-01-11 01:28:18
Senior Data Engineer,Sauce Labs,5-7 Years,,"Delhi, India","Location: New Delhi, India\n\nAbout Us\n\nAt Sauce Labs, we empower the world's top enterprises - like Walmart, Bank of America, and Indeed - to deliver quality web and mobile applications at speed. Our industry-leading platform ensures continuous quality across the SDLC, using AI-powered analytics to identify key quality signals from development through production. With our unified solution, teams can release and innovate with confidence, knowing their apps will always look, function, and perform exactly as they should. Backed by TPG and Riverwood Capital, we are shaping the future of digital confidence - join us!\n\nThe Role\n\nWe are seeking a highly skilled and motivated Senior Data Engineer to join our global team. As a Senior Data Engineer, you will design, build, and maintain the systems and infrastructure that enable efficient data collection, processing, and analysis. Your work will empower the organization to make data-driven decisions and support advanced analytics and machine learning initiatives.\n\nResponsibilities\n\nDesign, develop, and maintain robust and scalable data pipelines to extract, transform, and load (ETL/ELT) data from various sources.\nIntegrate data from a variety of formats and sources, including APIs, cloud platforms, and on-premise databases.\nOptimize data workflows and processing for performance and reliability.\nWork closely with the AI & data analytics teams to understand data requirements and deliver tailored solutions.\nCollaborate with other engineering teams to design and optimize data architectures, ensuring data availability and consistency across the organization.\nEnsure data quality, integrity, and compliance with organizational and regulatory standards.\nDevelop and enforce data governance policies and procedures.\nMonitor and optimize the performance of data infrastructure and pipelines.\nDocument data engineering processes, workflows, and infrastructure for transparency and maintainability.\n\nRequired Skills\n\nBachelor's degree in Computer Science, Information Technology, Engineering, or a related field. A Master's degree is a plus.\n5+ years of experience working as a data engineer or a similar role.\nStrong knowledge of data modeling and schema design.\nProficient in SQL and some programming languages such as Python.\nStrong working knowledge of data warehousing solutions (Snowflake, Redshift, BigQuery).\nHands-on experience with ETL/ELT tools and workflows.\nFamiliarity with cloud platforms (Google Cloud, AWS, Azure) and their data-related services.\nKnowledge of orchestration / data processing tools (Airflow, dbt).\nAbility to troubleshoot data-related issues and identify root causes.\nExperience with containerization and orchestration tools (e.g., Docker, Kubernetes) is a plus.\nExperience with big data tools and platforms (e.g. Kafka, Spark) is a plus\nExcellent communication and collaboration skills.\nAbility to work in a fast-paced, dynamic environment with multiple stakeholders.\n\nThis position is required to be in the office 5 days a week.\n\nPlease note our privacy terms when applying for a job at Sauce Labs.\n\nSauce Labs is proud to be an Equal Opportunity employer and values diversity at our company. We do not discriminate on the basis of race, religion, color, national origin, gender identity/expression/status, sexual orientation, age, marital status, veteran status or disability status.\n\nSecurity Responsibilities At Sauce\n\nAt Sauce, we will commit to supporting the health and safety of employees and properties, partnering with internal stakeholders to learn and act on ever-evolving security protocols and procedures. You'll be expected to fully comply with all policies and procedures related to security at the department and org wide level and exercise a security first approach to how we design, build & run our products and services.",Login to check your skill match score,Permanent Job,"Schema Design, Data Modeling, Python, Sql",2026-01-11 01:28:19
GCP Data Architect role,Virtusa,10-12 Years,,India,"Cloud Data Architect\n\nRole: T0\n\nThe Ideal Professional For This Cloud Architect Role Will\n\nHave a passion for design, technology, analysis, collaboration, agility, and planning, along with a drive for continuous improvement and innovation.\nExhibit expertise in managing high-volume data projects that leverage Cloud Platforms, Data Warehouse reporting and BI Tools, and the development of relational databases.\nResearch, identify, and internally market enabling data management technologies based on business and end-user requirements.\nSeek ways to apply new technology to business processes with a focus on modernizing the approach to data management.\nConsult with technical subject matter experts and develop alternative technical solutions. Advise on options, risks, costs versus benefits, and impact on other business processes and system priorities.\nDemonstrate strong technical leadership skills and the ability to mentor others in related technologies.\n\nQualifications\n\nBachelor's degree in a computer-related field or equivalent professional experience is required.\nPreferred master's degree in computer science, information systems or related discipline, or equivalent and extensive related project experience.\n10+ years of hands-on software development experience building data platforms with tools and technologies such as Hadoop, Cloudera, Spark, Kafka, Relational SQL, NoSQL databases, and data pipeline/workflow management tools.\n6+ years of experience working with various cloud platforms (at least two from among AWS, Azure & GCP).\nExperience in multi-cloud data platform migration and hands-on experience working with AWS, AZURE / GCP\nExperience in Data & Analytics projects is a must.\nData modeling experience - relational and dimensional with consumption requirements (reporting, dashboarding, and analytics).\nThorough understanding and application of AWS services related to Cloud data platform and Datalake implementation - S3 Datalake, AWS EMR, AWS Glue, Amazon Redshift, AWS Lambda, and Step functions with file formats such as Parquet, Avro, and Iceberg.\nMust know the key tenets of architecting and designing solutions on AWS and Azure Clouds.\nExpertise and implementation experience in data-specific areas, such as AWS Data Lake, Data Lakehouse Architecture, and Azure Synapse and SQL Datawarehouse.\nApply technical knowledge to architect and design solutions that meet business and IT needs, create Data & Analytics roadmaps, drive POCs and MVPs, and ensure the long-term technical viability of new deployments, infusing key Data & Analytics technologies where applicable.\nBe the Voice of the Customer to share insights and best practices, connect with the Engineering team to remove key blockers, and drive migration solutions and implementations.\nFamiliarity with tools like DBT, Airflow, and data test automation.\nMUST have experience with Python/PySpark/Scala in Big Data environments.\nStrong skills in SQL queries in Big Data tools such as Hive, Impala, Presto.\nExperience working with and extracting value from large, disconnected, and/or unstructured datasets.\nDemonstrated ability to build processes that support data transformation, data structures, metadata, dependency, and workload management.\nAdvanced working SQL knowledge and experience working with relational databases, query authoring (SQL), and working familiarity with a variety of databases.\nExperience building and optimizing big data data pipelines, architectures, and data sets.\nExperience performing root cause analysis on internal and external data and processes to answer specific business questions and identify opportunities for improvement.",Login to check your skill match score,Permanent Job,"Airflow, Data Lakehouse Architecture, SQL Datawarehouse, Relational SQL, dbt, Data pipeline workflow management tools, Parquet, NoSQL databases, Iceberg, AWS Data Lake, Pyspark, Kafka, Data Modeling, Avro, Azure Synapse, Python, AWS, Hadoop, Scala, Impala, Hive, Gcp, Presto, Spark, Cloudera, Azure, Data Analytics",2026-01-13 00:01:08
Data Architect,InfoTrellis,10-15 Years,,"Chennai, India","Description\n\nJob Title : Data Architect GCP.\n\nLocation : Chennai/Hyderabad.\n\nExperience : 10-15 years overall | 5+ years in GCP Architecture.\n\nBudget : Open to discuss.\n\nNotice Period : Immediate joiner/ Serving notice with less than 60 days/Notice is less than 60 days.\n\nResponsibilities\n\nUnderstand customers overall data platform, business and IT priorities and success measures to design data solutions that drive business value.\nApply technical knowledge to architect solutions, create data platform and roadmaps on GCP cloud that meet business and IT needs.\nEstimation and outlining of the solutions needed to implement cloud native architecture and migration from on-prem systems.\nExecuting the hands-on implementation of proposed solutions and providing technical guidance to teams during the solutions development and deployment phases.\nEnsure long term technical viability and optimization of production deployments, and lead/advise on migration and modernization using GCP native services.\nWork with prospective and existing customers to implement POCs/MVPs and guide through to deployment, operationalization, and troubleshooting.\nIdentify and build technical collateral or technical assets for client consumption.\nIdentify, communicate, and mitigate the assumptions, issues, and risks that occur throughout the project lifecycle.\nAbility to judge and strike a balance between what is strategically logical and what can be accomplished realistically.\nAssess and validate non-functional attributes and build solutions that exhibit high levels of performance, security, scalability, maintainability, and reliability.\n\nQualifications\n\nBachelors or Masters degree in Computer Science, Information Technology, or a related field.\nProven experience as a Data Engineer with a focus on GCP data services.\nStrong proficiency in GCP services in data engineering and data warehousing including but not limited to BigQuery, Dataflow, Dataproc, Data Fusion, Cloud Storage, etc.\nStrong proficiency in ETL processes, SQL, and data integration techniques.\nStrong proficiency in data modelling and data warehousing concepts.\nProficiency in architectural best practices in cloud around user management, data privacy, data security, performance and other non-functional requirements.\nProgramming skills in languages such as PySpark, Python, Java, or Scala.\nFamiliarity with building AI/ML models on cloud solutions built in GCP.\nStrong problem-solving and troubleshooting skills.\nExcellent communication and teamwork skills.\n\nPreferred Skills\n\nSolution architect and/or data engineer certifications from GCP.\nExperience with BFSI or Healthcare or Retail domain.\nExperience with data governance principles, data privacy and security.\nExperience with big data and distributed technologies like Hadoop, Hive, Kafka, etc.\nExperience with data visualization tools like Power BI or Tableau.\n\n(ref:hirist.tech)",Login to check your skill match score,Permanent Job,"data integration techniques, data fusion, AI ML models, ETL processes, Java, BigQuery, Data Modelling, Pyspark, Scala, Data Warehousing, Dataproc, Sql, Cloud Storage, Gcp, DataFlow, Python",2026-01-14 00:07:21
Senior Consultant 1 - Data Architect,Concept Reply US,12-14 Years,,"India, Cochin / Kochi / Ernakulam","We are seeking a Data Architect with deep experience designing and implementing scalable, secure, and high-performance cloud data platforms. Ideal candidates will have solid Databricks expertise, strong knowledge of Azure data services, and hands-on architecture experience building modern data ecosystems including big data, metadata management, and enterprise-grade data governance. The Data Architect will collaborate closely with customers to define architectural blueprints, guide engineering teams, and ensure robust data solutions that support analytics, reporting, and advanced AI workloads.\n\nKey Responsibilities\n\nDesign and lead end-to-end architecture for complex cloud-based data ecosystems, including lakehouse and enterprise data platforms\nTranslate business requirements into scalable architectural designs, roadmaps, and technical specifications, including advanced scenarios, such as establishing common data models across development teams, sharing multi-tenant system data directly to customers, integrations between Databricks and external data platforms, and handling RLS from Databricks source data to analytics and reporting tools\nArchitect and implement Databricks-based solutions, including Unity Catalog, Delta Lake, Databricks SQL, Workflows, and governance frameworks. Establish data governance policies in addition to technical solutions\nDefine and enforce data modelling standards for relational, dimensional, and lakehouse structures, including common data models across global systems\nArchitect and oversee development of ETL/ELT frameworks, source-to-target mappings, and reusable transformation standards, focusing on meta-data solutions\nEstablish best practices for data ingestion, curation, cataloging, lineage, quality, and MDM across the data ecosystem. Establish MDM solutions, preferably with Profisee\nPartner with cross-functional engineering teams to ensure architectural consistency, performance optimization, and security compliance\nMentor and lead junior engineers, contributing to technical direction, design reviews, and architectural decision-making\nDevelop cloud-native reference architectures leveraging Azure Data Factory, Azure SQL, Synapse Analytics, Azure Data Lake, Stream Analytics, and other modern Azure services\nCollaborate with executive and architect stakeholders to define data governance standards, taxonomy structures, and metadata strategies. Explain and defend architecture decisions to customers\n\nMinimum Qualifications\n\n\nBachelor's Degree in Computer Science, Engineering, MIS, or a related field\n12+ years of experience in total along with strong data engineering or data platform development background and with at least 3+ years in data architecture roles\n3+ years of experience with Databricks, including Unity Catalog, Delta Lake, Databricks SQL, and Workflow orchestration\nStrong proficiency with Python, Apache Spark, and distributed data processing frameworks\nAdvanced SQL expertise, including performance tuning, indexing, and optimization for large datasets\nProven experience designing and implementing lakehouse architectures and cloud data ecosystems\nHands-on experience with Azure Data Services: ADF, ADLS, Azure SQL, Synapse Analytics, Stream Analytics or Fabric equivalents\nStrong understanding of data modelling principles (3NF, dimensional modelling, Kimball, Inmon) and enterprise data warehouse concepts\nPrior consulting experience delivering analytics or data platform solutions to enterprise clients\nFamiliarity with CI/CD pipelines and IaC tools (Terraform, ARM, Bicep)\n\nPreferred Qualifications\n\n\nDemonstrate examples of creating the strategy and implementing infrastructure to support different environments using automation of CI/CD pipelines, GIT, and other tools\nExperience with Microsoft Fabric or other emerging cloud analytics platforms\nExposure to Big Data platforms (HDFS, Hive, Pig, MapReduce) and general DBMS systems (Oracle, DB2, MySQL)\nExposure to NoSQL ecosystems such as Cassandra, MongoDB, HBase, CouchDB\nExperience with BI and reporting tools (Power BI, Qlik, Tableau, Cognos, MicroStrategy)\n\nAbout Reply\nReply specializes in the design and implementation of solutions enabled by AI, cloud computing, digital media, and the Internet of Things. As a network of highly specialized companies, Reply supports global enterprises across telecom, media, financial services, industrial, and public sectors in defining and building innovative business models. Our services include Consulting, System Integration, and Digital Services.\n\nWe may use artificial intelligence (AI) tools to support parts of the hiring process, such as reviewing applications, analyzing resumes, or assessing responses. These tools assist our recruitment team but do not replace human judgment. Final hiring decisions are ultimately made by humans. If you would like more information about how your data is processed, please contact us.",Login to check your skill match score,Permanent Job,"Stream Analytics, Azure SQL Synapse Analytics, Bicep, Azure Data Services, Apache Spark, Sql, Azure Data Factory, Terraform, Azure Data Lake, Databricks, Arm, Python",2026-01-14 00:07:22
Senior Consultant 1 - Data Architect,Concept Reply US,12-14 Years,,"India, Cochin / Kochi / Ernakulam","We are seeking a Data Architect with deep experience designing and implementing scalable, secure, and high-performance cloud data platforms. Ideal candidates will have solid Databricks expertise, strong knowledge of Azure data services, and hands-on architecture experience building modern data ecosystems including big data, metadata management, and enterprise-grade data governance. The Data Architect will collaborate closely with customers to define architectural blueprints, guide engineering teams, and ensure robust data solutions that support analytics, reporting, and advanced AI workloads.\n\nKey Responsibilities\n\nDesign and lead end-to-end architecture for complex cloud-based data ecosystems, including lakehouse and enterprise data platforms\nTranslate business requirements into scalable architectural designs, roadmaps, and technical specifications, including advanced scenarios, such as establishing common data models across development teams, sharing multi-tenant system data directly to customers, integrations between Databricks and external data platforms, and handling RLS from Databricks source data to analytics and reporting tools\nArchitect and implement Databricks-based solutions, including Unity Catalog, Delta Lake, Databricks SQL, Workflows, and governance frameworks. Establish data governance policies in addition to technical solutions\nDefine and enforce data modelling standards for relational, dimensional, and lakehouse structures, including common data models across global systems\nArchitect and oversee development of ETL/ELT frameworks, source-to-target mappings, and reusable transformation standards, focusing on meta-data solutions\nEstablish best practices for data ingestion, curation, cataloging, lineage, quality, and MDM across the data ecosystem. Establish MDM solutions, preferably with Profisee\nPartner with cross-functional engineering teams to ensure architectural consistency, performance optimization, and security compliance\nMentor and lead junior engineers, contributing to technical direction, design reviews, and architectural decision-making\nDevelop cloud-native reference architectures leveraging Azure Data Factory, Azure SQL, Synapse Analytics, Azure Data Lake, Stream Analytics, and other modern Azure services\nCollaborate with executive and architect stakeholders to define data governance standards, taxonomy structures, and metadata strategies. Explain and defend architecture decisions to customers\n\nMinimum Qualifications\n\n\nBachelor's Degree in Computer Science, Engineering, MIS, or a related field\n12+ years of experience in total along with strong data engineering or data platform development background and with at least 3+ years in data architecture roles\n3+ years of experience with Databricks, including Unity Catalog, Delta Lake, Databricks SQL, and Workflow orchestration\nStrong proficiency with Python, Apache Spark, and distributed data processing frameworks\nAdvanced SQL expertise, including performance tuning, indexing, and optimization for large datasets\nProven experience designing and implementing lakehouse architectures and cloud data ecosystems\nHands-on experience with Azure Data Services: ADF, ADLS, Azure SQL, Synapse Analytics, Stream Analytics or Fabric equivalents\nStrong understanding of data modelling principles (3NF, dimensional modelling, Kimball, Inmon) and enterprise data warehouse concepts\nPrior consulting experience delivering analytics or data platform solutions to enterprise clients\nFamiliarity with CI/CD pipelines and IaC tools (Terraform, ARM, Bicep)\n\nPreferred Qualifications\n\n\nDemonstrate examples of creating the strategy and implementing infrastructure to support different environments using automation of CI/CD pipelines, GIT, and other tools\nExperience with Microsoft Fabric or other emerging cloud analytics platforms\nExposure to Big Data platforms (HDFS, Hive, Pig, MapReduce) and general DBMS systems (Oracle, DB2, MySQL)\nExposure to NoSQL ecosystems such as Cassandra, MongoDB, HBase, CouchDB\nExperience with BI and reporting tools (Power BI, Qlik, Tableau, Cognos, MicroStrategy)\n\nAbout Reply\nReply specializes in the design and implementation of solutions enabled by AI, cloud computing, digital media, and the Internet of Things. As a network of highly specialized companies, Reply supports global enterprises across telecom, media, financial services, industrial, and public sectors in defining and building innovative business models. Our services include Consulting, System Integration, and Digital Services.\n\nWe may use artificial intelligence (AI) tools to support parts of the hiring process, such as reviewing applications, analyzing resumes, or assessing responses. These tools assist our recruitment team but do not replace human judgment. Final hiring decisions are ultimately made by humans. If you would like more information about how your data is processed, please contact us.",Login to check your skill match score,Permanent Job,"Stream Analytics, Azure SQL Synapse Analytics, Bicep, Azure Data Services, Apache Spark, Sql, Azure Data Factory, Terraform, Azure Data Lake, Databricks, Arm, Python",2026-01-14 00:07:23
"Sr. Solution Architect, Mobile Data Management Admin",West Pharmaceutical Services,5-8 Years,,"Bengaluru, India","Description\n\nAt West, we're a dedicated team that is connected by a purpose to improve patient lives that has been at the center of our Company for more than a century. Our story began when Herman O. West solved the problem of supplying penicillin in mass quantities to the US Government during World War 2. Through our work to deliver thousands of life-saving and life-enhancing injectable medicines to millions of patients daily, West's indelible mark on the healthcare industry has just begun. A name started our story. How will yours help write our future\n\nThere's no better place to join an inclusive community of professionals with opportunities for lifelong learning, growth and development. Supported by benefit programs, we empower the physical, mental, emotional and financial health of our team members and their families.\n\nWe believe in giving back to help those in need in the communities where we live and work. And are equally committed to creating a healthier environment and planet through our sustainability efforts.\n\nJob Summary\n\nThe SeniorSolution Architect, D&T, MDM Admin supports software packaging and deployment in the organization to define, deliver and support D&T enabled business solutions. This role will also help support strategic direction, determine business needs and design & deliver technical solutions for application packaging, deployment and troubleshooting. This role has primary accountability for working on software packaging solutions including projects, system enhancement and production support in alignment with West D&T and company policies and procedures.\n\nWorking closely with the regional and global Digital and Transformation team, the role of the Manufacturing Network and Digital support site team is having responsibility for developing and efficiently operating all aspects of the site's infrastructure and End User devices in line with corporate guidelines and procedures. Performs duties in line with best Digital and Transformation practices and applicable regulatory requirements (i.e. cGMP, Computer System Validation, 21 CFR part 11 compliance). Leading the site's workload distribution and coordinating with other teams and local management.\n\nEssential Duties And Responsibilities\n\nProvide support for IT systems and End-Users in the facility, including, but not limited to: Shop Floor Systems (SFS), Manufacturing Execution Systems (MES), Enterprise resource planning (ERP), Virtual and Physical servers, LAN/WAN equipment, desktop computers and laptops, communication, and collaboration systems\nProblem determination and resolution through existing procedures but also identifying new ways to resolve unexpected problems\nSubject Matter Expert for local site support on all major and more complex Digital and Transformation technologies\nDriving and coordinating IT security for local site with support from corporate Subject Matter Expert\nCollaborate with the regional and global Digital and Transformation organization to maintain the service catalogue and Service level agreements in alignment with global / regional and site-specific IT services\nParticipate in local, regional, and global Digital and Transformation projects, coordinate roll-out of same on local site level and leading local Digital and Transformation projects\nPerforms other duties as assigned based on business needs/ Utilize and leverage Service Management tools for tracking of workloads\nProfessional attitude in maintaining a clean, orderly and safe work area\nExemplary behavior in IT security related topics\nParticipate in on-call support rotation\nConforms with and abides by all regulations, policies, work procedures, instruction, and all safety rules\nAct in accordance with the company's Guiding Principles and adherence to the corporate Code of Conduct\nCompliance to all local site Environmental, Health and Safety regulations\nCompliance to all local site company policies, procedures and corporate policies\nOther duties as assigned\n\nEducation\n\nBachelor's degree Computer Science, Information Systems, or other related field or equivalent experience.\n\nWork Experience\n\nMust have Jamf experience, packaging , policy management, MacOS, iOS, iPadOS, bash scripting\nMinimum 5 years of experience of IT support and / or IT operations, ideally in regulatory manufacturing environment required\n5-8 years of relevant work experience\nMin 5 years of experience of deployment and support and operations of Endpoints\nMust have Intune Expertise, Compliance, App protection, configuration, packaging, Windows and Android knowledge\nPrior work experience on Scripting basics (Powershell, VBscript etc)\nMust have SCCM Experience with Packaging\nMust have packaging experience with InstallShield and PowerShell Studio\n\nPreferred Knowledge, Skills And Abilities\n\nExcellent interpersonal skills and communication skills\nStrong service orientation\nOpen to change and prepared to drive change\nAbility to work on own initiative and to meet strict deadlines\nStrong project management and coordination skills\nExperiences in collaboration within international teams\nRequired Language: English\nHas advanced and specialized expertise, typically developed through a combination of job-related training and considerable on-the-job experience\nCompletes assignments and facilitates the work activities of others; may coordinate work beyond own area\nProposes improvements to processes\nActs as a lead, coordinating the work of others but is not a supervisor\nWorks autonomously within established procedures and practices\nAble to be aware of all relevant SOPs as per Company policy as they are related to the position covered by this Job Description\nSupport and contribute in Lean Sigma programs and activities towards delivery of the set target\nAble to comply with the company's safety policy at all times\nAble to comply with the company's quality policy at all times\nDesktop support incl. MS Office Suite; MS Windows Server administration; Network technologies/protocols and administration; Microsoft Active Directory\nExperience with Co-management, Auto-pilot, Hybrid Ad environment, Entra ID\n\nLicense and Certifications\n\nInformation TechnologyInformation Technology Infrastructure Library (ITIL) ITIL Foundation Certification preferred\n\nAdditional Requirements\n\n10% travel, including global travel.\nOccasional on-call work required.\nPrefer 12pm 9pm India time. Willingness to work outside of these hours as needed.\nAbility to work in a global and virtual environment and to effectively prioritize andexecute tasks in a high-pressure environment.\n\nWest is an equal opportunity employer and we value diversity at our company. We do not discriminate on the basis of race, religion, color, national origin, gender, sex, gender identity, sexual orientation, age, marital status, veteran status, or disability status. If you have a special need that requires accommodation in order to apply to West, please send an email to [HIDDEN TEXT] . Where permitted by law, an offer of employment with West Pharmaceutical Services, or any of its subsidiary or affiliate companies, is contingent upon the satisfactory completion of background screening and/or a pre-employment drug screening.",Login to check your skill match score,Permanent Job,"Entra ID, MS Windows Server administration, PowerShell Studio, Hybrid Ad environment, Network technologies protocols and administration, Jamf, Ms Office Suite, Installshield, Auto-pilot, Co-management, Powershell, Intune, Microsoft Active Directory, Bash Scripting, SCCM, Vbscript",2026-01-14 00:07:24
Data Engineer,Accenture services Pvt Ltd,3-5 Years,,"Navi Mumbai, Mumbai, India","Project Role : Data Engineer\n\nProject Role Description : Design, develop and maintain data solutions for data generation, collection, and processing. Create data pipelines, ensure data quality, and implement ETL (extract, transform and load) processes to migrate and deploy data across systems.\n\nMust have skills : Google BigQuery\n\nGood to have skills : NA\n\nMinimum 3 Year(s) Of Experience Is Required\n\nEducational Qualification : 15 years full time education\n\nSummary: As a Data Engineer, you will design, develop, and maintain data solutions that facilitate data generation, collection, and processing. Your typical day will involve creating data pipelines, ensuring data quality, and implementing ETL processes to effectively migrate and deploy data across various systems, contributing to the overall efficiency and reliability of data operations. Roles & Responsibilities: - Expected to perform independently and become an SME. - Required active participation/contribution in team discussions. - Contribute in providing solutions to work related problems. - Collaborate with cross-functional teams to understand data requirements and translate them into technical specifications. - Monitor and optimize data pipelines for performance and reliability. Professional & Technical Skills: - Must To Have Skills: Proficiency in Google BigQuery. - Strong understanding of data warehousing concepts and architecture. - Experience with SQL and data modeling techniques. - Familiarity with cloud platforms and services related to data engineering. - Knowledge of data governance and data quality best practices. Additional Information: - The candidate should have minimum 4 - 5 years of experience in Google BigQuery. - This position is based at our Mumbai office. - A 15 years full time education is required.",Login to check your skill match score,Permanent Job,"data modeling techniques, data governance and data quality best practices, Google BigQuery, data warehousing concepts and architecture, cloud platforms and services related to data engineering, Sql",2026-01-14 00:07:25
Data Engineer,Virtusa,3-6 Years,,"Bengaluru, India","Experience :3-6 yrs\n\nExperience in AWS services must like S3, Lambda , Airflow, Glue, Athena, Lake formation ,Step functions etc.\n\nExperience in programming in JAVA and Python.\n\nExperience performing data analysis (NOT DATA SCIENCE) on AWS platforms\n\nNice to have\n\nExperience in a Big Data technologies (Terradata, Snowflake, Spark, Redshift, Kafka, etc.)\n\nExperience with data management process on AWS is a huge Plus\n\nExperience in implementing complex ETL transformations on AWS using Glue.\n\nFamiliarity with relational database environment (Oracle, Teradata, etc.) leveraging databases, tables/views, stored procedures, agent jobs, etcExperience in AWS services must like S3, Lambda , Airflow, Glue, Athena, Lake formation ,Step functions etc.\n\nExperience in programming in AWS, Java and Python.\n\nShould have expertise in performing data analysis (NOT DATA SCIENCE) on AWS platforms\n\nExperience in Big Data technologies (Spark, Redshift, Kafka, etc.)",Login to check your skill match score,Permanent Job,"Airflow, Lake formation, relational database environment, Teradata, Step Functions, snowflake, Glue, ETL transformations, Athena, data management process, Java, S3, Terradata, Aws Services, Kafka, Redshift, Big Data Technologies, Lambda, Spark, Oracle, Python",2026-01-14 00:07:26
Data Engineer,Ericsson,2-4 Years,,"Noida, India","Join our Team\n\nAbout This Opportunity\n\nEricsson is a leading provider of telecommunications equipment and services to mobile and fixed network operators globally. With a strong focus on innovation and technology leadership, Ericsson enables the world to be connected in real time.\n\nWe are seeking a highly skilled and experienced Senior Solution Integrator to join our dynamic team at Ericsson, contributing to high-impact projects that support some of the world's largest telecom networks.\n\nWhat You Will Do\n\nHandling L2 Operations activities\nHandling Regular Maintenance activities.\nManaging stakeholder communication for ticket handling\nIncident & Change Management\nSupport of Application/Solution on high-volume network data, machine learning based analytics and automated problem resolution\nDebugging the operational issues.\nCustomer Communication\nIncident, Problem & Change Management\nTo adhere the Operational SLAs\nShould be willing to work in a 24x7 Support setup.\n\nThe Skills You Bring\n\n2+ years of Experience in Operations support in Google Kubernetes Engine, ArgoFlow, Kafka, Spark, Google Cloud Logging and Monitoring\nStrong skills in Linux\nExposure to messaging systems such as Kafka.\nExposure to cloud deployment models such as Kubernetes Strong Service Delivery Orientation\nGoogle Cloud Logging and Monitoring\nExperience in GCP FinOps and cost optimization\n\nWhy join Ericsson\n\nAt Ericsson, youll have an outstanding opportunity. The chance to use your skills and imagination to push the boundaries of whats possible. To build solutions never seen before to some of the world's toughest problems. Youll be challenged, but you won't be alone. Youll be joining a team of diverse innovators, all driven to go beyond the status quo to craft what comes next.\n\nWhat happens once you apply\n\nClick Here to find all you need to know about what our typical hiring process looks like.\n\nEncouraging a diverse and inclusive organization is core to our values at Ericsson, that's why we champion it in everything we do. We truly believe that by collaborating with people with different experiences we drive innovation, which is essential for our future growth. We encourage people from all backgrounds to apply and realize their full potential as part of our Ericsson team. Ericsson is proud to be an Equal Opportunity Employer. learn more.\n\nPrimary country and city: India (IN) || Noida\n\nReq ID: 778732",Login to check your skill match score,Permanent Job,"Google Cloud Logging and Monitoring, Cost Optimization, ArgoFlow, Google Kubernetes Engine, GCP FinOps, Linux, Spark, Kafka",2026-01-14 00:07:27
Data Engineer,Velodata Global Pvt Ltd,7-9 Years,,"India, Cochin / Kochi / Ernakulam","Job Title: Senior Data Engineer / ETL Developer Azure Data Factory\nWork Mode: Remote\nWork Timings: Qatar Time | Sunday Thursday | 9:30 AM 5:30 PM\nSalary: 2,00,000 per month\nDomain: Banking & Financial Services\nMandatory Technical Skills\nAzure Data Factory (ADF) Advanced\nOracle SQL / PL-SQL Advanced\nT-SQL & Stored Procedures Advanced\nBanking Domain Experience Advanced\nData Warehousing Concepts Advanced\nData Modeling Intermediate\nPreferred Experience\n7+ years of experience as a Data Engineer / ETL Developer\n3+ years of hands-on experience with Azure Data Factory\n3+ years of experience in the Banking domain\nStrong expertise in building ADF pipelines and data flows\nSolid understanding of enterprise data warehousing architecture\nHands-on experience with CI/CD for Azure Data Factory using Azure DevOps\nKey Responsibilities\nCollaborate closely with Data Analysts and business stakeholders to understand data requirements and design a scalable, sustainable enterprise data warehouse\nDesign, develop, and maintain enterprise data warehouse models and frameworks\nBuild and manage ETL pipelines sourcing data from multiple internal and external systems, including:\nStructured data\nUnstructured data\nAPIs\nJSON files\nStreaming data sources\nTranslate business requirements into target data models and ETL solutions\nDevelop optimized and high-performance data pipelines for efficient data extraction, transformation, and loading\nAnalyze existing data solutions and enhance or replace them with improved architectures\nImplement, manage, and maintain CI/CD pipelines for Azure Data Factory using Azure DevOps\nAdditional Notes\nRole follows Qatar calendar and holidays\nIdeal for candidates experienced in banking data platforms and enterprise-scale data solutions\nLong-term, stable remote engagement",Login to check your skill match score,Permanent Job,"Banking Domain Experience, Oracle SQL PL-SQL, CI CD for Azure Data Factory using Azure DevOps, T-SQL Stored Procedures, Azure Data Factory ADF, Data Modeling, Data Warehousing Concepts",2026-01-14 00:07:28
Data Engineer,Tata Consultancy Services,5-8 Years,INR 6.6 - 9.7 LPA,"Chennai, India","Locations: Chennai\nExperience: 5-8 Years\nRole:Data Engineer\nMust-Have:\nExperience with AWS cloud data platform services: EC2, EMR, RDS, Redshift, Glue\nExperience with object-oriented scripting languages: Python, Pyspark\nExperience with data pipeline and workflow management tools like Airflow.\nExperience with relational SQL and NoSQL databases, including MongoDB.\nExperience with stream-processing systems\nSpark-Streaming, Kinesis etc.\nExperience with frameworks like Iceberg and Delta Tables.\nResponsibility:\nExperience building and optimizing ETL data pipelines to ingest, transform and load the datasets. Advanced working SQL knowledge and experience working with relational databases, query authoring (SQL) as well as working familiarity with a variety of databases.\nExperience performing root cause analysis on internal and external data and processes to answer specific business questions and identify opportunities for improvement.\nBuild processes supporting data transformation, data structures, metadata, data quality and workload management.\nExperience in processing and extracting value from large datasets.",Login to check your skill match score,Permanent Job,"AWS cloud data platform services, Airflow, stream-processing systems, NoSQL databases, relational SQL, Delta Tables, Iceberg, Glue, Spark-Streaming, Pyspark, RDS, Emr, Redshift, Ec2, Kinesis, MongoDB, Python",2026-01-14 00:07:29
Data Engineer,Tata Consultancy Services,5-8 Years,INR 6.6 - 9.7 LPA,"Chennai, India","Locations: Chennai\nExperience: 5-8 Years\nRole:Data Engineer\nMust-Have:\nExperience with AWS cloud data platform services: EC2, EMR, RDS, Redshift, Glue\nExperience with object-oriented scripting languages: Python, Pyspark\nExperience with data pipeline and workflow management tools like Airflow.\nExperience with relational SQL and NoSQL databases, including MongoDB.\nExperience with stream-processing systems\nSpark-Streaming, Kinesis etc.\nExperience with frameworks like Iceberg and Delta Tables.\nResponsibility:\nExperience building and optimizing ETL data pipelines to ingest, transform and load the datasets. Advanced working SQL knowledge and experience working with relational databases, query authoring (SQL) as well as working familiarity with a variety of databases.\nExperience performing root cause analysis on internal and external data and processes to answer specific business questions and identify opportunities for improvement.\nBuild processes supporting data transformation, data structures, metadata, data quality and workload management.\nExperience in processing and extracting value from large datasets.",Login to check your skill match score,Permanent Job,"AWS cloud data platform services, Airflow, stream-processing systems, NoSQL databases, relational SQL, Delta Tables, Iceberg, Glue, Spark-Streaming, Pyspark, RDS, Emr, Redshift, Ec2, Kinesis, MongoDB, Python",2026-01-14 00:07:30
Design Architect,Atelier Astil,2-5 Years,,"Bengaluru, India","About the company\nAtelier Astil is an Architecture and Interior Design Firm , with our passionate and talented team who create Fresh and Premium spaces for our unique commercial projects and retail spaces as well as Premium Villas We love design and make sure we take a holistic approach to each space so we can incorporate two main things - Function and Aesthetic . Our team is tight knit young and energized to incorporate the most ambitious designs .\nAbout the job\nThis is a full-time on-site role for a Senior Architect at Atelier Astil, located in Bengaluru.(Opp Ulsoor Lakse ) The Senior Architect will be responsible for day-to-day architectural tasks including architectural design, software development, integration, and project management through all phases from initiation to completion.\nKey Responsibilities: Startup Energy - Young creative minds here to make a difference\nDesign & Development\nLead the design and development of architectural projects, ensuring alignment with client requirements and project goals.\nCreate and present detailed architectural plans, drawings, and 3D models using industry-standard tools.\nOversee the selection of materials, finishes, and sustainable design solutions.\nMaintain the highest standards in design quality and innovation.\nProject Management\nManage the end-to-end lifecycle of projects, from concept to completion.\nDevelop project timelines, budgets, and deliverables, ensuring on-time and on-budget completion.\nCoordinate with contractors, consultants, and other stakeholders to address project challenges effectively.\nTeam Leadership\nMentor and guide junior architects and design teams, fostering a collaborative and growth-oriented environment.\nReview and approve designs, drawings, and construction documents prepared by team members.\nLead workshops, brainstorming sessions, and client meetings to drive project success.\nCompliance & Standards\nEnsure all designs and projects comply with local building codes, safety regulations, and environmental standards.\nStay updated on industry advancements and integrate best practices into projects.\nQualifications:\n2-5 years of Experience as Design Architecture & interior Design\nBachelor's degree in architecture/interior design\nStrong organizational, creative and presentation skills\nProficient in AutoCAD , Photoshop , Sketchup, Revit ,Vray, Detailing drawing, BOQ,\nInstagram link : https://www.instagram.com/atelierastiligsh=MWcydnZhaWM5bTlraw==",Login to check your skill match score,Permanent Job,"Boq, Detailing, Drawing, Autocad, Revit, Photoshop, Vray, Sketchup",2026-01-14 00:07:31
Data Engineer-1,"Prodege, LLC",3-5 Years,,"Itanagar, India","Job Description\n\nStrategic Imperative:\n\nThe Data Engineer will play a critical role in building and maintaining the data infrastructure that powers analytics, reporting, and machine learning initiatives across the company. This role bridges the gap between raw data and actionable insights by ensuring data pipelines are reliable, scalable, and optimized for performance. The Data Engineer will partner with data scientists, analysts, and product teams to deliver high-quality, well-structured data that supports decision-making and drives business growth.\n\nProdege\n\nA cutting-edge marketing and consumer insights platform, Prodege has charted a course of innovation in the evolving technology landscape by helping leading brands, marketers, and agencies uncover the answers to their business questions, acquire new customers, increase revenue, and drive brand loyalty & product adoption. Bolstered by a major investment by Great Hill Partners in Q4 2021 and strategic acquisitions of Pollfish, BitBurst & AdGate Media in 2022, Prodege looks forward to more growth and innovation to empower our partners to gather meaningful, rich insights and better market to their target audiences.\n\nAs an organization, we go the extra mile to Create Rewarding Moments every day for our partners, consumers, and team. Come join us today!\n\nPrimary Objectives\n\nDesign, develop, and maintain scalable data pipelines and ETL processes.\nEnsure data quality, integrity, and availability for analytics and reporting.\nCollaborate with cross-functional teams to understand data needs and deliver solutions.\nOptimize performance of databases and data workflows for efficiency and scalability.\nImplement best practices for data governance, security, and compliance.\nSupport data scientists and analysts by providing clean, well-structured data sets.\nMonitor and troubleshoot data pipeline issues to minimize downtime.\n\nQualifications - To perform this job successfully, an individual must be able to perform each job duty satisfactorily. The requirements listed below are representative of the knowledge, skill, and/or ability required. Reasonable accommodations may be made to enable individuals with disabilities to perform the essential functions.\n\nDetailed Job Duties\n\nBuild, manage, and improve data pipelines to support analytics, business intelligence, and machine learning initiatives.\nExtract, transform, and load (ETL) data from multiple sources into cloud-based data warehouses (e.g., Snowflake, Redshift, BigQuery).\nImplement data models and database structures to ensure scalability and high performance.\nCollaborate with stakeholders to define requirements for data architecture and reporting needs.\nEnsure data accuracy through testing, validation, and ongoing monitoring processes.\nOptimize SQL queries, ETL jobs, and data flows for performance and cost-effectiveness.\nMaintain compliance with data security, privacy regulations, and governance policies.\nDocument processes, workflows, and architecture to ensure transparency and knowledge sharing.\nIdentify and implement automation opportunities to streamline data operations.\nTroubleshoot and resolve production issues quickly to maintain consistent data availability.\n\nWhat does SUCCESS look like\n\nSuccess in this role means delivering reliable and efficient data pipelines that empower teams with accurate, timely, and accessible data. The organization will benefit from improved decision-making, enhanced analytics capabilities, and seamless integration of data sources into business processes. The Data Engineer will be recognized for enabling scalable data operations and contributing to the company's overall data strategy.\n\nThe MUST Haves\n\nBachelor's degree in Computer Science, Engineering, or a related technical field.\nThree or more (3 +) years of experience as a Data Engineer or in a similar role.\nStrong proficiency in SQL and data modeling principles.\nHands-on experience with cloud platforms such as AWS, GCP, or Azure.\nProficiency with ETL tools and frameworks (e.g., dbt, Airflow, or similar).\nExperience with programming languages such as Python or Scala for data engineering tasks.\nKnowledge of data warehousing concepts and technologies.\nUnderstanding of data security, privacy, and governance practices.\nStrong problem-solving, troubleshooting, and analytical skills.\nExcellent communication and collaboration abilities.\n\nThe Nice To Haves\n\nMaster's degree in Data Engineering, Computer Science, or a related field.\nExperience with real-time data processing tools (e.g., Kafka, Spark Streaming).\nKnowledge of containerization and orchestration (Docker, Kubernetes).\nFamiliarity with machine learning pipelines and integration.\nExperience with data cataloging and lineage tools.\nCertifications in cloud platforms or data engineering specialties.",Market Research,Permanent Job,"Data Warehousing Concepts, Sql",2026-01-14 00:07:32
Salesforce Technical Architect,Pure Storage,10-12 Years,,"Bengaluru, India","We're in an unbelievably exciting area of tech and are fundamentally reshaping the data storage industry. Here, you lead with innovative thinking, grow along with us, and join the smartest team in the industry.\n\nThis type of workwork that changes the worldis what the tech industry was founded on. So, if you're ready to seize the endless opportunities and leave your mark, come join us.\n\nOverview\n\nWe are seeking an exceptionally skilled and seasoned Salesforce Technical Architect to provide strategic technical leadership for our enterprise level initiatives, particularly within the Go To Market domain. In this critical role, you will be instrumental in defining, designing, and guiding the implementation of highly scalable, secure, and robust Salesforce solutions across various clouds. You will serve as a principal technical authority, mentoring development teams and shaping our long term architectural vision and roadmap. If you are a visionary architect who thrives on solving complex business problems with cutting edge Salesforce technologies and aspire to be a role model, this opportunity is for you.\n\nWhat You'll Do\n\nArchitectural Vision & Strategy: Lead the definition and evolution of our enterprise Salesforce architecture, crafting a strategic vision and roadmap that aligns with business objectives and leverages the full potential of the Salesforce platform and its products covering Lead To Cash(including Sales Cloud, CPQ, Community Cloud).\nSolution Design: Design comprehensive, end to end technical solutions for complex cross functional projects and enterprise programs. This includes detailed architectural blueprints, data models, integration strategies, and technical specifications, ensuring scalability, performance, and maintainability.\nTechnical Leadership & Mentorship: Provide expert technical guidance and instruction to Salesforce development teams, ensuring adherence to architectural best practices, coding standards, and solution integrity.\nProof of Concept & Innovation: Drive innovation by conceptualizing and developing Proofs of Concept (POCs) to evaluate new Salesforce features, third-party integrations, or custom solutions, effectively demonstrating their value and feasibility to stakeholders.\nPlanning: Collaborate closely with product owners and development teams to understand user stories, assess technical complexity, and provide accurate, effort-based estimates for large scale initiatives.\nPlatform Expertise : Stay informed about current Salesforce releases, new features, product roadmaps, and industry best practices. Act as a subject matter expert, advocating for strategic platform enhancements and optimal architectural patterns.\nArchitectural Governance: Establish and enforce architectural governance, design principles, and technical standards. Conduct comprehensive design reviews and provide oversight to ensure solution quality, security, and adherence to enterprise architecture.\nTechnical Debt Management: Proactively identify, analyze, and propose strategies for managing and reducing technical debt within the Salesforce ecosystem.\n\nRequirements\n\nEducation: Bachelor's or Master's degree in Computer Science, Information Technology, or a related engineering field from a top-tier university.\nExperience: 10+ years of extensive experience in the Salesforce ecosystem, with a proven track record of full lifecycle Salesforce implementation, design, and architecture for enterprise-grade solutions.\nSalesforce Certifications: Salesforce Certified Technical Architect (CTA) or actively on the CTA path, demonstrating a comprehensive understanding of Salesforce architecture. Additional certifications such as Application Architect, System Architect, Sales Cloud Consultant, CPQ Specialist, and Integration Architecture Designer are highly desirable.\nDeep Salesforce Product Expertise: Profound functional and technical understanding of multiple Salesforce Clouds, including Sales Cloud, CPQ, Communities, and Quote-to-Cash processes (especially in SaaS and recurring revenue models)\nIntegration Acumen: Extensive experience designing and implementing complex integrations between Salesforce and 3rd party applications using various integration patterns (SOAP/REST API, Platform Events, Middleware like Boomi).\nHands On Experience: Strong understanding of Salesforce platform and it's capabilities including hands on experience for custom development, including Apex, Visualforce, Lightning Web Components (LWCs), and Aura components.\nArchitectural Principles: Expertise in designing for scalability, performance, security, and maintainability on the Salesforce platform, including knowledge of architectural patterns (e.g., microservices, event-driven architectures) and data migration strategies.\nAgile & DevOps: Expert level understanding and practical application of Agile/Scrum methodologies, with experience driving architectural decisions within an agile development framework. Familiarity with CI/CD pipelines and DevOps practices for Salesforce deployments is a plus.\nLeadership & Mentorship: Demonstrated leadership capabilities with a strong ability to mentor, guide, and influence technical teams and stakeholders.\nCommunication & Presentation: Exceptional oral and written communication, negotiation, and presentation skills, with the ability to effectively articulate complex technical concepts and strategic recommendations to both technical and non technical audiences.\nIndependent & Strategic Thinking: Proven ability to work autonomously, make critical architectural decisions, and drive strategic initiatives with minimal supervision, demonstrating thought leadership and proactive problem-solving.\n\nWhat You Can Expect From Us\n\nPure Innovation: We celebrate those who think critically, like a challenge and aspire to be trailblazers.\nPure Growth: We give you the space and support to grow along with us and to contribute to something meaningful. We have been Named Fortune's Best Large Workplaces in the Bay Area, Fortune's Best Workplaces for Millennials and certified as a Great Place to Work!\nPure Team: We build each other up and set aside ego for the greater good.\n\nAnd because we understand the value of bringing your full and best self to work, we offer a variety of perks to manage a healthy balance, including flexible time off, wellness resources and company-sponsored team events. Check out purebenefits.com for more information.\n\nAccommodations And Accessibility\n\nCandidates with disabilities may request accommodations for all aspects of our hiring process. For more on this, contact us at [HIDDEN TEXT] if you're invited to an interview.\n\nOur Commitment To a Strong And Inclusive Team\n\nWe're forging a future where everyone finds their rightful place and where every voice matters. Where uniqueness isn't just accepted but embraced. That's why we are committed to fostering the growth and development of every person, cultivating a sense of community through our Employee Resource Groups and advocating for inclusive leadership.\n\nPure is proud to be an equal opportunity and affirmative action employer. We do not discriminate based upon race, religion, color, national origin, sex (including pregnancy, childbirth, or related medical conditions), sexual orientation, gender, gender identity, gender expression, transgender status, sexual stereotypes, age, status as a protected veteran, status as an individual with a disability, or any other characteristic legally protected by the laws of the jurisdiction in which you are being considered for hire.\n\nJOIN US AND BRING YOUR BEST.\n\nBRING YOUR BOLD.\n\nBRING YOUR FLASH.",Login to check your skill match score,Permanent Job,"Agile Scrum methodologies, DevOps practices, Platform Events, Aura components, Salesforce Technical Architect, Salesforce architecture, Cpq, Soap, Rest Api, Visualforce, Sales Cloud, APEX, Community Cloud",2026-01-14 00:07:33
Data Modeler,EXL,Fresher,,"Gurugram, Gurugram, India","Primary Objective\n\nDesign and implement standardized, modular data models that can be adapted across multiple Operating Entities (OEs) at client, leveraging best practices from various modeling methodologies (Data Vault, Kimball, etc.) to deliver curated, reusable data products for business use cases.\n\nKey Responsibilities\n\nData Modeling Strategy - Develop and maintain enterprise-level data modeling standards based on Data Vault 2.0 principles. Harmonize methodologies (Data Vault, Kimball, Inmon) to create a unified modeling approach.\nReusable Model Design - Create off-the-shelf data model templates that can be customized for different OEs. Ensure scalability and flexibility for diverse business domains.\nData Product Development - Design curated datasets (data products) for specific analytical and operational use cases. Collaborate with business stakeholders to define requirements and ensure alignment with data governance.\nArchitecture & Integration - Work closely with data engineers and solution architects to implement models in cloud/on-prem platforms. Ensure integration with existing data pipelines, ETL/ELT processes, and BI tools.\nGovernance & Standards - Establish metadata management, lineage tracking, and documentation standards. Promote data quality, consistency, and compliance across all OEs.",Login to check your skill match score,Permanent Job,"Inmon, kimball, Data Vault 2.0, Bi Tools, Etl, ELT",2026-01-14 00:07:34
Data Modeler,Tata Consultancy Services,6-12 Years,,"Chennai, India","Job Title: Data Modeler\nLocation: Pan India\nYear of Experience- 6 to 12 years\nKey Responsibilities:\n1. Data Modeling & Design\nDevelop conceptual, logical, and physical data models for the Wholesale Lending domain/ applications/ platforms (e.g., Loans, Credit Facilities, Collateral, Exposure, Covenants, Customers, and Accounts).\n2. Business Alignment & Data Domain Enablement\nTranslate complex business requirements into data model structures that align with domain-driven design principles.\n3. Technical Implementation Support\nWork with Data Engineers to ensure models are implemented accurately in data warehouses / data lakes / data mesh environments (e.g., Snowflake, Databricks, Teradata).\n4. Data Governance & Quality\nContribute to the data catalog, metadata management, and lineage documentation (e.g., using Collibra, Alation, Atlan, or Informatica EDC).\n5. Continuous Improvement & Innovation\nRecommend opportunities for model optimization, standardization, and reusability across domains (Retail, Treasury, Risk).\nRequired Skills & Qualifications:\nTechnical Skills\nStrong expertise in data modeling tools (e.g., ER/Studio, ERwin, PowerDesigner).\nDeep understanding of relational, dimensional, and data vault modeling.\nExperience with cloud data platforms (Snowflake, Azure Synapse, GCP BigQuery, AWS Redshift, Databricks).\nStrong knowledge of SQL, PL/SQL, proficiency and ability to review data mappings.\nFamiliarity with data governance tools (Collibra, Alation, Informatica, Atlan).\nUnderstanding of metadata management, lineage, and cataloging principles.",Login to check your skill match score,Permanent Job,"powerdesigner, Alation, Atlan, snowflake, GCP BigQuery, Erwin, Data Modeling, Aws Redshift, Collibra, Pl Sql, Informatica, Sql, Azure Synapse, Databricks, Er Studio",2026-01-14 00:07:35
Data Architect,Accenture services Pvt Ltd,18-20 Years,,"Bengaluru, India","Project Role : Data Architect\n\nProject Role Description : Define the data requirements and structure for the application. Model and design the application data structure, storage and integration.\n\nMust have skills : Data Architecture Principles\n\nGood to have skills : NA\n\nMinimum 18 Year(s) Of Experience Is Required\n\nEducational Qualification : 15 years full time education\n\nSummary: As a Data Architect, you will define the data requirements and structure for the application. Your typical day will involve modeling and designing the application data structure, storage, and integration, ensuring that the data architecture aligns with business objectives and supports efficient data management practices. You will collaborate with various teams to understand their data needs and provide innovative solutions to enhance data accessibility and usability. Roles & Responsibilities: - Expected to be a Subject Matter Expert with deep knowledge and experience. - Should have influencing and advisory skills. - Engage with multiple teams and be responsible for team decisions. - Expected to provide solutions to problems that apply across multiple teams and provide solutions to business area problems. - Facilitate workshops and discussions to gather requirements and ensure alignment among stakeholders. - Experience in E2E implementation of at least 2 Talent Acquisition solutions as Data Architect Professional & Technical Skills: - Must To Have Skills: Proficiency in Data Architecture Principles. - Strong understanding of data modeling techniques and best practices. - Experience with data integration tools and methodologies. - Knowledge of database management systems and data storage solutions. - Familiarity with cloud-based data architecture and services. Additional Information: - The candidate should have minimum 18 years of experience in Data Architecture Principles. - This position is based at our Bengaluru office. - A 15 years full time education is required.",Login to check your skill match score,Permanent Job,"data storage solutions, Data Architecture Principles, data modeling techniques, cloud-based data architecture and services, data integration tools and methodologies, Database Management Systems",2026-01-15 01:34:26
Data Architect,Akkodis,Fresher,,"Bengaluru, India","Responsibilities:\nProven experience as a Data Warehouse Architect, designing and implementing highly available and scalable data warehouse solutions that can handle large volumes of data and concurrent user queries.\nExpertise in designing and implementing data warehouses using Azure services, particularly Azure Synapse Analytics.\nProficient in ETL processes, data modeling, and data integration techniques.\nStrong understanding of data security, compliance, and data governance principles.\nVery strong development skills across Data Bricks, Azure Synapse, ADF, Azure SQL DB.\nCloud - Azure experience required, DevOps and CI/CD experience required.\nSolid understanding of the application infrastructure across the enterprise Data Warehouse.\nManaged Care Healthcare experience required.",Login to check your skill match score,Permanent Job,"ETL processes, data integration techniques, Azure SQL DB, CI CD, Data Bricks, Devops, Azure Synapse Analytics, Data Modeling",2026-01-16 02:56:20
Data Architect - MDM,DATAECONOMY,10-12 Years,,"Pune, India","Job Title: Associate Data Architect Master Data Management (MDM)\n\nLocation:\n\nPune - Hybrid\n\nExperience:\n\n10+ years of experience in Data Architecture, Data Engineering/Integration with strong exposure into Data Modelling and Database (RDBMS) Management.\n\nAbout The Role\n\nWe are seeking an Associate Data/Database Architect to join our core product architecture team building an enterprise-grade, multi-domain Master Data Management (MDM) product platform.\n\nYou will play a key role in optimizing and extending the MDM data model, implementing efficient data ingestion and entity resolution mechanisms, and ensuring the system supports multiple domains such as Party (Individual/Organization), Product, Location, Policy, and Relationship in a cloud-native and scalable manner.\n\nKey Responsibilities\n\nData Modeling & Architecture\n\nEnhance and extend the existing Party-based data model into a multi-domain MDM schema (Party, Product, Location, Relationship, Policy, etc.).\nDesign and maintain canonical data models and staging-to-core mappings for multiple source systems.\nImplement auditability, lineage, and soft-delete frameworks within the MDM data model.\nContribute to the creation of golden records, trust scores, match/merge logic, and data survivorship rules.\nEnsure the model supports real-time and batch data mastering across multiple domains.\n\nData Engineering & Integration\n\nHelp support to optimize data ingestion and ETL/ELT pipeline using Python, PySpark, SQL, and/or Informatica (or equivalent tools).\nDesign and implement data validation, profiling, and quality checks to ensure consistent master data.\nWork on data harmonization, schema mapping, and standardization across multiple source systems.\nHelp build efficient ETL mappings from canonical staging layers to MDM core data models in PostgreSQL.\nDevelop REST APIs or streaming pipelines (Kafka/Spark) for real-time data processing and entity resolution.\n\nCloud & Platform Engineering\n\nImplement and optimize data pipelines on AWS or Azure using native services (e.g., AWS Glue, Lambda, S3, Redshift, Azure Data Factory, Synapse, Data Lake).\nDeploy and manage data pipelines and databases following cloud-native, cost-effective, and scalable design principles.\nCollaborate with DevOps teams for CI/CD, infrastructure-as-code, data pipeline and database deployment/migration automation.\n\nGovernance, Security & Compliance\n\nImplement data lineage, versioning, and stewardship processes.\nEnsure compliance with data privacy and security standards (GDPR, HIPAA, etc.).\nPartner with Data Governance teams to define data ownership, data standards, and stewardship workflows.\n\nRequirements\n\nTechnical Skills Required\n\nCore Skills\n\nData Modelling: Expert-level in Relational (3NF) and Dimensional (Star/Snowflake) modelling; hands-on in Party data model, multi-domain MDM, and canonical models.\nDatabase: PostgreSQL (preferred), or any enterprise RDBMS.\nER Modelling Tool Erwin/ERStudio, Database Markup Language (DBML).\nETL / Data Integration: Informatica, Python, PySpark, SQL, or similar tools.\nCloud Platforms: AWS or Azure.\nProgramming: Advanced SQL, Python, PySpark, and/or UNIX/Linux scripting.\nData Quality & Governance: Familiarity with data quality rules, profiling, match/merge, and entity resolution.\nDevOps - Version Control & CI/CD: Git, Azure DevOps, Jenkins, Terraform, Redgate Flyway (preferred)\n\nDatabase Design & Optimization (PostgreSQL)\n\nDesign and maintain normalized and denormalized models using advanced features (schemas, partitions, views, CTEs, JSONB, arrays).\nBuild and optimize complex SQL queries, materialized views, and data marts for performance and scalability.\nTune RDBMS (PostgreSQL) performance indexes, query plans, vacuum/analyze, statistics, parallelism, and connection management.\nLeverage RDBMS (PostgreSQL) extensions such as:\npg_trgm for fuzzy matching and probabilistic search.\nfuzzystrmatch, pg_vector for semantic similarity and name matching.\nhstore, jsonb for flexible attribute storage.\nImplement RBAC, row-level security, partitioning, and logical replication for scalable MDM deployment.\nWork with stored procedures, functions, and triggers for data quality checks and lineage automation.\nImplement HA/DR, backup/restore, database-level encryption (at-rest, in-transit), column-level encryption for PII/PHI data.\nGood to Have\n\nKnowledge of Master Data Management (MDM) - Customer, Product etc.\nExperience with graph databases like Neo4j for relationship and lineage tracking.\nKnowledge of probabilistic and deterministic matching, ML-based entity resolution, or AI-driven data mastering.\nExperience in data cataloging, data lineage tools, or metadata management platforms.\nFamiliarity with data security frameworks and Well-Architected Framework principles.\n\nSoft Skills\n\nStrong analytical, conceptual and problem-solving skills.\nAbility to collaborate in a cross-functional, agile environment.\nExcellent communication and documentation skills.\nSelf-driven, proactive, and capable of working with minimal supervision.\nStrong desire to innovate and build scalable, reusable data frameworks.\n\nEducation\n\nBachelor's or master's degree in computer science, Information Technology, or related discipline.\nCertifications in AWS/Azure, Informatica, or Data Architecture are a plus.\n\nBenefits\n\nWhy Join Us\n\nBe part of a cutting-edge MDM product initiative blending data architecture, engineering, AI/ML, and cloud-native design.\nOpportunity to shape the next-generation data mastering framework for multiple industry domains.\nGain deep exposure to data mastering, lineage, probabilistic search, and graph-based relationship management.\nCompetitive compensation, flexible working and a technology-driven culture.",Login to check your skill match score,Permanent Job,"Flyway, redgate, Data Modelling, Pyspark, PostgreSQL, Informatica, Sql, Jenkins, Git, Terraform, Azure, Python, Azure DevOps, Etl, AWS",2026-01-16 02:56:21
Data Architect - MDM,DATAECONOMY,10-12 Years,,"Pune, India","Job Title: Associate Data Architect Master Data Management (MDM)\n\nLocation:\n\nPune - Hybrid\n\nExperience:\n\n10+ years of experience in Data Architecture, Data Engineering/Integration with strong exposure into Data Modelling and Database (RDBMS) Management.\n\nAbout The Role\n\nWe are seeking an Associate Data/Database Architect to join our core product architecture team building an enterprise-grade, multi-domain Master Data Management (MDM) product platform.\n\nYou will play a key role in optimizing and extending the MDM data model, implementing efficient data ingestion and entity resolution mechanisms, and ensuring the system supports multiple domains such as Party (Individual/Organization), Product, Location, Policy, and Relationship in a cloud-native and scalable manner.\n\nKey Responsibilities\n\nData Modeling & Architecture\n\nEnhance and extend the existing Party-based data model into a multi-domain MDM schema (Party, Product, Location, Relationship, Policy, etc.).\nDesign and maintain canonical data models and staging-to-core mappings for multiple source systems.\nImplement auditability, lineage, and soft-delete frameworks within the MDM data model.\nContribute to the creation of golden records, trust scores, match/merge logic, and data survivorship rules.\nEnsure the model supports real-time and batch data mastering across multiple domains.\n\nData Engineering & Integration\n\nHelp support to optimize data ingestion and ETL/ELT pipeline using Python, PySpark, SQL, and/or Informatica (or equivalent tools).\nDesign and implement data validation, profiling, and quality checks to ensure consistent master data.\nWork on data harmonization, schema mapping, and standardization across multiple source systems.\nHelp build efficient ETL mappings from canonical staging layers to MDM core data models in PostgreSQL.\nDevelop REST APIs or streaming pipelines (Kafka/Spark) for real-time data processing and entity resolution.\n\nCloud & Platform Engineering\n\nImplement and optimize data pipelines on AWS or Azure using native services (e.g., AWS Glue, Lambda, S3, Redshift, Azure Data Factory, Synapse, Data Lake).\nDeploy and manage data pipelines and databases following cloud-native, cost-effective, and scalable design principles.\nCollaborate with DevOps teams for CI/CD, infrastructure-as-code, data pipeline and database deployment/migration automation.\n\nGovernance, Security & Compliance\n\nImplement data lineage, versioning, and stewardship processes.\nEnsure compliance with data privacy and security standards (GDPR, HIPAA, etc.).\nPartner with Data Governance teams to define data ownership, data standards, and stewardship workflows.\n\nRequirements\n\nTechnical Skills Required\n\nCore Skills\n\nData Modelling: Expert-level in Relational (3NF) and Dimensional (Star/Snowflake) modelling; hands-on in Party data model, multi-domain MDM, and canonical models.\nDatabase: PostgreSQL (preferred), or any enterprise RDBMS.\nER Modelling Tool Erwin/ERStudio, Database Markup Language (DBML).\nETL / Data Integration: Informatica, Python, PySpark, SQL, or similar tools.\nCloud Platforms: AWS or Azure.\nProgramming: Advanced SQL, Python, PySpark, and/or UNIX/Linux scripting.\nData Quality & Governance: Familiarity with data quality rules, profiling, match/merge, and entity resolution.\nDevOps - Version Control & CI/CD: Git, Azure DevOps, Jenkins, Terraform, Redgate Flyway (preferred)\n\nDatabase Design & Optimization (PostgreSQL)\n\nDesign and maintain normalized and denormalized models using advanced features (schemas, partitions, views, CTEs, JSONB, arrays).\nBuild and optimize complex SQL queries, materialized views, and data marts for performance and scalability.\nTune RDBMS (PostgreSQL) performance indexes, query plans, vacuum/analyze, statistics, parallelism, and connection management.\nLeverage RDBMS (PostgreSQL) extensions such as:\npg_trgm for fuzzy matching and probabilistic search.\nfuzzystrmatch, pg_vector for semantic similarity and name matching.\nhstore, jsonb for flexible attribute storage.\nImplement RBAC, row-level security, partitioning, and logical replication for scalable MDM deployment.\nWork with stored procedures, functions, and triggers for data quality checks and lineage automation.\nImplement HA/DR, backup/restore, database-level encryption (at-rest, in-transit), column-level encryption for PII/PHI data.\nGood to Have\n\nKnowledge of Master Data Management (MDM) - Customer, Product etc.\nExperience with graph databases like Neo4j for relationship and lineage tracking.\nKnowledge of probabilistic and deterministic matching, ML-based entity resolution, or AI-driven data mastering.\nExperience in data cataloging, data lineage tools, or metadata management platforms.\nFamiliarity with data security frameworks and Well-Architected Framework principles.\n\nSoft Skills\n\nStrong analytical, conceptual and problem-solving skills.\nAbility to collaborate in a cross-functional, agile environment.\nExcellent communication and documentation skills.\nSelf-driven, proactive, and capable of working with minimal supervision.\nStrong desire to innovate and build scalable, reusable data frameworks.\n\nEducation\n\nBachelor's or master's degree in computer science, Information Technology, or related discipline.\nCertifications in AWS/Azure, Informatica, or Data Architecture are a plus.\n\nBenefits\n\nWhy Join Us\n\nBe part of a cutting-edge MDM product initiative blending data architecture, engineering, AI/ML, and cloud-native design.\nOpportunity to shape the next-generation data mastering framework for multiple industry domains.\nGain deep exposure to data mastering, lineage, probabilistic search, and graph-based relationship management.\nCompetitive compensation, flexible working and a technology-driven culture.",Login to check your skill match score,Permanent Job,"Flyway, redgate, Data Modelling, Pyspark, PostgreSQL, Informatica, Sql, Jenkins, Git, Terraform, Azure, Python, Azure DevOps, Etl, AWS",2026-01-16 02:56:22
Dremio Lakehouse Data Architect,CG-VAK Software & Exports Ltd.,5-7 Years,,"Hyderabad, India","Role & Responsibilities\n\nYou will be responsible for architecting, implementing, and optimizing Dremio-based data lakehouse environments integrated with cloud storage, BI, and data engineering ecosystems. The role requires a strong balance of architecture design, data modeling, query optimization, and governance enablement in large-scale analytical environments.\n\nDesign and implement Dremio lakehouse architecture on cloud (AWS/Azure/Snowflake/Databricks ecosystem).\nDefine data ingestion, curation, and semantic modeling strategies to support analytics and AI workloads.\nOptimize Dremio reflections, caching, and query performance for diverse data consumption patterns.\nCollaborate with data engineering teams to integrate data sources via APIs, JDBC, Delta/Parquet, and object storage layers (S3/ADLS).\nEstablish best practices for data security, lineage, and access control aligned with enterprise governance policies.\nSupport self-service analytics by enabling governed data products and semantic layers.\nDevelop reusable design patterns, documentation, and standards for Dremio deployment, monitoring, and scaling.\nWork closely with BI and data science teams to ensure fast, reliable, and well-modeled access to enterprise data.\n\nIdeal Candidate\n\nBachelor's or Master's in Computer Science, Information Systems, or related field.\n5+ years in data architecture and engineering, with 3+ years in Dremio or modern lakehouse platforms.\nStrong expertise in SQL optimization, data modeling, and performance tuning within Dremio or similar query engines (Presto, Trino, Athena).\nHands-on experience with cloud storage (S3, ADLS, GCS), Parquet/Delta/Iceberg formats, and distributed query planning.\nKnowledge of data integration tools and pipelines (Airflow, DBT, Kafka, Spark, etc.).\nFamiliarity with enterprise data governance, metadata management, and role-based access control (RBAC).\nExcellent problem-solving, documentation, and stakeholder communication skills.\n\nPreferred\n\nExperience integrating Dremio with BI tools (Tableau, Power BI, Looker) and data catalogs (Collibra, Alation, Purview).\nExposure to Snowflake, Databricks, or BigQuery environments.\nExperience in high-tech, manufacturing, or enterprise data modernization programs.\n\nSkills: architecture,storage,modeling,enterprise data,enterprise,cloud,dremio",Login to check your skill match score,Permanent Job,"Airflow, Dremio, SQL optimization, role-based access control, dbt, snowflake, Trino, Parquet, Iceberg, Delta, ADLS, GCS, Athena, S3, Metadata Management, Kafka, Data Modeling, AWS, Performance Tuning, Presto, Spark, Data Governance, Databricks, Azure",2026-01-16 02:56:24
Data Engineer 3,Emerson,5-7 Years,,"Pune, India","Job Description\n\nIn This Role, Your Responsibilities Will Be:\n\nAI Solution Design & Development\nBuild, train, and deploy machine learning models using Azure Machine Learning, Python, Azure AI Foundry and Azure ML SDKs.\nDevelop scalable AI pipelines using Azure ML pipelines, AutoML, and cloud-native best practices.\nIntegrate Azure AI capabilitiesVision, Language, Speech, and Document Intelligenceinto enterprise applications.\nDesign and automate AI-driven solutions using the Power Platform (Power Apps, Power Automate, Power Virtual Agents) are integrated with Azure AI Services.\nUtilize Azure AI Studio, Azure AI Foundry to rapidly prototype and deliver generative AI, agentic AI and cognitive solutions.\nCross-Functional Collaboration\nPartners with data engineers, analytics teams, and business stakeholders to translate business needs into impactful AI solutions.\nCollaborate with Power Platform developers to embed AI models and cognitive services into low-code applications and workflows.\nContribute to architecture decisions ensuring scalability, maintainability, and alignment with enterprise cloud standards.\nCommunicate technical concepts clearly to both technical and non-technical audiences.\nResponsible AI, Security & Governance\nApply Responsible AI guidelines, ensuring fairness, explainability, and ethical use of machine learning models.\nEnforce data privacy, compliance, and security standards across all AI workloads.\nSupport model versioning, governance, and lifecycle management\nMLOps, Monitoring & Optimization\nImplement monitoring and observability for AI workloads using Azure Monitor, Application Insights, and MLflow (where applicable).\nOptimize model performance, reliability, and cost efficiency across training and inference workloads.\nContribute to CI/CD workflows for ML and Power Platform integrations using Azure DevOps or GitHub Actions.\n\nWho You Are:\n\nYou promote high visibility of shared contributions to goals. You quickly and significantly act in constantly evolving, unexpected situations. You actively seek input from pertinent sources to make timely and well-informed decisions. You handle the risk that comes with moving forward when the outcome is not certain.\n\nFor This Role, You Will Need:\n\nBachelor's degree in computer science, Computer Engineering, IT, or related discipline.\n5+ years of hands-on experience in Azure AI & RPA in a manufacturing set up.\nHands-on experience designing and deploying AI/ML solutions on Microsoft Azure.\nExperience with Azure AI Studio, Azure AI Foundry, Azure ML Designer, AutoML, and Prompt engineering Flow.\nStrong proficiency in Python and Azure SDKs for ML and Cognitive Services.\nSolid understanding of machine learning concepts: data preparation, model development, evaluation, and deployment.\nExperience with cloud-native development and CI/CD for ML pipelines.\nStrong communication, collaboration, and problem-solving skills.\n\nPreferred Qualifications That Set You Apart:\n\nExposure to Microsoft Power Platform and integrating Azure AI models/services into Power Apps, Power Automate, and Copilots.\nFamiliarity with MLOps practices and tools such as MLflow, Azure DevOps, or GitHub Actions.\nMicrosoft certifications (e.g., Azure AI Engineer Associate, Azure Data Scientist Associate) are an added advantage.\nWorking knowledge of Power BI for embedding or visualizing AI-driven insights.\n\nOur Culture & Commitment to You\n\nAt Emerson, we prioritize a workplace where every employee is valued, respected, and empowered to grow. We foster an environment that encourages innovation, collaboration, and diverse perspectivesbecause we know that great ideas come from great teams. Our commitment to ongoing career development and growing an inclusive culture ensures you have the support to thrive. Whether through mentorship, training, or leadership opportunities, we invest in your success so you can make a lasting impact. We believe diverse teams, working together are key to driving growth and delivering business results.\n\nWe recognize the importance of employee wellbeing. We prioritize providing competitive benefits plans, a variety of medical insurance plans, Employee Assistance Program, employee resource groups, recognition, and much more. Our culture offers flexible time off plans, including paid parental leave (maternal and paternal), vacation and holiday leave.\n\nAbout Us\n\nWHY EMERSON\n\nOur Commitment to Our People\n\nAt Emerson, we are motivated by a spirit of collaboration that helps our diverse, multicultural teams across the world drive innovation that makes the world healthier, safer, smarter, and more sustainable. And we want you to join us in our bold aspiration.\n\nWe have built an engaged community of inquisitive, dedicated people who thrive knowing they are welcomed, trusted, celebrated, and empowered to solve the world's most complex problems for our customers, our communities, and the planet. You'll contribute to this vital work while further developing your skills through our award-winning employee development programs. We are a proud corporate citizen in every city where we operate and are committed to our people, our communities, and the world at large. We take this responsibility seriously and strive to make a positive impact through every endeavor.\n\nAt Emerson, you'll see firsthand that our people are at the center of everything we do. So, let's go. Let's think differently. Learn, collaborate, and grow. Seek opportunity. Push boundaries. Be empowered to make things better. Speed up to break through. Let's go, together.\n\nAccessibility Assistance or Accommodation\n\nIf you have a disability and are having difficulty accessing or using this website to apply for a position, please contact: [HIDDEN TEXT] .\n\nAbout Emerson\n\nEmerson is a global leader in automation technology and software. Through our deep domain expertise and legacy of flawless execution, Emerson helps customers in critical industries like life sciences, energy, power and renewables, chemical and advanced factory automation operate more sustainably while improving productivity, energy security and reliability.\n\nWith global operations and a comprehensive portfolio of software and technology, we are helping companies implement digital transformation to measurably improve their operations, conserve valuable resources and enhance their safety.\n\nWe offer equitable opportunities, celebrate diversity, and embrace challenges with confidence that, together, we can make an impact across a broad spectrum of countries and industries. Whether you're an established professional looking for a career change, an undergraduate student exploring possibilities, or a recent graduate with an advanced degree, you'll find your chance to make a difference with Emerson. Join our team let's go!\n\nNo calls or agencies please.",Login to check your skill match score,Permanent Job,"Azure ML pipelines, Power Apps, MLflow, Azure ML SDKs, Azure AI Foundry, Power Virtual Agents, GitHub Actions, Azure AI Studio, AutoML, Power Automate, Power Platform, Azure Machine Learning, Python, Azure DevOps",2026-01-16 02:56:25
Data Engineer,Teamware Solutions,3-5 Years,,"Chennai, India","We are hiring a Data Enginner\nExp: 3-5\nNotice Period: Immediate - 15 days\nLocation : Chennai\nMode: Hybrid - 3 days onsite- 2 remote\nshift timings- 2- 11pm\nMandatory skills :\nRequired Skills: SQL (including complex queries),\nPython\nTools (any one is mandatory): Databricks or Airflow",Login to check your skill match score,Permanent Job,"Airflow, SQL including complex queries, Databricks, Python",2026-01-16 02:56:26
Data Engineer,VAYUZ Technologies,Fresher,,India,"Key Responsibilities\nDesign, build, and maintain end-to-end GCP data pipelines for both batch and streaming workloads.\nEnsure high availability, reliability, and performance of data platforms in line with defined SLAs and SLOs.\nDevelop and manage ETL/ELT workflows using Cloud Composer (Airflow), Dataflow (Apache Beam), and BigQuery.\nManage and enhance data lakes and data warehouses using BigQuery and Cloud Storage.\nImplement real-time and streaming data solutions using Pub/Sub, Dataflow, or Kafka.\nBuild and expose data APIs and microservices for data consumption using Cloud Run, Cloud Functions, or App Engine.\nDefine and enforce data quality, governance, and lineage using Data Catalog and Cloud Data Quality tools.\nCollaborate closely with DevOps teams to implement CI/CD pipelines, infrastructure as code, and automated monitoring for data workflows.\nParticipate in incident management, root cause analysis (RCA), and change control processes following ITIL best practices.\nMentor junior engineers and ensure adherence to engineering standards and best practices.\nKey Competencies\nProven experience in managed service delivery environments with strict SLAs covering availability, latency, and resolution timelines.\nStrong understanding of Google Cloud Platform (GCP), IAM, and cloud cost management.\nSolid knowledge of incident, change, and problem management using ITSM tools such as ServiceNow or Jira.\nAbility to lead and manage on-call operations within a 16/5 support model, coordinating with global teams.\nStrong understanding of data security, governance, and compliance requirements.\nExcellent communication, stakeholder management, and client-facing skills.\nComfortable working in a 16/5 model with teams across multiple time zones.",Login to check your skill match score,Permanent Job,"Airflow, Cloud Functions, Cloud Data Quality, CI CD, Data Catalog, Pub Sub, Cloud Run, Cloud Composer, infrastructure as code, Servicenow, BigQuery, Kafka, Jira, Itil, Cloud Storage, Gcp, Apache Beam, DataFlow, App Engine",2026-01-16 02:56:28
Data Engineer,Bitcot,3-6 Years,,"Indore, India","Job Title: Data Engineer Databricks & Data Integrations\nLocation - Chennai / Indore\nExperience - 36 years\nEmployment Type - Full-time\nAbout the Role\nWe are looking for a skilled Data Engineer to build, manage, and optimize scalable data pipelines using Databricks. This role will play a key role in data source identification, data mapping, data quality assessment, and system integration, ensuring reliable, high-quality data for analytics and application use.\nThe ideal candidate will have strong hands-on experience with Databricks, data modeling, and integrations, and will collaborate closely with backend, analytics, and product teams.\nKey Responsibilities :\nData Source Identification & Quality Assessment\nIdentify, analyze, and document available data sources, formats, and access methods.\nAssess data quality across completeness, accuracy, consistency, and reliability.\nProactively identify data gaps, risks, and opportunities for improvement.\nData Mapping & Integration\nDefine and maintain comprehensive data mapping between source systems and Databricks tables.\nDesign and implement scalable ETL/ELT pipelines using Databricks and Apache Spark.\nManage end-to-end data integrations with internal systems and third-party platforms.\nEnsure smooth, reliable, and maintainable data flows across systems.\nDatabricks & Data Modeling\nDevelop and optimize Databricks workloads using Spark and Delta Lake.\nDesign efficient data models optimized for performance, analytics, and API consumption.\nManage schema evolution, versioning, and data lineage.\nMonitor pipeline performance and optimize for cost and scalability.\nData Quality, Validation & Governance\nImplement data validation, reconciliation, and error-handling mechanisms.\nEnsure data accuracy, integrity, and consistency across pipelines.\nFollow best practices for data security, governance, and access control.\nCollaboration & Documentation\nWork closely with backend, analytics, and product teams to align data solutions with business needs\nCreate and maintain clear technical documentation for data mappings, pipelines, and integrations.\nParticipate in design and architecture discussions.\nRequired Skills & Qualifications:\nTechnical Skills\nStrong hands-on experience with Databricks and Apache Spark.\nProficiency in Python and SQL.\nProven experience in data mapping, transformation, and data modeling.\nExperience integrating data from APIs, databases, and cloud storage.\nSolid understanding of ETL/ELT concepts and data warehousing principles.\nCloud & Platform Experience\nExperience working with AWS, Azure, or GCP(any one of them).\nFamiliarity with Delta Lake, Parquet, or similar data formats.\nUnderstanding of secure data access and role-based permissions.\nGood to Have\nExperience supporting data for analytics dashboards or data-driven applications.\nExposure to streaming or near-real-time data pipelines.\nExperience in startup or fast-paced product development environments.\nSoft Skills\nStrong analytical and problem-solving skills.\nAbility to work effectively with cross-functional teams.\nClear communication and documentation skills.\nStrong ownership mindset with attention to detail.\nWhy Join Us\nOpportunity to work on impactful data platforms and integrations.\nHands-on role with ownership over data pipelines and models.\nCollaborative and growth-oriented work culture.\nHow to Apply / Contact\nSending their resume to: [HIDDEN TEXT]\nMentioning the subject line: Application Data Engineer (Databricks).",Login to check your skill match score,Permanent Job,"Data Quality Assessment, Data Mapping, Data Modeling, Apache Spark, Databricks, Data Integration, Sql, Python, ELT, Etl",2026-01-16 02:56:29
Data Engineer,NielsenIQ,4-6 Years,,India,"Job Description\nData engineer to work within our solutions team, to help us grow and increase our expertise. The role would encompass both the creation of technical solutions, advising on methodologies and helping upskill the wider department in the better utilization of new technologies.\nResponsibilities\nProvide technical leadership to guide strategic customers to successful implementations on big data projects, ranging from architectural design to data engineering to model deployment.\nDesign, development, and maintenance of Databricks solutions.\nHelping upskill users into Databricks environments.\nManage workstreams to create solutions that extract, transform, cleanse, and load data (ETL/ELT).\nHelp administrate Databricks environments, ensuring policies and conventions are adhered to.\nStay up to date on the latest data engineering trends and technologies\nQualifications\nBachelor's degree in computer science or a related field, or equivalent experience.\n4 years plus of experience in SQL Server support and maintenance.\nExperience in developing and data manipulation in Python PySpark.\nProficient in Azure data services (e.g., Synapse Analytics, SQL, Data Factory, Data Lake, Databricks, Cosmos DB) - Synapse and Databricks is essential.\nAbility to create and troubleshoot SQL queries and stored procedures.\nProven experience in designing and implementing data pipelines, ETL processes.\nKnowledge of data integration, data modelling concepts, and familiarity with cloud data platforms and storage technologies, ideally within Azure.\nStrong problem-solving skills and attention to detail.\nStrong communication and collaboration skills.\nAbility to prioritize and manage multiple tasks effectively.\nNice-to-Have\nUnderstanding of programming languages such as C#, or PowerShell.\nAdditional Information\nOur Benefits\nFlexible working environment\nVolunteer time off\nLinkedIn Learning\nEmployee-Assistance-Program (EAP)\nNIQ may utilize artificial intelligence (AI) tools at various stages of the recruitment process, including rsum screening, candidate assessments, interview scheduling, job matching, communication support, and certain administrative tasks that help streamline workflows. These tools are intended to improve efficiency and support fair and consistent evaluation based on job-related criteria. All use of AI is governed by NIQ's principles of fairness, transparency, human oversight, and inclusion. Final hiring decisions are made exclusively by humans. NIQ regularly reviews its AI tools to help mitigate bias and ensure compliance with applicable laws and regulations. If you have questions, require accommodations, or wish to request human review were permitted by law, please contact your local HR representative. For more information, please visit NIQ's AI Safety Policies and Guiding Principles: https://www.nielseniq.com/global/en/ai-safety-policies.\nAbout NIQ\nNIQ is the world's leading consumer intelligence company, delivering the most complete understanding of consumer buying behavior and revealing new pathways to growth. In 2023, NIQ combined with GfK, bringing together the two industry leaders with unparalleled global reach. With a holistic retail read and the most comprehensive consumer insights-delivered with advanced analytics through state-of-the-art platforms-NIQ delivers the Full View. NIQ is an Advent International portfolio company with operations in 100+ markets, covering more than 90% of the world's population.\nFor more information, visit NIQ.com\nWant to keep up with our latest updates\nFollow us on: | | |\nOur commitment to Diversity, Equity, and Inclusion\nAt NIQ, we are steadfast in our commitment to fostering an inclusive workplace that mirrors the rich diversity of the communities and markets we serve. We believe that embracing a wide range of perspectives drives innovation and excellence. All employment decisions at NIQ are made without regard to race, color, religion, sex (including pregnancy, sexual orientation, or gender identity), national origin, age, disability, genetic information, marital status, veteran status, or any other characteristic protected by applicable laws. We invite individuals who share our dedication to inclusivity and equity to join us in making a meaningful impact. To learn more about our ongoing efforts in diversity and inclusion, please visit the",IT/Computers - Software,Permanent Job,"data pipelines, Azure data services, Sql Queries, Data Modelling, Pyspark, SQL Server, Databricks, Data Integration, Python, ELT, Etl",2026-01-16 02:56:30
Data Engineer,NielsenIQ,4-6 Years,,India,"Job Description\nData engineer to work within our solutions team, to help us grow and increase our expertise. The role would encompass both the creation of technical solutions, advising on methodologies and helping upskill the wider department in the better utilization of new technologies.\nResponsibilities\nProvide technical leadership to guide strategic customers to successful implementations on big data projects, ranging from architectural design to data engineering to model deployment.\nDesign, development, and maintenance of Databricks solutions.\nHelping upskill users into Databricks environments.\nManage workstreams to create solutions that extract, transform, cleanse, and load data (ETL/ELT).\nHelp administrate Databricks environments, ensuring policies and conventions are adhered to.\nStay up to date on the latest data engineering trends and technologies\nQualifications\nBachelor's degree in computer science or a related field, or equivalent experience.\n4 years plus of experience in SQL Server support and maintenance.\nExperience in developing and data manipulation in Python PySpark.\nProficient in Azure data services (e.g., Synapse Analytics, SQL, Data Factory, Data Lake, Databricks, Cosmos DB) - Synapse and Databricks is essential.\nAbility to create and troubleshoot SQL queries and stored procedures.\nProven experience in designing and implementing data pipelines, ETL processes.\nKnowledge of data integration, data modelling concepts, and familiarity with cloud data platforms and storage technologies, ideally within Azure.\nStrong problem-solving skills and attention to detail.\nStrong communication and collaboration skills.\nAbility to prioritize and manage multiple tasks effectively.\nNice-to-Have\nUnderstanding of programming languages such as C#, or PowerShell.\nAdditional Information\nOur Benefits\nFlexible working environment\nVolunteer time off\nLinkedIn Learning\nEmployee-Assistance-Program (EAP)\nNIQ may utilize artificial intelligence (AI) tools at various stages of the recruitment process, including rsum screening, candidate assessments, interview scheduling, job matching, communication support, and certain administrative tasks that help streamline workflows. These tools are intended to improve efficiency and support fair and consistent evaluation based on job-related criteria. All use of AI is governed by NIQ's principles of fairness, transparency, human oversight, and inclusion. Final hiring decisions are made exclusively by humans. NIQ regularly reviews its AI tools to help mitigate bias and ensure compliance with applicable laws and regulations. If you have questions, require accommodations, or wish to request human review were permitted by law, please contact your local HR representative. For more information, please visit NIQ's AI Safety Policies and Guiding Principles: https://www.nielseniq.com/global/en/ai-safety-policies.\nAbout NIQ\nNIQ is the world's leading consumer intelligence company, delivering the most complete understanding of consumer buying behavior and revealing new pathways to growth. In 2023, NIQ combined with GfK, bringing together the two industry leaders with unparalleled global reach. With a holistic retail read and the most comprehensive consumer insights-delivered with advanced analytics through state-of-the-art platforms-NIQ delivers the Full View. NIQ is an Advent International portfolio company with operations in 100+ markets, covering more than 90% of the world's population.\nFor more information, visit NIQ.com\nWant to keep up with our latest updates\nFollow us on: | | |\nOur commitment to Diversity, Equity, and Inclusion\nAt NIQ, we are steadfast in our commitment to fostering an inclusive workplace that mirrors the rich diversity of the communities and markets we serve. We believe that embracing a wide range of perspectives drives innovation and excellence. All employment decisions at NIQ are made without regard to race, color, religion, sex (including pregnancy, sexual orientation, or gender identity), national origin, age, disability, genetic information, marital status, veteran status, or any other characteristic protected by applicable laws. We invite individuals who share our dedication to inclusivity and equity to join us in making a meaningful impact. To learn more about our ongoing efforts in diversity and inclusion, please visit the",IT/Computers - Software,Permanent Job,"data pipelines, Azure data services, Sql Queries, Data Modelling, Pyspark, SQL Server, Databricks, Data Integration, Python, ELT, Etl",2026-01-16 02:56:31
Database Engineer,Summit Consulting Services,5-7 Years,,"Bengaluru, India","Job Title: Database Engineer\nAbout the Company\nWe build software that powers the daily operations of waste and recycling organizations globally. Our products sit at the intersection of logistics, operations, and data, enabling cities and private haulers to run safer, more efficient, and more sustainable operations at scale. The Elements platform is a core part of this ecosystem and is undergoing active modernization technically and operationally. This role is for engineers who enjoy owning real systems, not just writing code in isolation.\nRole Overview\nWe are looking for a Database Engineer to own and evolve the data layer of the Elements platform. This is a hands-on, high-ownership role focused on reliability, performance, scalability, and database modernization in cloud environments. You will work on production databases serving real customers while leading database migrations, improving performance, and partnering closely with application and platform engineers to raise the overall data engineering bar. This role suits engineers who think beyond maintenance and see databases as first-class production systems that directly impact customer experience and platform stability.\nWhat You'll Do\nOwn and operate SQL Server and PostgreSQL databases in production environments\nDesign and optimize database schemas, indexing strategies, and query performance\nPlan and execute database migrations, including SQL Server PostgreSQL\nImplement and maintain backup, restore, and disaster recovery strategies\nMonitor database performance, capacity, and availability proactively\nPartner with application teams on data modeling and query optimization\nSupport and troubleshoot production issues, including deep root cause analysis\nContribute to database standards, best practices, and operational documentation\nAct as a steward of data reliability, integrity, and security across the platform\nCustomer obsession understand how database performance and availability directly impact customer trust and system reliability\nRequired Skills & Experience\n5+ years of experience as a Database Engineer / DBA\nStrong hands-on experience with SQL Server\nStrong hands-on experience with PostgreSQL\nProven experience leading or executing database migrations\nAdvanced SQL skills, performance tuning, and indexing strategies\nExperience operating databases in AWS (RDS or self-managed)\nExperience with backup, recovery, and disaster recovery planning\nExperience supporting high-availability, production-critical systems\nClear written and verbal communication for async, cross-functional collaboration\nNice to Have\nExperience with Infrastructure as Code (Terraform or similar)\nExperience supporting microservices-based architectures\nFamiliarity with monitoring and observability tools\nExperience working with large, complex, or multi-tenant schemas\nExposure to data security, compliance, or governance practices\nWhy Join Us\nOwn mission-critical data systems with direct customer impact\nPlay a key role in platform modernization and cloud transformation\nWork closely with senior engineers and platform leaders\nHigh-ownership, engineering-driven culture with real influence\nA platform that is evolving technically and organizationally with room to grow",Login to check your skill match score,Permanent Job,"Advanced SQL skills, Disaster Recovery Planning, Indexing strategies, High-availability production-critical systems, Database migrations, Performance Tuning, Aws Rds, PostgreSQL, SQL Server, Backup Recovery",2026-01-16 02:56:32
Senior Data Architecture Consultant,Umanist NA,12-15 Years,,"India, Cochin / Kochi / Ernakulam","Job Title\n\nSenior Data Architecture Consultant,29061\n\nLocation\n\nBangalore (Hybrid 3 days work from office)\n\nExperience\n\n1215 years (overall IT experience)\n\nNotice Period\n\nImmediate to 15 days (mandatory)\n\nRole Overview\n\nThis role focuses on reviewing and governing delivery engagement models, contract documentation, and pre-sales artifacts from a Delivery, Engineering, and Risk Management perspective. The individual will set standards, provide guidance to account teams, and ensure enterprise-level consistency in deal assurance, engagement models, and risk mitigation.\n\nThe role requires strong collaboration with stakeholders across delivery, pre-sales, and leadership teams, along with a structured and execution-driven approach.\n\nKey Responsibilities\n\nReview and provide guidance on contract documents, MSAs, RFP responses, and PIP statements from a delivery and risk standpoint.\nEvaluate and standardize engagement and commercial models such as:\nManaged Services\nManaged Capacity\nManaged Outcome\nFixed Price / Fixed Bid\nDesign and streamline the Deal Assurance Review process at an enterprise level.\nCollaborate closely with client-facing, delivery, and leadership stakeholders to ensure alignment on delivery commitments and risk posture.\nDocument, analyze, and present review findings in a structured and methodical manner.\nApply strong execution discipline with a solid delivery and engineering background.\nIdentify, assess, and mitigate project and delivery risks across engagements.\nMust-Have Skill Set\n\nCore Experience\n\n1215 years of total IT experience across systems, processes, and frameworks\n5+ years of Project / Program Management experience\nStrong exposure to multiple delivery engagement models\nProven experience in contract management and pre-sales document reviews\nHands-on experience in Risk Management and Delivery/Engineering processes\n\nDelivery & Engagement Expertise\n\nDeep understanding of:\nManaged Services, Managed Capacity, Managed Outcome, Fixed Bid models\nBilling models (flat fee, milestone-based, per-transaction, etc.)\nStrong knowledge of software development methodologies (Agile, Waterfall, Hybrid)\nTechnical & Data Architecture Skills\n\nStrong hands-on experience with AWS cloud services\nProficiency in Big Data tools and frameworks\nExpertise in Kafka for data streaming\nSolid understanding of ETL tools and data integration practices\nExperience with Snowflake and other cloud data warehouses\nStrong SQL skills\nExperience with RDBMS and NoSQL databases\nHands-on experience with Power BI for reporting and visualization\n\nCompliance & Eligibility\n\nJob stability is mandatory\nMust be open to working in Bangalore (Hybrid model)\nMust be able to clear strict background verification, including:\nEmployment history\nPayslips and references\nDual employment checks\nNice-to-Have Skill Set\n\nProject Management or Process-related certifications (PMP, PRINCE2, ITIL, etc.)\nExperience working across large, complex, multi-vendor engagements\nExposure to enterprise-level deal governance or assurance frameworks\nStrong stakeholder communication and negotiation skills\n\nInterview Process\n\n2 Technical Rounds\n1 Client Round\n\nSkills: power bi,pre-sales document reviews,kafka,nosql,program management,agile,aws cloud,project management,big data tools,risk management,sql,rdbms,contract management,snowflake,billing models",Login to check your skill match score,Permanent Job,"Kafka for data streaming, ETL tools and data integration practices, AWS cloud services, snowflake, NoSQL databases, Big Data tools and frameworks, RDBMS, Power Bi, Sql",2026-01-16 02:56:33
Senior Data Engineer,TheHireHub.Ai,6-9 Years,,"Gurugram, Gurugram, India","Lead / Senior Data Engineer\nFunction: Digital Technology Services\nLevel: 610 years (Data Engineering with exposure to AI / ML workloads)\nAbout the Organization\nThe organization is a global consulting firm with over 10,000 entrepreneurial, action- and results-oriented professionals across more than 40 countries. It takes a hands-on approach to solving complex client problems and helping organizations reach their full potential. The culture celebrates independent thinkers and doers who create meaningful impact and shape the industry. A collaborative environment, guided by strong core values, defines how teams work and succeed together.\nRole Overview\nThe Senior Data Engineer/Manager is a critical role responsible for building and maintaining trusted, scalable, and AI-ready data foundations that power enterprise analytics, machine learning, and Generative AI solutions.\nThis role sits at the intersection of data platforms, AI systems, and business consumption layers, ensuring that data used by AI models is accurate, consistent, well-modeled, and governed. The Senior Data Engineer works closely with AI architects, data scientists, backend engineers, and business stakeholders to translate raw operational data into high-quality, reusable data assets and features.\nIn enterprise AI environments, failures often originate from data gaps, poor semantics, or inconsistent pipelines rather than from models themselves. This role exists to prevent such silent failures by enforcing strong data engineering discipline, observability, and reliability.\nKey Responsibilities\nData Architecture & Canonical Modelling\nDefine and maintain canonical data models across source systems, analytical platforms, and AI consumption layers\nEstablish and enforce data contracts between data producers and consumers\nManage schema evolution and backward compatibility to protect downstream dependencies\nPartner with AI architects to optimize data models for ML and GenAI workloads, including features, embeddings, and metadata\nData Ingestion & Integration\nDesign, build, and operate robust data ingestion pipelines from enterprise systems, external APIs, files, logs, and streaming sources\nSelect and implement batch or streaming ingestion patterns based on latency, cost, and business requirements\nBuild reusable ingestion frameworks and connectors to accelerate onboarding of new data sources\nData Transformation, Quality & Observability\nDevelop scalable transformation pipelines using PySpark and SQL, optimized for performance and cost\nImplement transformations supporting analytics, ML feature engineering, and GenAI grounding use cases\nDefine and enforce data quality standards covering completeness, accuracy, consistency, and timeliness\nImplement automated data validation, reconciliation, anomaly detection, and freshness checks\nBuild observability dashboards and alerts to detect pipeline failures, data drift, and volume anomalies early\nSemantic Layers, Feature Engineering & Platforms\nDesign and maintain semantic layers with consistent business definitions for analytics and AI\nBuild and manage reusable, versioned feature pipelines for ML and GenAI use cases\nEnsure feature lineage and traceability back to source systems\nSupport training, inference-time feature access, and RAG pipelines in collaboration with AI teams\nWork with modern data platforms including Databricks, Spark-based processing, and cloud-native storage and compute\nSupport multi-cloud data architectures across Azure, AWS, and GCP\nSecurity, Governance & Compliance\nImplement data access controls, masking, encryption, and secure data handling patterns\nEnsure compliance with enterprise security, privacy, and governance standards\nSupport lineage, auditability, and traceability in collaboration with governance teams\nPrepare data assets to support Responsible AI and regulatory compliance initiatives\nCollaboration & Delivery\nCollaborate with GenAI & Data Solution Architects, Data Scientists, AI Engineers, Backend and Platform Engineers, QA, and Delivery teams\nParticipate in Agile ceremonies including sprint planning, backlog refinement, and reviews\nProvide technical guidance and mentoring to junior data engineers\nExperience\n69 years of experience in data engineering or analytics engineering roles\nProven experience building and operating production-grade data pipelines in enterprise environments\nHands-on experience supporting AI/ML or advanced analytics workloads\nTechnical Skills\nStrong proficiency in Python, PySpark, and SQL\nHands-on experience with Databricks or similar Spark-based platforms\nExperience with data ingestion tools, connectors, and APIs\nFamiliarity with feature engineering pipelines and AI data requirements\nExposure to cloud and multi-cloud data platforms (Azure, AWS, GCP)",Login to check your skill match score,Permanent Job,"data ingestion tools, connectors, feature engineering pipelines, AI data requirements, Apis, Pyspark, Sql, Gcp, Databricks, Azure, Python, AWS",2026-01-16 02:56:35
Senior Data Engineer,Sundew,4-6 Years,,"Kolkata, India","Company Overview:\nSundew is a leading digital transformation firm with an 18-year legacy of excellence. We specialize in digital strategy, application development, and engineering, utilizing MEAN, MERN, and LAMP stacks, with PHP Laravel as our primary proficiency. We are looking for a Senior Data Engineer who will take ownership of end-to-end data strategy, mentor and guide a team, and ensure seamless delivery of high-quality data pipelines, storage solutions, and analytics platforms.\nAbout the Role:\nThis role requires strong expertise in data engineering technologies, ETL development, data architecture design, Agile methodologies, and root cause analysis, along with exposure to emerging trends such as AI-driven data processing and advanced analytics.\nRoles and Responsibilities:\nData Pipeline Development: Design, develop, and maintain scalable data pipelines to support ETL (Extract, Transform, Load) processes using tools like Apache Airflow, AWS Glue, or similar.\nDatabase Management: Design, optimize, and manage relational and NoSQL databases (such as MySQL, PostgreSQL, MongoDB, or Cassandra) to ensure high performance and scalability.\nSQL Development: Write advanced SQL queries, stored procedures, and functions to extract, transform, and analyze large datasets efficiently.\nCloud Integration: Implement and manage data solutions on cloud platforms such as AWS, Azure, or Google Cloud, utilizing services like Redshift, BigQuery, or Snowflake.\nData Warehousing: Contribute to the design and maintenance of data warehouses and data lakes to support analytics and BI requirements.\nProgramming and Automation: Develop scripts and applications in Python or other programming languages to automate data processing tasks.\nData Governance: Implement data quality checks, monitoring, and governance policies to ensure data accuracy, consistency, and security.\nCollaboration: Work closely with data scientists, analysts, and business stakeholders to understand data needs and translate them into technical solutions.\nPerformance Optimization: Identify and resolve performance bottlenecks in data systems and optimize data storage and retrieval.\nDocumentation: Maintain comprehensive documentation for data processes, pipelines, and infrastructure.\nStay Current: Keep up-to-date with the latest trends and advancements in data engineering, big data technologies, and cloud services.\nRequired Skills and Qualifications:\n4+ years of experience in Data Engineering (or equivalent).\nProficiency in SQL and relational databases (PostgreSQL, MySQL, etc.).\nExperience with NoSQL databases (MongoDB, Cassandra, etc.).\nStrong programming skills in Python; familiarity with Java or Scala is a plus.\nExperience with data pipeline tools (Apache Airflow, Luigi, or similar).\nExpertise in cloud platforms (AWS, Azure, or Google Cloud) and data services (Redshift, BigQuery, Snowflake).\nKnowledge of big data tools like Apache Spark, Hadoop, or Kafka is a plus.\nData Modelling: Experience in designing and maintaining data models for relational and non-relational databases.\nAnalytical Skills: Strong analytical and problem-solving abilities with a focus on performance optimisation and scalability.\nSoft Skills:\nExcellent verbal and written communication skills to convey technical concepts to non-technical stakeholders.\nAbility to work collaboratively in cross-functional teams.\nCertifications (Preferred): AWS Certified Data Engineer, GCP Professional Data Engineer, or similar.\nMindset: Eagerness to learn new technologies and adapt quickly in a fast-paced environment.",Login to check your skill match score,Permanent Job,"snowflake, BigQuery, Hadoop, Cassandra, PostgreSQL, Apache Spark, Kafka, Redshift, Sql, Google Cloud, Apache Airflow, MySQL, MongoDB, Azure, Python, AWS",2026-01-16 02:56:36
Senior Data Engineer,Anchanto,5-7 Years,,"Pune, India","The Role (Describe the role):\n\nHighly skilled and experienced Senior Data Engineer with AI/ML expertise. This role is essential to maintain continuity and leadership for our AI-driven initiatives, particularly Vantage AI, which is currently gaining significant traction across business units.\n\nThe candidate must possess strong technical knowledge in data engineering, orchestration, machine learning, and analytics, with the ability to independently drive the design, development, and deployment of data solutions.\n\nKey Responsibilities:\n\nTechnical leadership for Vantage AI. AI/ML initiatives in Anchanto. Set technical direction, ensure best practices, and mentor junior members.\nInsight generation. Apply statistical methods and predictive modeling to solve real-world problems.\nMachine learning and AI developments. Collaboration with team, product / business stakeholders. Lead AI/ML development, deployment, improvement from technical perspective.\nLead Data engineering and orchestration. Optimize pipelines using tools like Airflow.\n\nEssential Requirements:\n\n5 - 6+ years of experience in data engineering or data science roles\nAbility to build and deploy machine learning models\nExpertise in AWS cloud platforms and containerization\nHands on in data scraping techniques.\nStrong knowledge of Python and associated ML/data science libraries (e.g., scikit-learn, pandas, PySpark, Sagemaker)\nExpertise in ETL and data pipeline design.\n\nPersonal Attributes:\n\nStrong problem-solving skills.\nStrong stakeholder communication abilities\nEngineering degree.\nAbility to work independently.",Login to check your skill match score,Permanent Job,"Airflow, scikit-learn, Ai, Data pipeline design, Sagemaker, containerization, AWS cloud platforms, Data scraping techniques, Pyspark, data engineering, Pandas, Machine Learning, Python, Etl",2026-01-16 02:56:38
Data Architect,ExxonMobil,3-5 Years,,"Bengaluru, India","About us\nAt ExxonMobil, our vision is to lead in energy innovations that advance modern living and a net-zero future. As one of the world's largest publicly traded energy and chemical companies, we are powered by a unique and diverse workforce fueled by the pride in what we do and what we stand for.\nThe success of our Upstream, Product Solutions and Low Carbon Solutions businesses is the result of the talent, curiosity and drive of our people. They bring solutions every day to optimize our strategy in energy, chemicals, lubricants and lower-emissions technologies.\nWe invite you to bring your ideas to ExxonMobil to help create sustainable solutions that improve quality of life and meet society's evolving needs. Learn more about and how we can.\nExxonMobil's affiliates in India\nExxonMobil's affiliates have offices in India in Bengaluru, Mumbai and the National Capital Region.\nExxonMobil's affiliates in India supporting the Product Solutions business engage in the marketing, sales and distribution of performance as well as specialty products across chemicals and lubricants businesses. The India planning teams are also embedded with global business units for business planning and analytics.\nExxonMobil's LNG affiliate in India supporting the upstream business provides consultant services for other ExxonMobil upstream affiliates and conducts LNG market-development activities.\n\nThe Global Business Center - Technology Center provides a range of technical and business support services for ExxonMobil's operations around the globe.\n\nExxonMobil strives to make a positive contribution to the communities where we operate and its affiliates support a range of education, health and community-building programs in India. Read more about our\n\nTo know more about ExxonMobil in India, visit and the .\nWhat role you will play in our team\nData & Analytics Architect II - Senior understands business process and needs to evaluate, select, design, and orchestrate data/analytic structures, technology & infrastructure to deliver data and analytics capabilities to the business at scale or for reusable components. This role is heavily focused on architecture, engineering the design, and the technical skills for implementation and optimization of the components. Purposeful decisions on component dimensions are key, including conceptually, decomposable, maintainable, stable yet versatile, and understanding dependencies on other data and applications. This role actively develops required abilities and often relies on experienced SMEs and/or architects to assist in decisions and strategies. This role will learn through executing on behalf of the SMEs and/or architects and many of the responsibilities are as part of project or larger initiative (e.g. running a proof of concept, vendor evaluation).\nJob will be based at Bangalore, Whitefield office ( WFO) for 5 days in a week.\nWhat you will do\nWork scope is likely with a L3 business capability or T3 IT function\nWorks with Business and EMIT to translate business process and technology needs into data/analytic enablement solutions\nEnforces data standards and best practices in data management\nDelivers trusted data source improvements and support continuous data design optimization\nContributes to data design validation of all models and participate in proof of concept activities of data management systems\nCreates specifications such as interface designs, architecture diagrams, applications, and network and security systems\nResponsible for testing the architectural design of a component or dependent components from a functional point of view\nAbout You\nRequired Skills and Qualifications:\nMaster's or Bachelor's degree in business, computer science, engineering, systems analysis or a related field\nMinimum 3 years of experience in data design/architecture and strong willingness to continue learning\nRecent experience developing reference data architecture, data modeling (conceptual, logical and physical), data profiling, data quality analysis, building business data glossaries and data catalogs\nKnowledge regarding data governance and master/reference data management programs\nExperience using SQL Server, SQL query language and E/R Studio data modeling tool\nExperience working with agile delivery teams\nEffective planning, communication, collaboration and persuasion skills to drive needed change across the company\nExpert written and verbal communication skills familiarity with SharePoint team sites to collaborate self-starter, takes initiative and is able to work in a fast-paced environment\nPreferred Qualifications/ Experience\nKnowledge of TOGAF (The Open Group Architectural Framework) and DAMA (Data Management Association) DMBoK (Data Management Body Of Knowledge) v.2 desirable (key differentiator)\nExperience with MDM tools such as Precisely Enter Works and cataloging tools such as Collibra\nUnderstanding of large data store technologies (Data Lakes, Data Warehouse, Data Hubs, etc.)\nKnowledge of XML, JSON, Python understanding of API concepts and integration architecture\nLeadership: Strong interpersonal skills with ability to influence without direct authority able to effectively interact with large and diverse user community\nStrong background in data, analytics, systems and tools: good working knowledge of SAP database technologies (ERP, HANA, etc.) and related data extraction tools\nYour benefits\nAn ExxonMobil career is one designed to last. Our commitment to you runs deep: our employees grow personally and professionally, with benefits built on our core categories of health, security, finance and life.We offer you:\nCompetitive compensation\nMedical plans, maternity leave and benefits, life, accidental death and dismemberment benefits\nRetirement benefits\nGlobal networking & cross-functional opportunities\nAnnual vacations & holidays\nDay care assistance program\nTraining and development program\nTuition assistance program\nWorkplace flexibility policy\nRelocation program\nTransportation facility\nPlease note benefits may change from time to time without notice, subject to applicable laws. The benefits programs are based on the Company's eligibility guidelines.\nStay connected with us\nLearn more about ExxonMobil in India, visitand\nFollow us onand\nLike us on\nSubscribe our channel at\nEEO Statement\nExxonMobil is an Equal Opportunity Employer:\nAll qualified applicants will receive consideration for employment without regard to race, color, religion, sex, age, national origin or disability status.\nBusiness solicitation and recruiting scams\nExxonMobil does not use recruiting or placement agencies that charge candidates an advance fee of any kind (e.g., placement fees, immigration processing fees, etc.). Follow theto understand more about recruitment scams in the name of ExxonMobil.\nNothing herein is intended to override the corporate separateness of local entities. Working relationships discussed herein do not necessarily represent a reporting connection, but may reflect a functional guidance, stewardship, or service relationship.\nExxon Mobil Corporation has numerous affiliates, many with names that include ExxonMobil, Exxon, Esso and Mobil. For convenience and simplicity, those terms and terms like corporation, company, our, we and its are sometimes used as abbreviated references to specific affiliates or affiliate groups. Abbreviated references describing global or regional operational organizations and global or regional business lines are also sometimes used for convenience and simplicity. Similarly, ExxonMobil has business relationships with thousands of customers, suppliers, governments, and others. For convenience and simplicity, words like venture, joint venture, partnership, co-venturer, and partner are used to indicate business relationships involving common activities and interests, and those words may not indicate precise legal relationships.",Oil/Gas/Petroleum,Permanent Job,"API concepts, SAP database technologies, master reference data management, E R Studio, MDM tools, data catalogs, data design architecture, data quality analysis, agile delivery, data lakes, SQL query language, data hubs, Json, SQL Server, Data Modeling, Data Governance, Hana, Erp, Data Profiling, Togaf, Data Warehouse, Xml, Python",2026-01-17 00:06:36
Data Architect,Akkodis,Fresher,,"Bengaluru, India","Responsibilities:\nProven experience as a Data Warehouse Architect, designing and implementing highly available and scalable data warehouse solutions that can handle large volumes of data and concurrent user queries.\nExpertise in designing and implementing data warehouses using Azure services, particularly Azure Synapse Analytics.\nProficient in ETL processes, data modeling, and data integration techniques.\nStrong understanding of data security, compliance, and data governance principles.\nVery strong development skills across Data Bricks, Azure Synapse, ADF, Azure SQL DB.\nCloud - Azure experience required, DevOps and CI/CD experience required.\nSolid understanding of the application infrastructure across the enterprise Data Warehouse.\nManaged Care Healthcare experience required.",Login to check your skill match score,Permanent Job,"ETL processes, data integration techniques, Azure SQL DB, CI CD, Data Bricks, Devops, Azure Synapse Analytics, Data Modeling",2026-01-17 00:06:37
Data Architect,Akkodis,Fresher,,"Bengaluru, India","Responsibilities:\nProven experience as a Data Warehouse Architect, designing and implementing highly available and scalable data warehouse solutions that can handle large volumes of data and concurrent user queries.\nExpertise in designing and implementing data warehouses using Azure services, particularly Azure Synapse Analytics.\nProficient in ETL processes, data modeling, and data integration techniques.\nStrong understanding of data security, compliance, and data governance principles.\nVery strong development skills across Data Bricks, Azure Synapse, ADF, Azure SQL DB.\nCloud - Azure experience required, DevOps and CI/CD experience required.\nSolid understanding of the application infrastructure across the enterprise Data Warehouse.\nManaged Care Healthcare experience required.",Login to check your skill match score,Permanent Job,"ETL processes, data integration techniques, Azure SQL DB, CI CD, Data Bricks, Devops, Azure Synapse Analytics, Data Modeling",2026-01-17 00:06:37
Data Architect II,Amex Group,Fresher,,"Gurugram, India","Job Description\nAt American Express, our culture is built on a 175-year history of innovation, shared and Leadership Behaviors, and an unwavering commitment to back our customers, communities, and colleagues. As part of Team Amex, you'll experience this powerful backing with comprehensive support for your holistic well-being and many opportunities to learn new skills, develop as a leader, and grow your career.\nHere, your voice and ideas matter, your work makes an impact, and together, you will help us define the future of American Express.\nHow will you make an impact in this role\nResponsible for data architecture deliverables using the Agile development life cycle.\nDefines and maintains data architectures, data standards, and guidelines.\nWorks as part of a team of data management professionals supporting a portfolio of development projects, both regional and global in scope.\nWill work with business and application development team partners to analyze and understand business data requirements and translate into data architectures.\nResponsible for NoSQL and RDBMS Database Administration related to Couchbase, Cassandra ,Mongo , Oracle and MSSQL\nProvide business data requirements analysis producing conceptual/logical/physical data models, using a CASE tool to fully document and maintain models and ensure integration into existing data architectures.\nConstruct meaningful definitions of data elements which are unambiguous, clear and accurate. Be able to present, argue for and agree all aspects of a data model.\nAssist with defining point of arrival data architectures for systems or business concepts.\nIncorporate project models into a master model by comparing and reconciling differences to achieve a consistent integrated view of the whole business information requirements.\nAdhere to data modeling guidelines, best practices and AET standards\nConduct the necessary research and analysis on projects to identify and promote the reuse of existing standards, as well as the identification and development of new data standards.\nAssist with standardizing the definition of data for reuse across the enterprise and work with application development teams and business partners to establish and maintain consistent data domain and data element definitions across lines of business.\nProvide full hand over of the logical data model to the application development teams, as well as the DBA for the physical design and database build work.\nParticipate in peer reviews of completed data models and plans to ensure quality, and identify alignment opportunities across portfolios or regions.\nPrefer Bachelor's degree or higher in Information Management, Computer Science Engineering or related subject.\nExperience working independently as an Application Data Modeler, Business Analyst and/or business partner where the majority of time was spent analyzing business data requirements.\nStrong analytical skills with a demonstrated ability to understand and document business data requirements in complete, accurate, extensible, flexible logical data models using CASE modeling tools e.g. ER/Studio, Hackolade.\nUnderstanding of the full development project lifecycle and a project lifecycle methodology\nFamiliarity with Data Architect role within project lifecycle methodology, as well as other development project roles e.g. Business Analyst and DBA within the methodology.\nAble to facilitate discussions between small groups of IT and business people, recognize issues of conflict and inconsistency between data requirements and pursue a resolution of these issues.\nExperience in NoSQL Database Administration related to Couchbase, Cassandra and MongoDB.\nAbility to plan, scope and estimate work effort.\nAbility to work co-operatively as part of a team, as well as independently under own initiative.\nExcellent verbal and written communication skills.\nWe back you with benefits that support your holistic well-being so you can be and deliver your best. This means caring for you and your loved ones physical, financial, and mental health, as well as providing the flexibility you need to thrive personally and professionally:\nCompetitive base salaries\nBonus incentives\nSupport for financial-well-being and retirement\nComprehensive medical, dental, vision, life insurance, and disability benefits (depending on location)\nFlexible working model with hybrid, onsite or virtual arrangements depending on role and business need\nGenerous paid parental leave policies (depending on your location)\nFree access to global on-site wellness centers staffed with nurses and doctors (depending on location)\nFree and confidential counseling support through our Healthy Minds program\nCareer development and training opportunities\nAmerican Express is an equal opportunity employer and makes employment decisions without regard to race, color, religion, sex, sexual orientation, gender identity, national origin, veteran status, disability status, age, or any other status protected by law.\nOffer of employment with American Express is conditioned upon the successful completion of a background verification check, subject to applicable laws and regulations.",Banking/Accounting/Financial Services,Permanent Job,"NoSQL Database Administration, RDBMS Database Administration, CASE modeling tools, Hackolade, Cassandra, Couchbase, MongoDB, Oracle, Mssql, Er Studio",2026-01-17 00:06:39
Data Architect - MDM,DATAECONOMY,10-12 Years,,"Pune, India","Job Title: Associate Data Architect Master Data Management (MDM)\n\nLocation:\n\nPune - Hybrid\n\nExperience:\n\n10+ years of experience in Data Architecture, Data Engineering/Integration with strong exposure into Data Modelling and Database (RDBMS) Management.\n\nAbout The Role\n\nWe are seeking an Associate Data/Database Architect to join our core product architecture team building an enterprise-grade, multi-domain Master Data Management (MDM) product platform.\n\nYou will play a key role in optimizing and extending the MDM data model, implementing efficient data ingestion and entity resolution mechanisms, and ensuring the system supports multiple domains such as Party (Individual/Organization), Product, Location, Policy, and Relationship in a cloud-native and scalable manner.\n\nKey Responsibilities\n\nData Modeling & Architecture\n\nEnhance and extend the existing Party-based data model into a multi-domain MDM schema (Party, Product, Location, Relationship, Policy, etc.).\nDesign and maintain canonical data models and staging-to-core mappings for multiple source systems.\nImplement auditability, lineage, and soft-delete frameworks within the MDM data model.\nContribute to the creation of golden records, trust scores, match/merge logic, and data survivorship rules.\nEnsure the model supports real-time and batch data mastering across multiple domains.\n\nData Engineering & Integration\n\nHelp support to optimize data ingestion and ETL/ELT pipeline using Python, PySpark, SQL, and/or Informatica (or equivalent tools).\nDesign and implement data validation, profiling, and quality checks to ensure consistent master data.\nWork on data harmonization, schema mapping, and standardization across multiple source systems.\nHelp build efficient ETL mappings from canonical staging layers to MDM core data models in PostgreSQL.\nDevelop REST APIs or streaming pipelines (Kafka/Spark) for real-time data processing and entity resolution.\n\nCloud & Platform Engineering\n\nImplement and optimize data pipelines on AWS or Azure using native services (e.g., AWS Glue, Lambda, S3, Redshift, Azure Data Factory, Synapse, Data Lake).\nDeploy and manage data pipelines and databases following cloud-native, cost-effective, and scalable design principles.\nCollaborate with DevOps teams for CI/CD, infrastructure-as-code, data pipeline and database deployment/migration automation.\n\nGovernance, Security & Compliance\n\nImplement data lineage, versioning, and stewardship processes.\nEnsure compliance with data privacy and security standards (GDPR, HIPAA, etc.).\nPartner with Data Governance teams to define data ownership, data standards, and stewardship workflows.\n\nRequirements\n\nTechnical Skills Required\n\nCore Skills\n\nData Modelling: Expert-level in Relational (3NF) and Dimensional (Star/Snowflake) modelling; hands-on in Party data model, multi-domain MDM, and canonical models.\nDatabase: PostgreSQL (preferred), or any enterprise RDBMS.\nER Modelling Tool Erwin/ERStudio, Database Markup Language (DBML).\nETL / Data Integration: Informatica, Python, PySpark, SQL, or similar tools.\nCloud Platforms: AWS or Azure.\nProgramming: Advanced SQL, Python, PySpark, and/or UNIX/Linux scripting.\nData Quality & Governance: Familiarity with data quality rules, profiling, match/merge, and entity resolution.\nDevOps - Version Control & CI/CD: Git, Azure DevOps, Jenkins, Terraform, Redgate Flyway (preferred)\n\nDatabase Design & Optimization (PostgreSQL)\n\nDesign and maintain normalized and denormalized models using advanced features (schemas, partitions, views, CTEs, JSONB, arrays).\nBuild and optimize complex SQL queries, materialized views, and data marts for performance and scalability.\nTune RDBMS (PostgreSQL) performance indexes, query plans, vacuum/analyze, statistics, parallelism, and connection management.\nLeverage RDBMS (PostgreSQL) extensions such as:\npg_trgm for fuzzy matching and probabilistic search.\nfuzzystrmatch, pg_vector for semantic similarity and name matching.\nhstore, jsonb for flexible attribute storage.\nImplement RBAC, row-level security, partitioning, and logical replication for scalable MDM deployment.\nWork with stored procedures, functions, and triggers for data quality checks and lineage automation.\nImplement HA/DR, backup/restore, database-level encryption (at-rest, in-transit), column-level encryption for PII/PHI data.\nGood to Have\n\nKnowledge of Master Data Management (MDM) - Customer, Product etc.\nExperience with graph databases like Neo4j for relationship and lineage tracking.\nKnowledge of probabilistic and deterministic matching, ML-based entity resolution, or AI-driven data mastering.\nExperience in data cataloging, data lineage tools, or metadata management platforms.\nFamiliarity with data security frameworks and Well-Architected Framework principles.\n\nSoft Skills\n\nStrong analytical, conceptual and problem-solving skills.\nAbility to collaborate in a cross-functional, agile environment.\nExcellent communication and documentation skills.\nSelf-driven, proactive, and capable of working with minimal supervision.\nStrong desire to innovate and build scalable, reusable data frameworks.\n\nEducation\n\nBachelor's or master's degree in computer science, Information Technology, or related discipline.\nCertifications in AWS/Azure, Informatica, or Data Architecture are a plus.\n\nBenefits\n\nWhy Join Us\n\nBe part of a cutting-edge MDM product initiative blending data architecture, engineering, AI/ML, and cloud-native design.\nOpportunity to shape the next-generation data mastering framework for multiple industry domains.\nGain deep exposure to data mastering, lineage, probabilistic search, and graph-based relationship management.\nCompetitive compensation, flexible working and a technology-driven culture.",Login to check your skill match score,Permanent Job,"Flyway, redgate, Data Modelling, Pyspark, PostgreSQL, Informatica, Sql, Jenkins, Git, Terraform, Azure, Python, Azure DevOps, Etl, AWS",2026-01-17 00:06:40
Dremio Lakehouse Data Architect,CG-VAK Software & Exports Ltd.,5-7 Years,,"Hyderabad, India","Role & Responsibilities\n\nYou will be responsible for architecting, implementing, and optimizing Dremio-based data lakehouse environments integrated with cloud storage, BI, and data engineering ecosystems. The role requires a strong balance of architecture design, data modeling, query optimization, and governance enablement in large-scale analytical environments.\n\nDesign and implement Dremio lakehouse architecture on cloud (AWS/Azure/Snowflake/Databricks ecosystem).\nDefine data ingestion, curation, and semantic modeling strategies to support analytics and AI workloads.\nOptimize Dremio reflections, caching, and query performance for diverse data consumption patterns.\nCollaborate with data engineering teams to integrate data sources via APIs, JDBC, Delta/Parquet, and object storage layers (S3/ADLS).\nEstablish best practices for data security, lineage, and access control aligned with enterprise governance policies.\nSupport self-service analytics by enabling governed data products and semantic layers.\nDevelop reusable design patterns, documentation, and standards for Dremio deployment, monitoring, and scaling.\nWork closely with BI and data science teams to ensure fast, reliable, and well-modeled access to enterprise data.\n\nIdeal Candidate\n\nBachelor's or Master's in Computer Science, Information Systems, or related field.\n5+ years in data architecture and engineering, with 3+ years in Dremio or modern lakehouse platforms.\nStrong expertise in SQL optimization, data modeling, and performance tuning within Dremio or similar query engines (Presto, Trino, Athena).\nHands-on experience with cloud storage (S3, ADLS, GCS), Parquet/Delta/Iceberg formats, and distributed query planning.\nKnowledge of data integration tools and pipelines (Airflow, DBT, Kafka, Spark, etc.).\nFamiliarity with enterprise data governance, metadata management, and role-based access control (RBAC).\nExcellent problem-solving, documentation, and stakeholder communication skills.\n\nPreferred\n\nExperience integrating Dremio with BI tools (Tableau, Power BI, Looker) and data catalogs (Collibra, Alation, Purview).\nExposure to Snowflake, Databricks, or BigQuery environments.\nExperience in high-tech, manufacturing, or enterprise data modernization programs.\n\nSkills: architecture,storage,modeling,enterprise data,enterprise,cloud,dremio",Login to check your skill match score,Permanent Job,"Airflow, Dremio, SQL optimization, role-based access control, dbt, snowflake, Trino, Parquet, Iceberg, Delta, ADLS, GCS, Athena, S3, Metadata Management, Kafka, Data Modeling, AWS, Performance Tuning, Presto, Spark, Data Governance, Databricks, Azure",2026-01-17 00:06:41
Treasury Process and Data Architect,ABB Limited,10-12 Years,,"Bengaluru, India","At ABB, we help industries outrun - leaner and cleaner. Here, progress is an expectation - for you, your team, and the world. As a global market leader, we'll give you what you need to make it happen. It won't always be easy, growing takes grit. But at ABB, you'll never run alone. Run what runs the world.\nThis Position reports to:\nHead of Design,Architecture&Integration\n\nIn this role, you will have the opportunity to enable the organization to make the right decisions about the integrated ABB enterprise architecture landscape. Each day, you will provide architectural leadership, guidance, and support for the broader architecture community, globally. You will also showcase your expertise by facilitating and coordinating the establishment of the definition, structure, and processes related to the innovation portfolio.\n\nThe work model for the role is: #LI-Onsite\n\nThis role is contributing to the Finance Services business Finance Process Data Systems division in Bangalore, India.\n\nYou will be mainly accountable for:\nOwnership of business process system design and architecture covering all related Global Finance Systems of ABB for Treasury (TRE) Process. Accountable to review and approve new solution (including updates to existing solutions) to be implemented in ABB Global Finance applications keeping the design of integrity, security and compliance of finance processes.\nLead business requirements discussions providing strong systems understanding and ability to demonstrate how the finance application can be configured to meet business needs Define the functional solution and ensure alignment with other modules and surrounding IS applications through collaboration across IS solution architects and IS delivery units.\nConduct complex and interactive solution workshops with required stakeholders to to decide which requirements are covered by available standard functionalities, for which functionalities enhancements are needed and for which functionalities workarounds are accepted. Support validation and prioritization of incoming business demand relating to finance applications, in collaboration with the relevant IS Application Manager, IS Service Manager and ERP Domain Lead.\nReview and sign off the functional and technical use case specifications, Ensure creation and maintenance of Finance systems process design documents related to TRE Process. Collaborate with IS Incident Management in detecting re-occurring defects due to design defects and initiate action to eliminate the root cause\nCollaborate with IS Capabilities and Service Performance Excellence team to improve, define, maintain and optimize building processes and standards. Ensure adherence to Corporate Finance and IS Policies and Procedures, as well as to both internal Finance Business Process & Data Architect requirements and external legislation\nProvide guidance to IS application service delivery unit team and to IS project management in how to utilize IS application/solution standards effectively. Assess the systems architecture currently in place and work with the functional and technical architects to recommend solutions to improve it.\n\n\nQualifications for the role (Mandatory)\nBachelor Degree or post graduation in Economics/Finance/Accounting/Business Engineering or similar field, Certification in SAP FICO or S/4 HANA ideally in Central Finance or FICO is desired\nExperience: 10+ years of work experience in Finance and Accounting or business operations or with ERP Center of Excellence, of which at least 5+ years of process design and solutioning experience covering Treasury Management (including SAP Exposure Management)\nProven track record of visualization and creating solution designs, leading design thinking sessions for a specific service line solution and leading implementation teams for respective solutions.\nSAP FSCM experience is critical for this role. Solid track record of collaborating with cross-functional teams, including TRE business process owners, IT teams, and external vendors, to deliver business-aligned technology solutions.\nTechnical Skills: Strong understanding of system design, data flows, and integration methodologies.\nProficiency in using business process management (BPM) tools such as Signavio/Celonis is preferred. Strong understanding of SAP S/4HANA, Central Finance (CFIN), and TRE module.\nDeep knowledge of supporting technologies and functional Central Finance capabilities, including industry best practices. In-depth knowledge of TRE related system integrations, particularly between SAP and non-SAP applications, and experience with cloud-based solutions.\nLeadership & Communication Skills: Demonstrated ability to lead solutioning efforts, guiding the functional & technical architects and developers through solution design and delivery.\nExcellent communication skills, with the ability to collaborate effectively with business stakeholders, technical teams, and senior leadership, with ability to listen, advise, empathize, explain.\nStrong problem-solving skills and the ability to manage complex, cross-functional challenges.\nAdditional Qualities: A strong focus on continuous improvement and automation, with a passion for driving innovation within enterprise systems. Ability to adapt to a fast-paced, dynamic work environment and manage multiple priorities effectively.\n\nWe value people from different backgrounds. Could this be your story Apply today or visit www.abb.com to read more about us and learn about the impact of our solutions across the globe.\nFraud Warning: Any genuine offer from ABB will always be preceded by a formal application and interview process.\nWe never ask for money from job applicants.\nFor current open positions you can visit our career website and apply.\nPlease refer to detailed recruitment fraud caution notice using the link .",Electronics Manufacturing,Permanent Job,"Celonis, Signavio, integration methodologies, data flows, Sap Fico, System Design, Sap Fscm",2026-01-17 00:06:43
O2C Process and Data Architect,ABB Limited,10-12 Years,,"Bengaluru, India","At ABB, we help industries outrun - leaner and cleaner. Here, progress is an expectation - for you, your team, and the world. As a global market leader, we'll give you what you need to make it happen. It won't always be easy, growing takes grit. But at ABB, you'll never run alone. Run what runs the world.\nThis Position reports to:\nHead of Design,Architecture&Integration\n\nYour role and responsibilities (Mandatory)\nWe are looking for an experienced and technically proficient Order-to-Cash (O2C) Architect to lead the design, integration, and optimization of the O2C solutions within the Central Finance (CFIN) landscape. The O2C Architect will be responsible for ensuring that O2C processes are fully aligned with business needs, effectively integrated with other enterprise applications, and supported by automated solutions to enhance operational efficiency. This role involves close collaboration with various internal teams, including Finance, IS Architecture, and external vendors, to maintain and evolve the O2C architecture, ensuring it meets business requirements and is fully compliant with ABB's standards.\n\nThe work model for the role is: #LI-Onsite\n\nThis role is contributing to the Finance Services business Finance Process Data Systems division in Bangalore, India.\n\nYou will be mainly accountable for:\nOwnership of business process system design and architecture covering all related Global Finance Systems of ABB for Order to Cash (O2C) Process. Accountable to review and approve new solution (including updates to existing solutions) to be implemented in ABB Global Finance applications keeping the design of integrity, security and compliance of finance processes.\nLead business requirements discussions providing strong systems understanding and ability to demonstrate how the finance application can be configured to meet business needs, Define the functional solution and ensures alignment with other modules and surrounding IS applications through collaboration across IS solution architects and IS delivery units.\nConduct complex and interactive solution workshops with required stakeholders to to decide which requirements are covered by available standard functionalities, for which functionalities enhancements are needed and for which functionalities workarounds are accepted.\nSupport validation and prioritization of incoming business demand relating to finance applications, in collaboration with the relevant IS Application Manager, IS Service Manager and ERP Domain Lead. Review and sign off the functional and technical use case specifications\nEnsure creation and maintenance of Finance systems process design documents related to Order to Cash (O2C) Process. Collaborate with IS Incident Management in detecting re-occurring defects due to design defects and initiate action to eliminate the root cause\nCollaborate with IS Capabilities and Service Performance Excellence team to improve, define, maintain and optimize building processes and standards. Ensure adherence to Corporate Finance and IS Policies and Procedures, as well as to both internal Finance Business Process & Data Architect requirements and external legislation\nProvide guidance to IS application service delivery unit team and to IS project management in how to utilize IS application/solution standards effectively. Assess the systems architecture currently in place and work with the functional and technical architects to recommend solutions to improve it.\n\n\nQualifications for the role (Mandatory)\nEducation: Bachelor Degree or post graduation in Economics/Finance/Accounting/Business Engineering or similar field\nCertification in SAP FICO or S/4 HANA ideally in Central Finance or FICO is desired. Experience: 10+ years of work experience in Finance and Accounting or business operations or with ERP Center of Excellence, of which at least 5+ years of process design and solutioning experience covering O2C.\nProven track record of visualization and creating solution designs, leading design thinking sessions for a specific service line solution and leading implementation teams for respective solutions. SAP FSCM experience is critical for this role. Solid track record of collaborating with cross-functional teams, including O2C business process owners, IT teams, and external vendors, to deliver business-aligned technology solutions.\nTechnical Skills: Strong understanding of system design, data flows, and integration methodologies.Proficiency in using business process management (BPM) tools such as Signavio/Celonis is preferred.\nStrong understanding of SAP S/4HANA, Central Finance (CFIN), and related SAP modules with special focus on FSCM Module.Deep knowledge of supporting technologies and functional Central Finance capabilities, including industry best practices.\nIn-depth knowledge of O2C related system integrations, particularly between SAP and non-SAP applications, and experience with cloud-based solutions.\nLeadership & Communication Skills: Demonstrated ability to lead solutioning efforts, guiding the functional & technical architects and developers through solution design and delivery.\nExcellent communication skills, with the ability to collaborate effectively with business stakeholders, technical teams, and senior leadership, with ability to listen, advise, empathize, explain. Strong problem-solving skills and the ability to manage complex, cross-functional challenges.\nAdditional Qualities: A strong focus on continuous improvement and automation, with a passion for driving innovation within enterprise systems.\nAbility to adapt to a fast-paced, dynamic work environment and manage multiple priorities effectively.\n\nWe value people from different backgrounds. Could this be your story Apply today or visit www.abb.com to read more about us and learn about the impact of our solutions across the globe.\nFraud Warning: Any genuine offer from ABB will always be preceded by a formal application and interview process.\nWe never ask for money from job applicants.\nFor current open positions you can visit our career website and apply.\nPlease refer to detailed recruitment fraud caution notice using the link .",Electronics Manufacturing,Permanent Job,"cloud-based solutions, Celonis, Central Finance, Signavio, O2C related system integrations, integration methodologies, data flows, Sap Fico, System Design, Fscm",2026-01-17 00:06:44
Data Center Architect,Tata Consultancy Services Limited,8-13 Years,,Bengaluru,"Key Responsibilities:\nHaving 15 years of experience in managing and supporting Data center & cloud infrastructures\nDesign and architect data center infrastructure, including compute, storage, networking, and security components.\nDevelop comprehensive infrastructure strategies to support high availability, scalability, disaster recovery, and business continuity.\nLead the evaluation, selection, and integration of hardware and software solutions for data center operations.\nExperience in designing solutions and implementation of on prem workload migrations to cloud\nCollaborate with IT, facilities, and business stakeholders to define requirements and deliver solutions aligned with organizational objectives.\nOversee the deployment and migration of data center resources, ensuring minimal disruption to business operations.\nEstablish and enforce standards, policies, and procedures for data center management and security.\nMonitor and optimize data center performance, capacity, energy efficiency, and costs.\nStay current with industry trends, emerging technologies, and regulatory compliance requirements.\nProvide technical leadership and mentorship to infrastructure engineers and operational staff.",Software,Permanent Job,".NET Framework 4.5, C#, .Net Core, Webapi, react.js, SQL Server",2026-01-17 00:06:45
Presales Solution Architect- Data Analytic,3i Infotech Limited,5-10 Years,,Navi Mumbai,"We are looking for aSolution Architect cum Presales Leaderwith deep expertise inData Engineering, Analytics, and AI/ML solutions. This role requires a unique blend oftechnical architecture, presales solutioning, and client engagement skillsto help win new business opportunities, design scalable solutions, and enable delivery excellence across global clients.\nKey Responsibilities\nPresales & Client Engagement\nPartner with sales and business teams to identify opportunities in Data Engineering, Analytics, BI, and AI/ML.\nConduct discovery workshops with clients to understand pain points, data landscape, and business objectives.\nPrepare winning RFP/RFI responses, solution decks, cost models, and PoCs.\nDeliver demos, technical presentations, and thought leadership sessions to CXO and senior stakeholders.\nDefine value propositions, ROI models, and differentiators for data/analytics opportunities.\nSolution Architecture & Design\nDesign end-to-end Data & Analytics architectures including:\nData Engineering: ingestion, pipelines, ETL/ELT, data lakes, warehouses, lakehouses.\nAnalytics: BI dashboards, reporting, self-service analytics, advanced analytics.\nAI/ML Integration: predictive, prescriptive, NLP, GenAI, and data-driven automation.\nDefine reference architectures leveraging modern platforms (Snowflake, Databricks, BigQuery, Synapse, Redshift, etc.).\nArchitect scalable solutions on AWS, Azure, or GCP cloud ecosystems.\nEnsure security, compliance, and data governance are embedded in solutions.\nBuild reusable assets, accelerators, and frameworks for faster presales cycles.\nDelivery Enablement & Governance\nCollaborate with delivery leads to ensure solution feasibility and alignment.\nProvide technical governance during transition/mobilization phases.\nDefine SLAs, KPIs, and governance frameworks for data & analytics programs.\nSupport estimation of efforts, resources, and delivery planning.\nInnovation & Thought Leadership\nDrive innovation in AI/ML, GenAI for data, and modern data architectures (lakehouse, data mesh).\nMentor solution consultants and delivery architects on presales and solutioning best practices.\nRepresent the organization in conferences, client forums, and leadership workshops.\nKey Performance Indicators (KPIs)\nWin ratio on data/analytics opportunities supported.\nRevenue growth influenced by data/analytics deals.\nSolution accuracy vs. delivery execution (variance 10%).\nNumber of PoCs, accelerators, and reusable assets created.\nCustomer CSAT/NPS for delivered data programs.\nRequired Skills & Qualifications\nTechnical Skills\nStrong expertise in Data Engineering: ETL/ELT, data lakes, warehouses, real-time streaming (Kafka, Kinesis, Spark, Flink).\nProficiency in Analytics & BI tools: Power BI, Tableau, Qlik, Looker.\nKnowledge of Data Science/AI frameworks: Python (pandas, scikit-learn), TensorFlow, PyTorch, NLP/LLMs.\nExperience with Cloud Platforms: AWS (Redshift, Glue, Athena), Azure (Synapse, Data Factory), GCP (BigQuery, Dataflow).\nFamiliarity with Data Governance, MDM, and Data Security frameworks.\nUnderstanding of modern architectures: data mesh, data fabric, lakehouse.",Software,Permanent Job,"Warehouse, Presales, Analytics..., data engineering, Tableau, Elt",2026-01-17 00:06:46
Director - Data Platforms & AI Systems Architect,Lilly,14-16 Years,,"Bengaluru, India","Lillyu2019s Purpose\nCome bring to life technologies to lead in Pharma-tech!\nLilly Bengaluru Technology Team is actively looking for a motivated and experienced Enterprise Architect, Technologist and Innovation lead who likes to strategize and design enterprise tech platforms for business scale, speed, and innovation u2013 contributing to the respective tech core or business function and to the broader Enterprise Technology at Lilly organization. Are you a change agent who can shape strategy and decisions, influence leaders and organizations Are you passionate about being at the heart of technical innovation If so, please apply to jointly shape the future of our industry, powering our growth and redefining what is possible through Tech in pharma to enable Lilly purpose of creating more medicines to make life better!\nResponsibilities/Qualification:\nWe are seeking a forward-thinking Data Platforms & AI Systems Architect to bridge the gap between robust data engineering and advanced AI/ML capabilities. You will design scalable architectures that not only manage massive datasets but also serve as the high-performance backbone for AI-driven insights and model deployment.\nKey Responsibilities & Skills:\nBachelor's Degree or equivalent in Information Technology or related field.\nMinimum 14 yearsu2019 work experiences including Information Technology experience in multiple technical areas and roles.\nAI-Ready Data Architecture: Design and implement data modeling and warehousing strategies optimized for both traditional analytics and AI/ML training workflows.\nIntelligent Pipelines: Orchestrate automated data integration and transformation pipelines, ensuring high-fidelity data quality required for model accuracy and reproducible AI.\nStrategic Cloud & AI Infrastructure: Evaluate cloud constructs to build cost-effective environments for Big Data and AI workloads, balancing compute intensity with operational efficiency.\nSecurity & Responsible AI: Enforce rigorous data security, privacy standardsand access controls to maintain governance over sensitive data used in AI applications.\nOwnership here is absolute. From first sketch to production battle-testing, you own the service, the outcomes, and the uptime in partnership with the engineering teams. Youu2019ll partner across product, AI, function and platform teams, break cosmic-scale problems into executable systems, and turn raw signals into instant insight for the business.\nYouu2019ll mentor, influence, and elevate the teamu2014not by titles, but by example. Youu2019ll spot the next wave of technology before it hits, share what you learn, and raise the bar for what u201Cgreat engineeringu201D actually means.\nIf you want to be the Avenger behind the scenesu2014the one who keeps the universe running while others take the spotlightu2014this is your moment. No capes. No noise. Just robust systems that never fail.\nLilly is dedicated to helping individuals with disabilities to actively engage in the workforce, ensuring equal opportunities when vying for positions. If you require accommodation to submit a resume for a position at Lilly, please complete the accommodation request form () for further assistance. Please note this is for individuals to request an accommodation as part of the application process and any other correspondence will not receive a response.\nLillyu00A0does not discriminate on the basis of age, race, color, religion, gender, sexual orientation, gender identity, gender expression, national origin, protected veteran status, disability or any other legally protected status.\n#WeAreLilly",Pharmaceutical,Permanent Job,"Security Responsible AI, Intelligent Pipelines, AI-Ready Data Architecture, Strategic Cloud AI Infrastructure",2026-01-17 00:06:48
Data Engineer 3,Emerson,5-7 Years,,"Pune, India","Job Description\n\nIn This Role, Your Responsibilities Will Be:\n\nAI Solution Design & Development\nBuild, train, and deploy machine learning models using Azure Machine Learning, Python, Azure AI Foundry and Azure ML SDKs.\nDevelop scalable AI pipelines using Azure ML pipelines, AutoML, and cloud-native best practices.\nIntegrate Azure AI capabilitiesVision, Language, Speech, and Document Intelligenceinto enterprise applications.\nDesign and automate AI-driven solutions using the Power Platform (Power Apps, Power Automate, Power Virtual Agents) are integrated with Azure AI Services.\nUtilize Azure AI Studio, Azure AI Foundry to rapidly prototype and deliver generative AI, agentic AI and cognitive solutions.\nCross-Functional Collaboration\nPartners with data engineers, analytics teams, and business stakeholders to translate business needs into impactful AI solutions.\nCollaborate with Power Platform developers to embed AI models and cognitive services into low-code applications and workflows.\nContribute to architecture decisions ensuring scalability, maintainability, and alignment with enterprise cloud standards.\nCommunicate technical concepts clearly to both technical and non-technical audiences.\nResponsible AI, Security & Governance\nApply Responsible AI guidelines, ensuring fairness, explainability, and ethical use of machine learning models.\nEnforce data privacy, compliance, and security standards across all AI workloads.\nSupport model versioning, governance, and lifecycle management\nMLOps, Monitoring & Optimization\nImplement monitoring and observability for AI workloads using Azure Monitor, Application Insights, and MLflow (where applicable).\nOptimize model performance, reliability, and cost efficiency across training and inference workloads.\nContribute to CI/CD workflows for ML and Power Platform integrations using Azure DevOps or GitHub Actions.\n\nWho You Are:\n\nYou promote high visibility of shared contributions to goals. You quickly and significantly act in constantly evolving, unexpected situations. You actively seek input from pertinent sources to make timely and well-informed decisions. You handle the risk that comes with moving forward when the outcome is not certain.\n\nFor This Role, You Will Need:\n\nBachelor's degree in computer science, Computer Engineering, IT, or related discipline.\n5+ years of hands-on experience in Azure AI & RPA in a manufacturing set up.\nHands-on experience designing and deploying AI/ML solutions on Microsoft Azure.\nExperience with Azure AI Studio, Azure AI Foundry, Azure ML Designer, AutoML, and Prompt engineering Flow.\nStrong proficiency in Python and Azure SDKs for ML and Cognitive Services.\nSolid understanding of machine learning concepts: data preparation, model development, evaluation, and deployment.\nExperience with cloud-native development and CI/CD for ML pipelines.\nStrong communication, collaboration, and problem-solving skills.\n\nPreferred Qualifications That Set You Apart:\n\nExposure to Microsoft Power Platform and integrating Azure AI models/services into Power Apps, Power Automate, and Copilots.\nFamiliarity with MLOps practices and tools such as MLflow, Azure DevOps, or GitHub Actions.\nMicrosoft certifications (e.g., Azure AI Engineer Associate, Azure Data Scientist Associate) are an added advantage.\nWorking knowledge of Power BI for embedding or visualizing AI-driven insights.\n\nOur Culture & Commitment to You\n\nAt Emerson, we prioritize a workplace where every employee is valued, respected, and empowered to grow. We foster an environment that encourages innovation, collaboration, and diverse perspectivesbecause we know that great ideas come from great teams. Our commitment to ongoing career development and growing an inclusive culture ensures you have the support to thrive. Whether through mentorship, training, or leadership opportunities, we invest in your success so you can make a lasting impact. We believe diverse teams, working together are key to driving growth and delivering business results.\n\nWe recognize the importance of employee wellbeing. We prioritize providing competitive benefits plans, a variety of medical insurance plans, Employee Assistance Program, employee resource groups, recognition, and much more. Our culture offers flexible time off plans, including paid parental leave (maternal and paternal), vacation and holiday leave.\n\nAbout Us\n\nWHY EMERSON\n\nOur Commitment to Our People\n\nAt Emerson, we are motivated by a spirit of collaboration that helps our diverse, multicultural teams across the world drive innovation that makes the world healthier, safer, smarter, and more sustainable. And we want you to join us in our bold aspiration.\n\nWe have built an engaged community of inquisitive, dedicated people who thrive knowing they are welcomed, trusted, celebrated, and empowered to solve the world's most complex problems for our customers, our communities, and the planet. You'll contribute to this vital work while further developing your skills through our award-winning employee development programs. We are a proud corporate citizen in every city where we operate and are committed to our people, our communities, and the world at large. We take this responsibility seriously and strive to make a positive impact through every endeavor.\n\nAt Emerson, you'll see firsthand that our people are at the center of everything we do. So, let's go. Let's think differently. Learn, collaborate, and grow. Seek opportunity. Push boundaries. Be empowered to make things better. Speed up to break through. Let's go, together.\n\nAccessibility Assistance or Accommodation\n\nIf you have a disability and are having difficulty accessing or using this website to apply for a position, please contact: [HIDDEN TEXT] .\n\nAbout Emerson\n\nEmerson is a global leader in automation technology and software. Through our deep domain expertise and legacy of flawless execution, Emerson helps customers in critical industries like life sciences, energy, power and renewables, chemical and advanced factory automation operate more sustainably while improving productivity, energy security and reliability.\n\nWith global operations and a comprehensive portfolio of software and technology, we are helping companies implement digital transformation to measurably improve their operations, conserve valuable resources and enhance their safety.\n\nWe offer equitable opportunities, celebrate diversity, and embrace challenges with confidence that, together, we can make an impact across a broad spectrum of countries and industries. Whether you're an established professional looking for a career change, an undergraduate student exploring possibilities, or a recent graduate with an advanced degree, you'll find your chance to make a difference with Emerson. Join our team let's go!\n\nNo calls or agencies please.",Login to check your skill match score,Permanent Job,"Azure ML pipelines, Power Apps, MLflow, Azure ML SDKs, Azure AI Foundry, Power Virtual Agents, GitHub Actions, Azure AI Studio, AutoML, Power Automate, Power Platform, Azure Machine Learning, Python, Azure DevOps",2026-01-17 00:06:49
Data Engineer,Bitcot,3-6 Years,,"Indore, India","Job Title: Data Engineer Databricks & Data Integrations\nLocation - Chennai / Indore\nExperience - 36 years\nEmployment Type - Full-time\nAbout the Role\nWe are looking for a skilled Data Engineer to build, manage, and optimize scalable data pipelines using Databricks. This role will play a key role in data source identification, data mapping, data quality assessment, and system integration, ensuring reliable, high-quality data for analytics and application use.\nThe ideal candidate will have strong hands-on experience with Databricks, data modeling, and integrations, and will collaborate closely with backend, analytics, and product teams.\nKey Responsibilities :\nData Source Identification & Quality Assessment\nIdentify, analyze, and document available data sources, formats, and access methods.\nAssess data quality across completeness, accuracy, consistency, and reliability.\nProactively identify data gaps, risks, and opportunities for improvement.\nData Mapping & Integration\nDefine and maintain comprehensive data mapping between source systems and Databricks tables.\nDesign and implement scalable ETL/ELT pipelines using Databricks and Apache Spark.\nManage end-to-end data integrations with internal systems and third-party platforms.\nEnsure smooth, reliable, and maintainable data flows across systems.\nDatabricks & Data Modeling\nDevelop and optimize Databricks workloads using Spark and Delta Lake.\nDesign efficient data models optimized for performance, analytics, and API consumption.\nManage schema evolution, versioning, and data lineage.\nMonitor pipeline performance and optimize for cost and scalability.\nData Quality, Validation & Governance\nImplement data validation, reconciliation, and error-handling mechanisms.\nEnsure data accuracy, integrity, and consistency across pipelines.\nFollow best practices for data security, governance, and access control.\nCollaboration & Documentation\nWork closely with backend, analytics, and product teams to align data solutions with business needs\nCreate and maintain clear technical documentation for data mappings, pipelines, and integrations.\nParticipate in design and architecture discussions.\nRequired Skills & Qualifications:\nTechnical Skills\nStrong hands-on experience with Databricks and Apache Spark.\nProficiency in Python and SQL.\nProven experience in data mapping, transformation, and data modeling.\nExperience integrating data from APIs, databases, and cloud storage.\nSolid understanding of ETL/ELT concepts and data warehousing principles.\nCloud & Platform Experience\nExperience working with AWS, Azure, or GCP(any one of them).\nFamiliarity with Delta Lake, Parquet, or similar data formats.\nUnderstanding of secure data access and role-based permissions.\nGood to Have\nExperience supporting data for analytics dashboards or data-driven applications.\nExposure to streaming or near-real-time data pipelines.\nExperience in startup or fast-paced product development environments.\nSoft Skills\nStrong analytical and problem-solving skills.\nAbility to work effectively with cross-functional teams.\nClear communication and documentation skills.\nStrong ownership mindset with attention to detail.\nWhy Join Us\nOpportunity to work on impactful data platforms and integrations.\nHands-on role with ownership over data pipelines and models.\nCollaborative and growth-oriented work culture.\nHow to Apply / Contact\nSending their resume to: [HIDDEN TEXT]\nMentioning the subject line: Application Data Engineer (Databricks).",Login to check your skill match score,Permanent Job,"Data Quality Assessment, Data Mapping, Data Modeling, Apache Spark, Databricks, Data Integration, Sql, Python, ELT, Etl",2026-01-17 00:06:50
Data Engineer,VAYUZ Technologies,Fresher,,India,"Key Responsibilities\nDesign, build, and maintain end-to-end GCP data pipelines for both batch and streaming workloads.\nEnsure high availability, reliability, and performance of data platforms in line with defined SLAs and SLOs.\nDevelop and manage ETL/ELT workflows using Cloud Composer (Airflow), Dataflow (Apache Beam), and BigQuery.\nManage and enhance data lakes and data warehouses using BigQuery and Cloud Storage.\nImplement real-time and streaming data solutions using Pub/Sub, Dataflow, or Kafka.\nBuild and expose data APIs and microservices for data consumption using Cloud Run, Cloud Functions, or App Engine.\nDefine and enforce data quality, governance, and lineage using Data Catalog and Cloud Data Quality tools.\nCollaborate closely with DevOps teams to implement CI/CD pipelines, infrastructure as code, and automated monitoring for data workflows.\nParticipate in incident management, root cause analysis (RCA), and change control processes following ITIL best practices.\nMentor junior engineers and ensure adherence to engineering standards and best practices.\nKey Competencies\nProven experience in managed service delivery environments with strict SLAs covering availability, latency, and resolution timelines.\nStrong understanding of Google Cloud Platform (GCP), IAM, and cloud cost management.\nSolid knowledge of incident, change, and problem management using ITSM tools such as ServiceNow or Jira.\nAbility to lead and manage on-call operations within a 16/5 support model, coordinating with global teams.\nStrong understanding of data security, governance, and compliance requirements.\nExcellent communication, stakeholder management, and client-facing skills.\nComfortable working in a 16/5 model with teams across multiple time zones.",Login to check your skill match score,Permanent Job,"Airflow, Cloud Functions, Cloud Data Quality, CI CD, Data Catalog, Pub Sub, Cloud Run, Cloud Composer, infrastructure as code, Servicenow, BigQuery, Kafka, Jira, Itil, Cloud Storage, Gcp, Apache Beam, DataFlow, App Engine",2026-01-17 00:06:52
Data Engineer,The Edge Partnership,8-10 Years,,"Porur, Chennai","Our client is a leading global financial services firm providing a wide range of investment banking, securities, investment management and wealth management services. The Data Engineer is a role focusing on responsible for designing, building, and maintaining scalable data pipelines and infrastructure to support analytics, machine learning, and business intelligence initiatives. This role is ideal for someone who thrives in a fast-paced environment and is passionate about transforming raw data into actionable insights.\nPlease contact Radhika or email your cv directly in word format with job reference number: JOB 15960 to\nPlease note that due to the high number of applications only shortlisted candidates will be contacted. If you do not hear from us in the next 5 business days, we regret to inform you that your application for this position was unsuccessful.\n[HIDDEN TEXT]\nKey responsibilities\nWork on Azure data platform to deliver scalable data solutions.\nDesign, develop, and maintain robust data pipelines using modern data engineering tools and frameworks.\nCollaborate with the team to develop scalable frameworks that streamline data loading processes and support business operations.\nCollaborate with business stakeholders to build and optimize data architecture (e.g. data marts, data lakes, data warehouses).\nSupport the ingestion and preparation of diverse data types - structured and unstructured, batch and real-time - into the Azure Data Lake, ensuring they are cleaned and aggregated to meet business requirements.\nCollaborate with data scientists, analysts, and software engineers to deliver high-quality data solutions.\nEnsure data quality, integrity, and security across all data platforms.\nEnsure reliable and timely data delivery by orchestrating scheduled workflows.\nMonitor and troubleshoot data workflows and infrastructure performance.\nImplement best practices for data governance, versioning, and documentation.\nEnsure visibility and traceability of enterprise data assets by managing data catalogues and lineage through Microsoft Purview / Collibra.\nRole requirements\nBachelor's or master's degree in computer science, Engineering, or a related field.\n8+ years of experience in data engineering or a similar role.\nStrong problem-solving skills and attention to detail.\nExcellent communication and collaboration abilities.\nExperience with Azure data platforms (e.g., Databricks, Azure Synapse).\nFamiliarity with data modelling, warehousing concepts, and distributed systems.\nExperience with real-time data processing (e.g. Azure Event Hub, Kafka).\nKnowledge of data management tools (e.g. MS Purview, Collibra).\nProficiency in Python, SQL, and data pipeline frameworks.",Banking/Accounting/Financial Services,Permanent Job,"data pipeline frameworks, data management tools, Azure data platform, Azure Event Hub, MS Purview, real-time data processing, Collibra, Kafka, Sql, Azure Synapse, Databricks, Python",2026-01-17 00:06:53
SAP Data Architect - Analytics & Data Migration,NTT Data,8-12 Years,,"Chennai, India","NTT DATA strives to hire exceptional, innovative and passionate individuals who want to grow with us. If you want to be part of an inclusive, adaptable, and forward-thinking organization, apply now.\nWe are currently seeking a SAP Data Architect - Analytics & Data Migration to join our team in Chennai, Tamil Ndu (IN-TN), India (IN).\nSAP Data Architect - Analytics & Data Migration\nJob Summary:\nWe are seeking a highly experienced and strategic SAP Data Architect to lead the end-to-end data migration and analytics architecture efforts in our S/4HANA transformation programs. This role is pivotal in designing and executing data strategies, ensuring seamless data migration from legacy systems, and enabling advanced analytics capabilities using SAP and non-SAP tools.\nKey Responsibilities:\n. Data Architecture & Strategy:\n. Define and implement enterprise-wide SAP data architecture standards, governance, and frameworks\n. Design robust and scalable data models aligned with S/4HANA best practices (e.g., CDS Views, ACDOCA, etc.)\n. Align data architecture with business process needs, reporting requirements, and compliance standards\n. Data Migration Planning & Execution:\n. Lead the data migration strategy-including extraction, transformation, and loading (ETL) of master and transactional data from legacy systems (ECC, non-SAP)\n. Work with SAP S/4HANA Migration Cockpit, BODS, Information Steward, and/or 3rd-party tools (e.g., Syniti, Informatica)\n. Oversee data profiling, cleansing, validation, and reconciliation processes\n. Manage mock runs, data cutover planning, and execution for go-live\n. Analytics & Reporting:\n. Define the analytics roadmap for S/4HANA using tools like SAP BW/4HANA, SAP Analytics Cloud (SAC), or third-party BI platforms (Power BI, Tableau)\n. Implement data integration frameworks (ODP, SLT, API-based) for real-time or batch reporting\n. Collaborate with business stakeholders to define KPIs, dashboards, and data visualization needs\n. Stakeholder & Project Leadership:\n. Collaborate with enterprise architects, functional leads, and business users to drive data design decisions\n. Lead workshops to define data migration scope, data governance models, and transformation rules\n. Support development of data governance policies and ownership models\nRequired Qualifications:\n. Bachelor's or Master's degree in Computer Science, Information Systems, or related field\n. 8-12 years of experience in SAP Data Architecture, with strong hands-on involvement in S/4HANA programs\n. Proven expertise in data migration projects, including greenfield, brownfield, and hybrid scenarios\n. Deep understanding of SAP data structures, IDOCs, LSMW, BAPIs, and staging frameworks\n. Hands-on experience with ETL tools, data quality tools, and metadata management\n. Strong knowledge of SAP Analytics tools, such as BW/4HANA, SAC, HANA Native Modeling\n. Solid understanding of data governance, data privacy (GDPR, CCPA), and compliance frameworks\nPreferred Skills:\n. Experience with Cloud Migrations (e.g., RISE with SAP, Azure, AWS)\n. Exposure to SAP MDG (Master Data Governance)\n. Familiarity with Agile/Scrum methodologies\n. SAP certifications in S/4HANA, BODS, or Data Architect roles is a plus\nSoft Skills:\n. Strong problem-solving and critical thinking skills\n. Excellent communication and presentation abilities\n. Ability to manage and prioritize multiple initiatives\n. Leadership and mentoring capabilities for junior data engineers/analysts\nWhat We Offer:\n. Opportunity to work on large-scale digital transformation programs\n. Access to latest SAP and cloud technologies\n. Competitive salary and performance-based bonuses\n. Learning and certification support\nAbout NTT DATA\nNTT DATA is a $30 billion business and technology services leader, serving 75% of the Fortune Global 100. We are committed to accelerating client success and positively impacting society through responsible innovation. We are one of the world's leading AI and digital infrastructure providers, with unmatched capabilities in enterprise-scale AI, cloud, security, connectivity, data centers and application services. our consulting and Industry solutions help organizations and society move confidently and sustainably into the digital future. As a Global Top Employer, we have experts in more than 50 countries. We also offer clients access to a robust ecosystem of innovation centers as well as established and start-up partners. NTT DATA is a part of NTT Group, which invests over $3 billion each year in R&D.\nWhenever possible, we hire locally to NTT DATA offices or client sites. This ensures we can provide timely and effective support tailored to each client's needs. While many positions offer remote or hybrid work options, these arrangements are subject to change based on client requirements. For employees near an NTT DATA office or client site, in-office attendance may be required for meetings or events, depending on business needs. At NTT DATA, we are committed to staying flexible and meeting the evolving needs of both our clients and employees. NTT DATA recruiters will never ask for payment or banking information and will only use @nttdata.com and @talent.nttdataservices.com email addresses. If you are requested to provide payment or disclose banking information, please submit a contact us form, .\nNTT DATA endeavors to make accessible to any and all users. If you would like to contact us regarding the accessibility of our website or need assistance completing the application process, please contact us at . This contact information is for accommodation requests only and cannot be used to inquire about the status of applications. NTT DATA is an equal opportunity employer. Qualified applicants will receive consideration for employment without regard to race, color, religion, sex, sexual orientation, gender identity, national origin, disability or protected veteran status. For our EEO Policy Statement, please click . If you'd like more information on your EEO rights under the law, please click . For Pay Transparency information, please click.",IT/Computers - Software,Permanent Job,"SAP BW 4HANA, Data Quality Tools, S 4HANA, Cloud Migrations, SAP Data Architecture, Sap Mdg, Data Migration, Scrum, Agile, Metadata Management, Etl, Data Governance, Bods",2026-01-18 01:20:01
Delhi Career Fair - Applications invited for Data Architect,ExxonMobil,5-7 Years,,"Bengaluru, India","About us\nAt ExxonMobil, our vision is to lead in energy innovations that advance modern living and a net-zero future. As one of the world's largest publicly traded energy and chemical companies, we are powered by a unique and diverse workforce fueled by the pride in what we do and what we stand for.\nThe success of our Upstream, Product Solutions and Low Carbon Solutions businesses is the result of the talent, curiosity and drive of our people. They bring solutions every day to optimize our strategy in energy, chemicals, lubricants and lower-emissions technologies.\nWe invite you to bring your ideas to ExxonMobil to help create sustainable solutions that improve quality of life and meet society's evolving needs. Learn more aboutand how we can.\nWhat role you will play in our team\nThe Data Architect is responsible for designing, implementing, and managing the organization's data architecture to ensure data integrity, scalability, and security. This role involves creating data models, defining data standards, and collaborating with stakeholders to align data strategies with business objectives.\nExxonMobil's affiliates in India\nExxonMobil's affiliates have offices in India in Bengaluru, Mumbai and the National Capital Region.\nExxonMobil's affiliates in India supporting the Product Solutions business engage in the marketing, sales and distribution of performance as well as specialty products across chemicals and lubricants businesses. The India planning teams are also embedded with global business units for business planning and analytics.\nExxonMobil's LNG affiliate in India supporting the upstream business provides consultant services for other ExxonMobil upstream affiliates and conducts LNG market-development activities.\nThe Global Business Center - Technology Center provides a range of technical and business support services for ExxonMobil's operations around the globe.\nExxonMobil strives to make a positive contribution to the communities where we operate, and its affiliates support a range of education, health and community-building programs in India. Read more about our\nTo know more about ExxonMobil in India, visit and the .\nExxonMobil is organizing scheduled in-person interviews at Delhi on 28th Feb & 1st Mar 2026 for Data Architect - EMIT\nWork Location: Bengaluru (Last date to apply is February 20, 2026)\nNote: Shortlisted candidates will receive an interview invitation letter from recruiting team.\nWhat you will do\nData Architecture Design:\nDevelop and maintain enterprise-level data architecture, including conceptual, logical, and physical data models.\nData Integration & Management:\nDesign and implement data pipelines, ETL processes, and integration strategies for structured and unstructured data sources.\nGovernance & Compliance:\nEstablish data governance frameworks, ensure compliance with data privacy regulations (GDPR, HIPAA, etc.), and maintain data quality standards.\nPerformance Optimization:\nOptimize database performance, storage, and retrieval processes for high availability and scalability.\nCollaboration:\nWork closely with data engineers, analysts, and business teams to translate business requirements into technical solutions.\nTechnology Evaluation:\nAssess and recommend tools, platforms, and technologies for data management and analytics.\nAbout You\nSkills and Qualifications\nBachelor's or master's degree from a recognized university in Computer/IT other relevant engineering disciplines.\nMinimum 5+ of experience with data processing / analytics, and ETL data transformation. Proficient in ingesting data to/from Snowflake, Azure storage account.\nProficiency in at least one of the following languages: Python, C#, C++, F#, Java.\nProficiency in SQL and NoSQL databases. Knowledge of SQL query development and optimization.\nDemonstrated experience Snowflake, Qlik Replicate, Fivetran, Azure Data Explorer.\nCloud azure experience (current/future) used (ADX, ADF, Databricks).\nExpertise with Airflow, Qlik, Fivetran, Azure Data Factory.\nManagement of Snowflake through DBT scripting.\nSolid understanding of data strategies, including data management, data curation, and data governance.\nAbility to quickly build relationships and credibility with business customers and agile teams.\nA passion for learning about and experimenting with new technologies.\nConfidence in creating and delivering technical presentations and training.\nExcellent organization and planning skills\n\nPreferred Qualifications/ Experience\n\nExperience with Airtable platform is a plus\nWorking knowledge of Azure Databricks\nWorking knowledge of various data storage technologies\nWorking knowledge of big data tools (e.g., Hadoop, MongoDB, Kafka, HDFS, YARM, etc.)\nWorking knowledge of Containers Technologies (OpenShift, Docker, Kubernetes)\nYour benefits\n\nAn ExxonMobil career is one designed to last. Our commitment to you runs deep: our employees grow personally and professionally, with benefits built on our core categories of health, security, finance and life.We offer you:\nCompetitive compensation\nMedical plans, maternity leave and benefits, life, accidental death and dismemberment benefits\nRetirement benefits\nGlobal networking & cross-functional opportunities\nAnnual vacations & holidays\nDay care assistance program\nTraining and development program\nTuition assistance program\nWorkplace flexibility policy\nRelocation program\nTransportation facility\nPlease note benefits may change from time to time without notice, subject to applicable laws. The benefits programs are based on the Company's eligibility guidelines.\nStay connected with us\nLearn more about ExxonMobil in India, visit and .\nFollow us on and\nLike us on\nSubscribe our channel at\nEEO Statement\nExxonMobil is an Equal Opportunity Employer:\nAll qualified applicants will receive consideration for employment without regard to race, color, religion, sex, age, national origin or disability status.\nBusiness solicitation and recruiting scams\nExxonMobil does not use recruiting or placement agencies that charge candidates an advance fee of any kind (e.g., placement fees, immigration processing fees, etc.). Follow the to understand more about recruitment scams in the name of ExxonMobil.\nNothing herein is intended to override the corporate separateness of local entities. Working relationships discussed herein do not necessarily represent a reporting connection, but may reflect a functional guidance, stewardship, or service relationship.\nExxon Mobil Corporation has numerous affiliates, many with names that include ExxonMobil, Exxon, Esso and Mobil. For convenience and simplicity, those terms and terms like corporation, company, our, we and its are sometimes used as abbreviated references to specific affiliates or affiliate groups. Abbreviated references describing global or regional operational organizations and global or regional business lines are also sometimes used for convenience and simplicity. Similarly, ExxonMobil has business relationships with thousands of customers, suppliers, governments, and others. For convenience and simplicity, words like venture, joint venture, partnership, co-venturer, and partner are used to indicate business relationships involving common activities and interests, and those words may not indicate precise legal relationships.\nNothing herein is intended to override the corporate separateness of local entities. Working relationships discussed herein do not necessarily represent a reporting connection, but may reflect a functional guidance, stewardship, or service relationship.\nExxon Mobil Corporation has numerous affiliates, many with names that include ExxonMobil, Exxon, Esso and Mobil. For convenience and simplicity, those terms and terms like corporation, company, our, we and its are sometimes used as abbreviated references to specific affiliates or affiliate groups. Abbreviated references describing global or regional operational organizations and global or regional business lines are also sometimes used for convenience and simplicity. Similarly, ExxonMobil has business relationships with thousands of customers, suppliers, governments, and others. For convenience and simplicity, words like venture, joint venture, partnership, co-venturer, and partner are used to indicate business relationships involving common activities and interests, and those words may not indicate precise legal relationships.",Oil/Gas/Petroleum,Permanent Job,"Collaboration, snowflake, Azure Data Explorer, Airflow, HDFS, Technology Evaluation, Data Architecture Design, Data Integration Management, Fivetran, Performance Optimization, Governance Compliance, DBT scripting, Sql, Airtable, Openshift, Java, Hadoop, Kafka, Etl, Azure Databricks, Nosql, Qlik Replicate, Azure Data Factory, Kubernetes, Python, Azure, Docker, MongoDB",2026-01-19 00:02:05
Data Architect,Han Digital Solution,15-20 Years,,"Panaji, North and Middle Andaman, Daman","The Data Architect will design, develop, and manage enterprise-scale data solutions across cloud and on-premises environments. The role involves working with modern data platforms, data lakes, pipelines, and advanced analytics tools to deliver high-quality, scalable, and secure data architectures.\nKey Responsibilities:\nDesign and implement end-to-end data architectures using Azure Data Factory (ADF), HDInsight, Azure SQL, and MS Fabric.\nDevelop and maintain data pipelines and workflows using PySpark and Python.\nImplement and manage data mesh frameworks for distributed data ownership.\nWork with Databricks on AWS, Apache Spark, and AWS S3 for large-scale data processing.\nUse AWS Glue, Redshift, Athena, and other cloud services for data integration and analytics.\nOptimize data workflows for performance, scalability, and reliability.\nIncorporate advanced tools and frameworks such as Spark SQL, Spark Streaming, Kafka, AWS Lambda, MLflow, TensorFlow, PyTorch, Airflow, and CloudWatch where applicable.\nRequired Skills & Qualifications:\nHands-on experience with ADF, HDInsight, Azure SQL, PySpark, Python, MS Fabric, and data mesh.\nProven experience with Databricks on AWS, Apache Spark, AWS S3, AWS Glue, and AWS Redshift/Athena.\nKnowledge of cloud-based CI/CD pipelines for data workflows.\nFamiliarity with streaming and messaging platforms like Spark Streaming and Kafka.\nExperience with ML/AI frameworks such as MLflow, TensorFlow, or PyTorch is a plus.\nBachelor of Engineering in Computer Science, IT, or a related field.\nGood to Have:\nAWS Lambda, CloudWatch, Airflow, Spark SQL.\nAdvanced experience in data pipeline orchestration and cloud monitoring.","Consulting, Professional Services",Permanent Job,"AWS S3/Glue/Redshift, Data Mesh, Adf, Pyspark, Azure Sql, Databricks",2026-01-20 01:24:43
Data Architect (Databricks),NTT Data,10-15 Years,,"Bengaluru, India","NTT DATA strives to hire exceptional, innovative and passionate individuals who want to grow with us. If you want to be part of an inclusive, adaptable, and forward-thinking organization, apply now.\nWe are currently seeking a Data Architect (Databricks) to join our team in Bangalore, Karntaka (IN-KA), India (IN).\nJob Duties: We are looking for a senior, client-facing Data Architect to support the delivery of complex data products for a large enterprise client. The role requires a heavy-hitter architect who can operate confidently in an Agile delivery environment, collaborate closely with client stakeholders, and translate business requirements into scalable, robust data architectures.\nThe engagement is expected to start around late January / early February and will run for approximately 6 months, with iterative delivery cycles and phased releases.\n________________________________________\nExperience Requirements\n. Total Experience: 10-15+ years in data & analytics roles\n. Relevant Experience: 7-10+ years in data architecture / solution design\n. Databricks Experience: 3-5+ years hands-on (architecture + delivery)\n. Client-Facing / Consulting Experience: 3+ years working directly with demanding enterprise clients\nSeniority or grade is flexible, but the candidate must demonstrate architect-level ownership, confidence, and delivery maturity.\n\nKey Responsibilities\n. Act as the lead Data Architect for Databricks-based data platforms and products\n. Design end-to-end data architectures covering ingestion, processing, storage, and consumption\n. Define Lakehouse architecture using Databricks (Delta Lake, Unity Catalog, etc.)\n. Work closely with:\no Client stakeholders\no Product owners\no Delivery leads\no Data engineers and analytics teams\n. Translate business and analytical requirements into scalable technical designs\n. Ensure architecture aligns with performance, security, governance, and cost-optimization best practices\n. Support Agile delivery, including:\no Sprint planning\no Design workshops\no Incremental releases\n. Provide architectural guidance during implementation and unblock delivery issues\n. Review and approve technical designs, data models, and implementation patterns\n\nMinimum Skills Required: Required Technical Skills\nCore Data & Architecture\n. Strong expertise in data architecture and data platform design\n. Deep understanding of:\no Data warehousing\no Lakehouse patterns\no Batch and streaming data processing\nDatabricks (Mandatory)\n. Hands-on experience with:\no Databricks Lakehouse architecture\no Delta Lake\no Databricks Workflows\no Unity Catalog (governance & security)\n. Experience designing production-grade Databricks solutions\nCloud & Data Engineering\n. Experience on Azure (preferred) or equivalent cloud platforms\n. Strong understanding of:\no Data ingestion frameworks\no ETL / ELT patterns\no Data modeling (analytical & dimensional)\n. Ability to guide data engineers on best practices\n________________________________________\nDelivery & Ways of Working\n. Proven experience working in Agile / Scrum delivery models\n. Comfortable delivering in fast-paced, iterative programs\n. Experience working with offshore teams while engaging closely with onshore clients\n________________________________________\nCommunication & Stakeholder Skills (Critical)\n. Strong verbal and written communication skills\n. Ability to:\no Lead architecture discussions with senior client stakeholders\no Challenge requirements constructively\no Explain complex technical concepts in simple business language\n. Confidence to work with a demanding client environment\n________________________________________\nNice to Have\n. Consulting or systems-integrator background\n. Experience delivering energy, utilities, or large enterprise data platforms\n. Exposure to data governance, data quality frameworks, and regulatory environments\nAbout NTT DATA\nNTT DATA is a $30 billion business and technology services leader, serving 75% of the Fortune Global 100. We are committed to accelerating client success and positively impacting society through responsible innovation. We are one of the world's leading AI and digital infrastructure providers, with unmatched capabilities in enterprise-scale AI, cloud, security, connectivity, data centers and application services. our consulting and Industry solutions help organizations and society move confidently and sustainably into the digital future. As a Global Top Employer, we have experts in more than 50 countries. We also offer clients access to a robust ecosystem of innovation centers as well as established and start-up partners. NTT DATA is a part of NTT Group, which invests over $3 billion each year in R&D.\nWhenever possible, we hire locally to NTT DATA offices or client sites. This ensures we can provide timely and effective support tailored to each client's needs. While many positions offer remote or hybrid work options, these arrangements are subject to change based on client requirements. For employees near an NTT DATA office or client site, in-office attendance may be required for meetings or events, depending on business needs. At NTT DATA, we are committed to staying flexible and meeting the evolving needs of both our clients and employees. NTT DATA recruiters will never ask for payment or banking information and will only use @nttdata.com and @talent.nttdataservices.com email addresses. If you are requested to provide payment or disclose banking information, please submit a contact us form, .\nNTT DATA endeavors to make accessible to any and all users. If you would like to contact us regarding the accessibility of our website or need assistance completing the application process, please contact us at . This contact information is for accommodation requests only and cannot be used to inquire about the status of applications. NTT DATA is an equal opportunity employer. Qualified applicants will receive consideration for employment without regard to race, color, religion, sex, sexual orientation, gender identity, national origin, disability or protected veteran status. For our EEO Policy Statement, please click . If you'd like more information on your EEO rights under the law, please click . For Pay Transparency information, please click.",IT/Computers - Software,Permanent Job,"Batch and Streaming Data Processing, Databricks Lakehouse Architecture, , ETL ELT Patterns, Unity Catalog Governance Security, Lakehouse Patterns, Delta Lake, Data Modeling Analytical Dimensional, Agile Scrum Delivery Models, Cloud Data Engineering, Databricks Workflows, Data Ingestion Frameworks, Databricks, Data Warehousing, Azure",2026-01-21 02:25:20
Data Architect,Fidelity International,Fresher,,"Bengaluru, India","About The Opportunity\n\nJob Type: Permanent\n\nApplication Deadline: 24 January 2026\n\nJob Description\n\nTitle: Data Architect - ISS\n\nDepartment: ISS Enterprise Architecture\n\nLocation: Bangalore\n\nLevel: 6\n\nWe're proud to have been helping our clients build better financial futures for over 50 years. How have we achieved this By working together - and supporting each other - all over the world. So, join our team and feel like you're part of something bigger.\n\nAbout Your Team\n\nFidelity is investing in its Enterprise Architecture team with the purpose to serve the needs of Fidelity by enabling the Business, Technology and Data strategies to flourish to realise the targeted business opportunities and value.\n\nOverall, the functions aim is to:\n\nUnite Business, Technology and Data strategies into a technology roadmap\nLead the transformation of Fidelity's technology estate\nAlign innovation with strategy and business need\nProvide strategic thought-leadership for Fidelity\nCommission key strategy change and drive adoption.\nEnsure efficient use of change investment leading to maximum business value return\nOperate across technical, organisation and process challenges to drive design of enterprise solutions.\nInstigate and direct Delivery's regulatory and compliance engagement, verifying success through governance checks\nEducate technology and business on solutions and technologies that are relevant for the strategies\n\nAbout Your Role\n\nThis role is for a data architect who can understand, guide, and solves complex functional, technical and architectural issues around data. He/she must understand the implications associated with the chosen technical strategy well aligned with the business context. He/she will be interacting with various levels of the business and technical community, for building more context, explaining the underlying problems, and for presenting the solutions.\n\nHe/she will handle the logical and physical data architecture landscape, and need to ensure that our data solutions are optimal and compliant with EOL policies; security policies etc. He/she will be acting as guardians of the data landscape across the data lifecycle; understands the technical data lineage and data definition and embeds data into ISS deliveries.\n\nAbout You\n\nThe candidate should be an expert in data architecture concepts in particular data product model and data modelling with a good understanding of meta-data management, data governance, data risk, and data issue management. The role would also involve intensive interaction with the business and other systems groups, so good communications skills and the ability to work under pressure are an absolute must.\n\nExperience in Application Architecture. Should have played an Application Architect role in multiple projects\nExperience or understanding of Data Governance, Data Quality, Data Issue Management\nExperience or understanding of Data Product model and the required supporting data capabilities\nExperience in data modelling techniques and creating various data models\nExperience in AWS cloud services and Snowflake and the associated architecture patterns\nExcellent communication (verbal and written) and interpersonal skills suitable for a diverse audience, with the ability to communicate in a positive, friendly and effective manner with technical or non-technical users/ customers\nAbility to guide/mentor juniors in the team and review code artefacts\nThe ability to convey complex, abstract technical concepts to technical and non-technical audiences\nAbility to work closely with cross-functional teams. Ability to prioritise own activities, work under hard deadlines.\n\nFeel rewarded\n\nFor starters, we'll offer you a comprehensive benefits package. We'll value your wellbeing and support your development. And we'll be as flexible as we can about where and when you work finding a balance that works for all of us. It's all part of our commitment to making you feel motivated by the work you do and happy to be part of our team. For more about our work, our approach to dynamic working and how you could build your future here, visit careers.fidelityinternational.com.\n\nFor more about our work, our approach to dynamic working and how you could build your future here, visit careers.fidelityinternational.com.",Login to check your skill match score,Permanent Job,"Data issue management, Data product model, AWS cloud services, snowflake, Data architecture concepts, Data modelling techniques, Meta-data management, Data Quality, Data Governance",2026-01-25 01:29:21
Data Architect,Virtusa,Fresher,,India,"Design, develop, and maintain efficient and reliable data pipelines using Java, Scala, Apache Spark and Confluent Cloud (Kafka, KStreams, kSQLDB, Schema Registry)\nLeverage Apache Spark (Java/Scala) for large-scale data processing and transformation.\nExperience with building, maintaining and debugging applications and data pipelines using Confluent Cloud (Kafka, KStreams, kSQLDB, Schema Registry).\nBuild and optimize data storage solutions using NoSQL databases such as ScyllaDB and/or Cassandra.\nExperienced with AWS services required for Data Engineering such as EMR, ServerlessEMR, AWS Glue, CodeCommit, EC2, S3 etc.\nFamiliarity with workflow orchestration tools such as Airflow\nExperience with building and deploying applications using Docker or AWS ECS or AWS EKS\nWell versed with code management using tools like GitHub and CI/CD pipelines and deployment of data pipelines on AWS cloud.\nImplement and manage search and analytics capabilities using AWS OpenSearch and/or Elasticsearch.\nCollaborate with data scientists, analysts, and other engineers to understand data requirements and deliver effective solutions.\nMonitor and troubleshoot data pipelines to ensure data quality and performance.\nImplement data governance and data quality best practices.\nAutomate data ingestion, processing, and deployment processes.\nStay up-to-date with the latest data engineering trends and technologies.\nContribute to the design and architecture of our data platform on AWS.",Login to check your skill match score,Permanent Job,"Airflow, NoSQL databases, KStreams, Schema Registry, kSQLDB, AWS OpenSearch, Confluent Cloud, ScyllaDB, AWS EKS, Java, Github, Cassandra, Scala, Apache Spark, AWS Glue, Kafka, Docker, Elasticsearch, AWS ECS",2026-01-25 01:29:23
Data Architect,Virtusa,Fresher,,India,"Design, develop, and maintain efficient and reliable data pipelines using Java, Scala, Apache Spark and Confluent Cloud (Kafka, KStreams, kSQLDB, Schema Registry)\nLeverage Apache Spark (Java/Scala) for large-scale data processing and transformation.\nExperience with building, maintaining and debugging applications and data pipelines using Confluent Cloud (Kafka, KStreams, kSQLDB, Schema Registry).\nBuild and optimize data storage solutions using NoSQL databases such as ScyllaDB and/or Cassandra.\nExperienced with AWS services required for Data Engineering such as EMR, ServerlessEMR, AWS Glue, CodeCommit, EC2, S3 etc.\nFamiliarity with workflow orchestration tools such as Airflow\nExperience with building and deploying applications using Docker or AWS ECS or AWS EKS\nWell versed with code management using tools like GitHub and CI/CD pipelines and deployment of data pipelines on AWS cloud.\nImplement and manage search and analytics capabilities using AWS OpenSearch and/or Elasticsearch.\nCollaborate with data scientists, analysts, and other engineers to understand data requirements and deliver effective solutions.\nMonitor and troubleshoot data pipelines to ensure data quality and performance.\nImplement data governance and data quality best practices.\nAutomate data ingestion, processing, and deployment processes.\nStay up-to-date with the latest data engineering trends and technologies.\nContribute to the design and architecture of our data platform on AWS.",Login to check your skill match score,Permanent Job,"Airflow, NoSQL databases, KStreams, Schema Registry, kSQLDB, AWS OpenSearch, Confluent Cloud, ScyllaDB, AWS EKS, Java, Github, Cassandra, Scala, Apache Spark, AWS Glue, Kafka, Docker, Elasticsearch, AWS ECS",2026-01-25 01:29:24
Data Architect,Deloitte,5-7 Years,,"Bengaluru, India","Role 1: Pod Lead Senior Data Engineer / Data Architect\nExperience: 56 Years\nLocation - Bangalore\nRole Summary\nWe are seeking a Senior Data Engineer / Data Architect to lead a Data Engineering pod and drive the design, development, and optimization of scalable data platforms on Azure Databricks. This role combines hands-on engineering, architecture ownership, and technical leadership, ensuring high-quality, performant, and governable data solutions.\nKey Responsibilities\nLead and own end-to-end delivery of data engineering solutions for the assigned pod\nDesign scalable, secure, and high-performance data architectures using Azure Databricks\nDefine and implement metadata-driven data frameworks for ingestion, transformation, and orchestration\nArchitect and manage Unity Catalog for data governance, access control, and lineage\nBuild and optimize ADF pipelines for batch and incremental data ingestion\nPerform data modeling (dimensional, fact-based, and analytical models) for downstream analytics\nDrive performance tuning for Spark jobs, SQL queries, and data pipelines\nConduct code reviews, enforce engineering best practices, and mentor junior engineers\nCollaborate with product owners, architects, and stakeholders to translate business requirements into technical solutions\nEnsure reliability, scalability, and observability of data pipelines in production\nRequired Skills & Qualifications\n56 years of experience in Data Engineering, with at least 2 years in a senior or lead role\nAdvanced expertise in Azure Databricks (Spark optimization, cluster tuning, Delta Lake)\nStrong hands-on experience with Unity Catalog and enterprise data governance\nProven experience with Azure Data Factory (ADF)\nStrong understanding of metadata-driven frameworks\nSolid experience in data modeling for analytics and reporting\nStrong Spark/SQL performance tuning skills\nExperience with code reviews, CI/CD practices, and pod-level ownership\nExcellent communication and technical leadership skills\nGood to Have\nExperience with cloud data architecture on Azure\nExposure to streaming frameworks or real-time data processing\nPrior experience leading small to mid-sized data engineering teams",Login to check your skill match score,Permanent Job,"Spark SQL performance tuning, enterprise data governance, metadata-driven frameworks, Spark optimization, Delta Lake, CI CD practices, code reviews, Unity Catalog, cluster tuning, Azure Databricks, Data Modeling",2026-01-25 01:29:26
Data Architect,GanitSphere,8-12 Years,,India,"Company Description\nGanitSphere is a trusted leader in Data Analytics, Data Engineering, and AI solutions, dedicated to accelerating organizations Data and AI strategies. With expertise in building scalable data platforms and providing advanced analytics, GanitSphere empowers businesses to make smarter decisions and drive sustainable growth. By implementing impactful AI-driven solutions, the company ensures measurable outcomes for its clients. GanitSphere blends deep technical expertise with a business-first approach to guarantee successful and sustainable Data and AI initiatives.\nRole Description\nThis is a contract-based remote role for a Data Architect at GanitSphere. The Data Architect will design and implement scalable data architectures, develop data models, and oversee data governance practices. Responsibilities include leading data transformation processes, optimizing data storage, and collaborating with cross-functional teams to ensure effective data integration and accessibility.\nQualifications\nStrong skills in Data Architecture and Data Modeling\nExperience with Data Governance practices and implementation\n8 - 12 years of experience in data architecture & platform engineering\nExperience in life sciences / healthcare domain preferred\nCloud data platforms (Snowflake / Databricks / AWS / Azure)\nModern data ingestion (batch + APIs)\nHas designed analytics enablement stacks- i.e., data products\nKey responsibilities -\nAssess current data infrastructure & architecture landscape, platforms, tools and integration patterns\nDefine architectural principles and standards\nIdentify rationalization opportunities for redundant\ntools, overlapping pipelines\nEvaluate and suggest data integration and interoperability patterns\nDesign a future state data & analytics architecture which includes ingestion patterns, data products, analytics enablement layer",Login to check your skill match score,Permanent Job,"Cloud data platforms, snowflake, Analytics enablement stacks, Modern data ingestion, Apis, Data Modeling, Data Architecture, Databricks, Data Governance, Azure, AWS",2026-01-25 01:29:27
Data Architect - Big Data Platform,Awign,8-10 Years,,"Coimbatore, India","Job Title : Data Architect\n\nLocation : Bangalore/Coimbatore (WFO)\n\nJob Type : Permanent\n\nExperience : 8 Years and above\n\nExperience\n\n6+ years of experience in data engineering, data warehousing, or big data platforms.\nProven experience in AWS cloud ecosystem (S3, Glue, EMR, Lambda, Redshift, Athena).\nStrong hands-on expertise with Apache Spark (Core, SQL, Streaming) and PySpark.\nPractical knowledge of Databricks for collaborative data engineering and ML workflows.\nProficiency in Snowflake for data warehousing and analytics use cases.\nStrong programming skills in Python and SQL.\nExpertise in data modeling, ETL/ELT pipeline design, and data warehousing concepts.\nExperience with distributed and real-time processing frameworks like Flink\nExposure to at least one BI tool (Tableau, Power BI, or QuickSight)\nDomain understanding in BFSI/ Fintech (preferred)\nPreferred experience in working with either Snowflake or Databricks\nPrior experience in designing and implementing at least 2+ large-scale production data migration or modernization projects\n\nRoles & Responsibilities\n\nDesign and architect scalable, secure, and performant big data solutions using AWS, Snowflake, or Databricks\nStrong understanding of performance tuning, cost optimization, and pipeline monitoring for reliable production workloads.\nPartner with business leaders, product managers, and clients to translate business objectives into technical data solutions\nEstablish and enforce coding standards, architecture guidelines, and design patterns across projects\nLead and mentor a team of data engineers and analysts, promoting best practices in data design and engineering\nConduct code and architecture reviews, ensuring high-quality deliverables and adherence to technical standards.\nCollaborate with cross-functional teams to ensure seamless data delivery and alignment with business goals\n\nKey Skills\n\nTechnologies : AWS, Snowflake, Databricks, Spark, Python, SQL, Airflow, Kafka\nFrameworks : Spark Core, Spark SQL, Spark Streaming/Flink\nSoft Skills : Leadership, stakeholder management, Team Management, communication, problem-solving, decision-making\n\n(ref:hirist.tech)",Login to check your skill match score,Permanent Job,"Airflow, Flink, snowflake, Spark SQL, Kafka, Sql, Spark Core, Spark Streaming, Spark, Databricks, Python, AWS",2026-01-25 01:29:29
Data Architect AIG,EXL,12-14 Years,,"Gurugram, Gurugram, India","Data Architect\n\nAbout The Role\n\nWe are seeking a Data Architect with deep Big Data Engineering expertise to design and modernize large-scale, cloud-native data platforms. This role emphasizes distributed data processing, real-time pipelines, data platform automation, and GenAI enablement on top of strong Big Data foundations.\n\nKey Responsibilities\n\nArchitect and govern enterprise Big Data platforms (data lake, lakehouse, warehouse, real-time).\nDesign high-volume, high-velocity data pipelines using batch and streaming frameworks.\nLead implementation of distributed processing architectures (Spark, PySpark, EMR).\nBuild event-driven and real-time streaming solutions (Kafka, Kinesis, Flink).\nDefine ETL/ELT patterns, metadata-driven pipelines, and reusable ingestion frameworks.\nDrive data platform automation (Airflow/Step Functions, CI/CD, data quality, observability).\nOptimize performance, scalability, fault tolerance, and cost across Big Data workloads.\nIntegrate GenAI architectures (LLMs, embeddings, vector databases, RAG) with enterprise data lakes.\nEnsure security, governance, lineage, and compliance across data platforms.\nProvide hands-on leadership and technical mentoring to data engineering teams.\n\nRequired Technical Skills & Experience\n\n12+ years in Big Data Engineering / Data Architecture roles.\nExpert-level experience with Spark, PySpark, SQL, and distributed compute engines.\nStrong knowledge of AWS Big Data stack: S3, EMR, Glue, Athena, Redshift, Lambda, Step Functions.\nHands-on experience with Snowflake (performance tuning, data sharing, optimization).\nExpertise in streaming platforms: Kafka, Kinesis, Flink, or Spark Streaming.\nStrong experience with data modeling (dimensional, Data Vault 2.0).\nProficiency in Python, schema evolution, partitioning, and data versioning.\nExperience with orchestration and automation tools (Airflow, Dagster, CI/CD).\nWorking knowledge of GenAI data integration (feature stores, vector DBs, RAG pipelines).\nExperience with Agile delivery and leading globally distributed engineering teams.\n\nResponsibilities for Internal Candidates\n\nKey Responsibilities\n\nArchitect and govern enterprise Big Data platforms (data lake, lakehouse, warehouse, real-time).\nDesign high-volume, high-velocity data pipelines using batch and streaming frameworks.\nLead implementation of distributed processing architectures (Spark, PySpark, EMR).\nBuild event-driven and real-time streaming solutions (Kafka, Kinesis, Flink).\nDefine ETL/ELT patterns, metadata-driven pipelines, and reusable ingestion frameworks.\nDrive data platform automation (Airflow/Step Functions, CI/CD, data quality, observability).\nOptimize performance, scalability, fault tolerance, and cost across Big Data workloads.\nIntegrate GenAI architectures (LLMs, embeddings, vector databases, RAG) with enterprise data lakes.\nEnsure security, governance, lineage, and compliance across data platforms.\nProvide hands-on leadership and technical mentoring to data engineering teams.",Login to check your skill match score,Permanent Job,"GenAI, Airflow, AWS Big Data stack, Flink, CI CD, snowflake, vector DBs, RAG pipelines, feature stores, Step Functions, Dagster, Glue, Data Vault 2.0, Big Data Engineering, Athena, S3, Pyspark, Kafka, Data Modeling, Lambda, Kinesis, Data Architecture, Python, Emr, Redshift, Sql, Spark",2026-01-25 01:29:31
Lead Data Architect,MathCo,10-12 Years,,"Bengaluru, India","We are seeking for a Data Architect with over a decade of experience designing scalable data platforms and enterprise data models for pharma and life sciences organizations. This role requires strong knowledge of SQL/NoSQL databases, distributed systems, and cloud ecosystems across AWS, Azure, or GCP. The ideal candidate will build high-volume data pipelines, real-time streaming solutions, and robust ETL/ELT frameworks supporting pharma data domains such as clinical, commercial, patient, and real-world data. Proficiency with tools like Spark, Databricks, Snowflake, and major integration platforms is essential. You will design secure, compliant data architectures aligned with GDPR, HIPAA, or CCPA. Additionally, you will drive data governance practices including data quality, cataloguing, lineage, and access control, while leading teams delivering solutions for pharma and life sciences clients.\nKey Responsibilities\nLead and manage teams to design, develop, and deliver high-quality data engineering solutions for pharma and life sciences clients.\nDevelop a point of view on Pharma & Life Sciences Industry & global trends & articulate their Impact on Pharma Clients.\nHas strong execution knowledge of Data Modeling, Databases in general (SQL and NoSQL), software development lifecycle and practices, unit testing, functional programming, etc.\n10+ years of experience in data architecture, data engineering, or related roles.\n5+ years of experience in building scalable enterprise data warehousing and modelling on prem and/or cloud (AWS, GCP, Azure).\nExpertise in data structures, distributed computing, manipulating and analyzing complex high-volume data from variety of internal and external sources.\nExpertise in cloud platforms such as Azure, AWS, or Google Cloud and their data services (e.g., Azure Data Lake, AWS S3, BigQuery).\nHands-on experience with data integration tools (e.g., Azure Data Factory, Talend, Informatica).\nExperience in developing ETL designs and data models for structured/ unstructured and streaming data sources\nExperience with real-time data streaming technologies like Kafka, Kinesis, or Event Hub.\nProficiency with big data tools and frameworks like Apache Spark, Databricks, Snowflake or Hadoop.\nExperience with SQL and NoSQL databases (e.g., SQL Server, Snowflake, Cosmos DB, DynamoDB).\nSolid knowledge of scripting and programming languages such as Python, Spark, Java, or Scala.\nDesign secure data solutions ensuring compliance with standards such as GDPR, HIPAA, or CCPA.\nImplement and enforce data governance frameworks, including data cataloguing, lineage, and access controls.\nRequired Skills and Experience\nExperience in understanding and translating data, analytic requirements and functional needs into technical requirements while working with global customers.\nDesign cloud-native data architectures that support scalable, real-time, and batch processing.\nBuild and maintain data pipelines to support large scale data management in alignment with data strategy and data processing standards.\nDefine strategies for data modeling, data integration, and metadata management.\nStrong experience in database, data warehouse, data lake design & architecture.\nLeverage cloud platforms (AWS, Azure, GCP, etc.) for data storage, compute, and analytics services such as Azure Synapse, AWS Redshift, or Google BigQuery.\nExperience in Database programming using multiple flavour of SQL.\nImplement data governance frameworks, including data quality, lineage, and cataloguing.\nCollaborate with cross-functional teams, including business analysts, data engineers, and DevOps teams.\nExperience in Big Data ecosystem - on-prem (Hortonworks/MapR) or Cloud (Dataproc/EMR/HDInsight/Databricks/SnowPark)\nEvaluate emerging cloud technologies and recommend improvements to data architecture.\nExperience in any orchestration tool such as Airflow/Oozie for scheduling pipelines\nHands-on experience in using Spark Streaming, Kafka, Databricks, Snowflake, etc.\nExperience working in an Agile/Scrum development process.\nExperience to optimize data systems for cost efficiency, performance, and scalability.\nPrior experience working with pharma or life sciences clients in a consulting or enterprise environment.",Login to check your skill match score,Permanent Job,"Airflow, Event Hub, data cataloguing, snowflake, NoSQL databases, data integration tools, cloud ecosystems, Kafka, Informatica, ELT, Kinesis, Distributed Systems, Azure Data Lake, Oozie, Talend, Python, AWS, Java, BigQuery, Hadoop, Scala, Sql, Data Quality, Azure Data Factory, Gcp, Spark, Data Governance, Databricks, Azure, Aws S3, Etl",2026-01-25 01:29:33
AWS Data Architect,Adfolks LLC- A ZainTECH Company,10-12 Years,,"India, Cochin / Kochi / Ernakulam","Role Overview:\nWe are looking for a highly experienced Senior Data Architect to lead enterprise data and analytics strategy on AWS. This role will design and deliver scalable data platforms, data pipelines, and ML systems, while driving multi-cloud data architecture, governance, and technical leadership across teams.\nKey Responsibilities\nDefine & lead enterprise data architecture and cloud data strategy (AWS-focused).\nDesign scalable data lakes, lakehouse, DWH, streaming & analytics platforms.\nArchitect & optimize AWS-based ETL/ELT, ML, and real-time data pipelines.\nLead multi-cloud (AWS + Azure) and hybrid data integration initiatives.\nImplement data governance, security, quality, metadata & lineage frameworks.\nMentor data engineering & data science teams; ensure architectural best practices.\n10+ years in data architecture / engineering, 5+ years on cloud platforms (AWS).\nRequired Skills:\nExpertise with AWS data stack (S3, Glue, Redshift, Athena, EMR, Kinesis, Lake Formation).\nStrong data modeling (dimensional, Data Vault, lakehouse).\nHands-on Python, PySpark, SQL & distributed systems (Spark, Kafka).\nML platform experience (SageMaker, MLOps, pipelines & deployment).\nMulti-cloud experience (AWS + Azure) with data migration & modernization.\nCertifications Required:\nAWS Certified Data Analytics Specialty\nAWS Certified Machine Learning Specialty\nAzure Data Engineer Associate (DP-203)\nNice to have\nAdditional AWS certifications (SA Pro / DevOps Pro)\nAzure DP-100, Databricks, Terraform / CloudFormation experience\nExperience with data mesh, data fabric, governance platforms (Alation/Collibra)",Login to check your skill match score,Permanent Job,"lakehouse, multi-cloud experience, dimensional Data Vault, SageMaker, Lake Formation, Glue, AWS data stack, Athena, S3, Pyspark, Kafka, Emr, Data Modeling, Redshift, Sql, Kinesis, MLops, Distributed Systems, Spark, Azure, Python",2026-01-25 01:29:35
Cloud Data Architect (Azure & AWS),Talent Corner HR Services Pvt Ltd,10-12 Years,,"Navi Mumbai, Mumbai, India","Requirement: Cloud Data Architect (Azure & AWS)\nTechnology: Cloud Data Architect, Azure, AWS AWS Glue, S3, Redshift, and EMR, Data Factory, Data Lake, Synapse, and Databricks\nExperience: 10+ years\nWork Location: Navi Mumbai, Sanpada\nJob Description:\nDeep expertise in Azure and AWS data ecosystems to lead end-to-end solutioning covering data ingestion, transformation, governance, security, and analytics platform design\nSolution Architecture & Delivery\nDesign, architect, and implement modern cloud-native data platforms on Azure and AWS tailored to client needs\nBuild data lakehouse solutions using Azure Synapse, Databricks, AWS Redshift, Glue, EMR, and Delta Lake\nLead the development of ETL/ELT pipelines with Azure Data Factory, Databricks, AWS Glue, and PySpark\nArchitect federated data access solutions using Trino, Athena, or Synapse Serverless for cross-platform querying\nImplement best practices in data modeling, partitioning, cataloging, and metadata management\nOversee data governance, compliance, and security setup using Azure Purview, Lake Formation, IAM, RBAC, and encryption\nPre-Sales & Client Engagement:\nCollaborate with the sales and business development teams during RFPs, RFIs, and client discovery calls\nCreate and deliver technical presentations, product demonstrations, and solution walkthroughs to prospective clients\nLead and build Proof of Concept (PoC) environments to demonstrate platform capabilities\nDraft and contribute to technical proposals, solution blueprints, architecture diagrams, and effort estimations\nAssess client requirements and translate them into scalable and cost-effective cloud architectures\nLeadership & Collaboration:\nGuide and mentor data engineers, architects, and developers on cloud data best practices\nCollaborate with DevOps teams to enable CI/CD pipelines, infrastructure automation, and monitoring\nStay up to date with emerging technologies in cloud data engineering, lakehouse patterns, and federated query engines\nDesired Profile:\nExpertise in Azure data services: Azure Data Factory, ADLS Gen2, Synapse, Databricks, Azure Functions\nExpertise in AWS data services: S3, Glue, Redshift, Athena, EMR, Lambda, Lake Formation\nExperience with Trino (PrestoSQL) for federated querying across multiple data sources\nStrong programming skills in SQL, Python, PySpark, and experience with large-scale distributed data processing\nProficiency in data lakehouse architecture, medallion/layered models, and cost-efficient storage design\nFamiliarity with DevOps practices, including Git, Terraform/CloudFormation, CI/CD pipelines\nExperience preparing client-ready technical proposals, diagrams, and TCO models\nStrong knowledge of cloud cost optimization strategies and performance tuning techniques\nExcellent communication and client presentation skills\nProven ability to influence stakeholders and lead solution discussions\nStrong analytical thinking and problem-solving attitude\nAbility to handle both strategic solutioning and hands-on implementation\nTeam player with mentoring and leadership capabilities\nQualification:\nBachelor's degree in a relevant field\nPreferred Certifications:\nMicrosoft Certified: Azure Data Engineer Associate / Azure Solutions Architect Expert\nAWS Certified: Data Analytics Specialty / Solutions Architect Associate or Professional\nDatabricks Certified Data Engineer or Architect\nTrino/Presto certification (if applicable) is a plus",Login to check your skill match score,Permanent Job,"Azure Purview, Trino, Synapse, Lake Formation, rbac, Athena, S3, Data Factory, Pyspark, AWS Glue, ELT, Terraform, Python, AWS, Cloudformation, Emr, Redshift, Sql, Git, Iam, Data Lake, Databricks, Azure, Etl",2026-01-25 01:29:37
Azure Data Engineer Architect,Xander Consulting And Advisory Private Limited,10-18 Years,INR 20 - 32.5 LPA,Hyderabad,"Key responsibilities\nDesign end-to-end data architectures on Azure (batch & real-time)\nDefine data ingestion, processing, storage, and analytics layers\nChoose the right Azure services based on business needs\nEnsure scalability, security, performance, and cost optimization\nGuide data engineers and review implementation designs\nWork closely with business, analytics, and cloud teams\nData Ingestion: Azure Data Factory, Event Hub, IoT Hub\nProcessing: Azure Databricks, Azure Synapse (Spark), Stream Analytics\nStorage: Azure Data Lake Gen2, Blob Storage, SQL Database\nAnalytics & BI: Azure Synapse Analytics, Power BI\nSecurity & Governance: Azure Purview, Key Vault, RBAC\nDevOps: CI/CD, ARM templates, Terraform",Login to check your skill match score,Permanent Job,"Azure Architect, Azure Databrick, Data Engineer, Azure Data Lake, Sql",2026-01-25 01:29:38
Cloud & Data Center Architect,Arxada,5-7 Years,,"Mumbai, India","Arxada is a global leader in innovative solutions that protect our world. Our groundbreaking technologies, in-depth regulatory know-how, manufacturing and process development help our customers to safeguard nutrition, health and infrastructure efficiently through chemistry and biotechnology that enhance sustainability. We offer a broad portfolio of ingredients and services for multiple end-markets that include Human Health & Nutrition, Home & Personal Care, Professional Hygiene, Paints & Coatings and Wood Protection.\n\nWith customers in more than 100 countries, the company achieved sales of CHF 2 billion in 2024. Headquartered in Basel (Switzerland), Arxada employs 3,200 associates across 24 production sites and 14 R&D centers, all committed to our customers success.\n\nMid-level Cloud and Data Center Architect is a key technical role responsible for designing, implementing, and managing cloud and data center solutions. This position combines a strong understanding of cloud technologies, data center infrastructure, and architectural principles to create scalable, secure, and efficient environments. The Cloud and Data Center Architect collaborate with cross-functional teams to define and deliver robust solutions that align with business objectives.\n\nEssential Job Functions:\n\nCloud Services: Deploy and manage cloud-based services, virtual machines, storage accounts, file shares, backup & recovery using MABS, Azure DevOps, Azure Local. Contribute to the design and implementation of cloud architecture/governance, ensuring scalability, reliability, and security.\nInfrastructure Support - Provide day-to-day operational support for cloud and data center infrastructure, including Windows and Linux server administration, storage provisioning, and virtualization. Troubleshoot and resolve issues related to system performance, availability, and connectivity.\nCapacity Planning and Performance Monitoring: Assist in monitoring resource utilization, performance metrics, and capacity planning for cloud and data center infrastructure. Identify optimization opportunities, recommend hardware or software upgrades, and implement scaling strategies to ensure optimal resource allocation and performance.\nIncident Response and Troubleshooting: Participate in incident response activities, including identifying, investigating, and resolving issues that impact cloud and data center services. Collaborate with cross-functional teams to ensure timely resolution of incidents, minimize service disruptions, and document root cause analysis.\nCollaboration and Communication: Collaborate with cross-functional teams, including application owners/developers, system administrators, network engineers, and security teams, to support application deployments, system integrations, and infrastructure projects. Communicate effectively with stakeholders, providing regular updates on project status, incident resolution, and service improvement initiatives.\nDocumentation and Knowledge Management: Maintain accurate documentation of cloud and data center configurations, processes, and procedures. Contribute to knowledge management initiatives by creating and updating technical documentation, troubleshooting guides, and best practice recommendations.\n\nQualifications & Experience:\n\nBachelor's degree in computer science, information technology, or a related field.\n5-7 years of experience in cloud computing, data center operations or infrastructure management.\nStrong knowledge of cloud platforms, IaaS, PaaS, SaaS, Virtualization technologies\nFamiliarity with data center architecture, networking, storage systems, and disaster recovery concepts.\nProficient in scripting and automation using languages like PowerShell, or Bash.\nStrong troubleshooting and problem-solving skills to diagnose and resolve complex technical issues.\nExcellent verbal and written communication skills to effectively collaborate with team members and stakeholders.\nAbility to work independently, prioritize tasks, and handle multiple projects simultaneously.\nRelevant certifications such as Microsoft Certified Solutions Architect, VMware Certified Professional (VCP), or Certified Data Center Professional (CDCP) are a plus.\n\nArxada has world class offering in two distinct areas:\n\nMicrobial Control Solutions (MCS) focuses on threats posed by microorganisms to people and planet through five distinct business lines including Professional Hygiene, Home & Personal Care, Wood Protection, Paints & Coatings and Material Protection.\n\nNutrition, Care & Environmental (NCE), meanwhile, provides materials used to manufacture composites for electronics, aerospace and other markets, as well as vitamins and nutritional ingredients, chemicals and performance intermediates, and raw materials for a wide range of high-performance applications.\n\nArxada is an equal opportunity employer. All qualified applicants will receive consideration for employment without regard to race, religion, color, national origin, sex, sexual orientation, gender identity, age, status as a qualified individual with disability, protected veteran status, or any other characteristic protected by law.\n\nIN02",Login to check your skill match score,Permanent Job,"MABS, Virtualization Technologies, Disaster Recovery, Paas, Networking, Cloud Services, Saas, PowerShell, Linux Server Administration, Iaas, Bash, Storage Systems, Azure DevOps",2026-01-25 01:29:39
Senior Architect Data Architecture,Empower India,8-10 Years,,"Bengaluru, India","Our vision for the future is based on the idea that transforming financial lives starts by giving our people the freedom to transform their own. We have a flexible work environment, and fluid career paths. We not only encourage but celebrate internal mobility. We also recognize the importance of purpose, well-being, and work-life balance. Within Empower and our communities, we work hard to create a welcoming and inclusive environment, and our associates dedicate thousands of hours to volunteering for causes that matter most to them.\n\nChart your own path and grow your career while helping more customers achieve financial freedom. Empower Yourself.\n\nJob Summary\n\nAs a Senior Data Architect at Empower, you will be both a strategic leader and hands on technical expert, shaping the company's cloud and data architecture. Partnering with enterprise architects, business leaders, and IT teams, you will define architectures, drive modernization initiatives and strategy aligning with Empower's long term vision for performance, efficiency, and cost optimization. You will also partner with Empower's Innovation Lab to explore emerging technologies including Generative AI and Advanced Analytics, translating experimentation into practical enterprise strategies. You will influence key architectural decisions, mentor teams, and help position Empower as leader in technology excellence.\n\nResponsibilities\n\nPartner with the Enterprise Architects, Senior Architects, and cross functional teams including business stakeholders and executives to define and execute a unified IT data strategy\nDevelop and maintain Empower's enterprise technology roadmap, including clear reference architectures for system components, integrations, and dependencies\nLead the modernization and migration of complex systems to scalable, secure, and cost optimized cloud architectures\nEvaluate and pilot new technologies and applications, challenge existing approaches, and build strong business cases to influence strategic direction and drive innovation\nEstablish and promote architectural standards, best practices, and governance frameworks while mentoring and coaching technology team members to ensure consistent adoption\nCollaborate closely with business and engineering teams to design end-to-end solutions that meet strategic, technical, and operational objectives\nProvide architectural leadership in process design, system orchestration, and enterprise integration to enable cohesive and efficient technology ecosystems\nChampion security, resilience, and scalability as core design principles across platforms and systems\nDeliver thought leadership in enterprise architecture, ensuring the discipline remains aligned with Empower's strategic priorities and evolving technology landscape\nGuide full stack development teams through solution design and implementation, driving long term architectural scalability, performance, and cost optimization\n\nRequired Skills\n\nAround 8 years in a data specialty such as engineering, platforms, or analytics, with 2+ years leading end to end solution design and architecture for complex initiatives across data, integration, application, infrastructure, and security\nProven experience in multiple data focused roles including Data Engineer (ETL/ELT), Data Architect, Database Administrator, BI or Analytics Engineer, Data Science, data governance, or a similar field\nCompetency in architecture frameworks, performance optimization, and addressing cross-cutting concerns including availability, caching, monitoring, scalability, and security\nStrong problem solving and strategic thinking, with a demonstrated ability to lead architectural governance, mentor engineers, and influence cross functional teams and executives in distributed environments\nStrong expertise in designing data and cloud architecture, AWS preferred, supporting scalability, performance, and security with systems such as Snowflake or Redshift\nProven ability to translate complex data into actionable business insights and reporting solutions that provide comprehensive and up to date information to business users\nBachelor's degree in Computer Science, Information Systems, or related discipline\n\nNice To Have Qualifications\n\nStreaming and event driven data specialist experience building and operating Kafka or Kinesis based architectures including ordering, replay, schema evolution, and real time observability\nAPI and integration specialist experience designing API first data access patterns, API lifecycle governance, versioning, security, and developer enablement, plus event driven integration patterns to reduce point to point complexity\nData platform modernization specialist experience designing large scale ingestion and processing platforms using Spark or comparable distributed compute and orchestrating reliable batch and near real time pipelines\nData security and privacy specialist experience implementing encryption, masking or tokenization, access controls, and auditability patterns for sensitive data and regulated environments\nCloud cost and performance specialist experience applying FinOps practices, workload right sizing, storage optimization, and performance engineering for cloud data platforms\nDevOps for data specialist experience building CI/CD for data pipelines, infrastructure as code practices, and container platforms such as Kubernetes or EKS for data workloads\nApplied AI and GenAI specialist experience designing safe enterprise patterns for retrieval, evaluation, monitoring, and responsible AI adoption\nBroad polyglot engineering specialist experience with Java, microservices patterns, and third party API integrations that support data intensive services\nCertifications such as AWS Certified Solutions Architect (Associate or Professional)\n\nEducation\n\nBachelor's and/or master's degree in computer science or related field (information systems, mathematics, software engineering, etc.)\n\nPhysical Requirements/Working Conditions\n\nNormal Office Working Conditions\n\nWe are an equal opportunity employer with a commitment to diversity. All individuals, regardless of personal characteristics, are encouraged to apply. All qualified applicants will receive consideration for employment without regard to age, race, color, national origin, ancestry, sex, sexual orientation, gender, gender identity, gender expression, marital status, pregnancy, religion, physical or mental disability, military or veteran status, genetic information, or any other status protected by applicable state or local law.",Login to check your skill match score,Permanent Job,"Performance Optimization, Event Driven Integration, snowflake, Cloud Architecture, Kafka, Redshift, ELT, Kinesis, Spark, Data Architecture, Data Governance, Kubernetes, Etl, AWS",2026-01-25 01:29:41
Solution Architect - Data & AI,Gruve,8-12 Years,,"Pune, India","About Gruve\n\nGruve is an innovative software services startup dedicated to transforming enterprises to AI powerhouses. We specialize in cybersecurity, customer experience, cloud infrastructure, and advanced technologies such as Large Language Models (LLMs). Our mission is to assist our customers in their business strategies utilizing their data to make more intelligent decisions. As a well-funded early-stage startup, Gruve offers a dynamic environment with strong customer and partner networks.\n\nPosition Summary\n\nWe are seeking an experienced Solution Architect - Data & AI to join our team. In this role, you will manage relationships with enterprise customers, gather and translate business requirements into AI solutions, and lead the design and implementation of LLM products. You will be the technical thought leader, guiding customers from prototype to production. This is an exciting opportunity with hands-on experience in building and deploying LLM-powered solutions.\n\nKey Responsibilities\n\nEngage directly with enterprise customers to gather business and technical requirements in data and AI.\nDesign and implement scalable AI solutions leveraging LLMs.\nPartner with cross-functional teams, including business stakeholders, data engineers, and software engineers, to deploy AI solutions.\nBuild hands-on prototypes and guide customers from proof-of-concept to production, ensuring timely delivery and business impact.\nDevelop best practices for AI solution delivery, including security and compliance measures for safe AI implementations.\nDrive customer success by providing ongoing technical support and thought leadership in AI post-deployment.\n\nBasic Qualifications\n\nBachelor's or master's degree in computer science, computer science, or a related field.\n8-12 years of experience in software engineering with at least 3+ years in an architecture role.\nEngage directly with enterprise customers to gather business and technical requirements in data and AI.\nDesign and implement scalable AI solutions leveraging LLMs.\nPartner with cross-functional teams, including business stakeholders, data engineers, and software engineers, to deploy AI solutions.\nBuild hands-on prototypes and guide customers from proof-of-concept to production, ensuring timely delivery and business impact.\nDevelop best practices for AI solution delivery, including security and compliance measures for safe AI implementations.\nDrive customer success by providing ongoing technical support and thought leadership in AI post-deployment.\n\nPreferred Qualifications\n\nExperience with cloud-native architectures, CI/CD pipelines, and containerization (e.g., Docker, Kubernetes).\nRelevant certifications in AI/ML technologies or cloud platforms (e.g., AWS, Azure, Google Cloud).\nExperience with enterprise platforms such as Salesforce.\n\nWhy Gruve\n\nAt Gruve, we foster a culture of innovation, collaboration, and continuous learning. We are committed to building a diverse and inclusive workplace where everyone can thrive and contribute their best work. If you're passionate about technology and eager to make an impact, we'd love to hear from you.\n\nGruve is an equal opportunity employer. We welcome applicants from all backgrounds and thank all who apply; however, only those selected for an interview will be contacted.",Login to check your skill match score,Permanent Job,"Salesforce, cloud-native architectures, AI solutions, Azure, Google Cloud, AWS",2026-01-25 01:29:43
Senior Master Data Management Solution Architect,Robert Bosch,8-10 Years,,India,"Job Description\nRoles & Responsibilities :\nLead the architectural design and implementation of enterprise-wide master data management (MDM) solutions, aligning with Bosch's strategic business goals.\nDefine and enforce master data governance frameworks, standards, and best practices across various business units and technical platforms.\nDrive the selection, evaluation, and integration of MDM platforms and associated data quality, data lineage, and metadata management tools.\nProvide expert technical leadership and mentorship to cross-functional teams, guiding them through complex master data integration and migration projects.\nCollaborate with key stakeholders across business and IT to translate complex business requirements into pragmatic and sustainable master data architectural solutions.\n\nQualifications\nEducational qualification:/\nExperience :\nMinimum of 8 years of progressive experience in architecting and implementing large-scale Master Data Management (MDM) solutions in complex enterprise environments.\nDeep expertise in various MDM domains (e.g., Business Partner, Product, Asset) andhands-on experience with leading MDM platforms (e.g., SAP MDG, Stibo STEP).\nProven ability to define and implement data governance policies, data quality rules, and data stewardship processes.\nExceptional understanding of enterprise architecture principles, data modeling, data integration patterns (ETL, API, streaming), and cloud-native data architectures.\nBachelor's or Master's degree in Computer Science, Information Systems, or a related technical field, combined with strong leadership and communication skills.\nMandatory/requires Skills :\nArchitecting and implementing large-scale Master Data Management (MDM) solutions in complex enterprise environments\nPreferred Skills :\nSAP MDG, Stibo STEP, data integration patterns (ETL, API, streaming)",IT/Computers - Software,Permanent Job,"data integration patterns, data stewardship, cloud-native data architectures, Stibo STEP, Data Quality, Streaming, Sap Mdg, Data Governance, Api, Data Modeling, Etl",2026-01-25 01:29:45
Data Architect,GanitSphere,8-12 Years,,India,"Company Description\nGanitSphere is a trusted leader in Data Analytics, Data Engineering, and AI solutions, dedicated to accelerating organizations Data and AI strategies. With expertise in building scalable data platforms and providing advanced analytics, GanitSphere empowers businesses to make smarter decisions and drive sustainable growth. By implementing impactful AI-driven solutions, the company ensures measurable outcomes for its clients. GanitSphere blends deep technical expertise with a business-first approach to guarantee successful and sustainable Data and AI initiatives.\nRole Description\nThis is a contract-based remote role for a Data Architect at GanitSphere. The Data Architect will design and implement scalable data architectures, develop data models, and oversee data governance practices. Responsibilities include leading data transformation processes, optimizing data storage, and collaborating with cross-functional teams to ensure effective data integration and accessibility.\nQualifications\nStrong skills in Data Architecture and Data Modeling\nExperience with Data Governance practices and implementation\n8 - 12 years of experience in data architecture & platform engineering\nExperience in life sciences / healthcare domain preferred\nCloud data platforms (Snowflake / Databricks / AWS / Azure)\nModern data ingestion (batch + APIs)\nHas designed analytics enablement stacks- i.e., data products\nKey responsibilities -\nAssess current data infrastructure & architecture landscape, platforms, tools and integration patterns\nDefine architectural principles and standards\nIdentify rationalization opportunities for redundant\ntools, overlapping pipelines\nEvaluate and suggest data integration and interoperability patterns\nDesign a future state data & analytics architecture which includes ingestion patterns, data products, analytics enablement layer",Login to check your skill match score,Permanent Job,"Cloud data platforms, snowflake, Analytics enablement stacks, Modern data ingestion, Apis, Data Modeling, Data Architecture, Databricks, Data Governance, Azure, AWS",2026-01-25 23:50:33
Data Architect,Thermo Fisher Scientific,5-7 Years,,Hyderabad,"Job Description :\nWork Schedule\nStandard (Mon-Fri)\nEnvironmental Conditions\nOffice\nAs part of the Thermo Fisher Scientific team, you'll discover meaningful work that makes a positive impact on a global scale. Join our colleagues in bringing our Mission to life every single day to enable our customers to make the world healthier, cleaner and safer. We provide our global teams with the resources needed to achieve individual career goals while helping to take science a step beyond by developing solutions for some of the world's toughest challenges, like protecting the environment, making sure our food is safe or helping find cures for cancer.\nJob Title: Data Architect - Pharmaceutical CDMO\nLocation: Hyderabad, India\nDepartment: IT Center of Excellence\nReports To: Head of Data and Analytics\nPosition Overview\nThe Data Architect builds and manages enterprise data systems that strengthen research, manufacturing, and supply chain excellence. The role blends architecture, analytics, and compliance to transform data into usable intelligence.\nKey Responsibilities\nDesign and optimize data architectures supporting pharmaceutical R&D and operations.\nDevelop end-to-end data models, pipelines, and integrations across multiple platforms.\nImplement governance frameworks ensuring data quality, traceability, and GxP alignment.\nPartner with technical and business teams to drive data-driven outcomes.\nDeploy and manage AWS, Azure, Databricks, Snowflake, Power BI, and Tableau solutions.\nIntroduce AI, analytics, and automation to streamline decision-making.\nMaintain documentation and coach teams on secure, compliant data practices.\nQualifications\nBachelor's or Master's degree in Computer Science, Data Science, or related field.\n5+ years of experience in data architecture within pharma, biotech, or healthcare.\nStrong command of modern data tools-AWS, Azure, Databricks, Snowflake, Power BI, Tableau.\nSolid understanding of governance and compliance frameworks (GxP, GDPR, FAIR).\nExcellent communication and analytical problem-solving skills.\nPreferred\nExperience in a CDMO or regulated manufacturing setting.\nExposure to IoT, digital twins, or AI/ML applications for smart manufacturing.\nCurrent Data Technology Platforms\nAWS, Azure: Cloud infrastructure and scalable computing\nDatabricks, Snowflake: Analytics and data processing\nSAS, R, Posit: Statistical and data science tools\nPower BI, Tableau: Visualization and reporting\nIoT, Digital Twins: Operational intelligence and optimization\nAI/ML Platforms: Predictive and prescriptive analytics\nWhy This Role Matters\nJoin a team using data to shape the future of pharmaceutical innovation! Work with global experts, explore emerging technologies, and see your architecture power real-world impact.\nOur Mission is to enable our customers to make the world healthier, cleaner and safer. Watch as our colleagues explain 5 reasons to work with us. As one team of 100,000+ colleagues, we share a common set of values - Integrity, Intensity, Innovation and Involvement - working together to accelerate research, solve complex scientific challenges, drive technological innovation and support patients in need. #StartYourStory at Thermo Fisher Scientific, where diverse experiences, backgrounds and perspectives are valued.\nApply today! http://jobs.thermofisher.com\nThermo Fisher Scientific is an EEO/Affirmative Action Employer and does not discriminate on the basis of race, color, religion, sex, sexual orientation, gender identity, national origin, protected veteran status, disability or any other legally protected status.\nAccessibility/Disability Access\nJob Seekers with a Disability: Thermo Fisher Scientific offers accessibility service for job seekers requiring accommodations in the job application process. For example, this may include individuals requiring assistance because of hearing, vision, mobility, or cognitive impairments. If you are a job seeker with a disability, or assisting a person with a disability, and require accessibility assistance or an accommodation to apply for one of our jobs, please submit a request by telephone at 1-855-471-2255.. Please include your contact information and specific details about your required accommodation to support you during the job application process.\n.This telephone line is reserved solely for job seekers with disabilities requiring accessibility assistance or an accommodation in the job application process. Messages left for other purposes, such as not being able to get into the career website, following up on an application, or other non-disability related technical issues will not receive a response.",Bio Technology & Life Sciences,Permanent Job,"Ai, Digital Twins, R, snowflake, Ml, Power Bi, SAS, Tableau, Iot, Databricks, Azure, AWS",2026-01-25 23:50:35
Data Architect,Thermo Fisher Scientific,5-7 Years,,Hyderabad,"Job Description :\nWork Schedule\nStandard (Mon-Fri)\nEnvironmental Conditions\nOffice\nAs part of the Thermo Fisher Scientific team, you'll discover meaningful work that makes a positive impact on a global scale. Join our colleagues in bringing our Mission to life every single day to enable our customers to make the world healthier, cleaner and safer. We provide our global teams with the resources needed to achieve individual career goals while helping to take science a step beyond by developing solutions for some of the world's toughest challenges, like protecting the environment, making sure our food is safe or helping find cures for cancer.\nJob Title: Data Architect - Pharmaceutical CDMO\nLocation: Hyderabad, India\nDepartment: IT Center of Excellence\nReports To: Head of Data and Analytics\nPosition Overview\nThe Data Architect builds and manages enterprise data systems that strengthen research, manufacturing, and supply chain excellence. The role blends architecture, analytics, and compliance to transform data into usable intelligence.\nKey Responsibilities\nDesign and optimize data architectures supporting pharmaceutical R&D and operations.\nDevelop end-to-end data models, pipelines, and integrations across multiple platforms.\nImplement governance frameworks ensuring data quality, traceability, and GxP alignment.\nPartner with technical and business teams to drive data-driven outcomes.\nDeploy and manage AWS, Azure, Databricks, Snowflake, Power BI, and Tableau solutions.\nIntroduce AI, analytics, and automation to streamline decision-making.\nMaintain documentation and coach teams on secure, compliant data practices.\nQualifications\nBachelor's or Master's degree in Computer Science, Data Science, or related field.\n5+ years of experience in data architecture within pharma, biotech, or healthcare.\nStrong command of modern data tools-AWS, Azure, Databricks, Snowflake, Power BI, Tableau.\nSolid understanding of governance and compliance frameworks (GxP, GDPR, FAIR).\nExcellent communication and analytical problem-solving skills.\nPreferred\nExperience in a CDMO or regulated manufacturing setting.\nExposure to IoT, digital twins, or AI/ML applications for smart manufacturing.\nCurrent Data Technology Platforms\nAWS, Azure: Cloud infrastructure and scalable computing\nDatabricks, Snowflake: Analytics and data processing\nSAS, R, Posit: Statistical and data science tools\nPower BI, Tableau: Visualization and reporting\nIoT, Digital Twins: Operational intelligence and optimization\nAI/ML Platforms: Predictive and prescriptive analytics\nWhy This Role Matters\nJoin a team using data to shape the future of pharmaceutical innovation! Work with global experts, explore emerging technologies, and see your architecture power real-world impact.\nOur Mission is to enable our customers to make the world healthier, cleaner and safer. Watch as our colleagues explain 5 reasons to work with us. As one team of 100,000+ colleagues, we share a common set of values - Integrity, Intensity, Innovation and Involvement - working together to accelerate research, solve complex scientific challenges, drive technological innovation and support patients in need. #StartYourStory at Thermo Fisher Scientific, where diverse experiences, backgrounds and perspectives are valued.\nApply today! http://jobs.thermofisher.com\nThermo Fisher Scientific is an EEO/Affirmative Action Employer and does not discriminate on the basis of race, color, religion, sex, sexual orientation, gender identity, national origin, protected veteran status, disability or any other legally protected status.\nAccessibility/Disability Access\nJob Seekers with a Disability: Thermo Fisher Scientific offers accessibility service for job seekers requiring accommodations in the job application process. For example, this may include individuals requiring assistance because of hearing, vision, mobility, or cognitive impairments. If you are a job seeker with a disability, or assisting a person with a disability, and require accessibility assistance or an accommodation to apply for one of our jobs, please submit a request by telephone at 1-855-471-2255.. Please include your contact information and specific details about your required accommodation to support you during the job application process.\n.This telephone line is reserved solely for job seekers with disabilities requiring accessibility assistance or an accommodation in the job application process. Messages left for other purposes, such as not being able to get into the career website, following up on an application, or other non-disability related technical issues will not receive a response.",Bio Technology & Life Sciences,Permanent Job,"Ai, Digital Twins, R, snowflake, Ml, Power Bi, SAS, Tableau, Iot, Databricks, Azure, AWS",2026-01-25 23:50:36
AWS Data Architect,Adfolks LLC- A ZainTECH Company,10-12 Years,,"India, Cochin / Kochi / Ernakulam","Role Overview:\nWe are looking for a highly experienced Senior Data Architect to lead enterprise data and analytics strategy on AWS. This role will design and deliver scalable data platforms, data pipelines, and ML systems, while driving multi-cloud data architecture, governance, and technical leadership across teams.\nKey Responsibilities\nDefine & lead enterprise data architecture and cloud data strategy (AWS-focused).\nDesign scalable data lakes, lakehouse, DWH, streaming & analytics platforms.\nArchitect & optimize AWS-based ETL/ELT, ML, and real-time data pipelines.\nLead multi-cloud (AWS + Azure) and hybrid data integration initiatives.\nImplement data governance, security, quality, metadata & lineage frameworks.\nMentor data engineering & data science teams; ensure architectural best practices.\n10+ years in data architecture / engineering, 5+ years on cloud platforms (AWS).\nRequired Skills:\nExpertise with AWS data stack (S3, Glue, Redshift, Athena, EMR, Kinesis, Lake Formation).\nStrong data modeling (dimensional, Data Vault, lakehouse).\nHands-on Python, PySpark, SQL & distributed systems (Spark, Kafka).\nML platform experience (SageMaker, MLOps, pipelines & deployment).\nMulti-cloud experience (AWS + Azure) with data migration & modernization.\nCertifications Required:\nAWS Certified Data Analytics Specialty\nAWS Certified Machine Learning Specialty\nAzure Data Engineer Associate (DP-203)\nNice to have\nAdditional AWS certifications (SA Pro / DevOps Pro)\nAzure DP-100, Databricks, Terraform / CloudFormation experience\nExperience with data mesh, data fabric, governance platforms (Alation/Collibra)",Login to check your skill match score,Permanent Job,"lakehouse, multi-cloud experience, dimensional Data Vault, SageMaker, Lake Formation, Glue, AWS data stack, Athena, S3, Pyspark, Kafka, Emr, Data Modeling, Redshift, Sql, Kinesis, MLops, Distributed Systems, Spark, Azure, Python",2026-01-25 23:50:38
Cloud Data Architect (Azure & AWS),Talent Corner HR Services Pvt Ltd,10-12 Years,,"Navi Mumbai, Mumbai, India","Requirement: Cloud Data Architect (Azure & AWS)\nTechnology: Cloud Data Architect, Azure, AWS AWS Glue, S3, Redshift, and EMR, Data Factory, Data Lake, Synapse, and Databricks\nExperience: 10+ years\nWork Location: Navi Mumbai, Sanpada\nJob Description:\nDeep expertise in Azure and AWS data ecosystems to lead end-to-end solutioning covering data ingestion, transformation, governance, security, and analytics platform design\nSolution Architecture & Delivery\nDesign, architect, and implement modern cloud-native data platforms on Azure and AWS tailored to client needs\nBuild data lakehouse solutions using Azure Synapse, Databricks, AWS Redshift, Glue, EMR, and Delta Lake\nLead the development of ETL/ELT pipelines with Azure Data Factory, Databricks, AWS Glue, and PySpark\nArchitect federated data access solutions using Trino, Athena, or Synapse Serverless for cross-platform querying\nImplement best practices in data modeling, partitioning, cataloging, and metadata management\nOversee data governance, compliance, and security setup using Azure Purview, Lake Formation, IAM, RBAC, and encryption\nPre-Sales & Client Engagement:\nCollaborate with the sales and business development teams during RFPs, RFIs, and client discovery calls\nCreate and deliver technical presentations, product demonstrations, and solution walkthroughs to prospective clients\nLead and build Proof of Concept (PoC) environments to demonstrate platform capabilities\nDraft and contribute to technical proposals, solution blueprints, architecture diagrams, and effort estimations\nAssess client requirements and translate them into scalable and cost-effective cloud architectures\nLeadership & Collaboration:\nGuide and mentor data engineers, architects, and developers on cloud data best practices\nCollaborate with DevOps teams to enable CI/CD pipelines, infrastructure automation, and monitoring\nStay up to date with emerging technologies in cloud data engineering, lakehouse patterns, and federated query engines\nDesired Profile:\nExpertise in Azure data services: Azure Data Factory, ADLS Gen2, Synapse, Databricks, Azure Functions\nExpertise in AWS data services: S3, Glue, Redshift, Athena, EMR, Lambda, Lake Formation\nExperience with Trino (PrestoSQL) for federated querying across multiple data sources\nStrong programming skills in SQL, Python, PySpark, and experience with large-scale distributed data processing\nProficiency in data lakehouse architecture, medallion/layered models, and cost-efficient storage design\nFamiliarity with DevOps practices, including Git, Terraform/CloudFormation, CI/CD pipelines\nExperience preparing client-ready technical proposals, diagrams, and TCO models\nStrong knowledge of cloud cost optimization strategies and performance tuning techniques\nExcellent communication and client presentation skills\nProven ability to influence stakeholders and lead solution discussions\nStrong analytical thinking and problem-solving attitude\nAbility to handle both strategic solutioning and hands-on implementation\nTeam player with mentoring and leadership capabilities\nQualification:\nBachelor's degree in a relevant field\nPreferred Certifications:\nMicrosoft Certified: Azure Data Engineer Associate / Azure Solutions Architect Expert\nAWS Certified: Data Analytics Specialty / Solutions Architect Associate or Professional\nDatabricks Certified Data Engineer or Architect\nTrino/Presto certification (if applicable) is a plus",Login to check your skill match score,Permanent Job,"Azure Purview, Trino, Synapse, Lake Formation, rbac, Athena, S3, Data Factory, Pyspark, AWS Glue, ELT, Terraform, Python, AWS, Cloudformation, Emr, Redshift, Sql, Git, Iam, Data Lake, Databricks, Azure, Etl",2026-01-25 23:50:40
Lead Cloud Data Solution Architect,Boeing,12-14 Years,,"Bengaluru, India","Job Description\nJob Description\nOverview\n\nAs a leading global aerospace company, Boeing develops, manufactures and services commercial airplanes, defense products and space systems for customers in more than 150 countries. As a top U.S. exporter, the company leverages the talents of a global supplier base to advance economic opportunity, sustainability and community impact. Boeing's team is committed to innovating for the future, leading with sustainability, and cultivating a culture based on the company's core values of safety, quality and integrity.\n\nTechnology for today and tomorrow\nThe Boeing India Engineering & Technology Center (BIETC) is a 5500+ engineering workforce that contributes to global aerospace growth. Our engineers deliver cutting-edge R&D, innovation, and high-quality engineering work in global markets, and leverage new-age technologies such as AI/ML, IIoT, Cloud, Model-Based Engineering, and Additive Manufacturing, shaping the future of aerospace.\n\nPeople-driven culture\nAt Boeing, we believe creativity and innovation thrives when every employee is trusted, empowered, and has the flexibility to choose, grow, learn, and explore. We offer variable arrangements depending upon business and customer needs, and professional pursuits that offer greater flexibility in the way our people work. We also believe that collaboration, frequent team engagements, and face-to-face meetings bring together different perspectives and thoughts - enabling every voice to be heard and every perspective to be respected. No matter where or how our teammates work, we are committed to positively shaping people's careers and being thoughtful about employee wellbeing.\n\nWith us, you can create and contribute to what matters most in your career, community, country, and world. Join us in powering the progress of global aerospace.\nFind your future with us\nData Analytics team is looking for Lead Data Cloud Solution Architect to help build cloud-based Data Products. This position will focus on supporting the Boeing IT&DA goals of developing cloud native applications/adopting multi-cloud strategy.\n\nThis role will be based out of Bangalore, India.\nPosition Responsibilities:\n. Hands-on experience in understanding aerospace domain specific data\n. Must coordinate with data scientists in data preparation, exploration and making data ready.\n. Must have clear understanding of defining data products and monetizing.\n. Must have experience in building self-service capabilities to users.\n. Build quality checks across the data lineage and responsible in designing and implementing different data patterns.\n. Works on prototyping and evaluates technical feasibility.\n. Can influence different stakeholders for funding and building the vision of the product in terms of usage, productivity, and scalability of the solutions.\n. Build impactful or outcome-based solutions/products.\n\nEmployer will not sponsor applicants for employment visa status\n.\nBasic Qualifications (Required Skills/Experience):\n. 12+ years of experience as a data engineer. Strong understanding of Datawarehouse concepts, datalake, and datamesh.\n. Familiar with ETL tools and Data ingestion patterns\n. Hands on experience in building data pipelines using AWS.\n. Hands on experience in writing complex SQL (No- SQL is a big plus)\n. Hands on experience with data pipeline AWS orchestration tools.\n. Hands on experience on Data Modelling\n. Experience of data migration project from on-premise to AWS.\n. Experience in working with Global teams with global mindset.\n\nMandatory Skills:\n\n. Core Java/Python, SQL, Data Modelling, Airflow & Spark\n. AWS\no Redshift, S3, Glue\no Certified cloud engineer in AWS\n\nPreferred Qualifications (Desired Skills/Experience ) :\n. AWS lambda, ClearML, SageMaker, DynamoDB.\nTypical Education & Experience:\n. Typically, 12-16 years related work experience or Relevant military experience. advanced degree (eg. Bachelor,Master, etc), preferred, but not required.\nRelocation:\n. This position does offer relocation within INDIA.\n\nApplications for this position will be accepted until Feb. 06, 2026\n\nExport Control Requirements:\nThis is not an Export Control position.\nRelocation\nThis position offers relocation based on candidate eligibility.\nVisa Sponsorship\nEmployer will not sponsor applicants for employment visa status.\nShift\nNot a Shift Worker (India)\nContingent Upon Program Reward\nThe position is contingent upon program award\n\nEqual Opportunity Employer:\nWe are an equal opportunity employer. We do not accept unlawful discrimination in our recruitment or employment practices on any grounds including but not limited to race, color, ethnicity, religion, national origin, gender, sexual orientation, gender identity, age, physical or mental disability, genetic factors, military and veteran status, or other characteristics covered by applicable law.\nWe have teams in more than 65 countries, and each person plays a role in helping us become one of the world's most innovative, diverse and inclusive companies. We are proud members of the and welcome applications from candidates with disabilities. Applicants are encouraged to share with our recruitment team any accommodations required during the recruitment process. Accommodations may include but are not limited to: conducting interviews in accessible locations that accommodate mobility needs, encouraging candidates to bring and use any existing assistive technology such as screen readers and offering flexible interview formats such as virtual or phone interviews.",Banking/Accounting/Financial Services,Permanent Job,"Airflow, ClearML, AWS orchestration tools, SageMaker, Data ingestion patterns, Glue, Data pipelines, S3, Data Modelling, Data Migration, Dynamodb, Redshift, Sql, Core Java, Spark, Etl Tools, Python, AWS",2026-01-25 23:50:41
Development Architect,SAP,7-9 Years,,"Bengaluru, India","We help the world run better\n\nAt SAP, we enable you to bring out your best. Our company culture is focused on collaboration and a shared passion to help the world run better. How We focus every day on building the foundation for tomorrow and creating a workplace that embraces differences, values flexibility, and is aligned to our purpose-driven and future-focused work. We offer a highly collaborative, caring team environment with a strong focus on learning and development, recognition for your individual contributions, and a variety of benefit options for you to choose from.\n\nWhat you will do\n\nAs a Development Architect in one of our agile teams you will have following tasks and responsibilities:\n\nBe responsible for the technical architecture of our solutions\nHave a focus on scalability and automation while taking architectural decisions\nWork closely with your product owner to align on priorities and bringing the team forward\nExplain architecture ideas and provide technical guidance to the development team\nWork collaboratively with other product owners, architects and developers cross-workstream towards a solution working end-to-end\nParticipate in refinement sessions with business stakeholders and verify technical feasibility of business requirements\nDecompose business requirements and lead the development team in all technical matters\nParticipate in Agile/SAFe ceremonies, including sprint planning, daily stand-ups, reviews, and retrospectives.\n\nWhat you bring\n\n7+ years of experience as an architect or senior developer with a proven track record of successfully delivering projects and specializing in architectural design Knowledge about architectural design patterns\nProficient in architectural design patterns\nExpertise in designing sustainable architectures with a focus on scalability and automation\nStrong product knowledge in Business Partner Management and Notifications\nExperienced in agile environments, particularly SAFe methodology\nProficient with JIRA for project management\nFluent in oral and written English\nFamiliarity with RAP, ABAP/ABAP OO, SAP Fiori, UI5, OData is a plus but not a must\nQuick learner with strong analytical skills\nEffective communicator with a structured and goal-oriented work approach\nProactive, results-driven mindset with a commitment to getting things done\nTeam player who collaborates effectively and challenges the status quo for continuous improvement\n\nMeet the team\n\nThe Corporate Processes & IT (CPIT) organization is responsible for evolving and executing SAP's IT strategy. We are applying our expertise in technology and business processes by driving the internal adoption of standard applications that support end-users in the execution and re-engineering of their processes in all lines of business, always putting a strong focus on end-user centricity. It is our objective to accelerate co-innovation with development and extend the use of SAP standard products within SAP, shifting the focus from maintaining a heavily customized environment to optimizing our processes on top of standard services. By combining technological understanding with business know-how and using our own innovative solutions as the earliest adopter, we ensure zero distance between business and technology and act as ultimate proof point in SAP's transition to a cloud company.\n\nBring out your best\n\nSAP innovations help more than four hundred thousand customers worldwide work together more efficiently and use business insight more effectively. Originally known for leadership in enterprise resource planning (ERP) software, SAP has evolved to become a market leader in end-to-end business application software and related services for database, analytics, intelligent technologies, and experience management. As a cloud company with two hundred million users and more than one hundred thousand employees worldwide, we are purpose-driven and future-focused, with a highly collaborative team ethic and commitment to personal development. Whether connecting global industries, people, or platforms, we help ensure every challenge gets the solution it deserves. At SAP, you can bring out your best.\n\nWe win with inclusion\n\nSAP's culture of inclusion, focus on health and well-being, and flexible working models help ensure that everyone regardless of background feels included and can run at their best. At SAP, we believe we are made stronger by the unique capabilities and qualities that each person brings to our company, and we invest in our employees to inspire confidence and help everyone realize their full potential. We ultimately believe in unleashing all talent and creating a better and more equitable world.\n\nSAP is proud to be an equal opportunity workplace and is an affirmative action employer. We are committed to the values of Equal Employment Opportunity and provide accessibility accommodations to applicants with physical and/or mental disabilities. If you are interested in applying for employment with SAP and are in need of accommodation or special assistance to navigate our website or to complete your application, please send an e-mail with your request to Recruiting Operations Team: [HIDDEN TEXT]\n\nFor SAP employees: Only permanent roles are eligible for the SAP Employee Referral Program, according to the eligibility rules set in the SAP Referral Policy. Specific conditions may apply for roles in Vocational Training.\n\nEOE AA M/F/Vet/Disability\n\nQualified applicants will receive consideration for employment without regard to their age, race, religion, national origin, ethnicity, age, gender (including pregnancy, childbirth, et al), sexual orientation, gender identity or expression, protected veteran status, or disability.\n\nSuccessful candidates might be required to undergo a background verification with an external vendor.\n\nRequisition ID: 426146 | Work Area: Information Technology | Expected Travel: 0 - 10% | Career Status: Professional | Employment Type: Regular Full Time | Additional Locations: .",Login to check your skill match score,Permanent Job,"rap, agile environments, architectural design patterns, SAFe methodology, Business Partner Management, Notifications, Odata, Ui5, JIRA, Abap, Scalability, Sap Fiori, Abap Oo, automation",2026-01-25 23:50:43
Data Engineer,RWS Group,5-7 Years,,"Indore, India","Skills & Experience\n5+ years of hands-on experience in Microsoft SQL Server development\nStrong proficiency in SQL Server Integration Services (SSIS)\nDemonstrated experience with Azure cloud services (Azure Data Factory, Azure SQL Database, or related services)\nExperience integrating data from various source systems includingMySQL, PostgreSQL, Google BigQuery, Excel/CSV files, and API integrations.\nExpertise in writing complex T-SQL including stored procedures, functions, and views\nDeep understanding of SQL optimization techniques and performance tuning\nExperience working with large-scale datasets and managing enterprise-wide data integrations\nProficiency in C# for developing custom data solutions and SSIS script tasks\nWorking knowledge of Azure DevOps for version control and project management\nHands-on experience with data warehousing principles, including dimensional modelling, SCD Type 2, and Lakehouse-based data architecture.\nEssential Competencies\nCritical Thinking: Ability to analyze complex data challenges and architect effective solutions\nProblem-Solving: Strong analytical skills with a methodical approach to troubleshooting\nCommunication: Clear and effective stakeholder communication.\nCollaboration: Works effectively across teams.\nTechnical Acumen: Quick to adapt to new technologies and methodologies\nNice to have\nExperience with Power Automate for workflow automation and integration\nExperience using Databricks and Python\nExperience with Google Cloud Services\nFamiliarity with Agile methodologies and collaborative development practices\nUnderstanding of data security and compliance requirements",Login to check your skill match score,Permanent Job,"Azure SQL Database, Google BigQuery, data warehousing principles, dimensional modelling, CSV files, API integrations, Lakehouse-based data architecture, SCD Type 2, T-sql, PostgreSQL, Azure Data Factory, MySQL, Azure cloud services, Excel, Azure DevOps",2026-01-25 23:50:45
Data Engineering Manager,HuntingCube,Fresher,,"Hyderabad, India","Job Description\n\nJob Description\n\nThis is a very varied role which will suit an experienced team leader with a strong Data,\n\nAnalytics and Tech ops background. You would be joining a new function vertical in the CDO\n\noffice (Data Operations and Quality) as the Analytics Engineering Lead, working alongside three\n\nother Leads for Architecture, Operations and QA. The role is about building a high-performance\n\nteam of engineers and best-practice SDLC governance to match, with the objective of producing\n\na wide range of robust and supportable solutions in Analytics using cloud tech.\n\nBuilding Data Products on top of a data lake including enterprise presentation layers,\n\nAPIs, subject oriented marts and cubes\n\nDrive down delivery times and increase data quality through the adoption of reusable\n\npatterns such as generic decoupled service components, metadata driven frameworks,\n\nrules engines, templates and code generators\n\nIncrease data quality and reduce engineering delivery time through the continuous\n\nimprovement of the SDLC processes and toolset, focusing on CI/CD automation\n\nLeading, recruiting and performance management of a team of engineers and devOps\n\nWork with Architects, QAs and Ops to embed solution NFRs supporting Data\n\nGovernance policies and standards\n\nWork with Architects, QAs and Ops to embed solution NFRs ensuring operational\n\nreadiness, with focus on robustness, extensibility, supportability and monitoring/alerting\n\nfor both data quality and tech functionality\n\nDeploy and manage infrastructure and applications for self-hosted cloud solutions in line\n\nwith the central infrastructure and security policies\n\nResource Level 3 support through a rota of engineers, to be coordinated by the Analytics\n\nOperations lead for the investigation and resolution of production incidents and code\n\ndefects\n\nOwn technical relationships with external suppliers\n\nQualifications\n\nEssential:\n\nHeld previously a leadership position in a large enterprise with similar responsibilities as\n\nabove\n\nExperience managing large data volumes in a complex ecosystem of Analytics and Data\n\nsolutions\n\nProven experience setting up best practice for cloud development and infrastructure\n\ndelivery\n\nProcess and documentation driven\n\nDev and Test cycle automation\n\nCloud certification (ideally AWS)\n\nSolid exposure to infrastructure and cloud deploy\n\nOLAP and Tabular Cubes\n\nSolid understanding of data warehousing and data modelling methods (ie Kimball)\n\nSQL performance optimization\n\nImplementation of API and service-oriented architectures\n\nGood understanding of FE technology and solid experience with web tracking data\n\nPython, Airflow, Snowflake, DBT\n\nDocker, Git, Kubernetes\n\nPowerBI\n\nBusiness data domain (i.e. finance, marketing, compliance)\n\nData privacy and security\n\nDesirable\n\nPassion for coding, still being hands-on with technology\n\nML Ops using Sagemaker or DataRobot\n\nGoogle cloud and Google marketing platforms\n\nDigital marketing\n\nGaming industry domain knowledge\n\nManagerial/Leadership Responsibilities\n\nHiring, retaining and leading top technical talent in the context of a large enterprise\n\nStaff performance management and ability to inspire, grow and motivate\n\nExperience handling difficult performance conversations\n\nDevelop and communicate clear goals and objectives for the team aligned to our\n\nbusiness strategy.\n\nRequired Skills\n\n[Snowflake, Data Engineer, Enterprise Architect]\n\nAdditional Information\n\nNA",Login to check your skill match score,Permanent Job,"Airflow, Dev and Test cycle automation, ML Ops using Sagemaker or DataRobot, OLAP and Tabular Cubes, SQL performance optimization, Google cloud and Google marketing platforms, API and service-oriented architectures, snowflake, dbt, Digital Marketing, Git, Powerbi, Docker, Python, Kubernetes",2026-01-25 23:50:47
Data Engineering Manager,HuntingCube,Fresher,,"Hyderabad, India","Job Description\n\nJob Description\n\nThis is a very varied role which will suit an experienced team leader with a strong Data,\n\nAnalytics and Tech ops background. You would be joining a new function vertical in the CDO\n\noffice (Data Operations and Quality) as the Analytics Engineering Lead, working alongside three\n\nother Leads for Architecture, Operations and QA. The role is about building a high-performance\n\nteam of engineers and best-practice SDLC governance to match, with the objective of producing\n\na wide range of robust and supportable solutions in Analytics using cloud tech.\n\nBuilding Data Products on top of a data lake including enterprise presentation layers,\n\nAPIs, subject oriented marts and cubes\n\nDrive down delivery times and increase data quality through the adoption of reusable\n\npatterns such as generic decoupled service components, metadata driven frameworks,\n\nrules engines, templates and code generators\n\nIncrease data quality and reduce engineering delivery time through the continuous\n\nimprovement of the SDLC processes and toolset, focusing on CI/CD automation\n\nLeading, recruiting and performance management of a team of engineers and devOps\n\nWork with Architects, QAs and Ops to embed solution NFRs supporting Data\n\nGovernance policies and standards\n\nWork with Architects, QAs and Ops to embed solution NFRs ensuring operational\n\nreadiness, with focus on robustness, extensibility, supportability and monitoring/alerting\n\nfor both data quality and tech functionality\n\nDeploy and manage infrastructure and applications for self-hosted cloud solutions in line\n\nwith the central infrastructure and security policies\n\nResource Level 3 support through a rota of engineers, to be coordinated by the Analytics\n\nOperations lead for the investigation and resolution of production incidents and code\n\ndefects\n\nOwn technical relationships with external suppliers\n\nQualifications\n\nEssential:\n\nHeld previously a leadership position in a large enterprise with similar responsibilities as\n\nabove\n\nExperience managing large data volumes in a complex ecosystem of Analytics and Data\n\nsolutions\n\nProven experience setting up best practice for cloud development and infrastructure\n\ndelivery\n\nProcess and documentation driven\n\nDev and Test cycle automation\n\nCloud certification (ideally AWS)\n\nSolid exposure to infrastructure and cloud deploy\n\nOLAP and Tabular Cubes\n\nSolid understanding of data warehousing and data modelling methods (ie Kimball)\n\nSQL performance optimization\n\nImplementation of API and service-oriented architectures\n\nGood understanding of FE technology and solid experience with web tracking data\n\nPython, Airflow, Snowflake, DBT\n\nDocker, Git, Kubernetes\n\nPowerBI\n\nBusiness data domain (i.e. finance, marketing, compliance)\n\nData privacy and security\n\nDesirable\n\nPassion for coding, still being hands-on with technology\n\nML Ops using Sagemaker or DataRobot\n\nGoogle cloud and Google marketing platforms\n\nDigital marketing\n\nGaming industry domain knowledge\n\nManagerial/Leadership Responsibilities\n\nHiring, retaining and leading top technical talent in the context of a large enterprise\n\nStaff performance management and ability to inspire, grow and motivate\n\nExperience handling difficult performance conversations\n\nDevelop and communicate clear goals and objectives for the team aligned to our\n\nbusiness strategy.\n\nRequired Skills\n\n[Snowflake, Data Engineer, Enterprise Architect]\n\nAdditional Information\n\nNA",Login to check your skill match score,Permanent Job,"Airflow, Dev and Test cycle automation, ML Ops using Sagemaker or DataRobot, OLAP and Tabular Cubes, SQL performance optimization, Google cloud and Google marketing platforms, API and service-oriented architectures, snowflake, dbt, Digital Marketing, Git, Powerbi, Docker, Python, Kubernetes",2026-01-25 23:50:48
Senior Data Engineer,Providence India,2-5 Years,,India,"How is this team contributing to the vision of Providence\nProvidence is committed to improve the caregiver and patient experience through simplification, modernization, and innovation. The Clinical Technology Services (CTS) Data Engineering and Analytics team is key to this mission, focusing on modernizing our analytical data platform. This team enhances our analytical capabilities and prepares vital data frameworks for enterprise contact centers, service transformation, clinical operations, and clinical engineering devices. By leveraging data-driven insights, the team plays a critical role in advancing continual service improvement and supporting Providence's mission.\nOur Team Culture:\nCollaborative Environment:We foster a work atmosphere that emphasizes teamwork, continuous learning, and the freedom to explore and experiment with new ideas.\nEmpowerment:We believe in empowering both individuals and teams, providing them with the support and resources needed to reach their full potential and excel in their roles.\nData-Driven Approach:Our decision-making process is anchored in data, guiding us in shaping our product vision and roadmap to ensure we deliver impactful solutions.\nWhat will you be responsible for\nCollaboration:Work closely with Product Owners, Analysts, and Data Scientists to understand the requirements and translate them into effective technical solutions.\nPower Apps: Manage and enhance the PowerApps based applications and work closely with the PMs and take the end to end ownership.\nData Platform/ Pipeline Development:Design, build, and maintain scalable data pipelines to support efficient ETL (Extract, Transform, Load) processes, integrating data from diverse sources to build our analytics data platform/ lakehouse.\nData Visualization and Reporting:Develop and implement data visualizations/ reports. Establish a comprehensive PowerBI-based reporting framework to effectively narrate the story behind data.\nSecurity Implementation:Implement and continuously monitor security measures to safeguard our data lakehouse and analytics environments.\nOptimization:Continuously improve and optimize data pipelines and storage solutions to enhance performance and cost-efficiency.\nWho are we looking for\nExperience:2-5 years of hands-on experience as a Data Engineer, preferably working with the Microsoft Azure cloud platform.\nTechnical Skills: Proficient with the PowerApps, Azure data stack, including Azure Databricks, ADLS Gen2 - Lakehouse, Azure Data Factory, SQL Server and Power BI.\nData Expertise:Strong understanding of data modeling concepts and database design principles.\nProgramming Skills:Skilled in Python, SQL, or Scala for data manipulation and transformation.\nDevOps Knowledge:Strong understanding of DevOps practices.\nCommunication Skills:Excellent interpersonal, verbal, and written communication skills.\nProblem Solving:Capable of effectively troubleshooting and resolving complex data-related issues.\nEducation:A Bachelor's or Master's degree in Computer Science or a related field.",Hospitals/Healthcare/Diagnostics,Permanent Job,"Azure data stack, ADLS Gen2 - Lakehouse, DevOps practices, Powerapps, Azure Data Factory, Power Bi, Scala, SQL Server, Azure Databricks, Sql, Python",2026-01-25 23:50:50
Senior Data Engineer,Beghou,4-6 Years,,"Pune, India","Beghou brings over three decades of experience helping life sciences companies optimize their commercialization through strategic insight, advanced analytics, and technology. From developing go-to-market strategies and building foundational data analytics infrastructures to leveraging artificial intelligence to improve customer insights and engagement, Beghou helps life sciences companies maximize performance across their portfolios. Beghou also deploys proprietary and third-party technology solutions to help companies forecast performance, design territories, manage customer data, organize, and report on medical and commercial data, and more. Headquartered in Evanston, Illinois, we have 10 global offices.\nPosition Summary:\nThis role is responsible and accountable for the design, development, and ongoing maintenance of scalable, highquality data pipelines supporting the firm's inhouse enterprise data platform. The position works closely with USbased business stakeholders to gather requirements, translate business needs into technical solutions, and deliver efficient, reliable data products for the US pharmaceuticals market.\nThe role requires strong handson expertise in Python and PySpark, experience working with complex pharmaceutical datasets (including specialty pharmacy, hub, distributor, and payer data), and the ability to proactively identify performance, quality, and data integrity issues. The engineer is expected to ensure code quality, automation, and best practices, contribute to continuous improvement through learning and research, and operate in compliance with corporate quality standards and training requirements.\nDuties & Responsibilities:\nDesign, build, and maintain efficient, reusable, and reliable code\nEnsure the best performance and quality of applications\nIdentify the issues, and provide solutions to mitigate and address these issues\nHelp maintain code quality, organization, and automation\nContinuously expand body of knowledge via research\nComply with corporate quality policies and procedures.\nEnsure all training requirements are completed in a timely manner\nDesired Technical Skills & Experience:\nMinimum of 4 years of experience in the following:\nAt least 3 years of working experience in with Data Aggregation projects (using datasets related to specialty pharmacy, hub, specialty distributor, 3PL) in US pharmaceuticals market is strongly preferred.\nAt least 3 years of experience in python programming and PySpark in development and maintenance of data pipelines.\nExperience working with patient and/or payer data management projects.\nHaving advanced analytical and problem-solving skills.\nUnderstands the business processes and business data used in US pharmaceuticals market.\nKnowledge in SQL queries, Snowflake, Databricks, Azure blob storage and AWS.\nDesired Soft Skills:\nExcellent communication skills. Ability to communicate with business stakeholders as well as technical development teams\nExcellent listening skills to understand customer needs\nExcellent critical and creative thinking skills and ability to brainstorm ideas\nAbility to lead meetings in place of Project Manager or Team Lead\nAbility to work in a team and collaborate across teams\nAbility to adapt to changing and increasing workload\nAbility to assess and identify bottlenecks and potential failures\nFluency in English is required (spoken and written)",Login to check your skill match score,Permanent Job,"data aggregation, snowflake, Azure blob storage, Pyspark, Databricks, Sql, Python, AWS",2026-01-25 23:50:51
Senior Data Engineer,Surge Technology Solutions Inc,4-6 Years,,"Hyderabad, India","Cloud Engineer\nExp: (Min. 4 Years Experience):\nWork Location: Hyderabad, Madhapur\nType : (5 days of working from the office)\nAWS Infrastructure\nDesign, implement, and manage AWS cloud infrastructure: VPC, ECS, EC2, RDS, CloudFront, ALB, IAM, etc.\nBuild highly available, scalable, and secure SaaS architecture.\nManage multi-environment setups (Dev, SIT, UAT, DEMO, Production).\nImplement backup, disaster recovery, and monitoring strategies.\nCI/CD & Automation\nDesign and maintain CI/CD pipelines using tools like GitHub, AWS Code Pipeline, Code Build, Code Deploy, Jenkins, or GitLab.\nAutomate: Code build, Testing, Infrastructure provisioning, Application deployment.\nEnable deployments across environments.\nInfrastructure as Code (IaC)\nImplement infrastructure using Terraform / CloudFormation / AWS CDK.\nMaintain version-controlled, reusable, and scalable infrastructure templates.\nContainerization & Orchestration\nManage Docker images and containerized applications.\nDeploy and manage workloads on Amazon ECS.\nImplement auto-scaling and rolling deployments.\nSecurity & Compliance\nImplement IAM, least-privilege access, secrets management.\nMonitoring & Reliability\nConfigure monitoring and alerts using: CloudWatch, Grafana etc.\nTrack Application health, Infrastructure usage, Errors and latency.\nSupport production incidents and root cause analysis.",Login to check your skill match score,Permanent Job,"Containerization Orchestration, CI CD Automation, Monitoring Reliability, Security Compliance, AWS Infrastructure",2026-01-25 23:50:52
Senior Data Engineer,DTDC Express Limited,3-6 Years,,"Gurugram, India","Role = Senior Data Engineer\n\nLocation = Gurgaon sector 32\n\nBudget = 27 to 32 LPA\n\nWork experience = 3+ to 6 years\n\nSkills required for Senior Data Engineer =\n\nPython very strong skills\nKafka\nAWS\nSpark-based data processing\nCDC = change data capture. CDC data (Debezium)\nApache Airflow\nPrefect\nGood at SQL\nDSA = Data Structures and Algorithms\nData lake\nDocker, Kubernetes\nHLD = high level design / LLD = low level design\nGood at streaming data pipelines\n\nJob brief\n\nWe are looking for a highly skilled Data Engineer with a strong foundation in programming, data structures and distributed data systems. The ideal candidate should have hands-on experience with Python or Go, deeply experienced in building batch and streaming pipelines using Kafka and Spark and comfortable working in a cloud-native (AWS) environment. This role involves building and optimizing scalable data pipelines that power analytics, reporting and downstream applications. You will work closely with data scientists, BI teams and platform engineers to deliver reliable, high-performance data systems aligned with business goals.\n\nResponsibilities\n\nDesign, build and maintain scalable batch and streaming data pipelines.\nDevelop real-time data ingestion and processing systems using Kafka.\nBuild and optimize Spark-based data processing jobs (batch and streaming).\nWrite high-quality, production-grade code using Python or Go.\nApply strong knowledge of data structures, algorithms and system design to solve complex data problems.\nOrchestrate workflows using Apache Airflow and other open-source tools.\nEnsure data quality, reliability and observability across pipelines.\nWork extensively on AWS (S3, EC2, IAM, EMR / Glue / EKS or similar services).\nCollaborate with analytics and BI teams to support tools like Apache Superset.\nContinuously optimize pipeline performance, scalability and cost.\n\nRequirements And Skills\n\nStrong proficiency in Python or Go (production-level coding required).\nExcellent understanding of Data Structures and Algorithms.\nHands-on experience with Apache Kafka for real-time streaming pipelines.\nStrong experience with Apache Spark (batch and structured streaming).\nSolid understanding of distributed systems and data processing architectures.\nProficiency in SQL and working with large-scale datasets.\nHands-on experience with Apache Airflow for pipeline orchestration.\nExperience working with open-source analytics tools such as Apache Superset.\nMust have relevant experience of 3+ to 6 years.\nGood To Have Experience with data lake architectures.\nUnderstanding of data observability, monitoring and alerting.\nExposure to ML data pipelines or feature engineering workflows.\nEducation B.Tech / BE in Computer Science, Information Technology, or a related engineering discipline",Login to check your skill match score,Permanent Job,"Debezium, Prefect, Streaming data pipelines, Spark-based data processing, Kafka, Data Lake, Sql, Apache Airflow, Docker, Data Structures And Algorithms, Python, Kubernetes, AWS",2026-01-25 23:50:54
Senior Data Engineer,Publicis Sapient,6-8 Years,,"Bengaluru, India","Senior Associate Data Engineering (L2)\nRole Summary\nAs a Senior Associate L2 in Data Engineering, you will design and build large-scale, production-grade data systems using Scala as your primary programming language. You will translate business requirements into high-performance data pipelines and distributed systems, driving technical design independently while ensuring scalability, reliability, and maintainability across batch and real-time workloads.\nYour Impact\nDesign and build Scala-based batch and streaming data pipelines\nDevelop high-performance Spark applications using functional programming best practices\nArchitect scalable ingestion, transformation, and processing frameworks\nBuild real-time analytics, search, and aggregation platforms\nOptimize distributed workloads for latency, throughput, and cost\nContribute to data platform design, governance, and reliability\nRequired Skills & Experience\n6+ years overall experience with 4+ years in Big Data engineering\nStrong hands-on expertise in Scala (mandatory, primary language)\nDeep experience with Apache Spark (Core, SQL, Streaming) using Scala\nStrong understanding of distributed systems, data modeling, and pipeline design\nHands-on with Kafka / Pulsar / Flink / Hadoop ecosystem components\nExperience with NoSQL / MPP platforms such as HBase, Cassandra, MongoDB, Redshift, BigQuery, Snowflake, etc.\nStrong fundamentals in performance tuning, memory optimization, and fault-tolerant systems\nBachelor's degree or equivalent practical experience\nExperience with any one cloud platform AWS, Azure, or GCP\nFamiliarity with cloud-native data services, storage layers, and compute orchestration is a plus, not mandatory\nSet Yourself Apart With\nAdvanced Scala functional programming, type systems, and concurrency patterns\nExperience building real-time streaming platforms at scale\nPerformance optimization of Spark jobs and distributed pipelines\nKnowledge of data governance, metadata management, and lineage tooling\nExposure to microservices architectures and event-driven systems\nRelevant Scala, Spark, or cloud certifications\nBenefits of Working Here\nGender-neutral policies\n18 paid holidays annually\nGenerous parental leave programs\nFlexible work arrangements\nComprehensive wellness and employee assistance programs\nA Tip from the Hiring Manager\nJoin us to work on Scala-first, high-scale data platforms that directly power mission-critical business decisions for global clients.\nAbout Publicis Sapient\nPublicis Sapient is a digital transformation partner helping organizations modernize through strategy, experience, engineering, and data. With 20,000+ people across 53 offices globally, we deliver agile, cloud-scale, and data-driven solutions that create measurable business impact.",Login to check your skill match score,Permanent Job,"Apache Spark Core, Flink, snowflake, Pulsar, NoSQL MPP platforms, BigQuery, Hadoop Ecosystem, Cassandra, Scala, Kafka, HBase, Redshift, MongoDB",2026-01-25 23:50:55
Data Architect III,JPMorganChase,3-5 Years,,"Bengaluru, India","Job Description\n\nWe know that people want great value combined with an excellent experience from a bank they can trust, so we launched our digital bank, Chase UK, to revolutionize mobile banking with seamless journeys that our customers love. We're already trusted by millions in the US and we're quickly catching up in the UK but how we do things here is a little different. We're building the bank of the future from scratch, channeling our start-up mentality every step of the way meaning you'll have the opportunity to make a real impact.\n\nAs a Data Architect III at JPMorgan Chase within the International Consumer Bank, you will be part of a flat-structure organization. Your role involves designing, building, and optimizing data models, writing SQL with DBT, and ensuring data accuracy through quality tests. You will consult with business analysts to optimize data models and be involved in data solution architecture with a focus on data warehousing. Collaboration with teammates is key, as our Business Analytics team aims to deliver innovative ideas to our customers. Our teams work in tribes and squads, allowing movement based on strengths and interests.\n\nJob Responsibilities\n\nDesigning and optimizing data models to support business needs.\nWriting advanced SQL queries, with a strong focus on DBT, leveraging incremental materialisation and macros.\nConsulting with business analysts to ensure data models are optimal and well-designed.\nCollaborating with stakeholders to understand data requirements and provide solutions.\nIdentifying opportunities to improve data architecture and processes, with a focus on data warehousing.\nPresenting data architecture solutions in a clear, logical, and persuasive manner.\n\nRequired Qualifications, Capabilities And Skills\n\nFormal training or certification on SQL concepts and 3+ years applied experience\nStrong SQL skills, experience in DBT is a plus.\nExperience in designing and optimizing data models and data warehousing solutions.\nAbility to consult and collaborate with business analysts and stakeholders.\nDemonstrated ability to think beyond raw data and understand the underlying business context.\nAbility to work in a dynamic, agile environment within a geographically distributed team.\nStrong problem-solving capabilities, ability to think creatively and impeccable business judgment.\nExcellent written and verbal communication skills in English.\n\nPreferred Qualifications, Capabilities And Skills\n\nExperience with data architecture in a fintech environment.\nExperience in cloud solutions, ideally AWS\nBasic data engineering expertise\nFamiliarity with data mesh\nFamiliarity analytics and dashboarding\n\n#ICBCareer",Login to check your skill match score,Permanent Job,"dbt, Data Warehousing, Data Architecture, Sql, Cloud solutions",2026-01-27 00:44:02
Data and AI Architect,Mercedes-Benz Research and Development India,10-12 Years,,"Bengaluru, India","About MBRDI:\nMercedes-Benz Research and Development India (MBRDI), headquartered in Bengaluru with a satellite office in Pune, is the largest R&D center for Mercedes-Benz Group AG outside of Germany. Our mission is to drive innovation and excellence in automotive engineering, digitalization, and sustainable mobility solutions, shaping the future of mobility.\nWe are seeking a visionary Data and AI Chief Architect to lead the design, development, and governance of department wide data and AI solutions. This role requires a balance of deep technical expertise, architectural vision, and the ability to inspire cross-functional teams toward a unified data and AI strategy.\nAs a key member of the architecture and innovation team, you will shape how data is collected, transformed, and leveraged across the organization enabling scalable data engineering pipelines, responsible AI adoption, and the delivery of intelligent business outcomes.\nKey Responsibilities\n1. Data Architecture & Engineering\nDesign and implement modern, scalable data architectures (data lakehouse, streaming, APIs, etc.) to support analytics and AI workloads.\nOversee data ingestion, integration, and transformation processes across structured and unstructured sources.\nPartner with DevOps and Cloud teams to ensure data platforms meet enterprise performance, security, and compliance standards.\nDefine best practices for metadata management, data lineage, and data quality frameworks.\n2. Data Transformation & Analytics Enablement\nLead the development of robust data models, pipelines, and transformations using modern tools (e.g., Spark, dbt, Kafka, Databricks, Synapse, Snowflake, etc.).\nCollaborate with BI and analytics teams to ensure data is clean, contextual, and analytics-ready.\nEnable business units to self-serve and innovate through governed data products and APIs.\n3. AI Use Case Discovery & Delivery\nPartner with business stakeholders to identify and evaluate high-impact AI/ML use cases.\nProvide technical leadership in designing AI solutions from proof of concept to production deployment.\nCollaborate with Data Scientists and MLOps engineers to build scalable AI and machine learning pipelines.\nPromote responsible AI practices ensuring transparency, fairness, and explainability in all AI initiatives.\n4. AI Governance & Strategy\nDefine and implement frameworks for AI governance, including ethical AI guidelines, model lifecycle management, and compliance.\nEstablish policies for model versioning, monitoring, and risk assessment.\nAct as a thought leader on AI maturity and innovation across the organization.\n5. Cross-Functional Leadership & Inspiration\nInspire and mentor cross-functional teams including engineers, analysts, and product owners toward data-driven and AI-powered ways of working.\nFacilitate knowledge sharing and promote a culture of technical excellence and curiosity.\nCommunicate complex technical concepts to non-technical stakeholders effectively.\nRequired Qualifications\nBachelor's or Master's degree in Computer Science, Data Engineering, AI, or a related field.\n10+ years of experience in data architecture, data engineering, or AI/ML solution design.\nProven experience with cloud data platforms (Azure, AWS, or GCP) and modern data stack tools.\nStrong knowledge of AI/ML frameworks (TensorFlow, PyTorch, Azure ML, SageMaker, etc.).\nExperience with governance frameworks, data privacy, and MLOps.\nExcellent communication and stakeholder management skills.\nDemonstrated ability to lead and inspire technical teams.\nPreferred Qualifications\nExperience in AI / GenAI usecase delivery , model interpretability, and regulatory compliance.\nPrior experience leading enterprise data modernization or AI transformation programs.\nCertifications in cloud data architecture or AI (e.g., Azure Data Engineer/Architect, AWS Certified Machine Learning).\nWhy Join Us\nBe part of a purpose-driven organization that's shaping the future of mobility.\nWork on cutting-edge technologies and global projects.\nThrive in a collaborative, diverse, and inclusive environment.\nAccess world-class infrastructure and learning opportunities.\nEqual Opportunity Statement:\nAt MBRDI, we are committed to diversity and inclusion. We welcome applications from all qualified individuals, regardless of gender, background, or ability.",Login to check your skill match score,Permanent Job,"AI ML Frameworks, SageMaker, Synapse, Data Lakehouse, snowflake, dbt, Streaming APIs, Cloud Data Platforms, Governance Frameworks, data engineering, Kafka, Tensorflow, Azure ML, MLops, Gcp, Pytorch, Data Architecture, Spark, Databricks, Azure, Data Privacy, AWS",2026-01-27 00:44:03
Data and AI Architect,Mercedes-Benz Research and Development India,10-12 Years,,"Bengaluru, India","About MBRDI:\nMercedes-Benz Research and Development India (MBRDI), headquartered in Bengaluru with a satellite office in Pune, is the largest R&D center for Mercedes-Benz Group AG outside of Germany. Our mission is to drive innovation and excellence in automotive engineering, digitalization, and sustainable mobility solutions, shaping the future of mobility.\nWe are seeking a visionary Data and AI Chief Architect to lead the design, development, and governance of department wide data and AI solutions. This role requires a balance of deep technical expertise, architectural vision, and the ability to inspire cross-functional teams toward a unified data and AI strategy.\nAs a key member of the architecture and innovation team, you will shape how data is collected, transformed, and leveraged across the organization enabling scalable data engineering pipelines, responsible AI adoption, and the delivery of intelligent business outcomes.\nKey Responsibilities\n1. Data Architecture & Engineering\nDesign and implement modern, scalable data architectures (data lakehouse, streaming, APIs, etc.) to support analytics and AI workloads.\nOversee data ingestion, integration, and transformation processes across structured and unstructured sources.\nPartner with DevOps and Cloud teams to ensure data platforms meet enterprise performance, security, and compliance standards.\nDefine best practices for metadata management, data lineage, and data quality frameworks.\n2. Data Transformation & Analytics Enablement\nLead the development of robust data models, pipelines, and transformations using modern tools (e.g., Spark, dbt, Kafka, Databricks, Synapse, Snowflake, etc.).\nCollaborate with BI and analytics teams to ensure data is clean, contextual, and analytics-ready.\nEnable business units to self-serve and innovate through governed data products and APIs.\n3. AI Use Case Discovery & Delivery\nPartner with business stakeholders to identify and evaluate high-impact AI/ML use cases.\nProvide technical leadership in designing AI solutions from proof of concept to production deployment.\nCollaborate with Data Scientists and MLOps engineers to build scalable AI and machine learning pipelines.\nPromote responsible AI practices ensuring transparency, fairness, and explainability in all AI initiatives.\n4. AI Governance & Strategy\nDefine and implement frameworks for AI governance, including ethical AI guidelines, model lifecycle management, and compliance.\nEstablish policies for model versioning, monitoring, and risk assessment.\nAct as a thought leader on AI maturity and innovation across the organization.\n5. Cross-Functional Leadership & Inspiration\nInspire and mentor cross-functional teams including engineers, analysts, and product owners toward data-driven and AI-powered ways of working.\nFacilitate knowledge sharing and promote a culture of technical excellence and curiosity.\nCommunicate complex technical concepts to non-technical stakeholders effectively.\nRequired Qualifications\nBachelor's or Master's degree in Computer Science, Data Engineering, AI, or a related field.\n10+ years of experience in data architecture, data engineering, or AI/ML solution design.\nProven experience with cloud data platforms (Azure, AWS, or GCP) and modern data stack tools.\nStrong knowledge of AI/ML frameworks (TensorFlow, PyTorch, Azure ML, SageMaker, etc.).\nExperience with governance frameworks, data privacy, and MLOps.\nExcellent communication and stakeholder management skills.\nDemonstrated ability to lead and inspire technical teams.\nPreferred Qualifications\nExperience in AI / GenAI usecase delivery , model interpretability, and regulatory compliance.\nPrior experience leading enterprise data modernization or AI transformation programs.\nCertifications in cloud data architecture or AI (e.g., Azure Data Engineer/Architect, AWS Certified Machine Learning).\nWhy Join Us\nBe part of a purpose-driven organization that's shaping the future of mobility.\nWork on cutting-edge technologies and global projects.\nThrive in a collaborative, diverse, and inclusive environment.\nAccess world-class infrastructure and learning opportunities.\nEqual Opportunity Statement:\nAt MBRDI, we are committed to diversity and inclusion. We welcome applications from all qualified individuals, regardless of gender, background, or ability.",Login to check your skill match score,Permanent Job,"AI ML Frameworks, SageMaker, Synapse, Data Lakehouse, snowflake, dbt, Streaming APIs, Cloud Data Platforms, Governance Frameworks, data engineering, Kafka, Tensorflow, Azure ML, MLops, Gcp, Pytorch, Data Architecture, Spark, Databricks, Azure, Data Privacy, AWS",2026-01-27 00:44:04
Data Engineer,Scoutit,Fresher,,"Pune, India","We're looking for Data Engineer Associates!\n\nSalary: INR 24,00,000 - 26,00,000 / year\n\nResponsibilities\n\nImplementing and validating predictive models as well as creating and maintain statistical models with a focus on big data, incorporating a variety of statistical and machine learning techniques\nDesigning and implementing various enterprise search applications such as Elasticsearch and Splunk for client requirements\nWork in an Agile, collaborative environment, partnering with other scientists, engineers, consultants and database administrators of all backgrounds and disciplines to bring analytical rigor and statistical methods to the challenges of predicting behaviour's.\nBuild teams or writing programs to cleanse and integrate data in an efficient and reusable manner, developing predictive or prescriptive models, and evaluating modelling results\n\nEligibility\n\nThis is an entry-level job\nProficiency in integrating data from cloud platforms into Snowflake using Talend and native Snowflake capabilities.\nUnderstanding of optimizing Snowflake workloads, including clustering keys, caching strategies, and query profiling.\nAbility to implement robust data validation, cleansing, and governance frameworks within ETL processes.\nProficiency in SQL and/or Shell scripting for custom transformations and automation tasks\n\n(*Note: This is a requirement for one of Scoutit's clients)\n\nSkills: sql,snowflake,big data",Login to check your skill match score,Permanent Job,"snowflake, Elasticsearch, Big Data, Splunk, Talend, Sql",2026-01-27 00:44:05
Design Architect,Weekday (YC W21),1-8 Years,,"Mumbai, India","This role is for one of our clients\nIndustry: Information Technology & Services\n\nSeniority level: Mid-Senior level\n\nMin Experience: 1 years\n\nLocation: India\n\nJobType: full-time\n\nWe may use artificial intelligence (AI) tools to support parts of the hiring process, such as reviewing applications, analyzing resumes, or assessing responses. These tools assist our recruitment team but do not replace human judgment. Final hiring decisions are ultimately made by humans. If you would like more information about how your data is processed, please contact us.\n\nWe're looking for thoughtful, detail-oriented Design Architects across experience levels who are excited to translate ideas into built form. This role spans the full architectural lifecyclefrom early design exploration to on-site realizationand offers the opportunity to grow within a collaborative, design-driven studio.\n\nDepending on your experience, you will either support and learn from senior team members or independently lead projects, mentor others, and influence the studio's architectural direction. What unites both levels is a commitment to strong design fundamentals, respect for process, and a hands-on approach to making architecture that is functional, contextual, and enduring.\n\nCore Responsibilities (All Levels)\n\nParticipate in architectural projects from conceptualization through execution\n\nDevelop design concepts, spatial layouts, drawings, models, and visual presentations\n\nConduct site analysis, design research, and material studies\n\nCollaborate with internal teams to develop cohesive and well-resolved architectural solutions\n\nContribute actively to design discussions, critiques, and studio reviews\n\nMaintain a high standard of documentation, detailing, and professional conduct\n\nRole Scope by Experience\n\nEarly-Career / Design Architect (12 Years)\nAssist in preparing drawings, working details, and presentation material\n\nSupport senior team members during site visits and coordination activities\n\nLearn studio workflows, design processes, and execution standards through live projects\n\nBring curiosity, creativity, and new design perspectives to the team\n\nExperienced / Project Architect (68 Years)\nLead projects independently across all phases, from concept to completion\n\nDrive design development, timelines, and coordination with consultants and vendors\n\nMentor junior architects and review their design and documentation work\n\nManage client communication and contribute to key design and execution decisions\n\nPlay an active role in shaping the studio's design approach and long-term vision\n\nQualifications & Skills\nMust-Have\n\nBachelor's degree in Architecture (B.Arch) from a recognized institution\n\nStrong understanding of architectural design, detailing, and documentation\n\nProficiency in AutoCAD, SketchUp, and Adobe Creative Suite\n\nAbility to articulate design intent through drawings, models, and presentations\n\nStrong sense of responsibility, collaboration, and ownership\n\nPassion for architecture, materials, spatial quality, and design thinking\n\nNice-to-Have\n\nExperience With Revit, Lumion, Or Other Visualization/rendering Tools\nClear verbal and written communication skills\n\nInterest in urbanism, art, culture, and material exploration\n\nWhat We Value\n\nA design-first mindset grounded in practicality\n\nWillingness to learn, adapt, and evolve with project needs\n\nRespect for teamwork, process, and craft",Login to check your skill match score,Permanent Job,"Lumion, Autocad, Revit, Sketchup, Adobe Creative Suite",2026-01-27 00:44:07
Data Modeler,NTT DATA North America,Fresher,,India,"Req ID: 354917\n\nNTT DATA strives to hire exceptional, innovative and passionate individuals who want to grow with us. If you want to be part of an inclusive, adaptable, and forward-thinking organization, apply now.\n\nWe are currently seeking a Data Modeler to join our team in Remote, Karntaka (IN-KA), India (IN).\n\nJob Duties: Design and implement enterprise-grade data models to support analytics, reporting, and operational systems.\n\nDevelop conceptual, logical, and physical data models aligned with business requirements and best practices.\n\nCollaborate with stakeholders to gather requirements and translate them into scalable data architecture.\n\nDefine and enforce data modeling standards, naming conventions, and governance policies.\n\nOptimize data models for performance, scalability, and maintainability across multiple platforms.\n\nWork closely with ETL developers to ensure seamless integration between data models and pipelines.\n\nDocument data models, relationships, and metadata for transparency and compliance.\n\nConduct impact analysis for schema changes and manage version control of data models.\n\nSupport Power BI semantic layer design and ensure compatibility with reporting needs.\n\nProvide guidance and mentorship on data modeling best practices within the team.\n\nMinimum Skills Required: Expert-level knowledge of data modeling techniques (conceptual, logical, physical) and normalization/denormalization.\n\nStrong experience with dimensional modeling (star, snowflake) and OLAP design principles.\n\nProficiency in SQL for schema design, constraints, indexing, and performance optimization.\n\nHands-on experience with data modeling tools (e.g., ERwin, PowerDesigner, or equivalent).\n\nDeep understanding of data warehousing, metadata management, and data governance frameworks.\n\nFamiliarity with Power BI data modeling and integration with semantic models.\n\nKnowledge of ETL processes and ability to design models that support efficient data movement.\n\nStrong analytical and problem-solving skills with attention to detail.\n\nExcellent communication and collaboration skills; ability to work in a 2 PM11 PM IST shift.\n\nExperience with Microsoft Fabric (Lakehouse, OneLake) and modern data architecture is a strong plus.\n\nAbout NTT DATA\n\nNTT DATA is a $30 billion business and technology services leader, serving 75% of the Fortune Global 100. We are committed to accelerating client success and positively impacting society through responsible innovation. We are one of the world's leading AI and digital infrastructure providers, with unmatched capabilities in enterprise-scale AI, cloud, security, connectivity, data centers and application services. our consulting and Industry solutions help organizations and society move confidently and sustainably into the digital future. As a Global Top Employer, we have experts in more than 50 countries. We also offer clients access to a robust ecosystem of innovation centers as well as established and start-up partners. NTT DATA is a part of NTT Group, which invests over $3 billion each year in R&D.\n\nWhenever possible, we hire locally to NTT DATA offices or client sites. This ensures we can provide timely and effective support tailored to each client's needs. While many positions offer remote or hybrid work options, these arrangements are subject to change based on client requirements. For employees near an NTT DATA office or client site, in-office attendance may be required for meetings or events, depending on business needs. At NTT DATA, we are committed to staying flexible and meeting the evolving needs of both our clients and employees. NTT DATA recruiters will never ask for payment or banking information and will only use @nttdata.com and @talent.nttdataservices.com email addresses. If you are requested to provide payment or disclose banking information, please submit a contact us form, https://us.nttdata.com/en/contact-us.\n\nNTT DATA endeavors to make https://us.nttdata.com accessible to any and all users. If you would like to contact us regarding the accessibility of our website or need assistance completing the application process, please contact us at https://us.nttdata.com/en/contact-us. This contact information is for accommodation requests only and cannot be used to inquire about the status of applications. NTT DATA is an equal opportunity employer. Qualified applicants will receive consideration for employment without regard to race, color, religion, sex, sexual orientation, gender identity, national origin, disability or protected veteran status. For our EEO Policy Statement, please click here. If you'd like more information on your EEO rights under the law, please click here. For Pay Transparency information, please click here.",Login to check your skill match score,Permanent Job,"Power BI data modeling, OneLake, Microsoft Fabric Lakehouse, ETL processes, data modeling techniques, data governance frameworks, Metadata Management, Data Warehousing, Dimensional Modeling, Sql",2026-01-27 00:44:08
Senior Data Engineer,Siemens,Fresher,,"Pune, India","Hello Visionary!\n\nWe empower our people to stay resilient and relevant in a constantly changing world. We're looking for people who are always searching for creative ways to grow and learn. People who want to make a real impact, now and in the future. Does that sound like you Then it seems like you'd make a great addition to our vibrant international team.\n\nWe are looking for: IT Solution Expert - Senior Data Engineer\n\nYou're excited to build on your existing expertise, including :\n\nBuild and evolve robust, scalable data models that power analytics and data products across the organization.\nBuild production-ready data pipelines using dbt, redefining raw data into trusted, business-ready datasets.\nWork closely with data analysts, business participants, and engineering teams to translate requirements into sophisticated technical solutions.\nPlay a key role in driving data-driven decision-making by ensuring the reliability, integrity, and availability of critical data assets.\nOptimize Snowflake performance and supply to data governance, security, and standard processes.\nBe hands-on with solve, continuous improvement, and documentation to support long-term data platform success.\nSupport and chip in to an ongoing analytical transformation journey, where data is central to business outcomes.\n\nWhat You'll Need to Succeed:\n\nValidated experience as a Data Engineer, Data Modeler, or similar role, with a strong focus on data warehousing.\nDeep hands-on expertise with Snowflake, including schema develop, query optimization, and performance tuning.\nExtensive experience using dbt (data build tool) for data transformation, testing, deployment, and version control.\nSolid understanding of data modeling concepts such as dimensional modeling and/or Data Vault, with real-world implementation experience.\nSophisticated SQL skills for complex querying, data manipulation, and analysis.\nExperience working with Git or other version control systems.\nA diligent approach with strong analytical and tackle skills.\nExcellent communication and partnership skills, enabling you to work efficiently with both technical and non-technical partners.\n\nCreate a better #TomorrowWithUs!\n\nThis role, based in Pune, is an individual contributor position. You may be required to visit other locations within India and internationally. In return, you'll have the opportunity to work with teams shaping the future.\n\nAt Siemens, We value your unique identity and perspective and are fully committed to providing equitable opportunities and building a workplace that reflects the diversity of society. Come bring your authentic self and create a better tomorrow with us.\n\nFind out more about Siemens careers at: www.siemens.com/careers\n\nFind out more about the Digital world of Siemens here: www.siemens.com/careers/digitalminds",Login to check your skill match score,Permanent Job,"snowflake, dbt, Git, Data Modeling, Sql",2026-01-27 00:44:09
Senior Data Engineer,Unison Group,7-9 Years,,"Hyderabad, India","Unison Group is looking for a highly skilled and motivated Senior Data Engineer to join our dynamic team. In this role, you will be responsible for designing, building, and maintaining robust data pipelines and infrastructure that facilitate data analytics and support business decisions.\n\nKey Responsibilities:\n\nDesign and implement scalable data processing pipelines and architectures using modern data engineering tools and frameworks\nCollaborate with cross-functional teams to define data requirements and translate them into effective engineering solutions\nOptimize data flows and data storage methods to improve performance and reduce costs\nManage data integration from diverse sources and ensure data quality and integrity throughout the pipeline\nConduct performance tuning, monitoring, and debugging of data pipelines to ensure efficiency and reliability\nImplement security and data governance practices to ensure compliance with data regulations\nMentor junior team members and contribute to the development of best practices in data engineering\n\nRequirements\n\nQualifications:\n\n7+ years of experience as a Data Engineer, with a strong background in designing and building data pipelines\nExpertise in programming languages such as Python, Scala, or Java\nExperience with big data technologies such as Hadoop, Spark, or similar frameworks\nProficiency in database design and SQL, with experience in both relational and NoSQL databases (e.g., PostgreSQL, MongoDB)\nFamiliarity with cloud platforms (AWS, Azure, Google Cloud) and services related to data storage and processing\nHands-on experience with data visualization tools (e.g., Tableau, Power BI) is a plus\nStrong problem-solving skills and the ability to troubleshoot complex data-related issues\nExcellent communication skills and the ability to work collaboratively with diverse teams\nBachelor's or Master's degree in Computer Science, Data Science, or a related field",Login to check your skill match score,Permanent Job,"Java, Hadoop, Power Bi, Scala, PostgreSQL, Tableau, Sql, Google Cloud, Spark, MongoDB, Azure, Python, AWS",2026-01-27 00:44:10
Senior Data Engineer,Awign Expert,10-12 Years,,India,"Title: Data Engineer\nDuration: 6 Months (with possible extension)\nExperience- 10+ years\nWork Location: Remote\nScreening Checklist:\nProficiency in interpreting data transformation logic written in T-SQL and implementing equivalent processes within Databricks\nAbility to design and implement data ingestion pipelines using Azure Data Factory (from source to RAW layer)\nBasic knowledge of C# and Sql (atleast read the coding, no need to write)\nExperience in collecting and analyzing performance metrics to optimize data ingestion pipelines\nCompetence in performing performance optimizations for Databricks read/write queries as needed\nJob Overview\nWe are currently seeking experienced Data Engineers (57 years of experience) with strong expertise in Databricks, PySpark, and Data Fabric concepts to contribute to an ongoing enterprise data transformation initiative. The ideal candidates will have solid hands-on engineering skills, a good understanding of modern data architectures, and the ability to work collaboratively within cross-functional teams.\nKey capabilities and expectations include:\nStrong experience in understanding and translating data transformation logic written in T-SQL and implementing equivalent, efficient transformations in Databricks using PySpark, aligned with Data Fabric design principles.\nHands-on experience in designing and implementing data ingestion pipelines using Azure Data Factory, enabling reliable data movement from source systems to the RAW and curated data layers within a Data Fabric ecosystem.\nWorking knowledge of Data Fabric concepts, including metadata-driven pipelines, data integration, orchestration, data lineage, and governance, with the ability to apply these principles in day-to-day engineering tasks.\nExperience in monitoring, collecting, and analyzing pipeline performance metrics to identify inefficiencies and support optimization of data ingestion and processing workflows.\nPractical experience in performance tuning and optimization of Databricks read and write operations, including partitioning, file formats, and query optimization techniques.\nAbility to collaborate closely with senior engineers and architects, contribute to design discussions, follow best practices, and support the continuous improvement of the data platform.\nStrong problem-solving skills, eagerness to learn, and the ability to work effectively with cross functional teams, including data analysts, data scientists, and business stakeholders.\nThis role is ideal for professionals looking to deepen their expertise in Databricks and Data Fabric\narchitectures while contributing to scalable, well-governed, and high-performance enterprise data\nsolutions.",Login to check your skill match score,Permanent Job,"T-sql, Azure Data Factory, Pyspark, Databricks, Sql",2026-01-27 00:44:11
Senior Data Engineer,Awign Expert,10-12 Years,,India,"Title: Data Engineer\nDuration: 6 Months (with possible extension)\nExperience- 10+ years\nWork Location: Remote\nScreening Checklist:\nProficiency in interpreting data transformation logic written in T-SQL and implementing equivalent processes within Databricks\nAbility to design and implement data ingestion pipelines using Azure Data Factory (from source to RAW layer)\nBasic knowledge of C# and Sql (atleast read the coding, no need to write)\nExperience in collecting and analyzing performance metrics to optimize data ingestion pipelines\nCompetence in performing performance optimizations for Databricks read/write queries as needed\nJob Overview\nWe are currently seeking experienced Data Engineers (57 years of experience) with strong expertise in Databricks, PySpark, and Data Fabric concepts to contribute to an ongoing enterprise data transformation initiative. The ideal candidates will have solid hands-on engineering skills, a good understanding of modern data architectures, and the ability to work collaboratively within cross-functional teams.\nKey capabilities and expectations include:\nStrong experience in understanding and translating data transformation logic written in T-SQL and implementing equivalent, efficient transformations in Databricks using PySpark, aligned with Data Fabric design principles.\nHands-on experience in designing and implementing data ingestion pipelines using Azure Data Factory, enabling reliable data movement from source systems to the RAW and curated data layers within a Data Fabric ecosystem.\nWorking knowledge of Data Fabric concepts, including metadata-driven pipelines, data integration, orchestration, data lineage, and governance, with the ability to apply these principles in day-to-day engineering tasks.\nExperience in monitoring, collecting, and analyzing pipeline performance metrics to identify inefficiencies and support optimization of data ingestion and processing workflows.\nPractical experience in performance tuning and optimization of Databricks read and write operations, including partitioning, file formats, and query optimization techniques.\nAbility to collaborate closely with senior engineers and architects, contribute to design discussions, follow best practices, and support the continuous improvement of the data platform.\nStrong problem-solving skills, eagerness to learn, and the ability to work effectively with cross functional teams, including data analysts, data scientists, and business stakeholders.\nThis role is ideal for professionals looking to deepen their expertise in Databricks and Data Fabric\narchitectures while contributing to scalable, well-governed, and high-performance enterprise data\nsolutions.",Login to check your skill match score,Permanent Job,"T-sql, Azure Data Factory, Pyspark, Databricks, Sql",2026-01-27 00:44:12
Data Engineer-Business Intelligence,IBM,3-5 Years,,"Pune, India","Introduction\n\nIn this role, you'll work in one of our IBM Consulting Client Innovation Centers (Delivery Centers), where we deliver deep technical and industry expertise to a wide range of public and private sector clients around the world. Our delivery centers offer our clients locally based skills and technical expertise to drive innovation and adoption of new technology.\n\nYour Role And Responsibilities\n\nProvide expertise in analysis, requirements gathering, design, coordination, customization, testing and support of reports, in client's environment\nDevelop and maintain a strong working relationship with business and technical members of the team\nRelentless focus on quality and continuous improvement\nPerform root cause analysis of reports issues\nDevelopment / evolutionary maintenance of the environment, performance, capability and availability.\nAssisting in defining technical requirements and developing solutions\nEffective content and source-code management, troubleshooting and debugging.\n\nPreferred Education\n\nMaster's Degree\n\nRequired Technical And Professional Expertise\n\nCognos Developer & Admin Required. Education: The resource should be full time MCA/M. Tech/B. Tech/B.E. and should preferably have relevant certifications\nExperience: The resource should have a minimum of 3 years of experience of working in the in BI DW projects in areas pertaining to reporting and visualization using cognos.\n\nThe resources shall have worked in at least two projects where they were involved in developing reporting/ visualization * He shall have good understanding of UNIX.\n\nShould be well conversant in English and should have excellent writing, MIS, communication, time management and multi-tasking skill\n\nPreferred Technical And Professional Experience\n\nExperience with various cloud and integration platforms (e.g. AWS, Google, Azure)\nAgile mindset - ability to process changes of priorities and requests, ownership, critical thinking\nExperience with an ETL/Data Integration tool (eg. IBM InfoSphere DataStage, Azure Data Factory, Informatica PowerCenter)",Login to check your skill match score,Permanent Job,"ETL Data Integration, Cognos Developer, Azure Data Factory, Informatica Powercenter, Ibm Infosphere Datastage, Azure, UNIX, AWS",2026-01-27 00:44:13
Data Specialist,Endpoint Clinical,1-3 Years,,"Hyderabad, India","About Us\n\nEndpoint is an interactive response technology (IRT) systems and solutions provider that supports the life sciences industry. Since 2009, we have been working with a single vision in mind, to help sponsors and pharmaceutical companies achieve clinical trial success. Our solutions, realized through the proprietary PULSE platform, have proven to maximize the supply chain, minimize operational costs, and ensure timely and accurate patient dosing. Endpoint is headquartered in Raleigh-Durham, North Carolina with offices across the United States, Europe, and Asia.\n\nPosition Overview\n\nThe Data Specialist will support all aspects of Data Management at Endpoint, including data changes, verifications, data transfers, and data integrations with supporting documentation. The person in this role will work independently with minimal guidance from the Senior or Lead Data Specialist. The role requires interaction with internal study teams and occasionally with external end users and sponsors.\n\nResponsibilities\n\nDrafts and executes quality SQL data scripts and queries for production data updates and reporting.\nManages data change request aspects of the endpoint eDRS system.\nReviews change requests for clarity, completeness, and impact.\nCollaborates with Client Services and customers as needed to ensure database updates are made in the spirit of the original request.\nManages and continuously updates Data Management best practices.\nReviews Data Management Plan Specification for quality, consistency and feasibility.\nVerifies database lock, project archives and the client-related documents.\nCollaborates with IT and implementation team to address Clinical application requests and/or changes to Clinical database systems.\nParticipates in conference calls and/or meetings with external teams as needed.\nPerforms other duties as required.\nThis position will require weekend and holiday coverage as needed.\n\nEducation\n\nBachelor's Degree or equivalent and/or appropriate experience\n\nExperience\n\n1-2 years of relevant experience with SQL data management, preferably in the clinical trials industry.\nProven experience utilizing SQL scripts, as well as creating complex queries and stored procedures.\nAdvanced MS Excel expertise is preferred; SAS is a plus.\nPrevious experience working in a fast-paced, entrepreneurial environment preferred.\nExperience with Microsoft Office applications (Outlook, Word, Excel, Visio, PowerPoint) and SQL.\n\nSkills\n\nProven ability to handle multiple tasks in a deadline-oriented production environment.\nAbility to identify and solve technical problems independently.\nStrong interpersonal skills with the ability to work effectively with a wide variety of professionals, both internal and external.\nStrong collaboration skills.\nProactive team player enthusiastic with high work ethics.\nStrong attention to detail and quality.\nExcellent organizational and time management skills.\nExcellent communication skills.\n\nWe may use artificial intelligence (AI) tools to support parts of the hiring process, such as reviewing applications, analyzing resumes, or assessing responses. These tools assist our recruitment team but do not replace human judgment. Final hiring decisions are ultimately made by humans. If you would like more information about how your data is processed, please contact us.",Login to check your skill match score,Permanent Job,"Microsoft Office Applications, Ms Excel, SAS, Sql",2026-01-27 00:44:14
Service Now Architect,Orbia Pune,10-15 Years,,"Pune, India","Required skills:\nExperience: Minimum 10 - 15 years of hands-on experience with ServiceNow, including at least 4 years in a platform architect or senior technical lead role.\nPlatform Expertise: Deep understanding of ServiceNow architecture, data models, integration patterns, and upgrade mechanisms.\nGovernance Skills: Proven experience establishing development standards, managing platform API policies, and owning code lifecycle processes.\nTechnical Knowledge: Strong command of JavaScript, Angular, Powershell, Glide APIs, Flow Designer, Integration Hub, MID Server architecture, and CMDB structure.\nSecurity & Compliance: Familiarity with enterprise security standards, API authentication models (OAuth, Basic Auth), and data privacy practices (e.g., GDPR).\nCommunication: Ability to clearly articulate architectural decisions to technical and non-technical audiences.\nCertifications: ServiceNow Certified System Administrator required; Application Developer and/or Technical Architect certifications preferred.\nUpgrade Leadership: Demonstrated experience managing platform upgrades and testing frameworks (ATF experience is a plus).",Login to check your skill match score,Permanent Job,"MID Server architecture, Flow Designer, data privacy practices, Glide APIs, CMDB structure, API authentication models, Integration Hub, Basic Auth, Oauth, Servicenow, Gdpr, Powershell, Angular, Javascript",2026-01-27 00:44:16
Data Platform Engineer,FinacPlus,5-7 Years,,"Hyderabad, India","Data Platform Engineer\nAbout FinacPlus\nFinacPlus is a Great Place to Work Certified organization a recognition of our people first culture, collaborative environment, and focus on professional growth. We provide high-end virtual business process and technology services to leading global clients across finance, banking, mortgage, research, and data services. At FinacPlus, you'll work with world-class talent, cutting-edge technology, and international stakeholders while still enjoying the openness, agility, and career visibility of a fast-growing company.\nAbout Our Client TicketNetwork Inc\nFinacPlus would like to highlight that since 2002, TicketNetwork has been a trusted platform in the ticketing and event industry, serving promoters, venues, and resale operators in managing and scaling their ticketing businesses. With its cutting-edge e-commerce technology, robust affiliate marketing capabilities, and deep expertise in the entertainment industry, TicketNetwork continues to deliver high-quality, customizable solutions that ensure exceptional service for both consumers and clients.\nRole Overview\nWe are seeking an experienced Data Platform Engineer to design, build, and maintain scalable data pipelines and platforms that support analytics and business decision-making. The ideal candidate will have strong expertise in data engineering, cloud technologies, and data integration, and will work closely with cross-functional teams to deliver reliable, high-quality data solutions.\nKey Responsibilities\nDesign, build, and maintain robust data pipelines and ETL processes.\nEnsure data quality, accuracy, and integrity across all data systems.\nDevelop and maintain data models, schemas, and data architecture.\nImplement data integration solutions for multiple structured and unstructured data sources.\nMonitor, troubleshoot, and resolve data platform and pipeline issues.\nAutomate data workflows and optimize data processing performance.\nContinuously improve the reliability, scalability, and performance of data platforms.\nCollaborate with analysts, data scientists, and business stakeholders to understand and meet data requirements.\nWork closely with cross-functional teams to deliver end-to-end data solutions.\nProvide technical support, guidance, and best practices to team members.\nStay up to date with emerging data engineering technologies, tools, and industry trends.\nLeverage cloud platforms such as AWS or Azure to build and manage data solutions.\nRequired Skills & Experience\nBachelor's degree in Computer Science, Data Science, Software Engineering, or a related field.\nMinimum 5 years of experience in data engineering or related roles.\nStrong experience with cloud platforms such as AWS or Azure.\nProficiency in Python, Java, or Scala.\nStrong experience with SQL and NoSQL databases.\nSolid understanding of data architecture, data modeling, and schema design.\nHands-on experience with ETL processes and data integration techniques.\nExperience with AWS services, including familiarity with Redshift.\nFamiliarity with Apache Spark and/or Kafka.\nExperience or exposure to Vertica is a plus.\nFamiliarity with data visualization tools such as Tableau.\nBasic understanding of machine learning and AI concepts is an advantage.\nStrong analytical, problem-solving, and troubleshooting skills.\nExcellent communication and collaboration skills.\nAbility to work independently as well as in a team-oriented environment.\nWhy Join FinacPlus\nGreat Place to Work Certified collaborative, inclusive culture\nExposure to global financial technology platforms\nWork with senior stakeholders across India, U.S. & U.K.\nHybrid working with flexibility & work-life balance\nCompetitive compensation and growth opportunities\nOpportunity to shape enterprise-grade products that create real-world impact\nIf you're a seasoned Data Engineer who thrives in innovative, global environments we'd love to hear from you.\nLocation: India | Work Mode: Remote\nTimings: 05:30 PM 2:30 AM IST (EST coverage)\nCompensation: Best in Industry\nEmail your Resume: Durga Prasad: [HIDDEN TEXT]",Login to check your skill match score,Permanent Job,"data integration techniques, AI concepts, ETL processes, Java, Machine Learning, Scala, Apache Spark, Data Architecture, Kafka, Schema Design, Tableau, Data Modeling, Sql, Nosql, Vertica, Azure, Python, AWS",2026-01-27 00:44:17
System Architect,ALTEN India,Fresher,,"Pune, India","Responsibilities\n\nSystem Architect:\n\nBuild the System Architectural Design ( i.e. BDD and IBD diagrams)\nDefine and document the System External and Internal Interfaces\nDerive System Architectural Design Requirements based on the accepted System Requirements\nAllocate System Requirements to System Elements and system Functions\nVerify System Architectural Design\nImpact analysis of Product Change Requests from Customer\nSupport to define the System Integration strategies and System Integration Testing strategies\nDefinition of System Safety Requirements (derived from Functional Safety Concept), including necessary Safety Mechanisms and Safe States.\nDefinition of System Safety Design, including allocation of Safety Requirements.\nImplementation of System-level safety analysis (system-FMEA/FTA)\nTraceability at System-level work products related with safety\nDefinition of System Cybersecurity Requirements (derived from Cybersecurity Concept)\nDefinition of System Cybersecurity Design, including allocation of System Cybersecurity Requirements.\nTraceability at System-level work products related with cybersecurity\nSupport to DFMEA",Login to check your skill match score,Permanent Job,"Safety Mechanisms, Fmea, Cybersecurity Concept, System Architectural Design, System Integration Testing strategies, IBD diagrams, System Cybersecurity Requirements, System Integration strategies, system requirements, FTA, Safe States, Functional Safety Concept, System Safety Requirements, System-level safety analysis, System Cybersecurity Design",2026-01-27 00:44:18
"Senior Data Engineer-Data Modeling, Data Architect,Erwin, Erstudio and SQL, DWH",IBM,12-14 Years,,"Pune, India","Introduction\n\nA career in IBM Consulting is built on long-term client relationships and close collaboration worldwide. You'll work with leading companies across industries, helping them shape their hybrid cloud and AI journeys. With support from our strategic partners, robust IBM technology, and Red Hat, you'll have the tools to drive meaningful change and accelerate client impact. At IBM Consulting, curiosity fuels success. You'll be encouraged to challenge the norm, explore new ideas, and create innovative solutions that deliver real results. Our culture of growth and empathy focuses on your long-term career development while valuing your unique skills and experiences.\n\nYour Role And Responsibilities\n\nIn this role, your responsibilities may include:\nImplementing and validating predictive models as well as creating and maintain statistical models with a focus on big data, incorporating a variety of statistical and machine learning techniques\nDesigning and implementing various enterprise search applications such as Elasticsearch and Splunk for client requirements\nWork in an Agile, collaborative environment, partnering with other scientists, engineers, consultants and database administrators of all backgrounds and disciplines to bring analytical rigor and statistical methods to the challenges of predicting behaviours.\nBuild teams or writing programs to cleanse and integrate data in an efficient and reusable manner, developing predictive or prescriptive models, and evaluating modelling results\n\nPreferred Education\n\nMaster's Degree\n\nRequired Technical And Professional Expertise\n\n12+ years of experience in data modelling, data architecture.\nProficiency in data modelling tools Erwin, IBM Infosphere Data Architect and database management systems\nFamiliarity with different data models like relational, dimensional and NoSQL databases.\nUnderstanding of business processes and how data supports business decision making.\nStrong understanding of database design principles, data warehousing concepts, and data governance practices\n\nPreferred Technical And Professional Experience\n\nExcellent analytical and problem-solving skills with a keen attention to detail.\nAbility to work collaboratively in a team environment and manage multiple projects simultaneously.\nKnowledge of programming languages such as SQL",Login to check your skill match score,Permanent Job,"IBM Infosphere Data Architect, data modelling tools, NoSQL databases, Erwin, Database Management Systems, Sql",2026-01-28 03:48:44
Data Architect,Persistent Systems,10-12 Years,,"Bengaluru, India","About Position:\nWe are seeking an experienced Data Architect to design scalable, secure, and high-performance data solutions leveraging Snowflake, Power BI, and Azure for enterprise applications in the Pharma/Life Sciences domain.\nRole: Data Architect\nLocation: Bangalore\nExperience: 10 to 12 years\nJob Type: Full Time Employment\nWhat You'll Do:\nAnalyze complex data sets to identify patterns and derive actionable insights for decision-making.\nCommunicate effectively with stakeholders through clear verbal and written communication.\nCreate comprehensive documentation and convey technical information in an understandable manner.\nUnderstand business processes, workflows, and industry-specific knowledge to align solutions with organizational goals.\nIdentify issues, evaluate alternatives, and propose innovative solutions to business challenges.\nGather and document detailed business requirements, functional specifications, and user stories.\nManage relationships and expectations among diverse stakeholders (clients, users, developers, management).\nAdapt to changing project scopes, priorities, and timelines while ensuring quality outcomes.\nLead Scrum teams as Product Owner, defining product vision, roadmap, and growth opportunities.\nAssess value, develop business cases, and prioritize stories, epics, and themes aligned with product strategy.\nProvide backlog management, iteration planning, and elaboration of user stories.\nCollaborate with Product Management to maintain a product backlog based on business value or ROI.\nPlan product release schedules and set expectations for delivery of new functionalities.\nExpertise You'll Bring:\nStrong foundation in statistics and hands-on experience with Excel, SQL, R, or Python.\nProven ability to analyze, structure, and present large data sets clearly.\nExperience creating reports, dashboards, and data visualizations for decision-making.\nFamiliarity with business analysis tools, data analysis software, and SDLC methodologies (Agile, Waterfall).\nExpertise in business requirement gathering, functional specifications, and user story creation.\nExcellent facilitation, communication, and stakeholder management skills.\nBenefits:\nCompetitive salary and benefits package\nCulture focused on talent development with quarterly growth opportunities and company-sponsored higher education and certifications\nOpportunity to work with cutting-edge technologies\nEmployee engagement initiatives such as project parties, flexible work hours, and Long Service awards\nAnnual health check-ups\nInsurance coverage: group term life, personal accident, and Mediclaim hospitalization for self, spouse, two children, and parents\nValues-Driven, People-Centric & Inclusive Work Environment:\nPersistent is dedicated to fostering diversity and inclusion in the workplace. We invite applications from all qualified individuals, including those with disabilities, and regardless of gender or gender preference. We welcome diverse candidates from all backgrounds.\nWe support hybrid work and flexible hours to fit diverse lifestyles.\nOur office is accessibility-friendly, with ergonomic setups and assistive technologies to support employees with physical disabilities.\nIf you are a person with disabilities and have specific requirements, please inform us during the application process or at any time during your employment\nLet's unleash your full potential at Persistent\nPersistent is an Equal Opportunity Employer and prohibits discrimination and harassment of any kind.",Login to check your skill match score,Permanent Job,"SDLC methodologies, business analysis tools, R, snowflake, data analysis software, Waterfall, Power Bi, Sql, Agile, Excel, Azure, Python",2026-01-29 04:12:30
Data Architect - Analytics,NTT DATA North America,Fresher,,"Chennai, India","Req ID: 355894\n\nNTT DATA strives to hire exceptional, innovative and passionate individuals who want to grow with us. If you want to be part of an inclusive, adaptable, and forward-thinking organization, apply now.\n\nWe are currently seeking a Data Architect - Analytics to join our team in Chennai, Tamil Ndu (IN-TN), India (IN).\n\nJob Duties: Business & CrossFunctional Leadership\n\nEngage heavily with business users across North America and Europe, facilitating workshops and data discovery sessions.\n\nDrive consensus on business rules, data definitions, and data sources, especially where regional processes differ.\n\nServe as the architectural thought leader enabling teams to transition from manual, inconsistent processes to standardized, modernized workflows.\n\nPartner closely with business analysts, data analysts, product owners, and engineering teams across multiple geographies.\n\nData Architecture & Technical Strategy\n\nArchitect a unified master stitched data model to replace downstream reliance on Varicent for data assembly.\n\nLead the rearchitecture of compensation data processingincluding internal and external compensation flowsinto a scalable, cloudnative Azure environment.\n\nDefine patterns, frameworks, and integration strategies across Azure services (Data Factory, Databricks, Data Lake, SQL, etc.).\n\nEvaluate and evolve the use of rules engines/ODM/Drools to externalize and modernize embedded business logic currently locked in application code.\n\nGuide decisions to shift logic and data ownership into enterpriseowned systems rather than thirdparty tools.\n\nProcess & Modernization Initiatives\n\nAnalyze currentstate processes (38 in NA, 9 in Europe) and identify opportunities for reengineering, automation, and consolidation.\n\nAssess and rationalize upstream and downstream file integrations, ensuring a futurestate approach aligned to modern orchestration and MDM strategies.\n\nSupport a multiyear transformation roadmap with three Scrum teams delivering highstakes, highaccuracy systems.\n\nStrategic Vision & Impact Modeling\n\nLead the design of an impact analysis capability enabling the business to assess how portfolio or organizational changes influence compensation outcomes.\n\nEnsure the architecture supports extensibility, auditability, and traceability for sensitive compensation workflows.\n\nMinimum Skills Required: Azure, Databricks, Data Modeling, Team Leadership, Client Interviews, SQL\n\nAbout NTT DATA\n\nNTT DATA is a $30 billion business and technology services leader, serving 75% of the Fortune Global 100. We are committed to accelerating client success and positively impacting society through responsible innovation. We are one of the world's leading AI and digital infrastructure providers, with unmatched capabilities in enterprise-scale AI, cloud, security, connectivity, data centers and application services. our consulting and Industry solutions help organizations and society move confidently and sustainably into the digital future. As a Global Top Employer, we have experts in more than 50 countries. We also offer clients access to a robust ecosystem of innovation centers as well as established and start-up partners. NTT DATA is a part of NTT Group, which invests over $3 billion each year in R&D.\n\nWhenever possible, we hire locally to NTT DATA offices or client sites. This ensures we can provide timely and effective support tailored to each client's needs. While many positions offer remote or hybrid work options, these arrangements are subject to change based on client requirements. For employees near an NTT DATA office or client site, in-office attendance may be required for meetings or events, depending on business needs. At NTT DATA, we are committed to staying flexible and meeting the evolving needs of both our clients and employees. NTT DATA recruiters will never ask for payment or banking information and will only use @nttdata.com and @talent.nttdataservices.com email addresses. If you are requested to provide payment or disclose banking information, please submit a contact us form, https://us.nttdata.com/en/contact-us.\n\nNTT DATA endeavors to make https://us.nttdata.com accessible to any and all users. If you would like to contact us regarding the accessibility of our website or need assistance completing the application process, please contact us at https://us.nttdata.com/en/contact-us. This contact information is for accommodation requests only and cannot be used to inquire about the status of applications. NTT DATA is an equal opportunity employer. Qualified applicants will receive consideration for employment without regard to race, color, religion, sex, sexual orientation, gender identity, national origin, disability or protected veteran status. For our EEO Policy Statement, please click here. If you'd like more information on your EEO rights under the law, please click here. For Pay Transparency information, please click here.",Login to check your skill match score,Permanent Job,"Data Modeling, Databricks, Azure, Sql",2026-01-29 04:12:32
Data Architect - Analytics,NTT DATA North America,Fresher,,"Chennai, India","Req ID: 355894\n\nNTT DATA strives to hire exceptional, innovative and passionate individuals who want to grow with us. If you want to be part of an inclusive, adaptable, and forward-thinking organization, apply now.\n\nWe are currently seeking a Data Architect - Analytics to join our team in Chennai, Tamil Ndu (IN-TN), India (IN).\n\nJob Duties: Business & CrossFunctional Leadership\n\nEngage heavily with business users across North America and Europe, facilitating workshops and data discovery sessions.\n\nDrive consensus on business rules, data definitions, and data sources, especially where regional processes differ.\n\nServe as the architectural thought leader enabling teams to transition from manual, inconsistent processes to standardized, modernized workflows.\n\nPartner closely with business analysts, data analysts, product owners, and engineering teams across multiple geographies.\n\nData Architecture & Technical Strategy\n\nArchitect a unified master stitched data model to replace downstream reliance on Varicent for data assembly.\n\nLead the rearchitecture of compensation data processingincluding internal and external compensation flowsinto a scalable, cloudnative Azure environment.\n\nDefine patterns, frameworks, and integration strategies across Azure services (Data Factory, Databricks, Data Lake, SQL, etc.).\n\nEvaluate and evolve the use of rules engines/ODM/Drools to externalize and modernize embedded business logic currently locked in application code.\n\nGuide decisions to shift logic and data ownership into enterpriseowned systems rather than thirdparty tools.\n\nProcess & Modernization Initiatives\n\nAnalyze currentstate processes (38 in NA, 9 in Europe) and identify opportunities for reengineering, automation, and consolidation.\n\nAssess and rationalize upstream and downstream file integrations, ensuring a futurestate approach aligned to modern orchestration and MDM strategies.\n\nSupport a multiyear transformation roadmap with three Scrum teams delivering highstakes, highaccuracy systems.\n\nStrategic Vision & Impact Modeling\n\nLead the design of an impact analysis capability enabling the business to assess how portfolio or organizational changes influence compensation outcomes.\n\nEnsure the architecture supports extensibility, auditability, and traceability for sensitive compensation workflows.\n\nMinimum Skills Required: Azure, Databricks, Data Modeling, Team Leadership, Client Interviews, SQL\n\nAbout NTT DATA\n\nNTT DATA is a $30 billion business and technology services leader, serving 75% of the Fortune Global 100. We are committed to accelerating client success and positively impacting society through responsible innovation. We are one of the world's leading AI and digital infrastructure providers, with unmatched capabilities in enterprise-scale AI, cloud, security, connectivity, data centers and application services. our consulting and Industry solutions help organizations and society move confidently and sustainably into the digital future. As a Global Top Employer, we have experts in more than 50 countries. We also offer clients access to a robust ecosystem of innovation centers as well as established and start-up partners. NTT DATA is a part of NTT Group, which invests over $3 billion each year in R&D.\n\nWhenever possible, we hire locally to NTT DATA offices or client sites. This ensures we can provide timely and effective support tailored to each client's needs. While many positions offer remote or hybrid work options, these arrangements are subject to change based on client requirements. For employees near an NTT DATA office or client site, in-office attendance may be required for meetings or events, depending on business needs. At NTT DATA, we are committed to staying flexible and meeting the evolving needs of both our clients and employees. NTT DATA recruiters will never ask for payment or banking information and will only use @nttdata.com and @talent.nttdataservices.com email addresses. If you are requested to provide payment or disclose banking information, please submit a contact us form, https://us.nttdata.com/en/contact-us.\n\nNTT DATA endeavors to make https://us.nttdata.com accessible to any and all users. If you would like to contact us regarding the accessibility of our website or need assistance completing the application process, please contact us at https://us.nttdata.com/en/contact-us. This contact information is for accommodation requests only and cannot be used to inquire about the status of applications. NTT DATA is an equal opportunity employer. Qualified applicants will receive consideration for employment without regard to race, color, religion, sex, sexual orientation, gender identity, national origin, disability or protected veteran status. For our EEO Policy Statement, please click here. If you'd like more information on your EEO rights under the law, please click here. For Pay Transparency information, please click here.",Login to check your skill match score,Permanent Job,"Data Modeling, Databricks, Azure, Sql",2026-01-29 04:12:32
Senior Data Architect,Accolite,10-12 Years,,"Chennai, India","Required Qualifications\n\nBachelor of Science Degree in computer science, information systems or related field\nMinimum 10 years of progressively responsible application engineering roles; or any equivalent combination of experience and training that provides the required knowledge, skills, and abilities needed to complete the major responsibilities/essential functions of the position\nSkilled in working with Agile software development approaches using JIRA (Atlassian)\nUnderstanding of object orientation and familiarity with modern design patterns; hands on experience with development that utilizes modern design patterns\nProficient in various programming languages, distributed architectures, API services, Google Cloud Platform, Amazon Web Services and general security and networking technologies\nExperience with data-related technologies including but not limited to Google Big Query, Python, SQL, Spark, Scala, Hadoop, dbt, Trino, Starburst\nProficient in data analysis techniques including strong technical writing skills\nFamiliar with data persistence solutions other than RDBMS (Key/Value Stores, Document DBs, BLOB/Object Storage)\nAbility to troubleshoot environment/hosting-related issues with cloud-based platform services\n\nPreferred Skills\n\nSome exposure to full-stack development a plus\nREST API design and development best practices\nExperience with AWS and Azure",Login to check your skill match score,Permanent Job,"API services, general security and networking technologies, data analysis techniques, Trino, Google Big Query, Document DBs, Key Value Stores, modern design patterns, BLOB Object Storage, atlassian, Starburst, dbt, object orientation, data persistence solutions, distributed architectures, Amazon Web Services, Programming Languages, JIRA, Python, Hadoop, Google Cloud Platform, Scala, Sql, Agile Software Development, Spark",2026-01-29 04:12:34
Sedin Technologies - Data Architect - Python/Spark,Sedin Technologies,10-12 Years,,"Chennai, India","JD for a Data Architect - 10+ years of experience\n\nKey Responsibilities\n\nDesign, implement, and maintain enterprise-level data architectures including data warehouses, data lakes, and lakehouses.\nLead the data engineering efforts, including ETL/ELT processes, data pipelines, and workflow orchestration.\nDevelop conceptual, logical, and physical data models for complex business domains.\nEnsure data governance, security, and compliance across all data assets.\nOptimize data solutions for performance, scalability, and cost-efficiency.\nCollaborate with business stakeholders to translate requirements into robust data solutions.\nEvaluate and recommend new technologies, tools, and frameworks for data engineering and analytics.\n\nRequired Skills & Expertise\n\nStrong experience in data engineering, data modeling, and database design.\nExpertise in SQL, Python, Spark, or Scala for data processing.\nHands-on experience with cloud platforms (Azure, AWS, GCP) and their data services.\nExperience with modern data warehousing/lakehouse technologies (Snowflake, Databricks, Synapse, MS Fabric, etc.).\nKnowledge of ETL/ELT pipelines, data integration, and workflow orchestration.\nFamiliarity with big data ecosystems (Hadoop, Hive, Kafka) is a plus.\nStrong understanding of data governance, metadata management, and security standards.\nExcellent problem-solving, analytical, and communication skills.\n\nPreferred Qualifications\n\nCertifications in cloud platforms or data technologies.\nExperience in real-time data processing and analytics.\nExposure to BI tools such as Power BI, Tableau, or Looker.\n\n(ref:hirist.tech)",Login to check your skill match score,Permanent Job,"MS Fabric, snowflake, security standards, big data ecosystems, lakehouse technologies, workflow orchestration, cloud platforms, Synapse, Metadata Management, Data Warehousing, Kafka, Data Modeling, ELT, Database Design, Python, AWS, Data Services, Hadoop, Scala, Sql, data engineering, Hive, Gcp, Spark, Data Governance, Databricks, Data Integration, Azure, Etl",2026-01-29 04:12:36
EY - GDS Consulting - AI and DATA - Architect - Senior Manager - E,EY,14-16 Years,,"Bengaluru, India","At EY, we're all in to shape your future with confidence.\n\nWe'll help you succeed in a globally connected powerhouse of diverse teams and take your career wherever you want it to go.\n\nJoin EY and help to build a better working world.\n\nJOB Description: Senior Manager Architect\n\nAs a Senior Manager - GenAI Architect, the person will be responsible for leading and designing advanced AI architectures that drive strategic business outcomes. This role requires a deep understanding of data management, application development, AI technologies, cloud solutions, and user interface design. The person will work closely with cross-functional teams to deliver robust and scalable solutions that meet our business objectives.\n\nKey Responsibilities:\n\nArchitectural Design: Develop and oversee data architectures and application frameworks that support AI initiatives. Ensure integration of data and applications with existing systems to create cohesive and efficient solutions.\nAI Solutions: Design and implement AI-driven models and solutions, leveraging machine learning, natural language processing, and other AI technologies to solve complex business problems.\nCloud Integration: Architect cloud-based solutions that support scalability, security, and performance for AI applications. Collaborate with cloud providers and internal teams to ensure optimal cloud infrastructure.\nUser Interface Design: Work with UI/UX teams to ensure that AI solutions have user-friendly interfaces and deliver an exceptional user experience.\nLeadership & Collaboration: Lead a team of architects and engineers, providing guidance and support in the development of AI solutions. Collaborate with stakeholders across departments to align technical strategies with business goals.\nStrategic Planning: Develop and implement architectural strategies and roadmaps that align with the company's vision and technology advancements.\nGo-To-Market Strategy (GTM): Collaborate with onsite teams and senior architects in the team to define and execute go-to-market strategies for AI solutions. Provide architectural insights that align with client's needs and support successful solution development.\nInnovation & Best Practices: Stay abreast of industry trends and emerging technologies to drive innovation and implement best practices in AI architecture and implementation.\nQualifications:\nEducation: Bachelor's or Master's degree in computer Science, engineering, Data Science, mathematics or a related field.\nExperience: Minimum of 14+ years of experience in a senior architectural role with a focus on AI, data management, application development, and cloud technologies.\n\nTechnical Skills:\n\nHand-on experience in deploying AI/ML solutions on different cloud platforms like Azure, AWS and/or Google Cloud.\nExperience in using and orchestration LLM models on cloud platforms i.e., OpenAI @ Azure/AWS Bedrock/ GCP Vertex AI or Gemini AI\nExperience in writing SQL and data modelling.\nExperience in designing and implementation of AI solution using microservice based architecture.\nUnderstanding of machine learning, deep learning, NLP and GenAI.\nStrong programming skills in Python and/or pyspark.\nProven experience in integrating authentication security measures within machine learning operations and applications.\nExcellent problem-solving skills and ability to connect AI capabilities to business value.\nStrong communication and presentation skills.\nProven experience in AI/ML solution deployment process on Kubernetes, Web Apps, Databricks or on similar platforms.\nFamiliarity with MLOps concepts and tech stack. Good to know code versioning, MLFlow, batch prediction and real-time end point workflows.\nFamiliarity with Azure DevOps / GitHub actions/ Jenkins / Terraform / AWS CFT etc.\n\nLeadership: Demonstrated ability to lead teams, manage complex projects, and work effectively with stakeholders at all levels.\n\nProblem-Solving: Strong analytical and problem-solving skills with the ability to design innovative solutions to complex challenges.\n\nCommunication: Excellent verbal and written communication skills with the ability to convey technical concepts to non-technical stakeholders\n\nEY | Building a better working world\n\nEY is building a better working world by creating new value for clients, people, society and the planet, while building trust in capital markets.\n\nEnabled by data, AI and advanced technology, EY teams help clients shape the future with confidence and develop answers for the most pressing issues of today and tomorrow.\n\nEY teams work across a full spectrum of services in assurance, consulting, tax, strategy and transactions. Fueled by sector insights, a globally connected, multi-disciplinary network and diverse ecosystem partners, EY teams can provide services in more than 150 countries and territories.",Login to check your skill match score,Permanent Job,Familiarity with MLOps concepts and tech stack,2026-01-29 04:12:37
Solution Architect - Data Analytics and Reporting,BSH Home Appliances Group,Fresher,,"Bengaluru, India","Tomorrow is our home.\n\nStart at BSH Home Appliances Group if you believe in delivering quality: As a leading manufacturer of home appliances and solutions, we can rely on our employees who do their best. With our global brands Bosch, Siemens, Gaggenau and Neff as well as our local brands, we fully trust in their excellent work. In return, they know we will give them the chance to extend their skills and grow. Join us now and give your career a home.\n\nBSH Household Appliances Manufacturing Private Limited | Full time | Solution Architect - Data Analytics and Reporting\n\nBangalore\n\nYour responsibilities\n\nSolution Architect - Data Analytics and Reporting\n\nLead the implementation and optimization to support business needs.\n\nYour profile\n\nSAP BW, BW4HANA, SAP Analytical Cloud, Power BI, AWS Redshift Database, SAP Datasphere, and Databricks.\n\nYour benefits\n\nBe part of a forward-thinking company that values innovation and creativity.\nWork in a collaborative and dynamic environment with opportunities for professional growth.\nAccess to the latest technologies and tools to drive impactful data solutions.\nCompetitive salary and comprehensive benefits package.\n\nFurther information\n\nPlease visit bsh-group.com/career. We would love to welcome you in our team!",Login to check your skill match score,Permanent Job,"SAP Analytical Cloud, SAP Datasphere, BW4HANA, AWS Redshift Database, Power Bi, Databricks, Sap Bw",2026-01-29 04:12:39
Data center Solutions Architect - MEP Pre-Sales,Submer,10-12 Years,,India,"Location: India (remote)\n\nStart: ASAP\n\nType of Contract: Full Time / Permanent\n\nTravel Requirements: 50%\n\nAbout Submer\n\nSubmer is a leader in sustainable, cutting-edge technology solutions focused on reducing the environmental impact of data centers through innovative, energy-efficient cooling systems. We are on a mission to revolutionize how the world consumes energy in high-performance computing environments. With a strong commitment to environmental sustainability and technological excellence, Submer is paving the way for the future of data center infrastructure.\n\nWhat Impact You Will Have\n\nYou will have a key role in leveraging technical engagements with customers on pre-sales and technical tender manager activities, acting as a bridge between Submer internal departments and the Customer.\n\nWorking side-by-side with the Sales team engaging customers, you will have the mission of integrating and recommending Submer's solutions within the cooling environment of a Data Center.\n\nWhat You'll Do\n\nBecome a SME (Subject Matter Expert) in Liquid Cooling for technically complex projects and tenders.\nActively engage with our India sales team to support them in the deals and work closely with them to build a technical trusted relationship with our customers.\nFollow a standard framework to validate and qualify the opportunities from a technical point of view.\nDrive technical relationship with customers.\nCreate and develop technical commercial proposals based on customer's requirements\n\nWhat You'll Need\n\nBachelor's degree in Mechanical Engineering with a focus on Data Center environments, along with knowledge of Information Technology, Computer Science, or a related field relevant to Data Centers.\n+10 years of proven experience in a pre-sales/Technical sales role for MEP projects related to High-Performance Computing and/or MegaWatt Datacenters.\nData Center Certifications with proven knowledge of data center design, engineering, and operations of common infrastructure.\nKnowledge of cooling and power in Data Centers.\nExperience in creating commercial technical proposals.\nAble to work autonomously and in a changing environment.\nExcellent communication, organizational, presentation, problem solving and leadership skills.\nWillingness to work across varied time zones.\n\nWhat We Offer\n\nAttractive compensation package reflecting your expertise and experience.\n\nA great work environment characterized by friendliness, international diversity, flexibility, and a hybrid-friendly approach.\n\nYoull be part of a fast-growing scale-up with a mission to make a positive impact, offering an exciting career evolution.\n\nOur job titles may span more than one job level. The actual base pay is dependent on a number of factors, such as transferable skills, work experience, business needs and market demands.\n\nOur Inclusive Responsibility\n\nSubmer is committed to creating a diverse and inclusive environment and is proud to be an equal opportunity employer. All qualified applicants will receive consideration for employment without regard to race, color, religion, gender, gender identity or expression, sexual orientation, national origin, genetics, disability, age, veteran status, or any other protected category under applicable law.\n\nFrom concept to deployment, we create liquid-cooled datacenters that scale smarter, run cleaner and cost less.",Login to check your skill match score,Permanent Job,"Data Center Design Engineering, Liquid Cooling, Commercial Proposals, Technical Sales",2026-01-29 04:12:40
Data Engineer,IRIS software,9-11 Years,,"Noida, India","Why Join Iris\nAre you ready to do the best work of your career at one ofIndia's Top 25 Best Workplaces in IT industry Do you want to grow in an award-winning culture thattruly values your talent and ambitions\nJoin Iris Software - one of thefastest-growing IT services companies- whereyou own and shape your success story.\nAbout Us\nAt Iris Software, our vision is to be our client's most trusted technology partner, and the first choice for the industry's top professionals to realize their full potential.\nWith over 4,300 associates across India, U.S.A, and Canada, we help our enterprise clients thrive with technology-enabled transformation across financial services, healthcare, transportation & logistics, and professional services.\nOur work covers complex, mission-critical applications with the latest technologies, such as high-value complex Application & Product Engineering, Data & Analytics, Cloud, DevOps, Data & MLOps, Quality Engineering, and Business Automation.\n\nWorking with Us\nAt Iris, every role is more than a job - it's a launchpad for growth.\nOur Employee Value Proposition, Build Your Future. Own Your Journey.reflects our belief that people thrive when they have ownership of their career and the right opportunities to shape it.\nWe foster a culture where your potential is valued, your voice matters, and your work creates real impact. With cutting-edge projects, personalized career development, continuous learning and mentorship, we support you to grow and become your best - both personally and professionally.\nCurious what it's like to work at Iris Head to this video for an inside look at the people, the passion, and the possibilities. Watch it .\nJob Description\nExpert in data development in ETL, Python, Pyspark, Postgres, Airflow etc.\n9+ years experience\nMandatory Competencies\nETL - ETL - Azure Data Factory\nProgramming Language - Python - Apache Airflow\nBeh - Communication\nBig Data - Big Data - Pyspark\nDatabase - PostgreSQL - PostgreSQL\nPerks and Benefits for Irisians\nIris provides world-class benefits for a personalized employee experience. These benefits are designed to support financial, health and well-being needs of Irisians for a holistic professional and personal growth. Click to view the benefits.",IT/Computers - Software,Permanent Job,"Airflow, Apache Airflow, Pyspark, Azure Data Factory, Postgres, Big Data, Python, Etl",2026-01-29 04:12:42
Data Engineer,IRIS software,9-11 Years,,"Noida, India","Why Join Iris\nAre you ready to do the best work of your career at one ofIndia's Top 25 Best Workplaces in IT industry Do you want to grow in an award-winning culture thattruly values your talent and ambitions\nJoin Iris Software - one of thefastest-growing IT services companies- whereyou own and shape your success story.\nAbout Us\nAt Iris Software, our vision is to be our client's most trusted technology partner, and the first choice for the industry's top professionals to realize their full potential.\nWith over 4,300 associates across India, U.S.A, and Canada, we help our enterprise clients thrive with technology-enabled transformation across financial services, healthcare, transportation & logistics, and professional services.\nOur work covers complex, mission-critical applications with the latest technologies, such as high-value complex Application & Product Engineering, Data & Analytics, Cloud, DevOps, Data & MLOps, Quality Engineering, and Business Automation.\n\nWorking with Us\nAt Iris, every role is more than a job - it's a launchpad for growth.\nOur Employee Value Proposition, Build Your Future. Own Your Journey.reflects our belief that people thrive when they have ownership of their career and the right opportunities to shape it.\nWe foster a culture where your potential is valued, your voice matters, and your work creates real impact. With cutting-edge projects, personalized career development, continuous learning and mentorship, we support you to grow and become your best - both personally and professionally.\nCurious what it's like to work at Iris Head to this video for an inside look at the people, the passion, and the possibilities. Watch it .\nJob Description\nExpert in data development in ETL, Python, Pyspark, Postgres, Airflow etc.\n9+ years experience\nMandatory Competencies\nETL - ETL - Azure Data Factory\nProgramming Language - Python - Apache Airflow\nBeh - Communication\nBig Data - Big Data - Pyspark\nDatabase - PostgreSQL - PostgreSQL\nPerks and Benefits for Irisians\nIris provides world-class benefits for a personalized employee experience. These benefits are designed to support financial, health and well-being needs of Irisians for a holistic professional and personal growth. Click to view the benefits.",IT/Computers - Software,Permanent Job,"Airflow, Apache Airflow, Pyspark, Azure Data Factory, Postgres, Big Data, Python, Etl",2026-01-29 04:12:43
Data Engineer,Rhombus Power Inc.,1-3 Years,,"Delhi, India","Rhombus Power delivers AI-powered predictive intelligence in real time for defense and national security organizations worldwide. Our mission-built products Ambient AI and Guardian are transforming strategic, operational, and tactical decision-making. By empowering the shift from reactive analysis to proactive, predictive intelligence and decision support, Rhombus Power is providing foresight and freedom of action when it matters most.\n\nCome join our cross-disciplinary and world-class team that is delivering game-changing solutions to transform global security.\n\nLearn more about Rhombus and watch a demonstration of Guardian, our AI Platform here:\n\nhttps://www.youtube.com/watchv=3PxY6su1Q-Q\n\nhttps://www.youtube.com/@rhombuspower8558/videos\n\nhttps://www.youtube.com/watchv=Iby5WVNfQiI\n\nSee the following articles to learn more about what we do:\n\nhttps://www.rhombuspower.com/news-and-media\n\nRhombus Power India is purposefully transforming the nation's defense and national security enterprises with Guardian, its Artificial Intelligence platform for strategic, operational, and tactical decision-making at the speed of relevance.\n\nWe are looking for people who are driven by a sense of purpose. In this role, you will serve as a Data Engineer to solve our customer's uniquely complex problems. We expect you to be a systems-level thinker and a real doer. You will excel in this role if you are hungry to make a difference and are intellectually bold. And we sure hope that you smile when you hear our clients say, If we can dream it, Rhombus can do it.\n\nCome join our cross-disciplinary and world-class team of technologists who are working hard every day to deliver game-changing solutions to transform national security.\n\nLocation\n\nNew Delhi, India\n\nJob Description\n\nRhombus Data Engineers are instrumental in designing and implementing data engineering activities on topical, mission-driven projects that inform our national security agenda. They analyze, build, and maintain our organization's data infrastructure and processing systems. As a Data Engineer, you'll perform various code development and query needs for integration with new and existing applications, dashboards and machine learning pipelines. You'll work cross functionally with other departments and utilize your skills at all stages of the analytics pipeline to create results that drive business values and customer success! You'll be asked to travel to client sites where you'll engage and collaborate directly with the client to discuss data pipelines, solutioning, and to ensure a strong client connection.\n\nResponsibilities\n\nDevelop code using various programming and scripting languages to automate data ingestion and improve data management processes.\nArchitect data repositories, stand up data platforms and develop data pipelines for ingestion, transformation, and aggregation.\nReview existing architecture, data strategy, and improve processes for data governance, data quality, and metadata management.\nExtract and analyze raw data from multiple data sources via APIs, SQL Stored Procedures, or Python scripts.\nAbility to develop scripts and programs for converting various types of data into usable formats and support project team to scale, monitor and operate data platforms.\nCollaborate with a multi-disciplinary team of analysts, data scientists, data engineers, developers, and data consumers in a fast-paced, agile environment.\nYou'll use your experience in analytical exploration and data examination while you manage the assessment, design, building, and maintenance of scalable platforms for clients.\nCommunicate project status and results to various levels of leadership.\n\nQualifications\n\nA Bachelor's degree in Data Analytics, Computer Science, Computer Engineering, Information Systems/Sciences, or other relevant area (or equivalent experience) and at least 1 year of professional experience, or a Master's degree with strong academic project experience.\nExperience with 1 or more programming and scripting languages, with a strong focus on Python, Pandas and Numpy. Other languages include: Shell, PERL, Java, C/C++/C#, Scala, etc.\nExperience with 1 or more of the following relational, noSQL and/or file based storage (e.g. MYSQL, MongoDB, SQL Server, Oracle, Postgres, Hbase, DynamoDB, etc.)\nExperience building and maintaining ETL data pipelines\nExperience with software development life cycle including testing, documenting, delivery and support\nWorking knowledge of AWS/cloud technologies\nExperience using query optimization as well as data modeling techniques.\nFamiliarity with machine learning frameworks (such as TensorFlow, Scikit-Learn, etc.)\n\nPersonal Qualities\n\nAbility to contextualize data as it relates to Rhombus vision. We want someone who can understand the why and so what, and not just the how. Our Data Engineers help us transmit the enthusiasm we have around the data work to the individuals doing that work.\nMust have strong problem-solving skills and demonstrated excellent oral and written communication skills.\nWe're seeking folks with strong intellectual curiosity and creativity, with an ability and willingness to learn new skills and apply novel solutions to problems.\nComfort in a fast-paced start-up environment is crucial, with the ability to consistently revise your approach in response to new information, and to be flexible and adaptive.",Login to check your skill match score,Permanent Job,"Scikit-Learn, Java, C, MYSQL, Scala, Dynamodb, SQL Server, Sql, Tensorflow, Numpy, Shell, Pandas, PERL, Postgres, MongoDB, Oracle, Python, Hbase, AWS, Etl",2026-01-29 04:12:44
Data Engineer,IDFC FIRST Bank,2-5 Years,,"Mumbai, India","Job Requirements\n\nAbout the Role\n\nThe Data Engineer plays a critical role in developing and maintaining data engineering projects that support the organization's data collection systems and processing pipelines. This role is responsible for writing efficient, scalable code to build optimized and highly available data pipelines, enabling deeper analysis and reporting by the Data & Analytics team. The Data Engineer collaborates with analysts and data scientists, leveraging tools such as Tableau, Python, and Spark to deliver impactful data solutions.\n\nKey Responsibilities\n\nPrimary Responsibilities\n\nMinimum 23 years of hands-on experience in data engineering.\nProven expertise in SQL, Spark, and the Hadoop ecosystem.\nExperience handling multiple terabytes of data from ingestion to consumption.\nCollaborate with business stakeholders to identify high-impact problems and potential data-driven solutions.\nStrong understanding of Data Lake/Lakehouse architecture.\nExposure to Hadoop distributions (Cloudera, Hortonworks) and/or AWS.\nManage the full data lifecycle: ingestion, transformation, and consumption.\nProficient in working with APIs for data integration.\nSkilled in Spark, Spark Streaming, Hive, and SQL.\nExperience with big data infrastructure including MapReduce, Hive, HDFS, YARN, HBase, Oozie, etc.\nDeep knowledge of relational databases and data modeling.\nTechnical debugging and troubleshooting skills.\nUse Git for version control and maintain clean, documented code.\nPrepare technical design documentation for data pipelines and projects.\n\nSecondary Responsibilities\n\nAbility to work independently and manage personal development efforts.\nStrong oral and written communication skills.\nLearn and apply internal analytics technologies.\nIdentify key performance indicators and develop strategies to achieve them.\nUse educational background in data engineering to perform data mining and analysis.\nCollaborate with BI analysts/engineers to build prototypes.\nParticipate in the delivery and presentation of data solutions.\n\nWhat We Are Looking For\n\nEducation\n\nGraduation: B.E or B.Tech in Computer Science or Information Technology or related field.\nPost-graduation: M.Tech preferred.\n\nExperience\n\n2 to 5 years of relevant experience in data engineering.\nExperience in sales-related data projects is a plus.\n\nSkills and Attributes\n\nStrong coding and debugging skills.\nProficiency in big data tools and cloud platforms.\nAbility to work with large datasets and complex data architectures.\nEffective communication and stakeholder engagement.\nSelf-driven with a continuous learning mindset.\nStrong documentation and organizational skills.",Login to check your skill match score,Permanent Job,"HDFS, APIs for data integration, Hadoop Ecosystem, Tableau, HBase, Yarn, Sql, Mapreduce, Git, Hive, Spark, Oozie",2026-01-29 04:12:46
Data Engineer,Facctum,3-7 Years,,"Bengaluru, India","We are seeking a skilled Data Engineer with 37 years of relevant experience to design, build, and manage scalable data solutions. The ideal candidate will have strong expertise in SQL, cloud-based databases, ETL/ELT pipeline development, and release management. This role plays a key part in enabling analytics, reporting, and business intelligence across the organization.\n37 years of hands-on experience as a Data Engineer or similar role.\nStrong command of SQL and data engineering best practices.\nExperience with cloud databases (Snowflake, PostgreSQL).\nSolid understanding of data pipelines, ETL/ELT frameworks, and production workflows.\n\nRequirements\n\nAdvanced SQL Development (MUST HAVE)\nWrite, optimize, and maintain complex SQL queries for data extraction, transformation, and reporting.\nEnsure query performance and scalability across large datasets.\nCloud Database Engineering (MUST HAVE)\nDesign, develop, and deploy applications using cloud-based databases such as Snowflake and PostgreSQL.\nImplement best practices for schema design, indexing, and query optimization.\nData Pipeline Development (MUST HAVE)\nBuild and maintain robust extract transform and/or load (ETL or ELT) pipelines to integrate data from multiple sources.\nAutomate workflows for data ingestion, transformation, and loading into target systems.\nGOOD TO HAVE SKILLS\nKnowledge on any cloud service provider is preferred - AWS, Azure, GCP, Oracle, etc.\nWork with AWS services (e.g., S3, Redshift, Lambda, Glue) to design and optimize data solutions.\nEnsure security, scalability, and cost efficiency in cloud deployments.\nExposure to containerization (Docker, Kubernetes) and orchestration tools (like airflow, argo, etc.)\nScheduler knowledge.\nDeployment and release management cycles.",Login to check your skill match score,Permanent Job,"Airflow, Data Pipeline Development, snowflake, Argo, PostgreSQL, Sql, ELT, Gcp, Docker, Azure, Oracle, Kubernetes, Etl, AWS",2026-01-29 04:12:47
Data Engineer,Facctum,3-7 Years,,"Bengaluru, India","Job Description\n\nWe are seeking a skilled Data Engineer with 37 years of relevant experience to design, build, and manage scalable data solutions. The ideal candidate will have strong expertise in SQL, cloud-based databases, ETL/ELT pipeline development, and release management. This role plays a key part in enabling analytics, reporting, and business intelligence across the organization.\n\n37 years of hands-on experience as a Data Engineer or similar role.\nStrong command of SQL and data engineering best practices.\nExperience with cloud databases (Snowflake, PostgreSQL).\nSolid understanding of data pipelines, ETL/ELT frameworks, and production workflows.\n\nRequirements\n\nAdvanced SQL Development (MUST HAVE)\n\nWrite, optimize, and maintain complex SQL queries for data extraction, transformation, and reporting.\nEnsure query performance and scalability across large datasets.\n\nCloud Database Engineering (MUST HAVE)\n\nDesign, develop, and deploy applications using cloud-based databases such as Snowflake and PostgreSQL.\nImplement best practices for schema design, indexing, and query optimization.\n\nData Pipeline Development (MUST HAVE)\n\nBuild and maintain robust extract transform and/or load (ETL or ELT) pipelines to integrate data from multiple sources.\nAutomate workflows for data ingestion, transformation, and loading into target systems.\n\nGood To Have Skills\n\nKnowledge on any cloud service provider is preferred - AWS, Azure, GCP, Oracle, etc.\nWork with AWS services (e.g., S3, Redshift, Lambda, Glue) to design and optimize data solutions.\nEnsure security, scalability, and cost efficiency in cloud deployments.\nExposure to containerization (Docker, Kubernetes) and orchestration tools (like airflow, argo, etc.)\nScheduler knowledge.\nDeployment and release management cycles.\n\ncheck(event) ; career-website-detail-template-2 => apply(record.id,meta) mousedown=lyte-button => check(event) final-style=background-color:#9647FD;border-color:#9647FD;color:white; final-class=lyte-button lyteBackgroundColorBtn lyteSuccess lyte-rendered=>",Login to check your skill match score,Permanent Job,"data engineering best practices, data pipelines, cloud-based databases, Indexing, airflow, snowflake, Glue, S3, PostgreSQL, Schema Design, Redshift, Sql, ELT, Query Optimization, Lambda, Gcp, Docker, Argo, Azure, Oracle, Kubernetes, AWS, Etl",2026-01-29 04:12:49
Data Engineer,Bhash Software Labs,1-3 Years,,"Bengaluru, India","Data Engineer (Pipeline + Scraping + Enrichment) Bhashsms\nLocation: Bangalore\nExperience: 13 years\nCompensation: 812 LPA\nRole Type: Hands-on IC\nAbout the Role\nWe process millions of phone numbers, business profiles, and campaign interactions.\nWe need a Data Engineer who can build and scale data pipelines to support AI models and enrich SME data.\nThis role is perfect for someone who loves:\nScraping\nETL\nData cleaning\nAutomating workflows\nFast execution\nWhat You Will Build (First 180 Days)\n1. Data Ingestion Pipelines\nScrape open directories\nParse public business information\nIntegrate partner APIs\nBuild clean datasets\n2. Data Cleaning + Normalization\nRemove duplicates\nStandardize numbers\nTag location, industry, business type\nBuild category mapping files\n3. Enrichment Pipelines\nInfer attributes\nBuild connection graphs\nSupport the Data Scientist with clean feature-ready data\nSkills Required\nMust Have\nPython (requests, BeautifulSoup, Selenium optional)\nSQL\nETL tools or custom scripts\nExperience with large CSV/JSON processing\nAPI integration\nGood to Have\nKafka / Airflow basics\nScrapy\nAWS / GCP\nBasic ML familiarity (not mandatory)\nResponsibilities\nBuild scalable scraping system\nMaintain clean, up-to-date datasets\nCreate ETL pipelines for ML models\nEnsure high data quality\nDebug pipeline failures\nSupport DS and CTO with data requirements",Login to check your skill match score,Permanent Job,"Airflow, requests, Experience with large CSV JSON processing, ETL tools or custom scripts, BeautifulSoup, Scrapy, Kafka, Api Integration, Sql, Gcp, Selenium, Python, AWS",2026-01-29 04:12:51
Data Architect,Fidelity International,6-9 Years,,Bengaluru,"Uniting Business, Technology, and Data strategies into a technology roadmap\nLeading the transformation of Fidelity's technology estate\nAligning innovation with strategy and business needs\nProviding strategic thought leadership\nDriving adoption of key strategy changes\nEnsuring efficient use of change investments for maximum business value\nAddressing technical, organizational, and process challenges in enterprise solutions\nGuiding regulatory and compliance engagements and governance checks\nEducating technology and business teams on relevant solutions and technologies",Financial Services,Permanent Job,"snowflake, Data Architect, Cloud Services, Data Management, Data Lineage, Enterprise Architecture",2026-01-31 00:46:06
