title,company,experience,salary,locations,description,industry,employment_type,skills,scraped_at
Lead Consultant - Data Analyst,Genpact,Fresher,,Noida,"Ready to build the future with AI\nAt Genpact, we don't just keep up with technology-we set the pace. AI and digital innovation are redefining industries, and we're leading the charge. Genpact's AI Gigafactory, our industry-first accelerator, is an example of how we're scaling advanced technology solutions to help global enterprises work smarter, grow faster, and transform at scale. From large-scale models to agentic AI, our breakthrough solutions tackle companies most complex challenges.\nIf you thrive in a fast-moving, innovation-driven environment, love building and deploying cutting-edge AI solutions, and want to push the boundaries of what's possible, this is your moment.\nGenpact (NYSE: G) is an advanced technology services and solutions company that delivers lasting value for leading enterprises globally. Through our deep business knowledge, operational excellence, and cutting-edge solutions - we help companies across industries get ahead and stay ahead. Powered by curiosity, courage, and innovation, our teams implement data, technology, and AI to create tomorrow, today. Get to know us at genpact.com and on LinkedIn, X, YouTube, and Facebook.\nInviting applications for the role of Lead Consultant, Business Analyst!\nAbout Us\nThe Client Lifecycle Management (CLM) team has embarked on a transformational program set to redefine our institutional client lifecycle journey. As part of this initiative and due to parental leave cover, we are seeking an experienced Data Business Analyst on a contract basis who will play a pivotal role in driving this transformation.\nThe Role\nAs a Data Business Analyst, you will be responsible for leading the analysis for the data stream, continuing to shape the direction of that stream as it aligns to the program's vision. Your role will also be hands-on, encompassing technology, operating models and data involving multiple stakeholders across Macquarie divisions.\nKey Responsibilities\n.Collaborate with stakeholders to assess current state processes against desired future states, particularly focusing on data management\n.Define and refine requirements for data migration, aligning with broader strategic goals and compliance standards.\n.Spearhead the refinement of features/stories\n.Navigate and manage a diverse set of stakeholders across multiple groups and divisions within Macquarie, ensuring alignment and addressing data concerns\n.Liaise and collaborate with several business and technology stakeholders, subject matter experts, quality assurance and developers to ensure team alignment.\nQualifications we seek in you!\nMinimum Qualifications\n.experience as a business analyst, producing data requirements in a business context\n.Strong understanding of data governance and data quality best practices\n.Experience in data definition, data lineage and data quality measurement\n.Excellent stakeholder management skills, including preparing and delivering effective presentations\n.Proficiency in data analysis/ SQL with the ability to break down functional requirements into data requirements\n.Experience working in an Agile environment and working with distributed teams across different time zones.\n.Strong analytical and problem-solving skills, with the ability to lead from the front in a dynamic and fast-paced environment.\n.Experience in client onboarding and KYC / AML domains would be an advantage\nWhy join Genpact\n.Lead AI-first transformation - Build and scale AI solutions that redefine industries\n.Make an impact - Drive change for global enterprises and solve business challenges that matter\n.Accelerate your career-Gain hands-on experience, world-class training, mentorship, and AI certifications to advance your skills\n.Grow with the best - Learn from top engineers, data scientists, and AI experts in a dynamic, fast-moving workplace\n.Committed to ethical AI - Work in an environment where governance, transparency, and security are at the core of everything we build\n.Thrive in a values-driven culture - Our courage, curiosity, and incisiveness - built on a foundation of integrity and inclusion - allow your ideas to fuel progress\nCome join the 140,000+ coders, tech shapers, and growth makers at Genpact and take your career in the only direction that matters: Up.\nLet's build tomorrow together.Genpact is an Equal Opportunity Employer and considers applicants for all positions without regard to race, color, religion or belief, sex, age, national origin, citizenship status, marital status, military/veteran status, genetic information, sexual orientation, gender identity, physical or mental disability or any other characteristic protected by applicable laws. Genpact is committed to creating a dynamic work environment that values respect and integrity, customer focus, and innovation.\nFurthermore, please do note that Genpact does not charge fees to process job applications and applicants are not required to pay to participate in our hiring process in any other way. Examples of such scams include purchasing a 'starter kit,' paying to apply, or purchasing equipment or training.",IT/Computers - Hardware & Networking,Permanent Job,,2025-09-01 03:39:17
Senior Data Analyst,IDFC FIRST Bank,6-12 Years,,"Mumbai, India","Job Requirements\n\nJob Requirements\n\nRole/ Job Title: Senior Data Analyst\n\nFunction/ Department: Data & Analytics\n\nJob Purpose\n\nSenior data Analyst (DG) will work within the Data & Analytics Office to implement data governance framework with a focus on improvement of data quality, standards, metrics, processes. Align data management practices with regulatory requirements. Understanding of lineage How the data is produced, managed, and consumed within the Banks business process and system.\n\nRoles & Responsibilities\n\nDemonstrate Strong understanding of data governance, data quality, data lineage and metadata management concepts.\nParticipate in the data quality governance framework design and optimization, including process, standards, rules etc.\nDesign and implement data quality rules and Monitoring mechanism.\nAnalyze data quality issue and collaborate with business stakeholders to address the issue resolution, Build recovery model across Enterprise.\nknowledge of DG technologies for data quality and metadata management (Oval edge, Talend, Collibra etc.)\nSupport in development of Centralized Metadata repositories (Business glossary, technical metadata etc.), Captures business/Data quality rules and design DQ reports & Dashboards.\nImprove data literacy among the stakeholders.\nMinimum 6 to 12 years of experience in Data governance with Banking Domain preferable\n\nEducation Qualification\n\nGraduation: Bachelor of Science (B.Sc) / Bachelor of Technology (B.Tech) / Bachelor of Computer Applications (BCA)\n\nPost-graduation: Master of Science (M.Sc) /Master of Technology (M.Tech) / Master of Computer Applications (MCA)\n\nExperience: 5 to 10 years of relevant experience.\nShow more Show less",Login to check your skill match score,Permanent Job,"Oval edge, Data Quality, Data Lineage, Metadata Management, Collibra, Data Governance, Talend",2025-09-01 03:39:21
Senior Data Analyst,IDFC FIRST Bank,6-12 Years,,"Mumbai, India","Job Requirements\n\nJob Requirements\n\nRole/ Job Title: Senior Data Analyst\n\nFunction/ Department: Data & Analytics\n\nJob Purpose\n\nSenior data Analyst (DG) will work within the Data & Analytics Office to implement data governance framework with a focus on improvement of data quality, standards, metrics, processes. Align data management practices with regulatory requirements. Understanding of lineage How the data is produced, managed, and consumed within the Banks business process and system.\n\nRoles & Responsibilities\n\nDemonstrate Strong understanding of data governance, data quality, data lineage and metadata management concepts.\nParticipate in the data quality governance framework design and optimization, including process, standards, rules etc.\nDesign and implement data quality rules and Monitoring mechanism.\nAnalyze data quality issue and collaborate with business stakeholders to address the issue resolution, Build recovery model across Enterprise.\nknowledge of DG technologies for data quality and metadata management (Oval edge, Talend, Collibra etc.)\nSupport in development of Centralized Metadata repositories (Business glossary, technical metadata etc.), Captures business/Data quality rules and design DQ reports & Dashboards.\nImprove data literacy among the stakeholders.\nMinimum 6 to 12 years of experience in Data governance with Banking Domain preferable\n\nEducation Qualification\n\nGraduation: Bachelor of Science (B.Sc) / Bachelor of Technology (B.Tech) / Bachelor of Computer Applications (BCA)\n\nPost-graduation: Master of Science (M.Sc) /Master of Technology (M.Tech) / Master of Computer Applications (MCA)\n\nExperience: 5 to 10 years of relevant experience.\nShow more Show less",Login to check your skill match score,Permanent Job,"Oval edge, Data Quality, Data Lineage, Metadata Management, Collibra, Data Governance, Talend",2025-09-01 03:39:22
"Reference Data Analyst, NCT",Deutsche Bank,1-6 Years,,"Jaipur, India","Reference Data Analyst, NCT\nPosition Overview\nJob Title: Reference Data Analyst, NCT\nLocation: Jaipur, India\nRole Description\nThe Reference Data Analyst focuses on effective oversight of strategic data used across the bank's systems and infrastructure.\nThe Reference Data Analyst supports various elements of the data lifecycle, from ensuring that data is captured from the best source, to validating and classifying, and operating controls that optimize its quality and maximize coverage.\nThe Reference Data Analyst has responsibility for maintaining robust processes related to data set-up, storage and distribution, as well as system configuration, together with participation in projects designed to streamline infrastructure and improve efficiency.\nReference data is integral to the bank's response to regulatory requirements. Close partnership is needed with stakeholders such as Front Office, Middle Office, Audit, Compliance and Regulatory.\nReporting to deliver solutions that balance immediate business priorities with long term strategic objectives. An Analyst primarily handles data operations and generates reports from data interpretation. CAM analyst performs checks to authenticate the requests based on the documents received, completeness and correctness. Processing the Static requests on the various downstream systems as per the process guidelines. Investigate open items/Risk items and resolve as required. Escalate unresolved open items per departmental policy.\nWhat we'll offer you\nAs part of our flexible scheme, here are just some of the benefits that you'll enjoy,\nBest in class leave policy.\nGender neutral parental leaves\n100% reimbursement under childcare assistance benefit (gender neutral)\nSponsorship for Industry relevant certifications and education\nEmployee Assistance Program for you and your family members\nComprehensive Hospitalization Insurance for you and your dependents\nAccident and Term life Insurance\nComplementary Health screening for 35 yrs. and above\nYour key responsibilities\nProcess:\nData input & approval of Account opening, maintenance process in downstream system.\nEnsuring the processing guidelines (KOP) are followed with diligence.\nMonitoring the mailboxes in terms of processing and queries.\nParticipating in employee engagement activities & effective participation in team huddle and contribution in regular meetings.\nEnsuring the mandatory trainings are completed within the time.\nLeaves and breaks needs to plan in line with process deliverables, ensuring timely updates on HR- Workday.\nMeet productivity target of 100% and makes sure the 2 eye processing is completed within agreed SLA & 100% accuracy.\nAssisting the team and the process in reviewing the KOP.\nControl:\nAccount opening, maintenance process to be followed as per CAM KOP.\nOwning the issues, resolve it on priority and escalating wherever required as per escalation matrix.\nChange:\nIdentify possible automation opportunities and reduce manual intervention.\nTo work in the direction of finding process gaps and ideas to remediate the same.\nYour skills and experience\nMinimum bachelor's degree or equivalent in relevant field 0.6 to 6 years of work experience in corporate Banking\nSetting up of accounts & instruments in Clearvision, Globe, consensys, GMI etc.\nResolving queries related to commissions and other Static data issues.\nUpdating commissions & fees as per the ticket raised by respective teams.\nKeeping them self-updated with latest changes and effectively using updates while working on requests.\nUnderstands the purpose of the process performed, key risks and mitigating controls.\nCapable of identifying process or control failure points. Proactively escalates for remediation and contributes ideas for resolution.\nGood understanding of the functions performed by underlying systems used in the process.\nGood level of understanding of Front to back connectivity from a process and system perspective.\nExperience of managing through the regulatory and internal/external audit\nBasic knowledge of Banking operations/Financial Products (Fixed income cash & derivatives Financial Products and financial instruments including Futures, Options, Swaps).\nMicrosoft Office/Suite proficient (Word, Excel, PowerPoint, etc.)\nGood communication skills. Interaction with the Middle Office and/or Clients to ensure the timely and accurate processing of all life cycle events.\nMust be able to work well and adapt to change in a fast-paced environment.\nEnsure that all work is delivered, meet the agreed production standards, and SLA timeframes & responsible for all process related MI reports.\nAdherence to STARC standards and procedures and ensuring that there are no lapses or gaps in control.\nKeep team management informed of status of cases and proactively identify and flag issues.\nCreating the EOD (Log reports) for the transactions processed daily. Ensure EOD controls.\nShould be flexible in working hours, also should be able to support in different time zones on rotational basis.\nAble to work under pressure and against challenging timescales.\nHow we'll support you\nTraining and development to help you excel in your career.\nCoaching and support from experts in your team.\nA culture of continuous learning to aid progression.\nA range of flexible benefits that you can tailor to suit your needs.\nAbout us and our teams\nPlease visit our company website for further information:\nWe strive for a in which we are empowered to excel together every day. This includes acting responsibly, thinking commercially, taking initiative and working collaboratively.\nTogether we share and celebrate the successes of our people. Together we are Deutsche Bank Group.\nWe welcome applications from all people and promote a positive, fair and inclusive work environment.",Banking/Accounting/Financial Services,Permanent Job,"cash derivatives, consensys, Fixed Income, Financial Products, Swaps, operations, Globe, Clearvision, options, gmi, Microsoft Office Suite, Futures",2025-09-01 03:39:24
"Reference Data Analyst, NCT",Deutsche Bank,1-6 Years,,"Bengaluru, India","Reference Data Analyst, NCT\nPosition Overview\nJob Title: Reference Data Analyst, NCT\nLocation: Bangalore, India\nRole Description\nThe Reference Data Analyst focuses on effective oversight of strategic data used across the bank's systems and infrastructure.\nThe Reference Data Analyst supports various elements of the data lifecycle, from ensuring that data is captured from the best source, to validating and classifying, and operating controls that optimize its quality and maximize coverage.\nThe Reference Data Analyst has responsibility for maintaining robust processes related to data set-up, storage and distribution, as well as system configuration, together with participation in projects designed to streamline infrastructure and improve efficiency.\nReference data is integral to the bank's response to regulatory requirements. Close partnership is needed with stakeholders such as Front Office, Middle Office, Audit, Compliance and Regulatory.\nReporting to deliver solutions that balance immediate business priorities with long term strategic objectives. An Analyst primarily handles data operations and generates reports from data interpretation. CAM analyst performs checks to authenticate the requests based on the documents received, completeness and correctness. Processing the Static requests on the various downstream systems as per the process guidelines. Investigate open items/Risk items and resolve as required. Escalate unresolved open items per departmental policy.\nWhat we'll offer you\nAs part of our flexible scheme, here are just some of the benefits that you'll enjoy,\nBest in class leave policy.\nGender neutral parental leaves\n100% reimbursement under childcare assistance benefit (gender neutral)\nSponsorship for Industry relevant certifications and education\nEmployee Assistance Program for you and your family members\nComprehensive Hospitalization Insurance for you and your dependents\nAccident and Term life Insurance\nComplementary Health screening for 35 yrs. and above\nYour key responsibilities\nProcess:\nData input & approval of Account opening, maintenance process in downstream system.\nEnsuring the processing guidelines (KOP) are followed with diligence.\nMonitoring the mailboxes in terms of processing and queries.\nParticipating in employee engagement activities & effective participation in team huddle and contribution in regular meetings.\nEnsuring the mandatory trainings are completed within the time.\nLeaves and breaks needs to plan in line with process deliverables, ensuring timely updates on HR- Workday.\nMeet productivity target of 100% and makes sure the 2 eye processing is completed within agreed SLA & 100% accuracy.\nAssisting the team and the process in reviewing the KOP.\nControl:\nAccount opening, maintenance process to be followed as per CAM KOP.\nOwning the issues, resolve it on priority and escalating wherever required as per escalation matrix.\nChange:\nIdentify possible automation opportunities and reduce manual intervention.\nTo work in the direction of finding process gaps and ideas to remediate the same.\nYour skills and experience\nMinimum bachelor's degree or equivalent in relevant field 0.6 to 6 years of work experience in corporate Banking\nSetting up of accounts & instruments in Clearvision, Globe, consensys, GMI etc.\nResolving queries related to commissions and other Static data issues.\nUpdating commissions & fees as per the ticket raised by respective teams.\nKeeping them self-updated with latest changes and effectively using updates while working on requests.\nUnderstands the purpose of the process performed, key risks and mitigating controls.\nCapable of identifying process or control failure points. Proactively escalates for remediation and contributes ideas for resolution.\nGood understanding of the functions performed by underlying systems used in the process.\nGood level of understanding of Front to back connectivity from a process and system perspective.\nExperience of managing through the regulatory and internal/external audit\nBasic knowledge of Banking operations/Financial Products (Fixed income cash & derivatives Financial Products and financial instruments including Futures, Options, Swaps).\nMicrosoft Office/Suite proficient (Word, Excel, PowerPoint, etc.)\nGood communication skills. Interaction with the Middle Office and/or Clients to ensure the timely and accurate processing of all life cycle events.\nMust be able to work well and adapt to change in a fast-paced environment.\nEnsure that all work is delivered, meet the agreed production standards, and SLA timeframes & responsible for all process related MI reports.\nAdherence to STARC standards and procedures and ensuring that there are no lapses or gaps in control.\nKeep team management informed of status of cases and proactively identify and flag issues.\nCreating the EOD (Log reports) for the transactions processed daily. Ensure EOD controls.\nShould be flexible in working hours, also should be able to support in different time zones on rotational basis.\nAble to work under pressure and against challenging timescales.\nHow we'll support you\nTraining and development to help you excel in your career.\nCoaching and support from experts in your team.\nA culture of continuous learning to aid progression.\nA range of flexible benefits that you can tailor to suit your needs.\nAbout us and our teams\nPlease visit our company website for further information:\nWe strive for a in which we are empowered to excel together every day. This includes acting responsibly, thinking commercially, taking initiative and working collaboratively.\nTogether we share and celebrate the successes of our people. Together we are Deutsche Bank Group.\nWe welcome applications from all people and promote a positive, fair and inclusive work environment.",Banking/Accounting/Financial Services,Permanent Job,"cash derivatives, consensys, Fixed Income, Financial Products, Swaps, operations, Globe, Clearvision, gmi, options, Futures, Microsoft Office Suite",2025-09-01 03:39:26
Data Analyst - Reporting,Genpact,Fresher,,Pune,"Ready to build the future with AI\n\n\n\nAt Genpact, we don&rsquot just keep up with technology&mdashwe set the pace. AI and digital innovation are redefining industries, and we&rsquore leading the charge. Genpact&rsquos , our industry-first accelerator, is an example of how we&rsquore scaling advanced technology solutions to help global enterprises work smarter, grow faster, and transform at scale. From large-scale models to , our breakthrough solutions tackle companies most complex challenges.\n\n\n\nIf you thrive in a fast-moving, innovation-driven environment, love building and deploying cutting-edge AI solutions, and want to push the boundaries of what&rsquos possible, this is your moment.\n\n\n\nGenpact (NYSE: G) is anadvanced technology services and solutions company that deliverslastingvalue for leading enterprisesglobally.Through ourdeep business knowledge, operational excellence, and cutting-edge solutions - we help companies across industries get ahead and stay ahead.Powered by curiosity, courage, and innovation,our teamsimplementdata, technology, and AItocreate tomorrow, today.Get to know us atand on,,, and.\n\n\n\nInviting applications for the role of Business Analyst, Omnichannel Marketing & Advanced Analytics\n\n\n\nWe are looking for Business Analyst with relevant experience in Omni ChannelMarketing & Digital analytics in pharma / life science, which includes the oversight of promotional activities, measure and optimize various marketing measures, HCP eligibility, targeting measurement and impact analysis of digital and MCM/Omnichannel campaigns. The role offers a unique opportunity to support the Consumer Experience function by leveraging data to optimize Pharma Omnichannel marketing strategies for Boehringer-Ingelheim. You will collaborate with cross-functional teams to build journeys, deliver insights that improve marketing efforts, enhance customer journeys, and drive business performance. We partner collaboratively with our clients to develop custom solutions and technology products that create value and deliver company results across critical areas of their business\n\n\n\nResponsibilities\n\n\n\n\n\nCollaborate with marketing, product, and other stakeholders to understand and meet their data needs, particularly with respect to Pharma Omnichannel strategies.\n\n\n\n\n\n\n\nExtract actionable insights from the Veeva CRM and Customer Data Platform (CDP) to enhance personalized omnichannel marketing strategies, customer experiences, and business processes in the pharmaceutical space.\n\n\n\n\n\n\n\nProvide data-driven recommendations based on insights gathered to a wide range of business and technical stakeholders, ensuring that strategies align with both customer needs and business objectives.\n\n\n\n\n\n\n\nGenerate Veeva/CDP Suggestions, integrating 3PV and home office operations to drive brand growth.\n\n\n\n\n\n\n\nEvaluated Omnichannel performance and customer engagement at portfolio level (CRM/RESP/Specialty/Oncology/Dermatology/Thoracic) to support go-to-market initiatives for new brand and indication launches.\n\n\n\n\n\n\n\nDeveloped reactive, predictive, and Al/ML-based triggers for efficient HCP targeting and channel utilization via in-house/Zaidyn/Verso CRM/CDP tools\n\n\n\n\n\n\n\nPartner with Marketers/Vendors (ZS, Medscape, Epocrates, Biopharm, Doximity etc.) for seamless operations.\n\n\n\n\n\n\n\nImplement/Execute AI/ML models and other tools to enable real-time decision-making, contributing to more effective Pharma Omnichannel marketing campaigns.\n\n\n\n\n\n\n\nSupport the development and implementation of omnichannel strategies that incorporate digital, in-person, and other touchpoints, ensuring a seamless customer experience across the entire journey\n\n\n\n\n\nQualifications we seek in you!\n\n\n\nMinimum Qualifications\n\n\n\n\n\nBachelor's degree in Pharma, Mathematics, Statistics, Data science, technology or a related equivalent with relevant experience with relevant analytical methodologies.\n\n\n\n\n\n\n\nProficiency in segmentation and targeting, sales force effectiveness, sales analytics/marketing analytics, and territory alignment.\n\n\n\n\n\n\n\n\n\nExposure to pharma data sets such as IQVIA, Symphony:Xponent,PlanTrak, NPA, DDD, Digital Interaction data, Veeva CRM, Call Activity data, Adobe\n\n\n\n\n\n\n\nExperience in customer journey, channel and content affinity models, customer insights\n\n\n\n\n\n\n\nExperience in business analytics tasks like data cleaning, preparation, and basics of good reporting\n\n\n\n\n\n\n\nExpertise in writing and debugging efficient SQL queries, Python or R (one of them) and Excel\n\n\n\n\n\n\n\nExperience in gathering business requirements, transforming raw data, and delivering analytics reports with actionable insights and recommendations, particularly in the Pharma sector.\n\n\n\n\n\n\n\nProven ability to break down complex, unstructured business problems and translate them into data-driven solutions, particularly in the Pharma marketing domain\n\n\n\n\n\n\n\n\nPreferred Qualifications/ Skills\n\n\n\n\n\nPrevious experience as a Data or Business Analyst in Pharmaceutical, Healthcare, Retail, BFSI, Digital, or Media industries, with a specific focus on Omnichannel marketing strategies.\n\n\n\n\n\n\n\nExperience in Alteryx/ThoughtSpot is preferred\n\n\n\n\n\n\n\nExperience working in Omnichannel marketing campaigns specifically designed for the Pharma industry, leveraging customer data to optimize campaigns across various channels (digital, social, email, in-person, etc.).\n\n\n\n\n\n\n\nSuperior analytical skills - Experience in designing, developing, and deploying Reports, Dashboards, high comfort in using tools (e.g., Excel) to analyze and visualize data via standard tools/charting methods.\n\n\n\n\n\n\n\nExperience in customer journey, channel and content affinity models, customer insights.\n\n\n\n\n\n\n\n\n\n\n\nWhy join Genpact\n\n\n\n\n\nLead AI-first transformation - Build and scale AI solutions that redefine industries\n\n\n\n\n\n\n\nMake an impact - Drive change for global enterprises and solve business challenges that matter\n\n\n\n\n\n\n\nAccelerate your career&mdashGain hands-on experience, world-class training, mentorship, and AI certifications to advance your skills\n\n\n\n\n\n\n\nGrow with the best - Learn from top engineers, data scientists, and AI experts in a dynamic, fast-moving workplace\n\n\n\n\n\n\n\n\n\nCommitted to ethical AI - Work in an environment where governance, transparency, and security are at the core of everything we build\n\n\n\n\n\n\n\nThrive in a values-driven culture - Our courage, curiosity, and incisiveness - built on a foundation of integrity and inclusion - allow your ideas to fuel progress\n\n\n\n\n\nCome join the 140,000+ coders, tech shapers, and growth makers at Genpact and take your career in the only direction that matters: Up.\n\n\n\nLet&rsquos build tomorrow together.\n\n\n\n\n\n\nGenpact is an Equal Opportunity Employer and considers applicants for all positions without regard to race, color, religion or belief, sex, age, national origin, citizenship status, marital status, military/veteran status, genetic information, sexual orientation, gender identity, physical or mental disability or any other characteristic protected by applicable laws. Genpact is committed to creating a dynamic work environment that values respect and integrity, customer focus, and innovation.\nFurthermore, please do note that Genpact does not charge fees to process job applications and applicants are not required to pay to participate in our hiring process in any other way. Examples of such scams include purchasing a 'starter kit,' paying to apply, or purchasing equipment or training.",IT/Computers - Hardware & Networking,Permanent Job,,2025-09-01 03:39:27
Data Analyst - Python Programming,Zorba Consulting,4-6 Years,,Ahmedabad,"Responsibilities:\nCollect, clean, and analyze large volumes of data from multiple sources.\nIdentify trends, patterns, and correlations in large datasets.\nDesign and build reports and dashboards using Power BI, Tableau, or similar tools.\nWork closely with cross-functional teams and stakeholders.\nTranslate business requirements into data models and actionable insights.\nPrepare visualizations and presentations for management and client reporting.\nEnsure data quality, integrity, and governance compliance.\nQualifications:\n5+ years of professional experience as a Data Analyst.\nHands-on expertise with data visualization tools (Power BI, Tableau).\nStrong SQL skills and experience with relational databases.\nProficiency in Excel.\nSolid understanding of statistical methods and data analysis techniques.\nExperience with consultancy firms (e.g., Wipro, Accenture) or in the Oil & Gas sector.\nStrong analytical thinking and problem-solving skills.\nPreferred Qualifications:\nExperience with Python or R for data analysis.\nFamiliarity with data warehousing concepts (e.g., Snowflake, Redshift).\nKnowledge of ETL tools and processes.",Consulting,Permanent Job,"Data Analysis, Power BI/Tableau, Stakeholder Management, Sql, Data Visualization, Excel, Etl, Data Modeling",2025-09-01 03:39:30
Data Analyst - Python Programming,Zorba Consulting,4-6 Years,,Remote,"Key Responsibilities :\nCollect, clean, and analyze large volumes of data from multiple sources.\nIdentify trends, patterns, and correlations in large datasets.\nDesign and build reports and dashboards using tools such as Power BI, Tableau, or similar.\nWork closely with cross-functional teams including stakeholders, business users, and IT teams.\nTranslate business requirements into data models and actionable insights.\nPrepare visualizations and presentations for management and client reporting.\nEnsure data quality, integrity, and governance compliance.\nRequired Skills & Qualifications:\n5+ years of professional experience as a Data Analyst.\nHands-on expertise with data visualization tools (e.g., Power BI, Tableau).\nStrong SQL skills and experience with relational databases (e.g., SQL Server, Oracle).\nProficiency in Excel (including advanced formulas, pivot tables, etc.)\nSolid understanding of statistical methods and data analysis techniques.\nExperience working with consultancy firms (like Wipro, Accenture, TCS, Infosys, etc.) OR\nexperience in Oil & Gas sector projects is mandatory.\nStrong analytical thinking and problem-solving skills.",Consulting,"Permanent Job, Work From Home","Data Analysis, problem-solving skills, Sql, Power Bi, Tableau",2025-09-01 03:39:32
Data Analyst - Python Programming,Zorba Consulting,4-6 Years,,Lucknow,"Responsibilities:\nCollect, clean, and analyze large volumes of data from multiple sources.\nIdentify trends, patterns, and correlations in large datasets.\nDesign and build reports and dashboards using Power BI, Tableau, or similar tools.\nWork closely with cross-functional teams and stakeholders.\nTranslate business requirements into data models and actionable insights.\nPrepare visualizations and presentations for management and client reporting.\nEnsure data quality, integrity, and governance compliance.\nQualifications:\n5+ years of professional experience as a Data Analyst.\nHands-on expertise with data visualization tools (Power BI, Tableau).\nStrong SQL skills and experience with relational databases.\nProficiency in Excel.\nSolid understanding of statistical methods and data analysis techniques.\nExperience with consultancy firms (e.g., Wipro, Accenture) or in the Oil & Gas sector.\nStrong analytical thinking and problem-solving skills.\nPreferred Qualifications:\nExperience with Python or R for data analysis.\nFamiliarity with data warehousing concepts (e.g., Snowflake, Redshift).\nKnowledge of ETL tools and processes.",Consulting,Permanent Job,"Data Analysis, Power BI/Tableau, Stakeholder Management, Sql, Data Visualization, Excel, Etl, Data Modeling",2025-09-01 03:39:34
"Lead Consultant, Data Analyst",Genpact,Fresher,,Mumbai,"Ready to build the future with AI\nAt Genpact, we don&rsquot just keep up with technology&mdashwe set the pace. AI and digital innovation are redefining industries, and we&rsquore leading the charge. Genpact&rsquos AI Gigafactory, our industry-first accelerator, is an example of how we&rsquore scaling advanced technology solutions to help global enterprises work smarter, grow faster, and transform at scale. From large-scale models to agentic AI, our breakthrough solutions tackle companies most complex challenges.\n\nIf you thrive in a fast-moving, innovation-driven environment, love building and deploying cutting-edge AI solutions, and want to push the boundaries of what&rsquos possible, this is your moment.\n\nGenpact (NYSE: G) is an advanced technology services and solutions company that delivers lasting value for leading enterprises globally. Through our deep business knowledge, operational excellence, and cutting-edge solutions - we help companies across industries get ahead and stay ahead. Powered by curiosity, courage, and innovation, our teams implement data, technology, and AI to create tomorrow, today. Get to know us at genpact.com and on LinkedIn, X, YouTube, and Facebook.\nInviting applications for the role of Lead Consultant, Data Analyst\nIn this role, you will be responsible for coding, testing and delivering high quality deliverables, and should be willing to learn new technologies.\n\nResponsibilities\n. Review, analyze, and resolve data quality issues across IM Data Architecture\n. Coordinate with data owners and other teams to identify root-cause of data quality issues and implement solutions.\n. Work with Data owners to catalog data in the central firmwide catalog\n. Work closely with Data Owners/Owner delegates on data analysis and development data quality (DQ) rules. Work with IT on enhancing DQ controls.\n. End-to-end analysis of business processes, data flows, and data usage to improve business productivity through re-engineering and data governance.\n. Interact with business stakeholders to identify, prioritize, and address data-related needs and issues.\n. Document business requirements and use cases for data-related projects.\n. Manage change control process and participate in user acceptance testing (UAT) activities.\n. Implementation of data governance framework as a part of projects involved.\n. Identify and escalate issues in a timely manner.\n. Support other DAG initiatives.\n\nQualifications we seek in you!\nMinimum Qualifications\n. BE/B Tech/MCA\n. Excellent written and verbal communication skills\n\nPreferred Qualifications/ Skills\n. Strong domain knowledge of investment banking data specifically Private Equity\n. Experience in financial services. Knowledge of Pvt. Market product a plus.\n. Experience in data analysis and profiling using SQL is a must\n. Knowledge in coding, Python is a plus\n. Experience in working with cataloging tools like Collibra\n. Experience working with BI reporting tools like Tableau and Power BI is preferred.\n. Ability to interact with business and technology teams to understand processes and data usage\n. Ability to do data analysis and trace data lineage\n. Capable of working across organization and as part of a cross-functional virtual team.\n. Ability to work and think independently, but within a team-based approach.\n. Problem solver, self-starter, ability to work through an entire issue lifecycle.\n. Ability to effectively prioritize and multi-task.\n. Strong communication skills\n\nWhy join Genpact\n. Lead AI-first transformation - Build and scale AI solutions that redefine industries\n. Make an impact - Drive change for global enterprises and solve business challenges that matter\n. Accelerate your career&mdashGain hands-on experience, world-class training, mentorship, and AI certifications to advance your skills\n. Grow with the best - Learn from top engineers, data scientists, and AI experts in a dynamic, fast-moving workplace\n. Committed to ethical AI - Work in an environment where governance, transparency, and security are at the core of everything we build\n. Thrive in a values-driven culture - Our courage, curiosity, and incisiveness - built on a foundation of integrity and inclusion - allow your ideas to fuel progress\nCome join the 140,000+ coders, tech shapers, and growth makers at Genpact and take your career in the only direction that matters: Up.\nLet&rsquos build tomorrow together.\n\nGenpact is an Equal Opportunity Employer and considers applicants for all positions without regard to race, color, religion or belief, sex, age, national origin, citizenship status, marital status, military/veteran status, genetic information, sexual orientation, gender identity, physical or mental disability or any other characteristic protected by applicable laws. Genpact is committed to creating a dynamic work environment that values respect and integrity, customer focus, and innovation.\nFurthermore, please do note that Genpact does not charge fees to process job applications and applicants are not required to pay to participate in our hiring process in any other way. Examples of such scams include purchasing a 'starter kit,' paying to apply, or purchasing equipment or training.",IT/Computers - Hardware & Networking,Permanent Job,,2025-09-01 03:39:35
Data Analyst,Xylem Learning App,1-4 Years,,"Thrissur, Cochin / Kochi / Ernakulam","Roles and Responsibilities :\nData Gathering and Analysis: Collect and organize data from multiple sources, ensuring data quality and integrity\nAnalyse large datasets to identify trends, patterns, and insights\nReporting and Visualization: Prepare reports, dashboards, and data visualizations to present findings and recommendations to stakeholders effectively\nData Quality Assurance: Implement data validation and cleansing processes to ensure accuracy and reliability of data Collaborate with IT Teams: Work closely with IT professionals to understand data infrastructure, data governance policies, and ensure data security and privacy standards are met\nProblem Solving: Use analytical skills and critical thinking to identify and solve complex business problems through data analysis\nEducational Qualification\nA bachelors degree in a relevant field such as computer science, information technology, mathematics, statistics, or a related discipline is typically required",E-Learning,Permanent Job,"Data Gathering, Data Analysis, Problem Solving, Analytical Skills, Data Visualization, data quality assurance, Dashboards",2025-09-02 04:55:38
Data Analyst,Xylem Learning App,1-4 Years,,"Kozhikode / Calicut, Thiruvananthapuram / Trivandrum","Roles and Responsibilities :\nData Gathering and Analysis: Collect and organize data from multiple sources, ensuring data quality and integrity\nAnalyse large datasets to identify trends, patterns, and insights\nReporting and Visualization: Prepare reports, dashboards, and data visualizations to present findings and recommendations to stakeholders effectively\nData Quality Assurance: Implement data validation and cleansing processes to ensure accuracy and reliability of data Collaborate with IT Teams: Work closely with IT professionals to understand data infrastructure, data governance policies, and ensure data security and privacy standards are met\nProblem Solving: Use analytical skills and critical thinking to identify and solve complex business problems through data analysis\nEducational Qualification\nA bachelors degree in a relevant field such as computer science, information technology, mathematics, statistics, or a related discipline is typically required",E-Learning,Permanent Job,"Data Gathering, Data Analysis, Problem Solving, Analytical Skills, Data Visualization, data quality assurance, Dashboards",2025-09-02 04:55:40
Data Analyst,Xylem Learning App,1-4 Years,,"Kozhikode / Calicut, Thiruvananthapuram / Trivandrum","Roles and Responsibilities :\nData Gathering and Analysis: Collect and organize data from multiple sources, ensuring data quality and integrity\nAnalyse large datasets to identify trends, patterns, and insights\nReporting and Visualization: Prepare reports, dashboards, and data visualizations to present findings and recommendations to stakeholders effectively\nData Quality Assurance: Implement data validation and cleansing processes to ensure accuracy and reliability of data Collaborate with IT Teams: Work closely with IT professionals to understand data infrastructure, data governance policies, and ensure data security and privacy standards are met\nProblem Solving: Use analytical skills and critical thinking to identify and solve complex business problems through data analysis\nEducational Qualification\nA bachelors degree in a relevant field such as computer science, information technology, mathematics, statistics, or a related discipline is typically required",E-Learning,Permanent Job,"Data Gathering, Data Analysis, Problem Solving, Analytical Skills, Data Visualization, data quality assurance, Dashboards",2025-09-02 04:55:41
Jr. Data Analyst (Big Query),Coders Brain,1-4 Years,,Delhi,"Responsibilities:\nCollecting and analyzing large data sets using statistical and data visualization tools\nIdentifying patterns, trends, and correlations in data to inform business decisions\nDeveloping and maintaining databases, data systems, and data analytics tools\nDeveloping and implementing data analysis processes and methodologies\nCreating and delivering reports and presentations that clearly communicate data insights to management and other stakeholders\nCollaborating with other departments, such as marketing and operations, to develop data-driven solutions to business problems\nEnsuring data accuracy, completeness, and integrity\nDesigning and conducting experiments to test hypotheses and validate assumptions\nDeveloping and maintaining predictive models to forecast business outcomes",Information Technology,Permanent Job,"Data Analysis, Trend Analysis, Correlation Analysis, Business Intelligence, Statistical Analysis, Data Visualization, Pattern Recognition",2025-09-02 04:55:42
Data Analyst,DOOSRI GAADI SERVICES PVT LTD,1-3 Years,INR 3.5 - 9 LPA,"Delhi, Bengaluru, Mumbai","Description\nWe are looking for a detail-oriented Data Analyst to join our team in India. The ideal candidate will be responsible for analyzing and interpreting data to help drive business decisions and improve operational efficiency.\nResponsibilities\nAnalyze and interpret complex data sets relating to the company's operations, sales, and marketing.\nCreate data visualizations and reports to communicate findings effectively to stakeholders.\nDevelop and maintain databases and data systems to ensure data integrity and availability.\nCollaborate with cross-functional teams to understand their data needs and provide insights that drive business decisions.\nIdentify trends and patterns in data to inform strategic planning and improve operational efficiency.\nSkills and Qualifications\nBachelor's degree in Data Science, Statistics, Mathematics, Computer Science, or a related field.\n1-3 years of experience in data analysis or a related field.\nProficiency in data analysis tools such as SQL, Excel, and Python/R.\nExperience with data visualization tools such as Tableau or Power BI.\nStrong analytical and problem-solving skills with attention to detail.\nAbility to communicate complex data insights in a clear and concise manner.\nFamiliarity with statistical analysis techniques and data modeling.",Automotive,Permanent Job,"ETL Processes, Sql, Python, Excel, Data Visualization, Statistical Analysis, Data Cleaning, Machine Learning, Tableau, Power Bi",2025-09-02 04:55:43
DATA ANALYST INTERNSHIP AT PUNE,Maxgen Technologies Private Limited,Fresher,INR 2 - 3.5 LPA,"Kolhapur, Pune, Solapur","Maxgen Technologies Pvt ltd offering internship in Pune. candidates will get live project data analyst internship with machine learning ,ai program.\nWhy we are perfect\nQuality work services\nCollege project Program.\njob placement after program.\nCollege project Internships.\nprofessional working environment .\nvisit us www.maxgentechnologies.com\n.contact us 9607007009, 9975064558,9099039845 .\naddress 509 , 5th floor, pride icon, kharadi, near atithi veg restaurant pune.",Information Technology,Permanent Job,"R, Data Cleaning, Power Bi, Data Visualization, Tableau, Excel, Sql, Python, Etl",2025-09-02 04:55:45
Data Scientist,Awake Security,5-10 Years,,Pune,"Work with the Cognitive WiFi team to research and develop techniques for anomaly detection, root cause analysis and auto remediation.\nDevelop ML models and measure their effectiveness across all of Arista s customers.\nDesign, develop, and fine-tune Large Language Models (LLMs) for various applications such as natural language understanding, generation, summarization, and question-answering.\nWork on extracting and analyzing data from a wide variety of Wi-Fi networks.\nDevelop proof of concepts and ship new features in Arista s CloudVision Wi-Fi solution.\nPossibly share the findings with a larger community through talks and blog posts.\nBachelor s degree in computer science or a related field.\nMinimum 5 years of experience in Data Science, Machine Learning and AI technologies.\nKnowledge of Python or R and SQL.\nExtensive experience with Large Lan",Information Technology,Permanent Job,"R, Large Lan, AI technologies, Python, Sql, Data Scientist",2025-09-02 04:55:46
Data Engineer,Coders Brain,4-10 Years,,Remote,"Experience in implementing end to end data pipelines using AWS services - Glue, EMR, S3, Redshift, RDS, Airflow\nExpert in programming usingPython, Scala or SPARK\nExperience of using Jenkins / Terraform / CloudFormation for deployment of data pipelines, and for infrastructure creation\nBasic experience in data modelling and data quality\nExperience of writing SQL, and performance tuning SQL queries\nExperience of development tools s.a. an IDE (preferably IntelliJ), GitHub, Jenkins",Information Technology,"Permanent Job, Work From Home","Python, AWS Glue, Scala, Spark, Jenkins, Terraform, Sql, Github",2025-09-02 04:55:47
Data Engineer,Coders Brain,2-12 Years,,Remote,3+ years experience on AWS and optimizing spark jobs\n3+ years of experience with Apache spark (core and sql).\n3+ years of experience in python\n4+ years experience in SQL\nExcellent verbal and written communication skills.\nBe able to work independently or collaborate with others on the project team.,Information Technology,"Permanent Job, Work From Home","ET, AWS, Pyspark, Spark SQL, Python, Sql, Git, Cloud Computing",2025-09-02 04:55:49
Data Engineer,Coders Brain,2-12 Years,,Remote,3+ years experience on AWS and optimizing spark jobs\n3+ years of experience with Apache spark (core and sql).\n3+ years of experience in python\n4+ years experience in SQL\nExcellent verbal and written communication skills.\nBe able to work independently or collaborate with others on the project team.,Information Technology,"Permanent Job, Work From Home","ET, AWS, Pyspark, Spark SQL, Python, Sql, Git, Cloud Computing",2025-09-02 04:55:50
Data Engineer,Coders Brain,5-10 Years,,Bengaluru,"Passionate coder with 5+ years of application development experience with Python-based web servers.\nBackend Frontend API creation using Tornado, Django, Flask. Strong experience working with RESTful APIs.\nHands-on experience with any SQL database with schema creation and SQL queries.\nStrong debugging, problem-solving, and investigative skills.\nExperience with Agile, Scrum methodology.\nSelf-starter who can work independently.\nStrong consulting and communication skills. Ability to work effectively with various organizations in pursuit of problem solutions.\nProblem Solving:\nSolves complex problems, takes a new perspective on existing solutions, exercises judgment based on the analysis of multiple sources of information.\nInterpersonal Skills:\nExplains difficult or sensitive information, works to build consensus.\nGood to have:\nExperience on any of the cloud services (AWS, Azure, or GCP) is an add-on.\nKnowledge on CI, CD pipeline process for application deployment.\nExperience, Knowledge on Docker containers.\n\nPassionate coder with 5+ years of application development experience with Python-based web servers.\nBackend Frontend API creation using Tornado, Django, Flask. Strong experience working with RESTful APIs.\nHands-on experience with any SQL database with schema creation and SQL queries.\nStrong debugging, problem-solving, and investigative skills.\nExperience with Agile, Scrum methodology.\nSelf-starter who can work independently.\nStrong consulting and communication skills. Ability to work effectively with various organizations in pursuit of problem solutions.\nProblem Solving:\nSolves complex problems, takes a new perspective on existing solutions, exercises judgment based on the analysis of multiple sources of information.\nInterpersonal Skills:\nExplains difficult or sensitive information, works to build consensus.\nGood to have:\nExperience on any of the cloud services (AWS, Azure, or GCP) is an add-on.\nKnowledge on CI, CD pipeline process for application deployment.\nExperience, Knowledge on Docker containers.",Information Technology,Permanent Job,"cd, Docker., Python, Flask, Rest Apis, Sql, AWS, Azure, Ci",2025-09-02 04:55:51
Data Engineer,Launch IT Consulting India Private Limited,8-15 Years,INR 25.5 - 34.5 LPA,Hyderabad,"Senior Data Engineer\nDescription:\nBe a part of our success story. Launch offers talented and motivated people the opportunity to do the best work of their lives in a dynamic and growing company. Through competitive salaries, outstanding benefits, internal advancement opportunities, and recognized community involvement, you will have the chance to create a career you can be proud of. Your new trajectory starts here at Launch.\nRole Overview: We are seeking an experienced Senior Data Engineer for one of our internal projects.\nRole: Senior Data Engineer\nYears of experience: 8+ Years\nJob Responsibilities: Design and implement GCP-native data pipelines using services such as BigQuery, Dataflow, and Pub/Sub. Leverage Cloud Composer for orchestration and automate workflows across GCP services.\nUnderstanding of the data architecture - from data ingestion at the source, through transformation and storage, to final consumption by analytics, reporting, or machine learning systems.\nDesign and implement data pipelines and ETL/ELT pipelines to move and transform data from various sources (APIs, databases, logs, IoT, files)\nEnsure ETL processes are efficient, scalable, and optimized for performance\nImplement measures to ensure accuracy, integrity, and consistency of data throughout the ETL process\nDesign and optimize data models for structured and unstructured data\nImplement and manage scalable cloud data lakes and warehouses\nCollaborate with cross-functional teams to understand data requirements and deliver solutions\nTroubleshoot and resolve performance and reliability issues across the data platform\nInvolved in automating workflows using CI/CD (e.g., GitHub Actions, Jenkins).\nMandatory Skills: Extensive experience with Google Cloud Platform (GCP) services including BigQuery, Dataflow, Pub/Sub, Cloud Composer, Vertex AI, Cloud Storage, Cloud Functions. Ability to design and implement GCP-native data engineering solutions.\n5+ years for Data Modeling and ETL Development Experience\nExperience with cloud data warehouse such as BigQuery\nStrong SQL skills experience and experience with one or more programming languages (Python, Java, Scala)\nExperience with big data technologies (Hadoop, Spark, Kafka)\nHands-on knowledge of GCP cloud platform\nExperience with CI/CD pipelines and DevOps practices\nFamiliarity with data modeling, warehousing, and governance principles\nPreferred Skills: Hands-on experience with GCP-native tools and services for data engineering and orchestration.\nCertifications in GCP or cloud data engineering\nFamiliarity with tools like Looker and dbt",Login to check your skill match score,Permanent Job,"Data Enigneer, Gcp, Sql",2025-09-02 04:55:52
Data Engineer,Coders Brain,6-12 Years,,Bengaluru,"Passionate coder with 5+ years of application development experience with Python-based web servers.\nBackend Frontend API creation using Tornado, Django, Flask. Strong experience working with RESTful APIs.\nHands-on experience with any SQL database with schema creation and SQL queries.\nStrong debugging, problem-solving, and investigative skills.\nExperience with Agile, Scrum methodology.\nSelf-starter who can work independently.\nStrong consulting and communication skills. Ability to work effectively with various organizations in pursuit of problem solutions.\nProblem Solving:\nSolves complex problems, takes a new perspective on existing solutions, exercises judgment based on the analysis of multiple sources of information.\nInterpersonal Skills:\nExplains difficult or sensitive information, works to build consensus.\nGood to have:\nExperience on any of the cloud services (AWS, Azure, or GCP) is an add-on.\nKnowledge on CI, CD pipeline process for application deployment.\nExperience, Knowledge on Docker containers.\n\nPassionate coder with 5+ years of application development experience with Python-based web servers.\nBackend Frontend API creation using Tornado, Django, Flask. Strong experience working with RESTful APIs.\nHands-on experience with any SQL database with schema creation and SQL queries.\nStrong debugging, problem-solving, and investigative skills.\nExperience with Agile, Scrum methodology.\nSelf-starter who can work independently.\nStrong consulting and communication skills. Ability to work effectively with various organizations in pursuit of problem solutions.\nProblem Solving:\nSolves complex problems, takes a new perspective on existing solutions, exercises judgment based on the analysis of multiple sources of information.\nInterpersonal Skills:\nExplains difficult or sensitive information, works to build consensus.\nGood to have:\nExperience on any of the cloud services (AWS, Azure, or GCP) is an add-on.\nKnowledge on CI, CD pipeline process for application deployment.\nExperience, Knowledge on Docker containers.",Information Technology,Permanent Job,"cd, Docker., Python, Flask, Rest Apis, Sql, AWS, Azure, Ci",2025-09-02 04:55:54
Data Engineer,Coders Brain,2-4 Years,,Remote,"Experience in developing REST API services using one of the Scala frameworks.\nAbility to troubleshoot and optimize complex queries on the Spark platform.\nExpert in building and optimizing big data, data, and ML pipelines, architectures, and data sets.\nKnowledge in modeling unstructured to structured data design.\nExperience in Big Data access and storage techniques.\nExperience in doing cost estimation based on the design and development.\nExcellent debugging skills for the technical stack mentioned above, which even includes analyzing server logs and application logs.\nHighly organized, self-motivated, proactive, and ability to propose best design solutions.\nGood time management and multitasking skills to work to deadlines by working independently and as part of a team.\nExperience - Must have:\nScala: Minimum 2 years of experience.\nSpark: Minimum 2 years of experience.\nHadoop: Minimum 2 years of experience (Security, Spark on YARN, Architectural knowledge).\nHBase: Minimum 2 years of experience.\nHive: Minimum 2 years of experience.\nRDBMS (MySQL, Postgres, Maria): Minimum 2 years of experience.\nCI/CD: Minimum 1 year of experience.\nExperience (Good to have):\nKafka.\nSpark Streaming.\nApache Phoenix.\nCaching layer (Memcache, Redis).\nSpark ML.\nFP (Scala cats, scalaz).\nQualifications:\nBachelor's degree in IT, Computer Science, Software Engineering, Business Analytics or equivalent with at least 2 years of experience in big data systems such as Hadoop as well as cloud-based solutions.",Information Technology,"Permanent Job, Work From Home","cd, Spark ML, Scala, Spark, Hadoop, HBase, Ci, Kafka",2025-09-02 04:55:56
Data Engineer,Coders Brain,5-10 Years,,Remote,"Experience in developing REST API services using one of the Scala frameworks.\nAbility to troubleshoot and optimize complex queries on the Spark platform.\nExpert in building and optimizing big data, data, and ML pipelines, architectures, and data sets.\nKnowledge in modeling unstructured to structured data design.\nExperience in Big Data access and storage techniques.\nExperience in doing cost estimation based on the design and development.\nExcellent debugging skills for the technical stack mentioned above, which even includes analyzing server logs and application logs.\nHighly organized, self-motivated, proactive, and ability to propose best design solutions.\nGood time management and multitasking skills to work to deadlines by working independently and as part of a team.\nExperience - Must have:\nScala: Minimum 2 years of experience.\nSpark: Minimum 2 years of experience.\nHadoop: Minimum 2 years of experience (Security, Spark on YARN, Architectural knowledge).\nHBase: Minimum 2 years of experience.\nHive: Minimum 2 years of experience.\nRDBMS (MySQL, Postgres, Maria): Minimum 2 years of experience.\nCI/CD: Minimum 1 year of experience.\nExperience (Good to have):\nKafka.\nSpark Streaming.\nApache Phoenix.\nCaching layer (Memcache, Redis).\nSpark ML.\nFP (Scala cats, scalaz).\nQualifications:\nBachelor's degree in IT, Computer Science, Software Engineering, Business Analytics or equivalent with at least 2 years of experience in big data systems such as Hadoop as well as cloud-based solutions.",Information Technology,"Permanent Job, Work From Home","cd, Spark ML, Scala, Spark, Hadoop, HBase, Ci, Kafka",2025-09-02 04:55:57
Principal Consultant- Senior Data Analyst,Genpact,Fresher,,Bengaluru,"Ready to build the future with AI\nAt Genpact, we don't just keep up with technology-we set the pace. AI and digital innovation are redefining industries, and we're leading the charge. Genpact's AI Gigafactory, our industry-first accelerator, is an example of how we're scaling advanced technology solutions to help global enterprises work smarter, grow faster, and transform at scale. From large-scale models to agentic AI, our breakthrough solutions tackle companies most complex challenges.\nIf you thrive in a fast-moving, innovation-driven environment, love building and deploying cutting-edge AI solutions, and want to push the boundaries of what's possible, this is your moment.\nGenpact (NYSE: G) is an advanced technology services and solutions company that delivers lasting value for leading enterprises globally. Through our deep business knowledge, operational excellence, and cutting-edge solutions - we help companies across industries get ahead and stay ahead. Powered by curiosity, courage, and innovation, our teams implement data, technology, and AI to create tomorrow, today. Get to know us at genpact.com and on LinkedIn, X, YouTube, and Facebook.\nInviting applications for the role of Principal Consultant- Senior Data Analyst\nIn this role, as Senior Data Analyst, you will support the Data Owners, Data Consumers and Data Stewards in an Enterprise Data Remediation Process intended to remediate data concerns which arise from enterprise data not meeting quality requirements.\nResponsibilities\n.Analyze if a newly logged data concern is/related to an existing data concern/issue.\n.Conduct Root Cause Analysis which determines the Break Point for Remediation. Defects identified in this process will answer What is broken, where the break occurred, and the underlying Root Cause, the Why of the occurrence.\n.Review and validate data provided and obtain new data where required to commence the Root Cause Analysis (RCA) Process.\n.Analyze Data Quality Rule results to recommend Data Quality Rule modifications or, the need to investigate a Data-Related issue.\n.Document the details of RCA by Recursive Data Transformation review and determine the Root causes of defects.\n.Identify potential preventive measures, tactical and/or strategic system for fixes.\n.Conduct detailed Impact Analysis\n.Confirm Remediation Ownership\n.Improve Data Quality rules including Data Construct, Critical Data Element, Rule registration in Collibra, scripting business rules, collaborating with Technology to implement Rules, Testing implementation of rules.\n.Present Updates to Data Owners and Leadership in the form of Overview Documents, RCA Templates and other Presentations as required.\n.Create Jira Stories and Close them with evidence at the end of each Sprint.\nQualifications we seek in you!\nMinimum Qualifications\n.Relevant experience in any of the following Data Management areas including, Data Cataloguing, Data Lineage, Data Quality Rules, Score card Monitoring.\n.Knowledge of Banking & Capital Market, Liquidity, Payments, Deposits (DDA, Core) from a Risk, Finance, Compliance, Operations or Technology perspective.\n.Strong Data Analysis and Problem-solving skills using excel\n.Thrives in a collaborative environment working with cross functional teams\n.Strong interpersonal skills, interacting with clients both on the business side as well as technical specialists\n.Has worked in an agile environment.\n.Strong Communication and Presentation Skills\n.Bachelor's degree in finance, Accounting, Economics, Engineering, Computer Science\nPreferred Qualifications/ Skills\n.Familiarity with Basel II, III, CCAR, CECL, FR 2052A, FDIC and other similar Banking regulations\n.HPALM or similar tool in Issue Management\n.Data Analysis using SQL\n.Collibra\n.JIRA\nWhy join Genpact\n.Lead AI-first transformation - Build and scale AI solutions that redefine industries\n.Make an impact - Drive change for global enterprises and solve business challenges that matter\n.Accelerate your career-Gain hands-on experience, world-class training, mentorship, and AI certifications to advance your skills\n.Grow with the best - Learn from top engineers, data scientists, and AI experts in a dynamic, fast-moving workplace\n.Committed to ethical AI - Work in an environment where governance, transparency, and security are at the core of everything we build\n.Thrive in a values-driven culture - Our courage, curiosity, and incisiveness - built on a foundation of integrity and inclusion - allow your ideas to fuel progress\nCome join the 140,000+ coders, tech shapers, and growth makers at Genpact and take your career in the only direction that matters: Up.\nLet's build tomorrow together.Genpact is an Equal Opportunity Employer and considers applicants for all positions without regard to race, color, religion or belief, sex, age, national origin, citizenship status, marital status, military/veteran status, genetic information, sexual orientation, gender identity, physical or mental disability or any other characteristic protected by applicable laws. Genpact is committed to creating a dynamic work environment that values respect and integrity, customer focus, and innovation.\nFurthermore, please do note that Genpact does not charge fees to process job applications and applicants are not required to pay to participate in our hiring process in any other way. Examples of such scams include purchasing a 'starter kit,' paying to apply, or purchasing equipment or training.",IT/Computers - Hardware & Networking,Permanent Job,,2025-09-03 05:13:54
Data Analyst,S&P Global Market Intelligence,Fresher,,India,"About the Role:\n07\nThe Team: The current opening is with S&P's Private Markets Cluster that publishes Private Markets related information. The Lead Analyst serves as S&P's in-house expert and will gain in-depth exposure on capturing equity & debt rounds of funding data across alternate asset classes, while having frequent interaction with the team globally to learn the industry dynamics related to detailed attributes of rounds of funding with a passion to create a collaborative work culture.\nThe Impact: The Private Market Rounds of Funding team is a global, diverse, and cohesive in nature, committed to S&P clients and data quality The group is dedicated to the 3Es- Education on the round of funding industry, Encouragement of creativity & idea sharing, and Empowerment for long-term career success We provide you with fast paced work environment, where we hear our people's voice, and value their performance. Ultimately, your work will have a lasting impact on our organization's ability to navigate the complexities of the capturing equity and debt rounds of funding across alternate asset classes and achieve sustainable growth.\nThe Career Opportunity: Our company prides itself in being an equal opportunity employer. We set high standards and value accountability for all. At the same time, we seek to identify and reward extraordinary performance with growth opportunities in more specialized roles and help employees to give out their full potential to the team.\nWhat we're looking for -\nResponsibilities:\nData Profiling and Collection: Identify and compile equity & debt round of funding deals across alternate asset classes from multiple sources, including annual & quarterly filings, stock exchange reports, press releases, and company websites.\nComparative Analysis: Analyse and compare annual & quarterly filings to extract data, utilizing technology to enhance efficiency in the extraction process.\nMarket Research: Investigate market trends, regulatory shifts, and economic factors impacting the equity & debt markets for rounds of funding across alternate asset classes.\nQuality Enhancement Initiatives: Lead or contribute to initiatives focused on improving quality by implementing systematic checks at both individual and team levels.\nLEAN Methodology Implementation: Apply a LEAN approach to identify and execute automation and efficiency improvements within processes.\nProcess and Data Gap Analysis: Proactively detect gaps in processes, guidelines, and data collection methods. Offer innovative solutions and collaborate with relevant teams to enhance data accuracy and product offerings.\nGovernance Model Development: Design and implement governance frameworks for workflows, utilizing SQL and Excel-based reports to ensure adherence to Standard Operating Procedures (SOPs).\nSource Identification and Enhancement: Discover new information sources and assist in optimizing data collection processes to improve overall coverage and reliability.\nBasic Qualifications:\nMBA, MCOM in Finance, or an equivalent degree with a strong academic background.\n0-3 years of professional experience in the financial services industry, with at least 2 years focused on alternative asset classes (e.g., Corporate Bonds, Promissory Notes).\nStrong research, analytical, and problem-solving abilities, with a demonstrated ability to take initiative and think resourcefully.\nIn-depth understanding of corporate finance, capital markets, and valuation methodologies, along with comprehensive knowledge of loans, credit spreads, and reference rates.\nExcellent verbal and written communication skills.\nProven ability to handle multiple projects simultaneously while ensuring timely completion.\nProficiency in MS Office, particularly advanced Excel, and familiarity with S&P products such as Capital IQ Pro, Capital IQ, and Excel plug-ins.\nFlexibility to work in rotational shifts.\nPreferred Qualifications:\nAdvanced knowledge of SQL and Excel is an added advantage.\nExperience with visualization tools such as Tableau or Power BI.\nBackground in LEAN and Automation projects is a plus.\nAwareness of AI tools and knowledge of prompt engineering.\nWhat's In It For You\nOur Purpose:\nProgress is not a self-starter. It requires a catalyst to be set in motion. Information, imagination, people, technology-the right combination can unlock possibility and change the world.\n\nOur world is in transition and getting more complex by the day. We push past expected observations and seek out new levels of understanding so that we can help companies, governments and individuals make an impact on tomorrow. At S&P Global we transform data into Essential Intelligence, pinpointing risks and opening possibilities. We Accelerate Progress.\n\nOur People:\nWe're more than 35,000 strong worldwide-so we're able to understand nuances while having a broad perspective. Our team is driven by curiosity and a shared belief that Essential Intelligence can help build a more prosperous future for us all.\n\nFrom finding new ways to measure sustainability to analyzing energy transition across the supply chain to building workflow solutions that make it easy to tap into insight and apply it. We are changing the way people see things and empowering them to make an impact on the world we live in. We're committed to a more equitable future and to helping our customers find new, sustainable ways of doing business. We're constantly seeking new solutions that have progress in mind. Join us and help create the critical insights that truly make a difference.\nOur Values:\nIntegrity, Discovery, Partnership\n\nAt S&P Global, we focus on Powering Global Markets. Throughout our history, the world's leading organizations have relied on us for the Essential Intelligence they need to make confident decisions about the road ahead. We start with a foundation of integrity in all we do, bring a spirit of discovery to our work, and collaborate in close partnership with each other and our customers to achieve shared goals.\n\nBenefits:\nWe take care of you, so you can take care of business. We care about our people. That's why we provide everything you-and your career-need to thrive at S&P Global.\n\nOur benefits include:\nHealth & Wellness: Health care coverage designed for the mind and body.\nFlexible Downtime: Generous time off helps keep you energized for your time on.\nContinuous Learning: Access a wealth of resources to grow your career and learn valuable new skills.\nInvest in Your Future: Secure your financial future through competitive pay, retirement planning, a continuing education program with a company-matched student loan contribution, and financial wellness programs.\nFamily Friendly Perks: It's not just about you. S&P Global has perks for your partners and little ones, too, with some best-in class benefits for families.\nBeyond the Basics: From retail discounts to referral incentive awards-small perks can make a big difference.\nFor more information on benefits by country visit:\nGlobal Hiring and Opportunity at S&P Global:\nAt S&P Global, we are committed to fostering a connected and engaged workplace where all individuals have access to opportunities based on their skills, experience, and contributions. Our hiring practices emphasize fairness, transparency, and merit, ensuring that we attract and retain top talent. By valuing different perspectives and promoting a culture of respect and collaboration, we drive innovation and power global markets.\nRecruitment Fraud Alert:\nIf you receive an email from a spglobalind.com domain or any other regionally based domains, it is a scam and should be reported to. S&P Global never requires any candidate to pay money for job applications, interviews, offer letters, pre-employment training or for equipment/delivery of equipment. Stay informed and protect yourself from recruitment fraud by reviewing our guidelines, fraudulent domains, and how to report suspicious activity.\n-----------------------------------------------------------\nEqual Opportunity Employer\nS&P Global is an equal opportunity employer and all qualified candidates will receive consideration for employment without regard to race/ethnicity, color, religion, sex, sexual orientation, gender identity, national origin, age, disability, marital status, military veteran status, unemployment status, or any other status protected by law. Only electronic job submissions will be considered for employment.\nIf you need an accommodation during the application process due to a disability, please send an email to: and your request will be forwarded to the appropriate person.\n\nUS Candidates Only: The EEO is the Law Poster describes discrimination protections under federal law. Pay Transparency Nondiscrimination Provision -\n-----------------------------------------------------------\n20 - Professional (EEO-2 Job Categories-United States of America), DTMGOP203 - Entry Professional (EEO Job Group), SWP Priority - Ratings - (Strategic Workforce Planning)",Banking/Accounting/Financial Services,Permanent Job,"Market Research, Process and Data Gap Analysis, LEAN Methodology Implementation, Data Profiling and Collection, Governance Model Development, Quality Enhancement Initiatives, Comparative Analysis, Power Bi, Tableau, Ms Office, Sql, Excel",2025-09-04 05:13:01
Data Analyst II,Uber,6-8 Years,INR 32 - 50 LPA,"Hyderabad, India","About the Team\nCommunity Operations is the heart and soul of our #BuildWithHeart approach at Uber. We work with customers, people earning money on the platform and partners at enormous scale. Community Operations helps operationalise every new and existing product and idea that Uber comes up with - it's an organisation that touches every part of Uber!\nAbout the Role\nAt Uber, providing world-class support that builds trust with riders, drivers, and partners is core to our product experience. The Global Planning, Strategy, and Analytics (GPSA) team plays a critical role in understanding Community Operations (CommOps) and optimizing its impact.\nWithin GPSA, the Support Operations Analytics (SOPA) Network Analytics team pioneers how we manage global BPO partner support data and transform it into actionable insights. To advance this mission, we are hiring a Data Analyst II (Forecasting & Strategic Initiatives). In this role, you will help reimagine how we forecast demand, manage reporting, and generate strategic insights that shape Uber's customer experience.\nYour Impact in Role\nMaintain and enhance an internally developed forecasting tool (developed on python base with streamlit frontend) by leveraging advanced data science techniques.\nApply advanced forecasting models and analytics methods (e.g., time series, causal modeling, machine learning approaches) to predict demand and provide forward-looking insights that guide long-term planning.\nDesign and develop leadership-level and operational data products (using Tableau/Looker/streamlit etc) that democratize insights across the organization. Create dashboards, reports, and self-service tools that empower stakeholders at all levels, from executives to front-line teams, to make informed decisions and track performance against strategic goals.\nIndependently manage end-to-end analytics projects, from problem definition to execution and delivery. Develop clear roadmaps, align stakeholders on scope, and drive timely execution, while ensuring transparency through crisp, consistent communication at every stage.\nPartner with program managers and business leaders to go beyond surface-level metrics, uncovering not just the what but the why behind Uber's most pressing customer experience challenges. Bring analytical rigor to root-cause analysis and ensure findings directly inform operational and strategic improvements.\nThe Experience You'll Bring\nBasic Qualifications\n6+ years of experience in business analytics, data science, business intelligence, or related fields (experience in high-growth or startup environments strongly preferred).\nStrong grounding in core data science concepts: supervised/unsupervised learning, feature engineering, model evaluation.\nProficiency in time-series forecasting methods (e.g., ARIMA, Prophet) and designing scalable data models.\nHands-on experience operationalizing data science models (deployment, monitoring, optimization).\nProficiency in SQL and Python.\nProficiency in visualization tools like Tableau/PowerBI/Looker/Streamlit\nStrong statistical and experimentation skills.\nDemonstrated ability to influence decisions through data storytelling and insights.\nFamiliarity with Agile sprint management tools (e.g., Jira).\nSelf-starter with proven ability to independently manage projects and prescribe analytical frameworks.\nFluent in written and spoken English.\nPreferred Qualifications\nHands-on experience building data pipelines and designing tables.\nExperience leading a team of analysts.\nExperience collaborating closely with data engineering teams.\nExperience working in highly matrixed, cross-functional environments.\nGrowth mindset with long-term aspirations to build and scale teams.\nUnderstanding of customer support data\nUber's mission is to reimagine the way the world moves for the better. Here, bold ideas create real-world impact, challenges drive growth, and speed fuelds progress. What moves us, moves the world - let's move it forward, together.\nOffices continue to be central to collaboration and Uber's cultural identity. Unless formally approved to work fully remotely, Uber expects employees to spend at least half of their work time in their assigned office. For certain roles, such as those based at green-light hubs, employees are expected to be in-office for 100% of their time. Please speak with your recruiter to better understand in-office expectations for this role.\n.Accommodations may be available based on religious and/or medical conditions, or as required by applicable law. To request an accommodation, please reach out to .",Internet/E-commerce,Permanent Job,"data storytelling, time-series forecasting, Looker, business intelligence, Streamlit, prophet, Tableau, Jira, Sql, Data Science, Arima, Agile, Python",2025-09-04 05:13:05
Data Analyst II,Uber,6-8 Years,INR 32 - 50 LPA,"Hyderabad, India","About the Team\nCommunity Operations is the heart and soul of our #BuildWithHeart approach at Uber. We work with customers, people earning money on the platform and partners at enormous scale. Community Operations helps operationalise every new and existing product and idea that Uber comes up with - it's an organisation that touches every part of Uber!\nAbout the Role\nAt Uber, providing world-class support that builds trust with riders, drivers, and partners is core to our product experience. The Global Planning, Strategy, and Analytics (GPSA) team plays a critical role in understanding Community Operations (CommOps) and optimizing its impact.\nWithin GPSA, the Support Operations Analytics (SOPA) Network Analytics team pioneers how we manage global BPO partner support data and transform it into actionable insights. To advance this mission, we are hiring a Data Analyst II (Forecasting & Strategic Initiatives). In this role, you will help reimagine how we forecast demand, manage reporting, and generate strategic insights that shape Uber's customer experience.\nYour Impact in Role\nMaintain and enhance an internally developed forecasting tool (developed on python base with streamlit frontend) by leveraging advanced data science techniques.\nApply advanced forecasting models and analytics methods (e.g., time series, causal modeling, machine learning approaches) to predict demand and provide forward-looking insights that guide long-term planning.\nDesign and develop leadership-level and operational data products (using Tableau/Looker/streamlit etc) that democratize insights across the organization. Create dashboards, reports, and self-service tools that empower stakeholders at all levels, from executives to front-line teams, to make informed decisions and track performance against strategic goals.\nIndependently manage end-to-end analytics projects, from problem definition to execution and delivery. Develop clear roadmaps, align stakeholders on scope, and drive timely execution, while ensuring transparency through crisp, consistent communication at every stage.\nPartner with program managers and business leaders to go beyond surface-level metrics, uncovering not just the what but the why behind Uber's most pressing customer experience challenges. Bring analytical rigor to root-cause analysis and ensure findings directly inform operational and strategic improvements.\nThe Experience You'll Bring\nBasic Qualifications\n6+ years of experience in business analytics, data science, business intelligence, or related fields (experience in high-growth or startup environments strongly preferred).\nStrong grounding in core data science concepts: supervised/unsupervised learning, feature engineering, model evaluation.\nProficiency in time-series forecasting methods (e.g., ARIMA, Prophet) and designing scalable data models.\nHands-on experience operationalizing data science models (deployment, monitoring, optimization).\nProficiency in SQL and Python.\nProficiency in visualization tools like Tableau/PowerBI/Looker/Streamlit\nStrong statistical and experimentation skills.\nDemonstrated ability to influence decisions through data storytelling and insights.\nFamiliarity with Agile sprint management tools (e.g., Jira).\nSelf-starter with proven ability to independently manage projects and prescribe analytical frameworks.\nFluent in written and spoken English.\nPreferred Qualifications\nHands-on experience building data pipelines and designing tables.\nExperience leading a team of analysts.\nExperience collaborating closely with data engineering teams.\nExperience working in highly matrixed, cross-functional environments.\nGrowth mindset with long-term aspirations to build and scale teams.\nUnderstanding of customer support data\nUber's mission is to reimagine the way the world moves for the better. Here, bold ideas create real-world impact, challenges drive growth, and speed fuelds progress. What moves us, moves the world - let's move it forward, together.\nOffices continue to be central to collaboration and Uber's cultural identity. Unless formally approved to work fully remotely, Uber expects employees to spend at least half of their work time in their assigned office. For certain roles, such as those based at green-light hubs, employees are expected to be in-office for 100% of their time. Please speak with your recruiter to better understand in-office expectations for this role.\n.Accommodations may be available based on religious and/or medical conditions, or as required by applicable law. To request an accommodation, please reach out to .",Internet/E-commerce,Permanent Job,"data storytelling, time-series forecasting, Looker, business intelligence, Streamlit, prophet, Tableau, Jira, Sql, Data Science, Arima, Agile, Python",2025-09-04 05:13:06
SAP Master Data Analyst,Atlas Copco,3-5 Years,,"Pune, India","Your Role\nJob Purpose\nThis role plays a key role in managing, validating, and maintaining high-quality master data across our SAP ERP, enabling smooth business operations across divisions. The role focuses on data accuracy, process compliance, timely execution of service requests, and supporting improvements in data governance and quality. The analyst will work closely with cross-functional stakeholders and contribute to advanced data management and reporting initiatives using tools like SQL and Power BI.\nMain Responsibilities\n. End-to-end master data lifecycle processes (create, update, extend, block, delete) for data objects including Customer, Vendor, Material, Pricing, Employee Master, and more.\n. Ensure timely execution of requests submitted through tickets (ITSM), Microsoft Lists, or SAP-integrated workflows, meeting agreed SLA targets.\n. Support replication of data between ERP systems for commercialization, plant/sales org extensions, and other activities.\n. Validate requests for completeness, compliance, and accuracy coordinate with business requestors for clarifications or missing info.\n. Execute mass uploads using tools like Winshuttle or standard SAP utilities (e.g., LSMW) for materials, customers, pricing, etc.\n. Troubleshoot data-related issues in collaboration with functional and technical teams.\n. Leverage SQL to extract, query, and validate SAP table data for audits, reports, and issue investigation.\n. Assist in building and maintaining Power BI dashboards and reports to monitor volumes, KPIs, and data quality metrics.\n. Document processes and keep internal guidelines and knowledge bases up to date.\n. Actively contribute to data quality initiatives and continuous improvement projects.\n. Support testing, validation, and go-live activities during SAP projects, rollouts, or enhancements involving master data.\nTo Succeed, You Will Need\nEducation Level:\n. Bachelor's degree in computer science, Information Technology, Engineering, or related field.\nWork Experience:\n. Minimum 3 years of experience in SAP ERP master data operations.\n. Hands-on experience with SAP data entry transactions, table structures, and object dependencies.\nIT Skills:\n. Good understanding of master data structures and dependencies in SAP.\n. Working knowledge of SQL (basic queries, joins, filters, aggregations).\n. Basic Power BI skills - ability to create simple reports and visuals.\n. Familiarity with ITSM/ticketing systems (e.g., ServiceNow, Jira).\n. Comfortable with MS Excel, SharePoint, Teams.\n. Prior exposure to Winshuttle, Pronovia or other SAP automation tools.\nOther Skills:\n. Experience with all SAP Modules related to Material Master, Customer Master, Vendor Master & others.\n. Understanding of the structure of data used in SAP reference data as well as awareness of the effect's changes may have.\n. Attention to detail and data accuracy.\n. Strong communication and interpersonal skills.\n. Ability to manage multiple priorities in a structured and timely manner.\n. Collaborative mindset and ability to work with remote/global teams.\n. Fluent English, written and spoken.\nIn Return, What We Offer You\nThe Atlas Copco Group serves customers through innovative compressors, vacuum solutions, generators, pumps, power tools and assembly systems. We are a global and diverse Group of many strong brands and around 34,000 employees representing different cultures in more than 180 countries. We have a wide range of positions so whatever your interests or area of expertise, we offer interesting challenges and the opportunity to grow.\nPassionate people create exceptional things. We believe in challenging the status quo, always looking for a better way. Our leading edge technology enables us to innovate for a sustainable future. We believe that people make it happen and with us you are empowered to act. Your ideas can make a real difference and contribute to the quality of life for people everywhere.\nWork-Life Balance: Policies that support a healthy balance between work and personal life.\nCareer Growth Opportunities: Pathways for advancement and career development within the company.\nCompany Culture: A positive and supportive work environment that aligns with your values.\nPaid Time Off (PTO): Vacation days, sick leave, and holidays.\nHybrid work arrangement: 3 days in office.\nHealth Insurance: Coverage for medical insurance for employee, spouse and kids.\nCompetitive package: Competitive pay package.\nUniting curious minds\nBehind every innovative solution, there are people working together to transform the future. With careers sparked by initiative and lifelong learning, we unite curious minds, and you could be one of them.",Retailing,Permanent Job,"Sap Erp, Teams, Sharepoint, winshuttle, ITSM ticketing systems, Ms Excel, Power Bi, Sql",2025-09-04 05:13:08
Advanced Data Analyst,Honeywell,6-7 Years,,Hyderabad,"This individual contributor role is responsible for managing the Operations for several Business Critical Analytics applications, including Snowflake, SAP BW, and HANA. The role also involves planning and executing the decommissioning of legacy Data warehouse projects according to the organization's roadmap by migrating user reporting to Snowflake.\n6 to 7 Years of overall IT experience with at least 3 to 4 years in Snowflake.\nGood knowledge of Data Warehouse, ETL, and Visualization tools, with hands-on experience in at least one Data Warehouse application such as SAP BI, HANA, Oracle, or Snowflake.\nAbility to work as an Individual Contributor in the Analytics domain and manage project deliverables by leading a group of analytics technical teams from internal and external partners.\nExperience in managing at least one large-scale cross-functional analytics project deployment.\nExperience working in at least one large-scale Analytics Support project, with good knowledge of Incident Management, Change Management, and the ability to drive and manage escalations by coordinating with required business and IT Stakeholders.\nExperience in Agile Project Management.\nGood business process knowledge in at least two functional areas such as Order Management, ISC, Finance, Pricing, Manufacturing, Procurement, Inventory, etc.\nResponsible for planning and implementing SAP BW and HANA Migration to the Snowflake Cloud platform.\nResponsible for conducting the reporting GAP analysis for Honeywell legacy data warehouses like SAP BW and HANA with respect to Snowflake Enterprise Data Warehouse (EDW), preparing GAP Analysis documentation, and an Agile project plan to implement the GAPs in EDW.\nResponsible for ensuring 100% adherence to service delivery SLAs in Information Management and Analytics production support.\nResponsible for preparing end-user training documentation and conducting periodic training sessions as needed to improve the adoption of Snowflake EDW.\nStrong communication skills and the ability to interact with different cross-functional teams, Business leaders, and IT Stakeholders.\nWillingness to learn new analytic skills, quickly adopt, and contribute to Information Management and Analytics Run/operations group goals and objectives.\nPrimary Skills:\nReal-time experience in Snowflake and either SAP BW or SAP HANA.\nVery good knowledge of Data Warehouse and Data Analytics concepts.\nGood Functional knowledge in at least 2 of the major business functions like Finance, ISC, or Order Management, etc.\nGood Communication skills and ability to co-ordinate with senior business leaders and work in Cross-function multi-stakeholder programs.\nAgile Project Management experience.\nMust be a Graduate.",Consumer Electronics,Permanent Job,"data integrity, Python, Sap Bw, Data Analytics, Oracle",2025-09-04 05:13:09
Sr Advanced Data Analyst,Honeywell,5-12 Years,,Bengaluru,"Key Deliverables:\nAnalyze large datasets and provide insights to improve operational efficiency.\nDevelop and implement data analytics strategies to drive continuous improvement.\nCollaborate with cross-functional teams to develop data-driven solutions.\nEnsure data integrity and accuracy through thorough data analysis and validation.\nRole Responsibilities:\nLead the analysis of complex data sets and translate findings into actionable insights.\nDevelop strategies for continuous improvement based on data analysis.\nWork with teams to address business needs, ensuring that data-driven decisions enhance operational performance.\nManage data quality and governance initiatives, ensuring accurate and reliable data.",Consumer Electronics,Permanent Job,"R, Problem-solving, Data Analysis, data integrity, Communication, Predictive Modeling, Machine Learning, Python, Sql",2025-09-04 05:13:11
Data Analyst,Tech Stalwart Solution,6-9 Years,,"Kolkata, Mumbai","Over 6 years of experience in data analysis, with a strong ability to interpret and analyze complex datasets.\nProficient in SQL for data querying and manipulation.\nSkilled in Python and PySpark for data processing and analytics.\nKnowledge of Scala is preferred but not mandatory.\nStrong communication skills to effectively collaborate with cross-functional teams and present insights.\nReady for immediate joining.\nPreference will be given to internal candidates.",Information Technology,Permanent Job,"Data Analysis, Sql, Python, Pyspark, Scala",2025-09-04 05:13:13
Data Analyst,Tech Stalwart Solution,6-9 Years,,"Chennai, Pune","Over 6 years of experience in data analysis, with a strong ability to interpret and analyze complex datasets.\nProficient in SQL for data querying and manipulation.\nSkilled in Python and PySpark for data processing and analytics.\nKnowledge of Scala is preferred but not mandatory.\nStrong communication skills to effectively collaborate with cross-functional teams and present insights.\nReady for immediate joining.\nPreference will be given to internal candidates.",Information Technology,Permanent Job,"Data Analysis, Sql, Python, Pyspark, Scala",2025-09-04 05:13:14
Data Analyst,Sandoz,10-12 Years,,Hyderabad,"Key Responsibilities:\nDrive and support environmental performance reporting by seamlessly collaborating, internally a externally, for Operations to deliver sustainable long-term growth, using innovative & green solutions, while making a positive impact on patients and society as a whole.\nImplement and maintain processes and procedures which ensure timely reporting on Environmet KPIs with relevant environmental regulations across all int. manufacturing sites, offices, labs.\nEnsure preparedness with respect to emerging regulations like CSRD, Green Taxonomy and reporting requirements of sustainability performance.\nSupport the senior leadership in data driven decision making in environmental sustainability related areas.\nDrive execution and delivery of environmental sustainability targets of Novartis across climate, waste, and water\nActively support in limited and reasonable assurance of environmental sustainability indicators in line with ISAE 3000 and other standards as applicable\nDrive initiatives to improve data accuracy, and quality and ensure necessary controls are in place to ensure compliance with upcoming regulations like Corporate Sustainability Reporting Directive (CSRD), Green Taxonomy, Article 964 (Swiss regulations) etc.\nSupport in preparing monthly performance summary reports for senior leadership\nSupport in training and communication with associates to develop skills and expertise\nEssential Requirements:\nMBA with university degree in engineering, technology or other related natural/technical field. Advanced degree is highly desirable.\nOverall relevant work experience of about 10-12 years, ideally at multi-national organizations in driving execution of environmental sustainability strategy and targets\nMinimum 8 years of experience in data analytics, performance report preparation, and\ninteracting with cross-functional stakeholders\nMinimum 5 years of experience of reporting of environmental sustainability performance in line with the GHG protocol and other standards as applicable\nExcellent Microsoft Excel, Powerpoint skills\nAt a minimum, fluency (speaking and writing) in English required. Working knowledge of additional languages desirable (e.g. German, French. Spanish, Mandarin).\nGood communication skills, proactivity, self-initiative.\nAbility to operate in a global matrix environment.",Pharmaceutical,Permanent Job,"Data Analyst, Powerpoint, Microsoft Excel, Sql, Python",2025-09-04 05:13:16
Data Analyst,Sandoz,10-12 Years,,Hyderabad,"Key Responsibilities:\nDrive and support environmental performance reporting by seamlessly collaborating, internally a externally, for Operations to deliver sustainable long-term growth, using innovative & green solutions, while making a positive impact on patients and society as a whole.\nImplement and maintain processes and procedures which ensure timely reporting on Environmet KPIs with relevant environmental regulations across all int. manufacturing sites, offices, labs.\nEnsure preparedness with respect to emerging regulations like CSRD, Green Taxonomy and reporting requirements of sustainability performance.\nSupport the senior leadership in data driven decision making in environmental sustainability related areas.\nDrive execution and delivery of environmental sustainability targets of Novartis across climate, waste, and water\nActively support in limited and reasonable assurance of environmental sustainability indicators in line with ISAE 3000 and other standards as applicable\nDrive initiatives to improve data accuracy, and quality and ensure necessary controls are in place to ensure compliance with upcoming regulations like Corporate Sustainability Reporting Directive (CSRD), Green Taxonomy, Article 964 (Swiss regulations) etc.\nSupport in preparing monthly performance summary reports for senior leadership\nSupport in training and communication with associates to develop skills and expertise\nEssential Requirements:\nMBA with university degree in engineering, technology or other related natural/technical field. Advanced degree is highly desirable.\nOverall relevant work experience of about 10-12 years, ideally at multi-national organizations in driving execution of environmental sustainability strategy and targets\nMinimum 8 years of experience in data analytics, performance report preparation, and\ninteracting with cross-functional stakeholders\nMinimum 5 years of experience of reporting of environmental sustainability performance in line with the GHG protocol and other standards as applicable\nExcellent Microsoft Excel, Powerpoint skills\nAt a minimum, fluency (speaking and writing) in English required. Working knowledge of additional languages desirable (e.g. German, French. Spanish, Mandarin).\nGood communication skills, proactivity, self-initiative.\nAbility to operate in a global matrix environment.",Pharmaceutical,Permanent Job,"Data Analyst, Powerpoint, Microsoft Excel, Sql, Python",2025-09-04 05:13:17
Data Analyst,Tech Stalwart Solution,6-9 Years,,Bengaluru,"Over 6 years of experience in data analysis, with a strong ability to interpret and analyze complex datasets.\nProficient in SQL for data querying and manipulation.\nSkilled in Python and PySpark for data processing and analytics.\nKnowledge of Scala is preferred but not mandatory.\nStrong communication skills to effectively collaborate with cross-functional teams and present insights.\nReady for immediate joining.\nPreference will be given to internal candidates.",Information Technology,Permanent Job,"Data Analysis, Sql, Python, Pyspark, Scala",2025-09-04 05:13:18
Data Analyst,Response Informatics,1-4 Years,,Hyderabad,"Behavioural Skills\nCommunication skills across a wide range of stakeholders\nAbility to work cohesively in a team environment with key focus on the data\nHigh level of attention to detail, resilience, enthusiasm, energy and drive\nPositive, can-do attitude focused on continuous improvement\nAbility to take and provide feedback to drive improved delivery\nRigorous ability to problem-solve and optimise environment\nTechnical Understanding\nA working understanding of the data used in healthcare is optimal as data forms the basis of products, as such the following core understandings are required:\nProficient in SQL, Python, and advanced Excel\nProficient experience of the data lifecycle in at least 2 out of the following areas of expertise from clinical, operations, financial, fraud, digital, sales and marketing, wellness, or any relevant dataset in healthcare\nProficient experience in generation of Datamarts for healthcare\nWorking experience in health outcome indices and metrics and measures\nKnowledge of databases and structures, governance and meta data standards including data architecture principles, ETL/ELT, etc.\nKnowledge of patient health management, provider profiling, healthcare reporting, and other key healthcare technologies etc. is advantageous\nKnowledge of clinical tools including coders, groupers, and classifications is advantageous\nKnowledge of data science in the healthcare space is advantageous\nKnowledge of healthcare benefit pricing, product pricing and other actuarial calculations (reserving, risk rating, etc.) is advantageous\nExperience in Microsoft Azure preferred (Databricks, Synapse, Data Factory, etc.)\nQualifications\nA bachelor's degree in statistics, healthcare related, or similar.\nA master's degree in a related field preferred.\nExperience in healthcare analytics.",Information Technology,Permanent Job,"data lifecycle expertise, (Databricks, Synapse, Sql, Python, advanced Excel, Microsoft Azure",2025-09-04 05:13:20
Data Analyst ( SQL ),Games2win,5-10 Years,,Mumbai,"Role and Responsibilities\nAssist the Business Analytics team in collecting and collating data from various tools.\nCreate reports as per predefined formats and templates.\nProvide technical guidance to a team of Associate Analysts.\nUnderstand new game features and ensure report templates are updated accordingly.\nEnsure timely creation of reports and maintain reporting schedules.\nVerify that all required data points are captured by the tools in use.\nPerform first-level comparisons between new and prior reports, highlighting major changes in data points.",Gaming,Permanent Job,"Data Analysis, Analytics, BigQuery, Excel, Sql, Power Bi, Tableau",2025-09-04 05:13:22
Senior Data Analyst,Motorola Solutions Kodiak Networks,5-10 Years,,Bengaluru,"Key Responsibilities:\nAnalyze large, complex datasets to identify trends, patterns, and generate actionable business insights\nCollaborate with stakeholders to identify pain points, discover new business opportunities, and develop effective reporting solutions\nPartner with the AI team to deploy AI-powered analytics solutions\nLead deep-dive data analyses to support business strategies\nEnsure data accuracy and integrity across multiple systems and platforms\nCommunicate findings clearly to both technical and non-technical audiences\nQualifications:\n5+ years of experience in a data analyst or similar role, preferably in a fast-paced, data-driven environment\nExceptional analytical, conceptual, and problem-solving abilities\nStrong proficiency in SQL and experience with Python\nHands-on experience with data visualization tools (e.g., Tableau)\nSolid understanding of data warehousing concepts and tools (e.g., Redshift)\nStrong verbal and written communication skills with an ability to explain complex concepts clearly\nSelf-motivated and able to work independently as well as in a team environment\nBasic Requirements\nBachelors or Master s degree in Data Science, Statistics, Computer Science, Mathematics, or a related field\nMinimum of 5+ years experience in a Data Analytics related role",Telecommunications,Permanent Job,"Tableau, Redshift, Sql, Python, Data Analytics",2025-09-04 05:13:24
Senior Data Analyst,Motorola Solutions Kodiak Networks,3-8 Years,,Bengaluru,"Key Responsibilities:\nAnalyze large, complex datasets to identify trends, patterns, and generate actionable business insights\nCollaborate with stakeholders to identify pain points, discover new business opportunities, and develop effective reporting solutions\nPartner with the AI team to deploy AI-powered analytics solutions\nLead deep-dive data analyses to support business strategies\nEnsure data accuracy and integrity across multiple systems and platforms\nCommunicate findings clearly to both technical and non-technical audiences\nBasic Requirements\nBachelors or Master s degree in Data Science, Statistics, Computer Science, Mathematics, or a related field\n3+ years of experience in a data analyst or similar role, preferably in a fast-paced, data-driven environment\nExceptional analytical, conceptual, and problem-solving abilities\nStrong proficiency in SQL Data Analytics tools\nHands-on experience with data visualization tools (e.g., Tableau)\nStrong verbal and written communication skills with an ability to explain complex concepts clearly\nExperience with customer support and operational procedures is a plus\nSelf-motivated and able to work independently as well as in a team environment",Telecommunications,Permanent Job,"Technical, non-technical, Sql, Data Analytics, Tableau",2025-09-04 05:13:26
