title,company,experience,salary,locations,description,industry,employment_type,skills,scraped_at
Data Analyst,Barclays,Fresher,,"Pune, India","Join us as a Data Engineer at Barclays, where you'll spearhead the evolution of our digital landscape, driving innovation and excellence. You'll harness cutting-edge technology to revolutionise our digital offerings, ensuring unparalleled customer experiences. As a part of team of developers, you will deliver technology stack, using strong analytical and problem solving skills to understand the business requirements and deliver quality solutions.\n\nTo be successful as a Data Engineer you should have experience with:\n\nCore Ab Initio Skills\n\nGDE (graphs, XFR, plans, PSETs, DQE)\nEME (versioning, branching, tagging)\nConductIT / Control Center\nContinuous Flows, PDL, metadatadriven design\n\nBig Data Skills\n\nHadoop Ecosystem: HDFS, Hive, Yarn, MapReduce basics\nOptional/Good to Have:\nSpark (PySpark/Scala)\nHBase\nKafka streaming interfaces\nStrong knowledge of distributed computing concepts (partitions, parallelism, memory tuning)\n\n\nDatabases & Languages\n\nSQL (HiveQL, Teradata, Oracle)\nUnix/Linux shell scripting\nPython (preferred but optional)\n\nTools & Scheduling\n\nAutosys / Tivoli / ControlM\nGit, Bitbucket, Jenkins (CI/CD exposure)\n\nSome Other Highly Valued Skills May Include\n\nStrong analytical and debugging abilities.\nAbility to operate in fastpaced, largescale data environment.\nExcellent communication and stakeholder management skills.\nOwnership mindset with proactive problemsolving.\n\nYou may be assessed on key critical skills relevant for success in role, such as risk and controls, change and transformation, business acumen, strategic thinking and digital and technology, as well as job-specific technical skills.\n\nThis role is based out of Pune.\n\nPurpose of the role\n\n\nTo enable data-driven strategic and operational decision making through extracting actionable insights from large datasets, performing statistical and advanced analytics to uncover trends and patterns, and presenting findings through clear visualisations and reports.\n\nAccountabilities\n\nInvestigation and analysis of data issues related to quality, lineage, controls, and authoritative source identification, documenting data sources, methodologies, and quality findings with recommendations for improvement.\nDesigning and building data pipelines to automate data movement and processing.\nApply advanced analytical techniques to large datasets to uncover trends and correlations, develop validated logical data models, and translate insights into actionable business recommendations that drive operational and process improvements, leveraging machine learning/AI.\nThrough data-driven analysis, translate analytical findings into actionable business recommendations, identifying opportunities for operational and process improvements.\nDesign and create interactive dashboards and visual reports using applicable tools and automate reporting processes for regular and ad-hoc stakeholder needs.\n\nAssistant Vice President Expectations\n\nTo advise and influence decision making, contribute to policy development and take responsibility for operational effectiveness. Collaborate closely with other functions/ business divisions.\nLead a team performing complex tasks, using well developed professional knowledge and skills to deliver on work that impacts the whole business function. Set objectives and coach employees in pursuit of those objectives, appraisal of performance relative to objectives and determination of reward outcomes\nIf the position has leadership responsibilities, People Leaders are expected to demonstrate a clear set of leadership behaviours to create an environment for colleagues to thrive and deliver to a consistently excellent standard. The four LEAD behaviours are: L Listen and be authentic, E Energise and inspire, A Align across the enterprise, D Develop others.\nOR for an individual contributor, they will lead collaborative assignments and guide team members through structured assignments, identify the need for the inclusion of other areas of specialisation to complete assignments. They will identify new directions for assignments and/ or projects, identifying a combination of cross functional methodologies or practices to meet required outcomes.\nConsult on complex issues; providing advice to People Leaders to support the resolution of escalated issues.\nIdentify ways to mitigate risk and developing new policies/procedures in support of the control and governance agenda.\nTake ownership for managing risk and strengthening controls in relation to the work done.\nPerform work that is closely related to that of other areas, which requires understanding of how areas coordinate and contribute to the achievement of the objectives of the organisation sub-function.\nCollaborate with other areas of work, for business aligned support areas to keep up to speed with business activity and the business strategy.\nEngage in complex analysis of data from multiple sources of information, internal and external sources such as procedures and practises (in other areas, teams, companies, etc).to solve problems creatively and effectively.\nCommunicate complex information. Complex information could include sensitive information or information that is difficult to communicate because of its content or its audience.\nInfluence or convince stakeholders to achieve outcomes.\n\nAll colleagues will be expected to demonstrate the Barclays Values of Respect, Integrity, Service, Excellence and Stewardship our moral compass, helping us do what we believe is right. They will also be expected to demonstrate the Barclays Mindset to Empower, Challenge and Drive the operating manual for how we behave.",Login to check your skill match score,Permanent Job,"HDFS, Teradata, Tivoli, Unix, Pyspark, Scala, Kafka, Yarn, HBase, Autosys, Mapreduce, Sql, Jenkins, Git, Hive, Hadoop Ecosystem, Bitbucket, Hiveql, Spark, Linux Shell Scripting, Ab Initio, Oracle, Python",2026-02-03 01:09:46
Data Analyst,Pratic Nathubhai Patel (Proprietor of Anand Systems India),3-5 Years,INR 4 - 15 LPA,Surat,"Description\nWe are seeking a skilled Data Analyst to join our team in Surat. The ideal candidate will have a strong background in data analysis, with a focus on transforming data into actionable insights that drive business decisions.\nResponsibilities\nCollect, clean, and analyze data from various sources to support business decisions.\nDevelop and maintain dashboards and reports to visualize data insights.\nCollaborate with cross-functional teams to understand data requirements and provide actionable insights.\nIdentify trends and patterns in data to help improve business performance.\nPresent findings and recommendations to stakeholders in a clear and concise manner.\nSkills and Qualifications\nBachelor's degree in Data Science, Statistics, Mathematics, Computer Science, or a related field.\n3-5 years of experience in data analysis or related fields.\nProficiency in SQL for data querying and management.\nExperience with data visualization tools such as Tableau, Power BI, CRM , Hubspot or similar.\nStrong analytical skills and attention to detail.\nProficiency in programming languages such as Python or R for data manipulation and analysis.\nUnderstanding of statistical analysis and modeling techniques.\nAbility to communicate complex data insights to non-technical stakeholders.","Information Technology, Data Mining, Data Integration, Data Center",Permanent Job,"ETL Processes, Business Intelligence, Sql, Python, Data Visualization, Statistical Analysis, Excel, Data Cleaning, Machine Learning, Data Warehousing",2026-02-03 01:09:47
Data Analyst,Pratic Nathubhai Patel (Proprietor of Anand Systems India),3-5 Years,INR 4 - 15 LPA,Surat,"Description\nWe are seeking a skilled Data Analyst to join our team in Surat. The ideal candidate will have a strong background in data analysis, with a focus on transforming data into actionable insights that drive business decisions.\nResponsibilities\nCollect, clean, and analyze data from various sources to support business decisions.\nDevelop and maintain dashboards and reports to visualize data insights.\nCollaborate with cross-functional teams to understand data requirements and provide actionable insights.\nIdentify trends and patterns in data to help improve business performance.\nPresent findings and recommendations to stakeholders in a clear and concise manner.\nSkills and Qualifications\nBachelor's degree in Data Science, Statistics, Mathematics, Computer Science, or a related field.\n3-5 years of experience in data analysis or related fields.\nProficiency in SQL for data querying and management.\nExperience with data visualization tools such as Tableau, Power BI, CRM , Hubspot or similar.\nStrong analytical skills and attention to detail.\nProficiency in programming languages such as Python or R for data manipulation and analysis.\nUnderstanding of statistical analysis and modeling techniques.\nAbility to communicate complex data insights to non-technical stakeholders.","Information Technology, Data Mining, Data Integration, Data Center",Permanent Job,"ETL Processes, Business Intelligence, Sql, Python, Data Visualization, Statistical Analysis, Excel, Data Cleaning, Machine Learning, Data Warehousing",2026-02-03 01:09:48
Data Analyst,Hirenza,2-4 Years,,India,"About The Company\n\nCareerUS Solutions is a leading provider of innovative human resources and talent management services dedicated to helping organizations achieve their strategic objectives. With a focus on leveraging cutting-edge technology and data-driven insights, we deliver comprehensive solutions that streamline recruitment, employee engagement, and workforce analytics. Our commitment to excellence and client satisfaction has established us as a trusted partner in the industry, serving diverse clients across various sectors. At CareerUS Solutions, we foster a collaborative and inclusive work environment that encourages continuous learning and professional growth, ensuring our team remains at the forefront of industry trends and best practices.\n\nAbout The Role\n\nWe are seeking a detail-oriented and analytical Data Analyst to join our team. In this role, you will be instrumental in collecting, analyzing, and interpreting complex data sets to support strategic decision-making and operational improvements. Your insights will directly influence business strategies, product development, and customer engagement initiatives. Working remotely within India, you will collaborate with cross-functional teams including marketing, product, and operations to deliver accurate, timely, and actionable reports. The ideal candidate will possess a strong analytical mindset, proficiency in data analysis tools, and excellent communication skills to translate technical findings into understandable insights for stakeholders at all levels.\n\nQualifications\n\nThe ideal candidate should hold a Bachelor's degree in Statistics, Mathematics, Computer Science, Economics, or a related field. A minimum of two years of professional experience in a Data Analyst or similar role is required. Proficiency in SQL is essential for data querying and management. Experience with data analysis tools such as Excel, Power BI, Tableau, or Looker is necessary to create visualizations and reports. Familiarity with programming languages like Python or R for advanced data analysis is highly desirable. A solid understanding of data modeling, data warehousing concepts, and data governance principles is also important. Candidates should demonstrate strong analytical, problem-solving, and critical thinking skills, with the ability to work independently and manage multiple priorities effectively.\n\nResponsibilities\n\nYour key responsibilities will include collecting, cleaning, and analyzing large datasets from diverse sources to uncover actionable insights. You will develop dashboards, reports, and visualizations that communicate findings clearly and effectively to stakeholders. Identifying trends, patterns, and anomalies will be crucial in supporting business strategies and operational decisions. Collaborating with cross-functional teams to understand data requirements and ensure data accuracy, consistency, and integrity is vital. You will perform ad hoc analyses to address specific business questions and present your findings in a compelling manner. Additionally, documenting data definitions, processes, and methodologies will help maintain data quality standards and support governance initiatives. Supporting data quality assurance and participating in data governance projects will also be part of your role.\n\nBenefits\n\nCareerUS Solutions offers a competitive compensation package aligned with your experience and skills. As a fully remote organization within India, we provide the flexibility to work from anywhere, promoting a healthy work-life balance. Our flexible working hours enable employees to manage their schedules effectively, fostering productivity and well-being. We also offer opportunities for professional development through training programs, workshops, and industry certifications, ensuring our team remains engaged and continuously evolving in their careers. Additionally, employees benefit from a collaborative work environment that values innovation, diversity, and inclusion, making CareerUS Solutions a great place to grow professionally and personally.\n\nEqual Opportunity\n\nCareerUS Solutions is an equal opportunity employer. We are committed to creating an inclusive environment where all employees and applicants are treated with respect and fairness, regardless of race, gender, age, religion, sexual orientation, disability, or any other characteristic protected by law. We believe diversity drives innovation and excellence, and we actively promote a culture of equity and inclusion within our organization. Candidates from all backgrounds are encouraged to apply and join our team in contributing to our mission of delivering exceptional solutions and services.",Login to check your skill match score,Permanent Job,"R, Looker, Power Bi, Tableau, Excel, Python, Sql",2026-02-03 01:09:49
Senior Data Analyst,Norstella,3-5 Years,,India,"Description\n\nAbout Norstella:\n\nNorstella is a premier and critical global life sciences data and AI solutions provider dedicated to improving patient access to life-saving therapies. Norstella supports pharmaceutical and biotech companies across the full drug development lifecycle from pipeline to patient. Our mission is simple: to help our clients bring therapies to market faster and more efficiently, ultimately impacting patient lives.\n\nNorstella unites market-leading brands - Citeline, Evaluate, MMIT, Panalgo, Skipta and The Dedham Group and delivers must-have answers and insights, leveraging AI, for critical strategic, clinical, and commercial decision-making. We help our clients:\n\nAccelerate the drug development cycle\nAssess competition and bring the right drugs to market\nMake data driven commercial and financial decisions\nMatch and recruit patients for clinical trials\nIdentify and address barriers to therapies\n\nNorstella serves most pharmaceutical and biotech companies around the world, along with regulators like the FDA, and payers. By providing critical proprietary data supporting AI-driven workflows, Norstella helps clients make decisions faster and with greater confidence. Norstella's investments in AI are transforming how data is consumed and decisions are made, disrupting inefficient legacy workflows and helping the industry become more efficient, innovative, and responsive to patient needs.\n\nJob Description\n\nWe are seeking ideal candidates who are comfortable analyzing large data sets and can leverage their previous experience in the pharma industry to identify relationships between US payer entities at various levels, facilitating mapping between data sets. They should have proficiency in SQL and database technology for data analysis and mapping, as well as experience using tools like MS Excel for data manipulation. Familiarity with data visualization tools like Tableau or Power BI would be beneficial but not mandatory.\nThese candidates should excel in collaborating with both business and technical stakeholders, providing valuable feedback on analysis outcomes, and suggesting changes to enhance the quality and accuracy of deliverables. Strong communication skills are essential for effectively conveying complex information to diverse audiences.\nPreference will be given to candidates with backgrounds in managed markets, the pharma market access ecosystem, or the commercial health insurance industry. Experience with PL/SQL or Python scripting for data manipulation and automation would also be advantageous.\n\nQualifications\n\n\nBachelor degree or higher.\nMinimum of 3 years of experience in managed markets, the pharma market access ecosystem, or the commercial health insurance industry.\nAt least 3 years of experience analyzing large healthcare data sets, such as claims and formulary coverage data.\nPrevious experience using tools like MS Excel or database technology for analyzing, comparing, and mapping disparate data sets.\nDemonstrated ability to contribute to the management and maintenance of healthcare payer master data hierarchy, attributes, and structure.\nProcess and project-oriented mindset, capable of enhancing existing processes and providing project estimates for data analysis and mapping.\nProficient in SQL, with a strong background in database design, optimization, and performance tuning.\nGood to have experience in PL/SQL for Oracle databases and Python scripting for data manipulation, analysis, and automation.\nExperience in building reports such as data mapping rates and providing additional analysis as needed.\nExcellent communication skills, able to effectively convey information to a wide range of cross-functional stakeholders.\nAbility to adapt and work in a fast-paced, creative and agile ecosystem\nMust have strong visual and verbal communication skills\nExperience and desire to work in a global delivery model from a permanent work from home position.\n\nOur Guiding Principles for success at Norstella\n\n01: Bold, Passionate, Mission-First\n\n02: Integrity, Truth, Reality\n\n03: Kindness, Empathy, Grace\n\n04: Resilience, Mettle, Perseverance\n\n05: Humility, Gratitude, Learning\n\nBenefits\n\nHealth Insurance\nProvident Fund\nReimbursement of Certification Expenses\nGratuity\n24x7 Health Desk\n\nNorstella is an equal opportunities employer and does not discriminate on the grounds of gender, sexual orientation, marital or civil partner status, pregnancy or maternity, gender reassignment, race, color, nationality, ethnic or national origin, religion or belief, disability or age. Our ethos is to respect and value people's differences, to help everyone achieve more at work as well as in their personal lives so that they feel proud of the part they play in our success. We believe that all decisions about people at work should be based on the individual's abilities, skills, performance and behavior and our business requirements. Norstella operates a zero tolerance policy to any form of discrimination, abuse or harassment.\n\n\nSometimes the best opportunities are hidden by self-doubt. We disqualify ourselves before we have the opportunity to be considered. Regardless of where you came from, how you identify, or the path that led you here- you are welcome. If you read this job description and feel passion and excitement, we're just as excited about you.\n\nAll legitimate roles with Norstella will be posted on Norstella's job board which is located at norstella.com/careers. If a role is not posted on this job board, a candidate should assume the role is not a legitimate role with Norstella. Norstella is not responsible for an application that may be submitted by or through a third-party and candidates should proceed with extreme caution if a third-party approaches them about an open role with Norstella. Norstella will never ask for anything of value or any type of payment during or as part of any recruitment, interview, or pre-hire onboarding process. If you are aware of or have reason to believe a job posting purportedly for a role with Norstella is fraudulent or otherwise not authorized by Norstella, please contact the Company using the following email address: [HIDDEN TEXT].",Login to check your skill match score,Permanent Job,"Ms Excel, Pl Sql, Python, Sql",2026-02-03 01:09:51
Senior Data Analyst,MarketStar,3-6 Years,,"Bengaluru, India","If you are a current employee who is interested in applying to this position, please navigate to the internal Careers site to apply.\n\nDisclaimer: MarketStar is committed to ensuring integrity and transparency in our recruitment practices. We DO NOT charge any fees at any stage of the recruitment process. In case you receive any unsolicited requests for payments, please report to immediately.\n\nRole: Senior Data Analyst\n\nExperience: 3 - 6 years\n\nLocation: Bengaluru\n\nShift Timings EMEA / APAC\n\nAbout MarketStar\n\nIn everything we do, we believe in creating growth for our clients, our employees, and our community. For the past 35+ years, we have been generating revenue for the most innovative tech companies across the globe through our outsourced B2B demand, sales, customer success, and revenue operations solutions. We are passionate about cultivating career advancements for our people, and support them through mentorship, leadership, and career-development programs. We provide service and support to our communities through the MarketStar Foundation.\n\nOur exceptional team is the cornerstone of MarketStar's accomplishments. We are proud of our award-winning workplace culture and to be named a top employer in our industry. These achievements are a testament to our six core values, embraced by our 3,000+ employees worldwide. From our headquarters in Utah, USA, to our global offices in India, Ireland, Bulgaria, Mexico, the Philippines, and Australia, we all work together to drive innovation and success.\n\nWe are excited to have you apply to join our MarketStar team and can't wait to discuss how we can help you find growth!\n\nJob Overview\n\nWith our eyes set on the future, we are looking for an energetic, outcome-oriented Senior Data Analyst - Business Intelligence & Analytics - to join our team of experts in Bangalore, responsible for accurate data collection, processing, modeling, and analysis. The ideal candidate must have a knack for seeing solutions in sprawling data sets and the business mindset to convert insights into strategic opportunities for our company. The Analytics Manager will work closely with leaders across product, sales, and marketing to support and implement high-quality, data-driven decisions. They will ensure data accuracy and consistent reporting by designing and creating optimal processes and procedures for analytics employees to follow. They will use advanced data modeling, predictive modeling and analytical techniques to interpret key findings from company data and leverage these insights into initiatives that will support business outcomes. The right person for the job will apply their exhaustive knowledge of data analysis to solving real-world problems faced by our company and finding opportunities for improvement across multiple projects, teams and business units.\n\nKey Responsibilities & What will you need to succeed in this role\n\nManage data analysis projects from inception to completion, collaborating with cross-functional teams to define objectives and deliverables.\nApply advanced statistical techniques to derive actionable insights from structured and unstructured data.\nDesign and implement data models, data pipelines, and ETL processes to transform raw data into meaningful information.\nDevelop and maintain interactive and visually appealing dashboards and reports using data visualization tools such as Google Sheets, Looker, Salesforce, Tableau, Power BI, or similar.\nPerform deep-dive analysis on complex business problems, identifying patterns and trends to support strategic decision-making.\nMentor and provide technical guidance to junior data analysts, fostering a culture of continuous learning and growth.\nConduct regular data quality assessments and take corrective actions to ensure data accuracy and consistency.\nAct as a subject matter expert on data-related matters, providing expertise to other teams and stakeholders.\n\nQualifications\n\nAny Graduate with 3-6 years of experience in a position monitoring, managing, manipulating and drawing insights from data.\nProven work experience as a Data Analyst, with a significant portion in a senior role.\nProficiency in data analysis tools such as SQL, or similar data querying languages.\nStrong expertise in data visualization tools such as Google Sheets, Looker, Tableau, Power BI or similar.\nDemonstrated experience in applying statistical techniques and understanding predictive techniques.\nExcellent analytical and problem-solving skills, with the ability to think critically and drive data-driven decisions.\nStrong leadership and mentoring abilities, with a passion for guiding and developing junior team members.\nExcellent communication and presentation skills, with the ability to convey complex technical concepts to non-technical stakeholders.\nAbility to work independently and lead cross-functional teams effectively.\n\nPreferred Skills\n\nKnowledge of data technologies\nExperience with cloud-based data platforms (e.g. Google Cloud Platform).\nFamiliarity with data governance, data privacy, and compliance frameworks.\nStrong understanding of business intelligence concepts and methodologies.\n\nWhat's in it for you\n\nConstant Learning and an entrepreneurial growth mindset. Employee-centric benefits plan including but not limited to Comprehensive Health Insurance, generous Leave Policy, Covid Support, Vaccination drives, Well-being sessions, real-time grievance redressal, and work flexibility.\n\nWe are a people-first organization with policies and processes that help you bring the best version of yourself into work including fast-track growth for high-potential folks. An opportunity to be associated with the world's leading brands as clients. To be a part of an organization with more than 60% of homegrown Leaders. Customized training programs that are catered to personal and professional development. We are an equal opportunities employer. We believe passionately that employing a diverse workforce is central to our success.\n\nNote: This job description is intended to convey information essential to understanding the scope of the position and is not an exhaustive list of skills, efforts, duties, responsibilities, or working conditions associated with it. Responsibilities may change over time to accommodate business needs.\n\nIf you're up for this job, go on and hit the Apply Now button!",Login to check your skill match score,Permanent Job,"Statistical Techniques, ETL processes, Looker, Power Bi, google sheets, Predictive Modeling, Tableau, Data Visualization, Data Modeling, Sql",2026-02-03 01:09:52
Data Analyst (0 Experience),Peroptyx,5-7 Years,,India,"For thousands of years, maps have provided humans with the knowledge they need to make decisions. As a Maps Evaluator, you will have the opportunity to provide ground truth for your town, city or country.\nAt Peroptyx, we are looking for Data Analysts in India who will review mapping data for digital mapping applications. Your research capabilities will validate and ensure that the navigation of certain routes are accurate and safe.\nAs part of this role, you will verify that business names and opening hours are correct. You will check that the distance from a starting point to an end destination is listed accurately, resulting in better user experiences.\nWith this job you can plan your days around this highly flexible working schedule, work weekends or late evenings, all from the comfort of your own office. The flexibility of our roles minimizes the impact on your daily routine. So, whether you are a student looking to earn as you learn, a retiree looking for a new challenge, a part-time/full time professional or a work from home parent, Peroptyx has the right role for you!\nThe Ideal Candidate:\nFluent in English\nExcellent research skills.\nExcellent local knowledge of India, with a good understanding and general knowledge of the geography and culture of India.\nAnalytical mindset.\nJob Requirements\nMust be living in India for a minimum of 5 consecutive years.\nMust pass an online open-book exam that can verify your full understanding of the material and concepts.\nMust be willing to work a minimum of 10 hours and up to 20 hours per week depending on task availability.\nGood working knowledge of search engines, map applications and familiarity with social media platforms.\nStrong ability to learn, understand and apply multiple sets of different instructions.\nAll work must be of an independent nature.\nExperience with Pin Codes on the India Post website (www.indiapost.gov.in) and street view applications is required.\nTechnical requirements to perform the work\nAccess to a laptop or computer which uses:\nA logon account unique to you\nMalware Protection System or Anti-virus or solution that is kept up to date, with regular scans performed\nOnly one member per household may apply\nNB. All products should be provided at your own expense.\nBenefits\nWork up to 20 hours per week.\nEarn a competitive rate of pay.\nDevelop your research skills.\nAvoid the long commute.\nWork from the comfort of your home office.\nEnjoy the flexibility of setting your own working hours!\nApply Online Today!\nThis is a freelance, independent contractor position.",Login to check your skill match score,Permanent Job,"Familiarity with social media platforms, Research Skills, Working knowledge of search engines, Local knowledge of India, Experience with Pin Codes on the India Post website",2026-02-03 01:09:53
Sr. Data Engineer & Data Analyst,GoldenHire Consultancy,6-12 Years,,"Hyderabad, India","Job Title: Data Engineer\nRole Level: Senior Software Engineer\nEmployment Type: Full-Time\nExperience Required: 6-12 years\nRole Overview\nWe are seeking a highly experienced and skilled Senior/Staff Data Engineer to join a growing data engineering team. In this role, you will be responsible for designing, building, and maintaining scalable and reliable data infrastructure and pipelines. You will collaborate closely with data scientists, analysts, and product teams to transform raw data into actionable business insights.\nThis role is ideal for candidates who are passionate about data engineering, enjoy solving complex technical challenges, and thrive in a fast-paced environment.\nKey Responsibilities\nDesign, develop, and implement scalable, high-performance data pipelines using ETL/ELT frameworks\nBuild and optimize data models (dimensional, relational, columnar)\nDevelop, maintain, and optimize data warehouses and data lakes\nTechnologies may include Snowflake, Redshift, BigQuery, Databricks\nStorage platforms such as S3 or ADLS\nEnsure data availability, reliability, scalability, and performance\nIdentify and resolve performance bottlenecks in data pipelines and SQL queries\nImplement data governance, quality checks, security, and compliance standards\nAutomate data ingestion, transformation, monitoring, and alerting processes\nCollaborate with cross-functional teams to gather requirements and deliver data solutions\nMentor junior data engineers and contribute to team best practices\nStay updated with emerging data technologies and recommend improvements\nCreate and maintain technical documentation for pipelines, models, and processes\nRequired Skills & Qualifications\n7+ years of hands-on experience as a Data Engineer\nStrong expertise in Databricks\nExcellent proficiency in Python and SQL\nExperience with ETL/ELT processes and tools\nHands-on experience with cloud platforms:\nAWS (S3, Glue, Lambda, Redshift, EMR)\nOR Azure (Data Lake, Data Factory, Synapse)\nOR GCP (BigQuery, Dataflow, Cloud Storage)\nStrong understanding of data warehousing concepts\nExperience with big data technologies such as Spark, Hadoop, or Kafka\nKnowledge of data modeling techniques (Star Schema, Snowflake Schema, 3NF)\nExperience using version control systems (Git)\nStrong analytical, problem-solving, and communication skills\nMandatory Skills\nDatabricks, Python, SQL , AWS or any cloud, SQLite, Teradata\nPosition 2 : Sr. Data Analyst\nGood to Have (Preferred)\nExposure to Databricks, Spark, or PySpark for large-scale data analysis.\nExperience with ETL/ELT tools such as ADF, Airflow, dbt, Informatica, etc.\nMandatory Skills\nData Analysis, Data Quality Management, Data Warehousing, SQL, Snowflake, Data Modelling\nNote:\n1. Applications will only be accepted through the ATS link provided above. Profiles shared through other means will not be considered.\n2. Prolegion does not charge any fee from candidates at any stage. If anyone approaches you for money in exchange for this opportunity, treat it as fraud and report it to us immediately.",Login to check your skill match score,Permanent Job,"Hadoop, Data Modeling, Kafka, Sql, ELT, Git, Gcp, Spark, Big Data Technologies, Data Warehousing, Databricks, Azure, Python, AWS, Etl",2026-02-03 01:09:55
Paid Media & Marketing Data Analyst,Outsourced Pro Global,2-4 Years,,India,"Benefits:\nSalary: INR 110,000 - INR 140,000\nLocation: Remote\nJob Type: Full-Time | Day Shift (Sydney, Australia Time Zone)\n28 days of paid time offs per year\nHMO coverage\nClear path for career growth and development\nEssential Requirements:\n2+ years of experience in marketing analytics, reporting, or data analysis.\nStrong understanding of paid media channels (Meta, Google, YouTube, LinkedIn, TikTok) and performance metrics.\nAdvanced skills in Excel/Google Sheets; experience with dashboards (Google Data Studio, Looker Studio, HubSpot, or similar).\nExtensive experience with CRM systems and marketing platforms (HubSpot etc.).\nAbility to work with the Zoom camera open during shift\nWillingness to undergo background check before onboarding\nNote: To save your time and ensure the best fit, please apply only if you meet the essential requirements listed above.\nAbout the Role:\nWe're looking for a highly analytical, detail-oriented Paid Media & Marketing Data Analyst to join our marketing team. This role will focus on crunching numbers, building actionable reports, and providing insights across marketing channels, primarily paid media, while also supporting ad hoc reporting for other marketing initiatives like organic campaigns, social content calendars, and performance tracking.\nReporting directly to the Paid Ads & Funnel Director, you'll be the go-to person for turning raw data into clear, actionable insights that inform strategy and drive results.\nKey Responsibilities:\nBuild, maintain, and automate daily, weekly, and monthly performance reports for all paid media campaigns (Meta, Google, YouTube, LinkedIn, TikTok).\nDevelop ad hoc reports for other marketing channels, including organic social, email, and content marketing initiatives.\nMaintain data integrity across multiple dashboards and reporting platforms (HubSpot, Google Analytics, Data Studio, etc.).\nTranslate complex data into clear, digestible insights for non-technical stakeholders.\nMonitor campaign performance daily and highlight trends, anomalies, and optimisation opportunities.\nCollaborate with the marketing team to support campaign planning and forecasting.\nAssist with social media and content calendars by providing performance insights and recommendations.\nKey Skills and Qualities:\nAdvanced skills in Excel/Google Sheets; experience with dashboards (Google Data Studio, Looker Studio, HubSpot, or similar).\nComfortable working with large datasets, analyzing trends, and drawing insights.\nStrong attention to detail, organisational skills, and ability to manage multiple reporting projects simultaneously.\nProficient in English\nBonus: Experience in the property, finance, or performance marketing industries.\nTechnical Requirements:\nWindows 11 operating system or macOS 13+\n256GB storage space - minimum\n16GB RAM - minimum\nDual Core CPU - minimum\nCamera: HD Webcam (720p)\nHeadset: Noise-cancelling (preferably)\nInternet Speed: 50 Mbps - minimum\nAbout Us\nOutsourced Pro Global Limited is a trusted outsourcing partner supporting businesses in recruitment, finance, HR, payroll, and operations. As the offshore hub for leading Australian companies, we deliver high-quality, efficient solutions through a team driven by integrity, excellence, and innovation.\nAt OPG, you'll be part of a collaborative, growth-focused community. We offer meaningful careers, global exposure, and a culture that values learning, professionalism, and long-term success. Your ideas matter, your growth is supported, and your impact is real.\nCurious about life at OPG\nFollow us on Facebook, Instagram, TikTok and LinkedIn for a peek into our culture, team moments, and what makes OPG a great place to work.",Real Estate,Permanent Job,"Google, Meta, Google Data Studio, Youtube, TikTok, Crm Systems, Paid media channels, Linkedin, Looker Studio, google sheets, Hubspot, Google Analytics, Excel",2026-02-03 01:09:57
Data Analyst - Team Lead and Team Manager wanted for Singapore,Vishaka Vels Technologies,3-11 Years,INR 20 - 69 LPA,Singapore,"Data Analyst - Team Lead and Team Managerwanted forSingapore\nJob Code VK -012028-Data Analyst\nLocation Singapore\nIndustry Any Industry\nDesignation Senior Data Analyst, Data Analyst Team Lead and Data Analyst Team Manager\nQualification - Graduate or Post Graduate\nExperience 3 to 11 yrs\nGender Male / Female\nNo. Of Openings - 24\nSalary - 2400 to 8000 SGD\nNote: Free Recruitment No Service Charge\nJob Description\n1.3 to 9+ years of experience in data analytics, with proven team leadership quality (e.g., managing 520+ analysts).\n2.Strong technical skills: SQL, Python/R, Tableau/Power BI, statistics, data modelling, and possibly advanced analytics/AI exposure.\n3.Leadership/soft skills: Stakeholder management, communication, project delivery, and strategic thinking.\n4.Recruit, hire, train, mentor, and supervise a team of data analysts and related roles (e.g., junior analysts, BI developers).\n5.Manage team workload, project assignments, and resource allocation to meet deadlines and priorities.\n6.Conduct performance reviews, set goals, provide feedback, and foster professional development.\n7.Develop and implement data analytics strategies aligned with business objectives.\n8.Define key performance indicators (KPIs), metrics, and reporting standards.\n9.Oversee data governance, quality assurance, integrity, security, and compliance (e.g., ensuring data privacy regulations are followed).\n10.Lead or guide complex data analysis projects, including data collection, cleaning, modelling, visualization, and interpretation.\n11.Ensure the team transforms raw data into actionable insights through dashboards, reports, and predictive models.\n12.Collaborate with stakeholders (e.g., business units, product, marketing, finance, executives) to understand needs and translate them into analytical requirements.\n13.Present findings, reports, and recommendations to senior leadership and non-technical audiences.\n14.Use data to influence strategic decisions, optimize performance, and identify opportunities or risks.\n15.Drive continuous improvement in analytics processes, tools, and methodologies.\n16.Select, implement, and manage analytics tools (e.g., SQL, Python/R, Tableau, Power BI, Google Analytics, or advanced platforms).\n17.Optimize workflows for data intake, validation, processing, and visualization.\n18.Stay updated on industry trends, emerging technologies, and best practices in data analytics.\n19.Work closely with data engineers, data scientists, IT, and other departments to ensure reliable data pipelines and infrastructure.\n20.Support broader organizational goals, such as improving efficiency, reducing costs, or enhancing customer experiences through data-driven approaches.\nContact Person :\nKindly get appointment for face-to-face Interview and Interview venue / Address\nLathika - HR Recruiter : 6379664764\nSamkumar - HR Recruiter: 8438804428\nSridevi HR Recruiter: 7305218128\nWalk-in-Interview\nInterview Date: 2nd February 2026 to 28th February 2026 (Monday to Friday)\nInterview Time: 11.30 AM to 4.00 PM\nShare your Resume : hr.vishakavelstechnologies at gmail com\nAddress :\nVishaka Vels Technologies\nNo.769, Spencer Plaza, Ground Floor,\nPhase 3, Mount Road, Chennai 600002\nNote: Kindly get appointment for face-to-face Interview",Information Technology,Permanent Job,"Data Analyst, Data Analysis, Manager, Team Lead, Data Analytics, Machine Learning, Team Manager, Artificial Intelligence, Power Bi, Tableau, Python, Deep Learning",2026-02-03 01:09:58
"Healthcare Data Analyst (MD, DO, MBBS, or equivalent) - Remote",Quik Hire Staffing,Fresher,,India,"Role: Healthcare Data Analyst (MD, DO, MBBS, or equivalent) - Remote\nLocations:Remote In: India\nCompensation: Up to USD 120/hour (paid weekly via PayPal/Airtm, varies by expertise and performance)\nRadiology experts with clinical imaging experience contribute to advanced AI model training by creating diagnostic questions, reviewing AI outputs, and providing structured feedback. This flexible remote work enhances AI accuracy in medical imaging interpretation while fitting alongside clinical practice.\nWho Qualifies\nMedical Degree (MD, DO, MBBS) or equivalent with radiology experience from accredited programs.\nHands-on clinical experience interpreting diagnostic imaging (MRI, CT scans, X-rays, ultrasound).\nPracticing or recently practicing radiologists, fellows, or radiology residents.\nStrong ability to assess clinical soundness, scientific rigor, and diagnostic reasoning.\nFluent English with minimal language errors for technical writing and evaluation.\nKey Responsibilities\nCreate and answer complex radiology cases and diagnostic reasoning questions for AI training.\nReview AI-generated reports for accuracy, completeness, and clinical relevance.\nRank and analyze model outputs to identify reasoning gaps, factual errors, or unsafe recommendations.\nProvide detailed expert feedback to improve AI diagnostic logic and imaging interpretation.\nOpportunity Details\nFlexible schedule: 540 hours/week based on availability and project demand.\nWeekly payments; rates calibrated to radiology expertise, task accuracy, and time commitment.\nFree access to Model Playground for testing leading large language models.\nValid permanent government-issued ID required from country of residence for verification.\nEqual Opportunity\nAll qualified applicants welcome regardless of protected characteristics. Selection based solely on radiology expertise, clinical experience, and project requirements per applicable laws.",Login to check your skill match score,Permanent Job,"CT scans, AI model training, mri, Diagnostic imaging, Technical Writing, X-rays, Ultrasound",2026-02-03 01:09:59
Lead Financial Data Analyst - Remote,Jobgether,5-7 Years,,India,"This position is posted by Jobgether on behalf of a partner company. We are currently looking for a Senior Financial Data Analyst - REMOTE. In this role, you will have a significant impact on the financial clarity and growth of various clients by designing and automating data systems that are essential for sound financial decision-making. You will work closely with smaller, growing businesses to establish data frameworks and analytical tools that enhance their operational efficiency. Your expertise in financial modeling and data architecture will empower our clients to thrive in their financial endeavors while also contributing to internal system improvements. If you are curious and eager to harness technology to benefit clients, this role is perfect for you.\n\nAccountabilities\n\nWork directly with clients to assess, restructure, and improve financial data for effective solutions\nPerform FP&A-style analysis using Excel, Google Sheets, and Power Query\nBuild and maintain complex financial models, including robust cash flow forecasting tools\nClean, transform, and normalize financial data for reporting and analysis\nEnsure data aligns across P&L statements, balance sheets, and cash flow models\n\nRequirements\n\nAdvanced Excel and Google Sheets skills, including LAMBDA functions\nStrong experience with Power Query and working knowledge of Power BI\nUnderstanding of accounting and financial data, including P&L, balance sheets\nExperience in cleaning and structuring complex financial data\nAbility to independently assess data structures and propose improvements\nFamiliarity with Google Apps Script or JavaScript\nExperience with API integrations and data connectivity\n\nBenefits\n\nW2 Position with employee health, dental and vision insurance\n401K match\nQuarterly educational or professional development stipend\nTechnology stipend\nPaid sick time, holiday time & volunteer time\nBonus/commission eligibility\nMentoring opportunities\n\nWhy Apply Through Jobgether\n\nWe use an AI-powered matching process to ensure your application is reviewed quickly, objectively, and fairly against the role's core requirements. Our system identifies the top-fitting candidates, and this shortlist is then shared directly with the hiring company. The final decision and next steps (interviews, assessments) are managed by their internal team.\n\nWe appreciate your interest and wish you the best!\n\nData Privacy Notice: By submitting your application, you acknowledge that Jobgether will process your personal data to evaluate your candidacy and share relevant information with the hiring employer. This processing is based on legitimate interest and pre-contractual measures under applicable data protection laws (including GDPR). You may exercise your rights (access, rectification, erasure, objection) at any time.\n\nWe may use artificial intelligence (AI) tools to support parts of the hiring process, such as reviewing applications, analyzing resumes, or assessing responses. These tools assist our recruitment team but do not replace human judgment. Final hiring decisions are ultimately made by humans. If you would like more information about how your data is processed, please contact us.",Login to check your skill match score,Permanent Job,"Financial Modeling, Data connectivity, API integrations, Javascript, google apps script, Power Bi, google sheets, Advanced Excel, Data Architecture, Power Query",2026-02-03 01:10:01
Remote STP Master Data Analyst,Jobgether,4-7 Years,,India,"This position is posted by Jobgether on behalf of a partner company. We are currently looking for a Remote Source-to-Pay Data Business Analyst. In this role, you will play a crucial part in ensuring the integrity and compliance of supplier and purchasing master data. You will be responsible for designing and optimizing master data processes, focusing on governance and risk mitigation. Your collaboration with cross-functional teams will be key in enhancing data quality and automating workflows while supporting transformation initiatives. This is a detail-oriented position that requires expertise in master data management to drive operational excellence.\n\nAccountabilities\n\nDevelop and maintain global standards and policies for supplier master data.\nAnalyze vendor master data processes to identify inefficiencies and risks.\nStrengthen compliance controls around supplier onboarding.\nCollaborate with IT to enhance master data functionality in ERP systems.\nSupport transformation initiatives for supplier onboarding and data quality.\n\nRequirements\n\n4-7 years of experience in Source-to-Pay and master data management.\nStrong understanding of governance and compliance frameworks.\nKnowledge of supplier master data structures and onboarding processes.\nAbility to identify automation opportunities in data management.\nExperience with ERP platforms such as SAP or Ariba.\n\nBenefits\n\nOpportunity to work remotely.\nFlexible hours to accommodate different time zones.\nJoin a contractual role with the potential to extend through 2026.\nDynamic work environment with cross-functional collaboration.\n\nWhy Apply Through Jobgether\n\nWe use an AI-powered matching process to ensure your application is reviewed quickly, objectively, and fairly against the role's core requirements. Our system identifies the top-fitting candidates, and this shortlist is then shared directly with the hiring company. The final decision and next steps (interviews, assessments) are managed by their internal team.\n\nWe appreciate your interest and wish you the best!\n\nData Privacy Notice: By submitting your application, you acknowledge that Jobgether will process your personal data to evaluate your candidacy and share relevant information with the hiring employer. This processing is based on legitimate interest and pre-contractual measures under applicable data protection laws (including GDPR). You may exercise your rights (access, rectification, erasure, objection) at any time.\n\nWe may use artificial intelligence (AI) tools to support parts of the hiring process, such as reviewing applications, analyzing resumes, or assessing responses. These tools assist our recruitment team but do not replace human judgment. Final hiring decisions are ultimately made by humans. If you would like more information about how your data is processed, please contact us.",Login to check your skill match score,Permanent Job,"ERP platforms such as SAP or Ariba, automation opportunities in data management, governance and compliance frameworks, supplier master data structures, onboarding processes, master data management",2026-02-03 01:10:02
Senior Fraud Risk Data Analyst,Rippling,4-6 Years,,"Bengaluru, India","About Rippling\n\nRippling gives businesses one place to run HR, IT, and Finance. It brings together all of the workforce systems that are normally scattered across a company, like payroll, expenses, benefits, and computers. For the first time ever, you can manage and automate every part of the employee lifecycle in a single system.\n\nTake onboarding, for example. With Rippling, you can hire a new employee anywhere in the world and set up their payroll, corporate card, computer, benefits, and even third-party apps like Slack and Microsoft 365all within 90 seconds.\n\nBased in San Francisco, CA, Rippling has raised $1.4B+ from the world's top investorsincluding Kleiner Perkins, Founders Fund, Sequoia, Greenoaks, and Bedrockand was named one of America's best startup employers by Forbes.\n\nWe prioritize candidate safety. Please be aware that all official communication will only be sent from @Rippling.com addresses.\n\nAbout The Role\n\nAs a Senior Fraud Data Analyst at Rippling, you will play a key role in safeguarding the financial integrity of our clients by identifying and mitigating fraud risks across our suite of financial products. You will be responsible for developing and enhancing fraud detection and risk mitigation strategies, with a focus on transaction fraud monitoring, account takeover (ATO) prevention, and fraud incident investigation, all while ensuring that decisions are based on robust analytics and large-scale data sets. Using data-driven insights, you will analyze transaction data, identify emerging fraud patterns, and collaborate with cross-functional teams including data science, security, compliance, product, and engineering to implement effective solutions. This is an excellent opportunity to leverage your expertise in data analytics and fraud prevention to drive strategic and impactful results, and grow your career in a fast-paced, dynamic environment.\n\nWhat You Will Do\n\nDesign and maintain fraud transaction monitoring rules based on comprehensive data analysis for Payroll, Bill Pay, and Card transactions, continuously refining them to address emerging fraud risks and improve detection capabilities.\nImprove policies and controls to prevent unauthorized access to accounts. Collaborate with the Security team to develop ATO tracking, analyze customer events, and establish detection rules to prevent fraud and account takeovers.\nEvaluate and enhance fraud detection strategies based on data drive insights, balancing the need for robust fraud prevention with the goal of maintaining a seamless user experience and operational efficiency.\nIdentify suspicious activities and fraud patterns, and perform thorough investigations on high-risk transactions when necessary. Leverage data analysis and fraud detection tools to make informed decisions.\nRegularly assess fraud risks across various financial transactions, recommending and implementing strategies to minimize risk and improve fraud prevention effectiveness.\nWork closely with the Fraud, Security, Sales, Customer Service, and Compliance teams to improve fraud monitoring and response processes, and promote a collaborative approach to fraud risk management.\nPartner with cross functional teams to design and refine fraud detection tools and investigative systems, improving the efficiency and effectiveness of fraud mitigation efforts.\nMonitor and review high-risk transactions on a daily basis across Payroll, Bill Pay, and Corporate Card products to identify suspicious activity. Take prompt action to mitigate fraud risks and escalate issues as needed to minimize exposure and impact.\n\nWhat You Will Need\n\n4+ years experience in fraud prevention and detection, preferably in the financial technology sector, with a strong focus on payments, lending, and SaaS industries\nBachelor's degree in a relevant field (e.g. Math, Statistics, Operations Research), Master's degree preferred\nStrong SQL skills with the ability to write complex queries to analyze large datasets, identify trends, and generate fraud-related reports. Experience with SQL-based tools (e.g., MySQL, PostgreSQL, or similar databases) is essential.\nStrong data analysis capabilities, with the ability to make data-driven fraud risk decisions.\nIn-depth understanding of payments risks and funds flows, specifically within ACH and bank transfer fraud, account takeovers, wallet and corporate card transaction fraud.\nFamiliarity with the fraud investigation tools and industry-leading third-party risk vendors. Experience with fraud detection tools and methodologies is essential.\nEffective communication and presentation skills, capable of articulating complex data and risk insights to various stakeholders.\n\nAdditional Information\n\nRippling is an equal opportunity employer. We are committed to building a diverse and inclusive workforce and do not discriminate based on race, religion, color, national origin, ancestry, physical disability, mental disability, medical condition, genetic information, marital status, sex, gender, gender identity, gender expression, age, sexual orientation, veteran or military status, or any other legally protected characteristics, Rippling is committed to providing reasonable accommodations for candidates with disabilities who need assistance during the hiring process. To request a reasonable accommodation, please email [HIDDEN TEXT]",Login to check your skill match score,Permanent Job,"Data Analysis, ACH and bank transfer fraud, Wallet and corporate card transaction fraud, Account takeovers, Payments risks, Fraud detection tools, Fraud investigation tools, Sql",2026-02-03 01:10:04
SAP Functional- MM/PP Master Data Analyst,Semtech,5-7 Years,,"Bhubaneswar, India","Responsibilities\n\nJob responsibilities include but are not limited to the following:\n\nTroubleshoot issues related to MM/PP processes and its integration with other modules. Conduct unit testing, integration testing, and user acceptance testing for new configurations/developments. (15%)\nDefines, designs, builds, and implements master data requirements and strategies to translate business requirements and models into feasible and acceptable data management designs to ensure that business needs are met. Identifies system enhancements when necessary. (15%)\nDevelops and implements procedures of data standards and data governance to ensure access to and accuracy of data sets, sustain model processes, and documentation (15%)\nBuilds, tests, documents, and manages assigned master data maintenance processes, templates and workflows. (10%)\nProactively analyzes and monitors data to increase quality as it relates to accuracy, completeness and consistency; verifies accuracy of data in functional area and for assigned activities to support data governance strategy. (20%)\nParticipates in review of master data within PLM and other key systems and ensures adherence to governance policies prior to entry into SAP. (10%)\nMonitors, reports, and evaluates the performance of data governance services on the basis of specific Key Performance Indicators. (10%)\nTransforms data into user reports to manage business (5%)\n\n\nMinimum Qualifications\n\nBachelor's degree or comparable experience in information technology preferred.\n5+ years experience in SAP MM/PP modules, with strong working knowledge of SAP Master data management.\nExperience in Semiconductor industry preferred.\nBasic understanding of data governance strategy, principals, processes, and management.\nStrong interpersonal skills, ability to work with multiple business functions to gain consensus on approaches.\nExcellent oral/written communication and presentation skills.\nStrong Microsoft office skills, especially Microsoft Excel\nStrong attention to detail, problem- solving and quantitative skills\nSolid work ethic, self-driven, with the ability to work with minimal supervision and ability to work as part of a team\nKnowledge of ABAP or other computer programming languages and SAP a plus",Semiconductor Manufacturing,Permanent Job,"SAP Master Data Management, Sap Mm, Data Governance, Microsoft Excel, Abap",2026-02-03 01:10:05
DATA ANALYST- POWER BI & SQL,IBM,6-8 Years,,"Bengaluru, India","Introduction\n\nWe are looking for an experienced Senior Data Analyst (68 years) to design, build, and support advanced Power BI dashboards, develop robust ETL pipelines, and enable self-serve analytics for multiple business areas, including Supply Chain, Cost Accounting, Revenue Cycle, Finance, HR, Workforce Planning, and Clinical Operations. This role combines hands-on BI development with strong data engineering skills and the ability to coach analysts and empower business users.\n\nYour Role And Responsibilities\n\nBuild and maintain Power BI dashboards and data models for cross-functional business reporting.\nDevelop and optimize data queries from the Enterprise Data Warehouse (EDW) and other systems.\nNormalize, transform, and integrate data to support both managed reporting and self-serve BI.\nDesign reusable, governed datasets and provide training to help stakeholders adopt self-serve analytics confidently.\nDevelop and maintain ETL workflows using Alteryx, Informatica, and MS Azure Data Factory.\nApply advanced analytics and basic data science techniques for forecasting, costing, and workforce planning.\nReview work from junior analysts, provide coaching, and support enterprise data education initiatives.\n\nPreferred Education\n\nMaster's Degree\n\nRequired Technical And Professional Expertise\n\nBachelor's or Master's degree in Data Analytics, Information Systems, or related field.\n68 years in data analytics, BI development, or data engineering.\nStrong experience with Power BI (DAX, Power Query) and designing self-service reporting solutions.\nSolid SQL skills and experience working with EDW.\nProficiency with Alteryx, Informatica, and MS Azure Data Factory for ETL.\nUnderstanding of HR, Finance, Supply Chain, or Clinical data domains is a plus.\nExcellent communication, problem-solving, and stakeholder management skills.",Login to check your skill match score,Permanent Job,"MS Azure Data Factory, Alteryx, Power Bi, Informatica, Power Query, Dax, Sql",2026-02-04 01:04:07
Data Analyst,Zensar Technologies,7-10 Years,,"Mumbai, India","Job Description\n\nExperience: 7-10 years\nPower BI\nSQL,\nMicrosoft Fabric\nAdvanced Excel\nData analysis (Data set handling)\nGraphs\nDomain: Lending (preferable)\n\nResponsibilities\n\nExperience: 7-10 years\nPower BI\nSQL,\nMicrosoft Fabric\nAdvanced Excel\nData analysis (Data set handling)\nGraphs\nDomain: Lending (preferable)\n\nQualifications\n\nExperience: 7-10 years\nPower BI\nSQL,\nMicrosoft Fabric\nAdvanced Excel\nData analysis (Data set handling)\nGraphs\nDomain: Lending (preferable)",Login to check your skill match score,Permanent Job,"Data Analysis, Graphs, Microsoft Fabric, Data set handling, Power Bi, Advanced Excel, Sql",2026-02-05 01:00:11
Data Analyst,Tata Consultancy Services,5-13 Years,,"Bengaluru, India","Job title: Data Analyst\nJob Location: Bangalore\nExperience : 5-13 years\nVirtual Interview : 28th Nov (Friday)\nJob Description:\nVisualization and Reporting Tools (e.g., PowerBI, Tableau), good data analytics and better communication skills\nVisualization and Reporting Tools (e.g., PowerBI, Tableau),\nGood data analytics\nExcellent communication skills within wholesaler to understand the question from vendors\nGetting the requirements through product team\nPerforming the analysis on the data based on the query or request from the client\nEnsure the quality/authenticity of data flow between systems\nPower BI, Tableau, and any other digitization dashboard hands-on",Login to check your skill match score,Permanent Job,"digitization dashboard, Data Analytics, Powerbi, Tableau",2026-02-05 01:00:14
Data Analyst,Tata Consultancy Services,5-13 Years,,"Bengaluru, India","Job title: Data Analyst\nJob Location: Bangalore\nExperience : 5-13 years\nVirtual Interview : 28th Nov (Friday)\nJob Description:\nVisualization and Reporting Tools (e.g., PowerBI, Tableau), good data analytics and better communication skills\nVisualization and Reporting Tools (e.g., PowerBI, Tableau),\nGood data analytics\nExcellent communication skills within wholesaler to understand the question from vendors\nGetting the requirements through product team\nPerforming the analysis on the data based on the query or request from the client\nEnsure the quality/authenticity of data flow between systems\nPower BI, Tableau, and any other digitization dashboard hands-on",Login to check your skill match score,Permanent Job,"digitization dashboard, Data Analytics, Powerbi, Tableau",2026-02-05 01:00:15
Data Analyst - Senior,FedEx,2-5 Years,,"Bengaluru, India","Responsible for conducting data analysis to extract actionable insights, exploring datasets to uncover patterns and anomalies, analyzing historical data for trend identification and forecasting, investigating data discrepancies, providing user training and support on data analysis tools, communicating findings through compelling visualizations, supporting data projects, and ensuring data accuracy and integrity.\n\nGrade : T4\n\nPlease note that the Job will close at 12am on Posting Close date, so please submit your application prior to the Close Date\n\nWhat Your Main Responsibilities Are\n\nConduct data analysis to extract actionable insights and drive decision-making.\nExplore and visualize datasets to uncover patterns, trends, and anomalies.\nAnalyze historical data to identify trends and develop forecasts for future performance.\nInvestigate and identify root causes of issues or discrepancies in data.\nProvide training and support to users on data analysis tools and techniques.\nCommunicate findings and insights through compelling data visualizations and narratives.\nSupport data-related projects by providing analytical expertise and insights.\nEnsure data accuracy, completeness, and integrity through quality assurance processes.\n\nWhat You'll Be Working On\n\nEducation: Bachelor's degree or equivalent in Computer Science, MIS, Mathematics, Statistics, or similar discipline. Master's degree or PhD preferred.\n\nRelevant work experience as in data analysis based on the following number of years:\n\nStandard I: Two (2) years\n\nStandard II: Three (3) years\n\nSenior I: Four (4) years\n\nSenior II: Five (5) years\n\nKnowledge, Skills And Abilities\n\nFluency in English\nAnalytical Skills\nAccuracy & Attention to Detail\nNumerical Skills\nPlanning & Organizing Skills\nPresentation Skills\nStatistical Knowledge\nData Modeling and Visualization Skills\n\nFedEx was built on a philosophy that puts people first, one we take seriously. We are an equal opportunity/affirmative action employer and we are committed to a diverse, equitable, and inclusive workforce in which we enforce fair treatment, and provide growth opportunities for everyone.\n\nAll qualified applicants will receive consideration for employment regardless of age, race, color, national origin, genetics, religion, gender, marital status, pregnancy (including childbirth or a related medical condition), physical or mental disability, or any other characteristic protected by applicable laws, regulations, and ordinances.\n\nOur Company\n\nFedEx is one of the world's largest express transportation companies and has consistently been selected as one of the top 10 World's Most Admired Companies by Fortune magazine. Every day FedEx delivers for its customers with transportation and business solutions, serving more than 220 countries and territories around the globe. We can serve this global network due to our outstanding team of FedEx team members, who are tasked with making every FedEx experience outstanding.\n\nOur Philosophy\n\nThe People-Service-Profit philosophy (P-S-P) describes the principles that govern every FedEx decision, policy, or activity. FedEx takes care of our people; they, in turn, deliver the impeccable service demanded by our customers, who reward us with the profitability necessary to secure our future. The essential element in making the People-Service-Profit philosophy such a positive force for the company is where we close the circle, and return these profits back into the business, and invest back in our people. Our success in the industry is attributed to our people. Through our P-S-P philosophy, we have a work environment that encourages team members to be innovative in delivering the highest possible quality of service to our customers. We care for their well-being, and value their contributions to the company.\n\nOur Culture\n\nOur culture is important for many reasons, and we intentionally bring it to life through our behaviors, actions, and activities in every part of the world. The FedEx culture and values have been a cornerstone of our success and growth since we began in the early 1970's. While other companies can copy our systems, infrastructure, and processes, our culture makes us unique and is often a differentiating factor as we compete and grow in today's global marketplace.",Login to check your skill match score,Permanent Job,"Data Analysis, Statistical Knowledge, Data Modeling, Data Visualization",2026-02-05 01:00:16
Fraud Data Analyst,Airtel Payments Bank,10-12 Years,,"Gurugram, Gurugram, India","Fraud Analytics\n1. Develop Fraud Detection Models: Design and deploy predictive analytics models and machine learning algorithms to identify suspicious activities and patterns.\n2. Enhance Systems: Continuously optimize fraud monitoring systems to improve detection accuracy and reduce false positives.\n3. Data-Driven Insights: Analyze internal and external data sources to identify vulnerabilities and recommend proactive measures.\n4. Performance Metrics: Define and track key performance indicators (KPIs) to measure the effectiveness of fraud detection strategies.\nMarket Intelligence\n1. Industry Monitoring: Stay updated on emerging fraud tactics, industry benchmarks, and regulatory changes.\n2. Competitor Analysis: Analyze competitors risk management strategies to identify opportunities for improvement.\n3. Market Trends: Provide actionable insights from market intelligence to inform strategic decision-making.\nTeam Leadership\n1. Build and Lead: Recruit, develop, and mentor a high-performing team of data analysts, data scientists, and market intelligence specialists.\n2. Stakeholder Collaboration: Work closely with risk management, compliance, IT, and other departments to ensure alignment and effective communication.\n.\nQualifications\nEducation\nMaster's degree in data science, Statistics, Economics, Business Administration, or a related field.\nExperience\n10+ years of experience in fraud analytics, risk management, or data analytics\nProven track record of developing and implementing fraud detection systems.\nExperience with market intelligence tools and competitive analysis.\nTechnical Skills\nExpertise in data analytics tools (e.g., Python, R, SQL, SAS).\nFamiliarity with machine learning platforms and fraud detection software.\nKnowledge of industry-specific regulations and compliance standards.\nKey Competencies\nStrong analytical and problem-solving skills.\nExcellent leadership and team-building abilities.\nStrategic thinker with strong business acumen.\nEffective communicator with the ability to convey complex data insights to non-technical stakeholders.",Login to check your skill match score,Permanent Job,"machine learning platforms, R, fraud detection software, SAS, Sql, Python",2026-02-05 01:00:17
Reference Data Analyst,JP Morgan Chase & Co.,3-5 Years,,Bengaluru,"Join a dynamic team dedicated to ensuring the integrity and compliance of client reference data across multiple business lines and locations.\nDrive operational excellence and regulatory compliance by managing critical client reference data across global business lines.\nJob Summary\nParty Reference Data Operations team supports compliance and manages and maintains reference data to ensure that our customers, employees, and lines of business are in adherence with firm standards and required regulations.\nEfficiently manage and maintain client reference data across multiple business lines and locations, ensuring timely and authorized data actions.\nAs a Reference Data Analyst, you will manage and maintain Client reference data within the Internal Systems applications. This role involves liaising with requestors and business partners, conducting data analysis, and maintaining MIS reports, while valuing strong analytical skills and teamwork\nJob Responsibilities\nCreate and maintain client reference data in system applications\nValidate and diligently review documentation for accuracy and completeness\nMaintain a high level of accuracy in all processed tasks\nEnsure procedural guidelines are consistently followed\nProactively resolve open issues and escalations, keeping management informed\nLiaise and partner with requestors and business partners as required\nConduct data analysis, research, and remediation functions as needed\nMaintain and produce MIS reports as required\nRequired Qualifications, Skills and Capabilities\nUniversity graduate with 3+ years experience in financial services or related industries\nDemonstrated client service and communication skills\nFlexible to work in shifts and deliver effectively as part of a team\nStrong attention to detail and reasoning ability\nPreferred Qualifications, Skills and Capabilities\nExperience with MIS reporting and advanced Excel\nProven ability to manage multiple tasks efficiently\nStrong analytical and problem-solving skills\nAbility to adapt quickly to changing business requirements",Banking/Accounting/Financial Services,Permanent Job,"Data Analysis, MIS Reporting, Advanced Excel",2026-02-05 01:00:18
"Senior Data Analyst, Product Performance Analytics",Levi Strauss & Co.,3-5 Years,,"Bengaluru, India","Calling all originals: At Levi Strauss & Co., you can be yourself and be part of something bigger. We're a company of people who like to forge our own path and leave the world better than we found it. We believe that what makes us different makes us stronger. So add your voice. Make an impact. Find your fit and your future.\n\nAs a Senior Data Analyst on the Global Merchandise Planning Insights team, you will play a key role in driving strategic planning and performance analysis across global product categories. Based in India, you will support the Manager in delivering financial insights, enabling data-driven decisions, and aligning global strategies with regional execution. This role requires strong analytical capabilities, cross-functional collaboration, and a passion for retail metrics and storytelling through data.\n\nKey Responsibilities\n\nPartner with the Manager to support global merchandise financial planning (MFP) processes across gender, category, and class levels.\nAnalyze seasonal assortment frameworks and long-range category plans in collaboration with global and cluster teams.\nDeliver weekly in-season performance recaps, highlighting risks and opportunities to optimize inventory and sales.\nContribute to seasonal hindsight recaps and support MBR/QBR preparation with clear financial narratives.\nAssist in preparing global buy review and investment review materials for executive-level decision-making.\nProvide financial inputs during pre-season development milestones, identifying risks and opportunities to revenue and margin targets.\nTrack performance of key product stories, new fits, and seasonal initiatives to inform future planning cycles.\nConduct ad hoc deep dives into product, category, or channel performance and deliver insights to cross-functional partners.\n\nQualifications\n\nBachelor's degree in Business, Finance, Data Analytics, or a related field.\n35 years of experience in merchandise planning, data analytics, or business intelligence.\nStrong understanding of retail metrics (e.g., AOV, UPT, sell-through, margin, inventory turns).\nProficiency in financial modeling, forecasting, and statistical analysis.\nAbility to synthesize complex data into actionable insights and communicate effectively across teams.\nExperience working with global teams and flexibility to collaborate across time zones.\nStrong Excel and data visualization skills; familiarity with tools like Tableau, Power BI, or similar is a plus.\n\nAdditional Details\n\nThis role is based in India and will work closely with remote global teams.\nFlexibility to collaborate across time zones is essential.\n\nBenefits\n\nWe put a lot of thought into our programs to provide you with a benefits package that matters. Whether it is for medical care, taking time off, improving your health or planning for retirement, we've got you covered.\n\nHere's a Small Snapshot\n\nComplimentary preventive health check-up for you & your spouse\nOPD coverage\nBest in class leave plan including paternity & family care leaves\nCounselling sessions to prioritize mental well-being\nExclusive discount vouchers on Levi's products\n\nWe are an Equal Opportunity Employer committed to empowering individuals from all walks of life to achieve their professional goals with us, regardless of race, religion, gender, gender identity, pregnancy, disability, sexual orientation, age, national origin, citizenship status, or genetic information. We actively seek and encourage applications from diverse candidates, including those with disabilities, and offer accommodations throughout the selection process upon request. To ensure that our products and culture continue to incorporate everyone's perspectives and experience, we never discriminate based on race, religion, national origin, gender identity or expression, sexual orientation, age, or marital, veteran, or disability status.\n\nLOCATION\n\nIndia, Bangalore - Office\n\nFULL TIME/PART TIME\n\nFull time\n\nCurrent LS&Co Employees, apply via your Workday account.",Login to check your skill match score,Permanent Job,"business intelligence, Forecasting, Financial Modeling, Merchandise Planning, Data Analytics, Power Bi, Data Visualization, Tableau, Excel, Statistical Analysis",2026-02-05 01:00:20
Data Analyst,Blink Digital,Fresher,,India,"We are looking for a Data Analyst to join our Media team. In this role, you will be responsible for analyzing media performance data, deriving insights, and providing actionable recommendations to optimize campaigns and content strategies. You'll work closely with the marketing, social media, and creative teams to ensure data-driven decisions that maximize reach, engagement, and ROI.\n\nHere's what you should know if you want to be an Data Analyst at Blink:\n\nOn any given day you might\n\nCollect, clean, and analyze media performance data across platforms (digital, social, paid, earned, and owned media).\nBuild and maintain dashboards and reports to track KPIs such as reach, impressions,\n\nengagement, conversions, and ROI.\n\nPerform deep-dive analysis to identify trends, audience behaviors, and campaign effectiveness.\nProvide actionable insights and recommendations to optimize media strategies.\nCollaborate with cross-functional teams (Marketing, Content, PR, and Creative) to align data findings with business goals.\nDevelop predictive models and use statistical techniques to forecast campaign outcomes.\nEnsure accuracy and integrity of data used for reporting and decision-making.\nStay updated on media analytics tools, industry benchmarks, and emerging trends.\n\nThe ideal person\n\nBachelor's degree in Data Analytics, Statistics, Marketing, Business, or a related field (Master's preferred).\nProven experience as a Data Analyst, ideally within a media, marketing, or digital environment.\nStrong proficiency in SQL, Excel, and BI tools (Power BI, Tableau, or similar).\nHands-on experience with media and social analytics platforms (Google Analytics, Meta Ads Manager, YouTube Analytics, etc.).\nUnderstanding of digital marketing metrics, attribution models, and campaign measurement frameworks.\nStrong analytical, problem-solving, and critical-thinking skills.\nExcellent communication skills, with the ability to translate data into compelling stories for non-technical stakeholders.\nAttention to detail and a passion for uncovering insights that drive impac\n\nSkills: analytics,campaign effectiveness,data",Login to check your skill match score,Permanent Job,"Meta Ads Manager, YouTube Analytics, Power Bi, Tableau, Excel, Google Analytics, Sql",2026-02-05 01:00:21
Data Analyst,Skillzenloop,Fresher,,India,"Company: SkillzenLoop\nJob Type: Full-Time\nLocation: Remote\nSalary: 3.5 LPA (Based on skills & performance)\nExperience: Fresher 1 Year\n\nAbout SkillzenLoo\np\nSkillzenLoop is a talent and technology solutions company helping businesses become data-driven through actionable analytics and smart reporting systems. We work with multiple industries to improve performance, productivity, and customer experience using modern data insight\ns.\nRole Overv\niew\nWe are looking for an ambitious Data Analyst who has a strong analytical mindset and curiosity to explore data. In this role, you will collect data, create visual analytics, and support strategic decision-making through meaningful insig\nhts.\nKey Responsibil\nities Analyze large datasets to identify patterns, trends, and performance met\nrics. Build insightful dashboards and reports using Power BI / Excel / Tab\nleau. Perform data cleaning, validation, and transformation to maintain accu\nracy. Work closely with stakeholders to understand business needs and translate them into data solut\nions. Support data automation, process improvement, and decision-making funct\nions. Present data findings through clear visualizations and storytel\nling. Ensure data security, consistency, and documentation across all analytics t\nasks.\nRequired Skills & Qualific\nations Bachelor's degree in Data Science, Computer Science, Statistics, Mathematics, Economics, or a closely related\nfield. Proficiency in Excel and understanding of basic stati\nstics. Working knowledge of SQL for data extraction and filt\nering. Knowledge of Python (Pandas, NumPy) is a\nplus. Strong attention to detail with problem-solving ab\nility. Effective communication skills for both technical and business conversa\ntions.\nPreferred Skills\n(Bonus) Experience with BI dashboards (Power BI, T\nableau) Data storytelling & business presentation\nskills Knowledge of data quality and automation pr\nocesses\nWhat\nWe Offer Annual package of 3\n.5 Lakhs Completely Remote working fle\nxibility Continuous learning and mentorship from skilled data profe\nssionals Friendly and supportive work env\nironment Growth path into Senior Analyst or Data Scienti\nst roles",Login to check your skill match score,Permanent Job,"Numpy, Pandas, Power Bi, Excel, Sql, Python",2026-02-05 01:00:22
Data Analyst,Skillzenloop,Fresher,,India,"Company: SkillzenLoop\nJob Type: Full-Time\nLocation: Remote\nSalary: 3.5 LPA (Based on skills & performance)\nExperience: Fresher 1 Year\n\nAbout SkillzenLoo\np\nSkillzenLoop is a talent and technology solutions company helping businesses become data-driven through actionable analytics and smart reporting systems. We work with multiple industries to improve performance, productivity, and customer experience using modern data insight\ns.\nRole Overv\niew\nWe are looking for an ambitious Data Analyst who has a strong analytical mindset and curiosity to explore data. In this role, you will collect data, create visual analytics, and support strategic decision-making through meaningful insig\nhts.\nKey Responsibil\nities Analyze large datasets to identify patterns, trends, and performance met\nrics. Build insightful dashboards and reports using Power BI / Excel / Tab\nleau. Perform data cleaning, validation, and transformation to maintain accu\nracy. Work closely with stakeholders to understand business needs and translate them into data solut\nions. Support data automation, process improvement, and decision-making funct\nions. Present data findings through clear visualizations and storytel\nling. Ensure data security, consistency, and documentation across all analytics t\nasks.\nRequired Skills & Qualific\nations Bachelor's degree in Data Science, Computer Science, Statistics, Mathematics, Economics, or a closely related\nfield. Proficiency in Excel and understanding of basic stati\nstics. Working knowledge of SQL for data extraction and filt\nering. Knowledge of Python (Pandas, NumPy) is a\nplus. Strong attention to detail with problem-solving ab\nility. Effective communication skills for both technical and business conversa\ntions.\nPreferred Skills\n(Bonus) Experience with BI dashboards (Power BI, T\nableau) Data storytelling & business presentation\nskills Knowledge of data quality and automation pr\nocesses\nWhat\nWe Offer Annual package of 3\n.5 Lakhs Completely Remote working fle\nxibility Continuous learning and mentorship from skilled data profe\nssionals Friendly and supportive work env\nironment Growth path into Senior Analyst or Data Scienti\nst roles",Login to check your skill match score,Permanent Job,"Numpy, Pandas, Power Bi, Excel, Sql, Python",2026-02-05 01:00:23
Data Analyst,Confidential,3-5 Years,,India,"Data Analyst | Full-Time\nWe are a trusted recruitment partner dedicated to connecting exceptional professionals with innovative organizations. We are hiring on behalf of a fast-growing software company headquartered in Riyadh, seeking a highly skilled and analytical Data Analyst to join their dynamic team. This is a full-time remote role.\nAbout the Role\nAs a Data Analyst, you will be responsible for collecting, interpreting, and transforming data into actionable insights that support strategic decision-making. You will collaborate closely with product, engineering, and business teams to optimize performance, identify trends, and help shape the company's data-driven culture.\nKey Responsibilities\nCollect, clean, and analyze large datasets to ensure accuracy and integrity.\nBuild and maintain dashboards, reports, and visualizations to track KPIs and business performance.\nProvide data-driven insights and recommendations to support product development and strategic initiatives.\nWork with stakeholders to define data requirements and deliver analytical solutions.\nIdentify trends, patterns, and anomalies to drive business improvements and efficiencies.\nCollaborate with engineering teams to enhance data pipelines and ensure reliable data flow.\nDocument methodologies, processes, and findings for internal use and knowledge sharing.\nQualifications\nBachelor's degree in Data Science, Statistics, Computer Science, or a related field.\n3+ years of experience as a Data Analyst, preferably within a software or tech company.\nStrong proficiency in SQL and experience with data visualization tools (e.g., Tableau, Power BI, Looker).\nFamiliarity with Python, R, or other data analysis languages is a plus.\nExcellent analytical and problem-solving skills with attention to detail.\nAbility to translate complex data into clear, actionable insights.\nStrong communication skills and ability to collaborate effectively in a remote team environment.\nFluency in English is required; Arabic is an advantage.\nWhat's Offered\nCompetitive compensation package.\nOpportunity to work with an innovative software company leveraging data to drive growth.\nExposure to exciting projects with cross-functional teams.\nCareer growth potential in a data-driven, collaborative environment.\nApply Now\nIf you are a data professional passionate about turning numbers into meaningful business insights, we would love to hear from you.",Login to check your skill match score,Permanent Job,"R, Looker, Power Bi, Tableau, Sql, Python",2026-02-05 01:00:24
Data Analyst,Nestaway,2-4 Years,,"Bengaluru, India","Job Title: Data Analyst\nCompany: Nestaway Technologies Pvt. Ltd.\nLocation: HSR, Bangalore (On-site)\nExperience: 2+ Years\nAbout Nestaway\nNestaway is one of India's leading co-living and rental housing platforms, simplifying long-term stays through technology-led solutions and strong operational networks. We are building a seamless and trusted rental experience for tenants and homeowners across major cities.\nRole Overview\nWe are seeking a Data Analyst who is detail-oriented, analytical, and passionate about turning data into meaningful insights. You will work closely with Operations, Sales, Finance, and Leadership teams to support data-driven decision-making across the organization.\nKey Responsibilities\nCollect, clean, transform, and analyze data from multiple internal systems.\nBuild dashboards, automated reports, and visualization models (Power BI / Tableau / Google Data Studio).\nIdentify trends, patterns, and insights to support business planning and performance reviews.\nCollaborate with cross-functional teams (Operations, Sales, Growth, Finance) to understand business requirements and provide data-backed recommendations.\nMonitor and maintain key business metrics and performance KPIs.\nSupport process optimization through data-driven problem solving.\nPrepare and present findings to internal stakeholders and leadership teams.\nRequired Skills\nStrong analytical and problem-solving abilities.\nProficiency in Excel (advanced), SQL (intermediate to strong), and at least one BI tool (Power BI / Tableau / Looker / GDS).\nBasic understanding of Python or R for data manipulation is a plus.\nAbility to work with large datasets and draw actionable insights.\nStrong communication skills with the ability to explain data-driven insights clearly.\nPreferred Qualifications\nBachelor's degree in Engineering, Mathematics, Statistics, Economics, Business Analytics, or a related field.\n12 years of hands-on experience in a Data Analyst or Business Analyst role.\nExperience in consumer tech, real-estate, SaaS, or operations-led organizations is an advantage.\nWhat We Offer\nOpportunity to work directly with leadership teams and drive real business impact.\nFast-growing environment with learning and development opportunities.\nOwnership, autonomy, and a transparent work culture.",Login to check your skill match score,Permanent Job,"Google Data Studio, R, Power Bi, Tableau, Excel, Sql, Python",2026-02-05 01:00:25
Data Analyst,Soul AI,Fresher,,"Kolkata, India","About Us:\nSoul AI is a cutting-edge AI data and quality operations company founded by IIT Bombay and IIM Ahmedabad alumni. With team members from leading institutions like IITs, NITs, and BITS, we specialize in human-in-the-loop AI systems, curated datasets, and high-precision domain evaluations. Located in San Francisco and Hyderabad, we focus on building AI that positively transforms businesses and society.\nAbout the Role:\nWe are looking for a Data Analyst to evaluate and refine data-oriented outputs generated by AI systems. You will analyze datasets, validate AI-generated insights, and enhance the model's ability to interpret patterns and derive meaningful conclusions. Your analytical expertise will directly influence the training of next-generation analytical AI tools.\nResponsibilities:\nAnalyze AI-generated data insights, reports, and dashboards.\nValidate statistical accuracy, data logic, and analytical reasoning.\nIdentify inconsistencies, anomalies, or incorrect interpretation\nProvide structured feedback to strengthen AI understanding of analytics.\nReview prompts involving data cleaning, EDA, visualization, and metrics.\nRequirements:\nStrong foundation in data analysis, Excel, SQL, and visualization tools.\nExperience with Python, Pandas, NumPy, or analytical workflows is a plus.\nUnderstanding of statistics, data validation, and business intelligence.\nDetail-oriented with strong problem-solving and reasoning skills.\nWhy Join Us\nWork on high-impact projects that contribute to building AI for Good.\nCollaborate with top-tier engineers and domain experts from IITs, NITs, and BITS.\nOpportunity to grow in a fast-paced, innovation-driven environment",Login to check your skill match score,Permanent Job,"Numpy, Pandas, Excel, Sql, Python",2026-02-05 01:00:26
Data Analyst,Appinventiv,2-5 Years,,"Noida, India","Company Description\nAppinventiv is a leading global product development and digital transformation agency, specializing in mobile experiences through transformative technology. With a team of over 1500 mobile experts, we bridge the gap between ideas and reality for disruptive startups and Fortune companies. Recognized as the Best Place to Work 2022 and App Development Company of the Year 2020, our innovative work culture and focus on next-gen technologies drive our success and rapid growth.\nKey responsibilities\nCollect, clean, and analyze data from multiple sources to provide actionable insights.\nAssist in developing and maintaining dashboards and reports to track key business metrics.\nWork with cross-functional teams to understand their data needs and help optimize processes.\nPrepare data-driven presentations and reports for stakeholders.\nSupport the data team in improving data quality, collection, and reporting processes.\nQualifications\nStrong proficiency in Excel and Google Sheets for data manipulation.\n2-5 years of experience\nBasic knowledge of SQL and data visualization tools such as Power BI or Tableau.\nAnalytical mindset with an ability to interpret data trends and patterns.\nExcellent communication skills and the ability to collaborate with different teams.\nA Bachelor's degree in Data Science, Statistics, Mathematics, Computer Science, or a related field.\nEagerness to learn and grow in a fast-paced tech environment.",Login to check your skill match score,Permanent Job,"Power Bi, google sheets, Tableau, Excel, Sql",2026-02-05 01:00:28
Data Analyst,Delivery Hero,4-6 Years,,India,"About Delivery Hero India:\nDelivery Hero India is part of Delivery Hero Group, the world's leading local delivery platform. We operate in over 70+ countries worldwide, powered by tech but driven by people. Headquartered in Berlin, Germany. Delivery Hero has been listed on the Frankfurt Stock Exchange since 2017 and is part of the MDAX stock market index.\nAbout the role:\nWe are looking for a detail-oriented and analytical Data Analyst to join our team. The ideal candidate will excel in data exploration, visualization, and statistical analysis to support data-driven decision-making across the organization. You will collaborate closely with cross-functional teams to extract actionable insights from large datasets, develop intuitive dashboards, and provide data-backed recommendations that drive strategic initiatives.\nNote: This position requires the candidate to be based in India, with the flexibility to work remotely.\nResponsibilities:\nCollect, clean and analyze structured and unstructured data from multiple sources.\nDevelop reports and dashboards using tools like Tableau and Looker Studio\nWork with business stakeholders to identify KPIs and track performance metrics\nAutomate recurring data workflows and reporting processes to improve efficiency and reduce manual effort.\nTranslate business questions into analytical problems and deliver actionable insights and recommendations\nCollaborate with engineering teams to ensure data availability, quality and integrity\nSupport and mentor junior analysts to enhance team capability and foster a collaborative learning environment.\nRequirements:\nBachelor's degree in a quantitative field such as Statistics, Mathematics, Economics, Computer Science, or Engineering.\n4+ years of experience in a data analyst or similar role.\nAdvanced Proficiency in SQL and Intermediate Proficiency in Python\nIntermediate/Advanced Proficiency in Tableau\nExperience of working with large scale datasets and data warehouses such as BigQuery, Redshift or Snowflake\nAbility to interpret data, identify trends and make data-driven recommendations.\nExcellent communication and stakeholder management skills.\nWhy Join Delivery Hero India\nAt Delivery Hero India, we believe diversity and inclusion are key to creating not only an exciting product, but also an amazing customer and employee experience. Fostering this starts with hiring -- therefore we do not discriminate on the basis of racial identities, religious beliefs, color, national origin, gender identities or expressions, sexual orientations, age, marital or disability statuses, or any other aspect that makes you, you. Just be yourself and we can't wait to see what value you bring to the role. We're as interested in your character as we are in your talent.",Login to check your skill match score,Permanent Job,"snowflake, Looker Studio, BigQuery, Tableau, Redshift, Python, Sql",2026-02-05 01:00:29
Business Consulting - Data Analyst,NTT Data,5-7 Years,,"Chennai, India","NTT DATA strives to hire exceptional, innovative and passionate individuals who want to grow with us. If you want to be part of an inclusive, adaptable, and forward-thinking organization, apply now.\nWe are currently seeking a Business Consulting - Data Analyst to join our team in Chennai, Tamil Ndu (IN-TN), India (IN).\nJob Description\nWe are seeking an experienced(5+Years) Data Analyst to join our data-driven organization and play a key role across the end-to-end data lifecycle. The ideal candidate will have strong analytical skills, deep technical expertise in modern data platforms, and the ability to translate complex data insights into meaningful business outcomes. This role will work closely with engineering, data science, and business stakeholders to enable scalable analytics and support AI/ML initiatives.\nExperience across the data pipeline: acquisition, preparation, and architecture.\nStrong proficiency in SQL and Python for data analysis and automation.\nHands-on experience with Azure services, including deployment automation (PowerShell/Azure CLI).\nFamiliarity with modern data tools: Spark, Databricks, Hadoop, Kafka, and data warehousing.\nExposure to real-time data streaming and containerization (Docker, Kubernetes).\nUnderstanding of data engineering principles supporting AI/ML initiatives.\nExperience with Agile practices and collaborative team environments.\nExcellent communication skills and ability to translate technical insights into business value.\nAbout NTT DATA\nNTT DATA is a $30 billion business and technology services leader, serving 75% of the Fortune Global 100. We are committed to accelerating client success and positively impacting society through responsible innovation. We are one of the world's leading AI and digital infrastructure providers, with unmatched capabilities in enterprise-scale AI, cloud, security, connectivity, data centers and application services. our consulting and Industry solutions help organizations and society move confidently and sustainably into the digital future. As a Global Top Employer, we have experts in more than 50 countries. We also offer clients access to a robust ecosystem of innovation centers as well as established and start-up partners. NTT DATA is a part of NTT Group, which invests over $3 billion each year in R&D.\nWhenever possible, we hire locally to NTT DATA offices or client sites. This ensures we can provide timely and effective support tailored to each client's needs. While many positions offer remote or hybrid work options, these arrangements are subject to change based on client requirements. For employees near an NTT DATA office or client site, in-office attendance may be required for meetings or events, depending on business needs. At NTT DATA, we are committed to staying flexible and meeting the evolving needs of both our clients and employees. NTT DATA recruiters will never ask for payment or banking information and will only use @nttdata.com and @talent.nttdataservices.com email addresses. If you are requested to provide payment or disclose banking information, please submit a contact us form, .\nNTT DATA endeavors to make accessible to any and all users. If you would like to contact us regarding the accessibility of our website or need assistance completing the application process, please contact us at . This contact information is for accommodation requests only and cannot be used to inquire about the status of applications. NTT DATA is an equal opportunity employer. Qualified applicants will receive consideration for employment without regard to race, color, religion, sex, sexual orientation, gender identity, national origin, disability or protected veteran status. For our EEO Policy Statement, please click . If you'd like more information on your EEO rights under the law, please click . For Pay Transparency information, please click.",IT/Computers - Software,Permanent Job,"Ai, Azure services, real-time data streaming, data engineering principles, Azure CLI, Ml, Hadoop, PowerShell, Data Warehousing, Kafka, Sql, Docker, Spark, Databricks, Kubernetes, Python",2026-02-06 00:25:20
Data Analyst,Gartner,2-4 Years,,"Gurugram, India","About the role:\n\nThe Insights and Product Analytics team (IPA) organization is responsible for business performance of all research products and performs analysis related to all aspects of Gartner's Business and Technology Insights business unit . This includes client value drivers: Research content, Client interaction, and the insights in conferences and events. IPA also supports the BTI organization by enabling and performing analysis running from client retention analytics, associate performance analytics, budget and financial analysis (in partnership with the finance organization), and client demand sensing. We power fact-based decision making by providing data, insights, and analytic tools to continuously improve our business operationally and strategically.\n\nWe are looking for a Data analyst who has a passion for analytical problem solving to be part of our growing team. This individual will solve a wide range of problems related to content analytics, interaction and events analytics, demand sensing, staffing models, cost reporting, automation, expert performance analytics, standard reporting, and ad-hoc analytics. Individuals in this role will work closely with IPA leadership to structure problems, identify data sources, perform analysis, and communicate findings. Strong performers will build skills to independently own project workstreams and interact with stakeholders. Projects will include a mix of team problem solving and independent problem solving. Projects will also involve automation and collaboration with the Information Technology team.\n\nWhat you'll do:\n\nPartner with colleagues to do analysis that surfaces actionable insight for the BTI organization. Effectively communicate findings to drive adoption and implementation. Build dashboards and reporting.\nProject ownership: Contribute to key projects following rollout plan, success criteria and metrics.\nDomain expertise: Become a deep subject-matter expert on Gartner's data, analytic tools, reports & data infrastructure. Take responsibility for problem solving, root cause analysis, and devising testing methodologies for validation and articulately explaining data sources to senior audiences.\nContinuous improvement: Support and enable improvement initiatives related both to IPA deliverables (e.g. new, innovative data sources, analytic insights, tools) as well as operational process improvement (e.g. improving IPA processes and communications).\nCollaborate with the Information Technology team and data scientists to ensure data quality, integrity, and consistency.\n\nWhat you'll need:\n\nExperience: 2-3 years of experience involving analysis of large volumes of data with strong hands-on experience with analytical tools. Ability to gather, analyze, restructure, identify and articulate insights from qualitative and quantitative data.\nEducation: Bachelor's Degree, preferably with quantitative concentration (e.g., statistics, data science, mathematics, engineering, operational research, computer science, or economics).\nExceptional problem solving: Proven track record of solving complex problems, thinking creatively, and using data to tell a story.\nLeadership: Shown ability to engage teams and key stakeholders.\nTechnical competency: Advanced Excel and PowerPoint. SQL, Python/R, Databricks, Basics of Data Science\nCollaboration: Strong collaboration and influencing\nCommunication: Strong verbal and written communication as well as the ability to work independently.\nLocation: Gartner offers a hybrid, flexible environment, with remote work that allows associates great flexibility to work from home, and opportunities to connect with colleagues for moments that matter on-site. Candidates that apply will need to reside within a reasonable proximity to a Gartner's Centers of Excellence office location (Gurgaon)\n\nWhat you will get:\n\nCompetitive salary, generous paid time off policy, charity match program, Group Medical Insurance, Parental Leave, Employee Assistance Program (EAP) and more!\nCollaborative, team-oriented culture that embraces diversity\nProfessional development and unlimited growth opportunities\n\nWho are we\n\nAt Gartner, Inc. (NYSE:IT), we guide the leaders who shape the world.\n\nOur mission relies on expert analysis and bold ideas to deliver actionable, objective business and technology insights, helping enterprise leaders and their teams succeed with their mission-critical priorities.\n\nSince our founding in 1979, we've grown to 21,000 associates globally who support 14,000 client enterprises in 90 countries and territories. We do important, interesting and substantive work that matters. That's why we hire associates with the intellectual curiosity, energy and drive to want to make a difference. The bar is unapologetically high. So is the impact you can have here.\n\nWhat makes Gartner a great place to work\n\nOur vast, virtually untapped market potential offers limitless opportunities opportunities that may not even exist right now for you to grow professionally and flourish personally. How far you go is driven by your passion and performance.\n\nWe hire remarkable people who collaborate and win as a team. Together, our singular, unifying goal is to deliver results for our clients.\n\nOur teams are inclusive and composed of individuals from different geographies, cultures, religions, ethnicities, races, genders, sexual orientations, abilities and generations.\n\nWe invest in great leaders who bring out the best in you and the company, enabling us to multiply our impact and results. This is why, year after year, we are recognized worldwide as a great place to work.\n\nWhat do we offer\n\nGartner offers world-class benefits, highly competitive compensation and disproportionate rewards for top performers.\n\nIn our hybrid work environment, we provide the flexibility and support for you to thrive working virtually when it's productive to do so and getting together with colleagues in a vibrant community that is purposeful, engaging and inspiring.\n\nReady to grow your career with Gartner Join us.\n\nThe policy of Gartner is to provide equal employment opportunities to all applicants and employees without regard to race, color, creed, religion, sex, sexual orientation, gender identity, marital status, citizenship status, age, national origin, ancestry, disability, veteran status, or any other legally protected status and to seek to advance the principles of equal employment opportunity.\n\nGartner is committed to being an Equal Opportunity Employer and offers opportunities to all job seekers, including job seekers with disabilities. If you are a qualified individual with a disability or a disabled veteran, you may request a reasonable accommodation if you are unable or limited in your ability to use or access the Company's career webpage as a result of your disability. You may request reasonable accommodations by calling Human Resources at +1 (203) 964-0096 or by sending an email to [HIDDEN TEXT].\n\nJob Requisition ID:107703\n\nBy submitting your information and application, you confirm that you have read and agree to the country or regional recruitment notice linked below applicable to your place of residence.\n\nGartner Applicant Privacy Link: https://jobs.gartner.com/applicant-privacy-policy\n\nFor efficient navigation through the application, please only use the back button within the application, not the back arrow within your browser.",Login to check your skill match score,Permanent Job,"R, Powerpoint, Data Science, Advanced Excel, Databricks, Python, Sql",2026-02-07 00:55:25
Data Analyst-Data Governance,IDFC FIRST Bank,1-3 Years,,"Thane, India","Job Requirements\n\nRole/ Job Title: Analyst-Data governance\n\nBusiness: Data & Analytics\n\nFunction/ Department: Data & Analytics\n\nPlace of Work: Mumbai\n\nJob Purpose\n\nSenior data Analyst (DG) will work within Data & Analytics Office to implement data governance framework with a focus on improvement of data quality, standards, metrics, processes. Align data management practices with regulatory requirements. Understanding of lineage How the data is produced, managed and consumed within the Banks business process and system. .\n\nRoles & Responsibilities\n\nDesign and implement data quality rules, Monitoring mechanism\nAnalyze data quality issue and collaborate with business stakeholders to address the issue resolution, Build recovery model across Enterprise.\nknowledge of DG technologies for data quality and metadata management (Ovaledge, Talend, Collibra etc)\nSupport in development of Centralized Metadata repositories (Business glossary, technical metadata etc), Captures business/Data quality rules and design DQ reports & Dashboards\nMinimum 1 to 2 years of experience in Data governance\n\nKey Success Metrics\n\nSuccessful implementation of DQ framework across business line.",Login to check your skill match score,Permanent Job,"Ovaledge, Data Quality, Metadata Management, Collibra, Data Governance, Talend",2026-02-07 00:55:26
Data Analyst-Data Governance,IDFC FIRST Bank,1-3 Years,,"Thane, India","Job Requirements\n\nRole/ Job Title: Analyst-Data governance\n\nBusiness: Data & Analytics\n\nFunction/ Department: Data & Analytics\n\nPlace of Work: Mumbai\n\nJob Purpose\n\nSenior data Analyst (DG) will work within Data & Analytics Office to implement data governance framework with a focus on improvement of data quality, standards, metrics, processes. Align data management practices with regulatory requirements. Understanding of lineage How the data is produced, managed and consumed within the Banks business process and system. .\n\nRoles & Responsibilities\n\nDesign and implement data quality rules, Monitoring mechanism\nAnalyze data quality issue and collaborate with business stakeholders to address the issue resolution, Build recovery model across Enterprise.\nknowledge of DG technologies for data quality and metadata management (Ovaledge, Talend, Collibra etc)\nSupport in development of Centralized Metadata repositories (Business glossary, technical metadata etc), Captures business/Data quality rules and design DQ reports & Dashboards\nMinimum 1 to 2 years of experience in Data governance\n\nKey Success Metrics\n\nSuccessful implementation of DQ framework across business line.",Login to check your skill match score,Permanent Job,"Ovaledge, Data Quality, Metadata Management, Collibra, Data Governance, Talend",2026-02-07 00:55:26
Business Data Analyst,Papigen,8-10 Years,,India,"Job Summary\n\nWe are seeking an experienced Senior Data Analyst / Business Data Analyst with strong expertise in financial data, reporting, and analytics. The role involves working closely with business stakeholders, technical teams, and offshore development resources to capture complex financial reporting requirements, perform data analysis and lineage, and deliver high-quality, data-driven solutions. The ideal candidate will have deep domain knowledge in financial accounting and investment operations data, strong SQL/PLSQL skills, and experience working in enterprise data environments using Agile methodologies.\n\nKey Responsibilities\n\nRequirements Gathering & Analysis\n\nCapture and document reporting, data, and analytics requirements for complex financial data sets including:\nFinancial Investment Operations data\nLoan and Equity Accounting data\nFinancial Expenses and Revenue data\nTreasury and other enterprise financial data sets\nElicit hidden and implicit requirements, clarify ambiguous inputs, and ensure formal sign-off from business stakeholders.\nTranslate business needs into functional and technical specifications for reporting and data solutions.\nData Analysis & Design\n\nPerform data analysis, data profiling, and data lineage from source systems through data repositories and reporting layers.\nMap source data to to-be data models and structures, ensuring accuracy and consistency.\nInterpret data meaning and context to enable advanced business insights.\n\nTechnical & Team Collaboration\n\nAct as a liaison between business users and technical teams, providing functional and technical guidance to offshore/onshore development teams.\nSupport development teams in translating requirements into scalable data and reporting solutions.\nReview data models, infer data flows, and validate ETL and reporting logic.\n\nTesting & Delivery\n\nCoordinate and support User Acceptance Testing (UAT) for reports and data-driven solutions.\nValidate data accuracy, completeness, and adherence to business requirements.\nAssist Program Managers in tracking deliverables using Agile/Scrum SDLC methodologies.\n\nGovernance & Operations\n\nProactively manage daily technical challenges and communicate risks, issues, and dependencies to management.\nDevelop and maintain process documentation, procedures, and handover artifacts for application support teams.\nEnsure adherence to data management best practices and quality standards.\n\nCore Experience\n\nRequired Skills & Experience\n\n8+ years of relevant experience in data analysis, reporting, or business data analysis roles.\nStrong experience working on large-scale data and reporting applications.\nSolid understanding of Operational Data Stores (ODS), Data Warehouses, and Data Marts.\n\nData & Technical Skills\n\nHands-on experience with relational databases, ETL fundamentals, transaction processing, and testing protocols.\nStrong proficiency in PL/SQL with the ability to write complex queries and analyze large datasets.\nAbility to read and interpret data models, understand data flows, and validate transformations.\nExperience with BI and reporting tools such as Power BI, SAP BO, Tableau, or similar platforms.\n\nData Management & Domain Knowledge\n\nStrong understanding of data management concepts including:\nData Quality\nData Lineage\nData Lifecycle Management\nMaster & Reference Data Management\nMetadata Management\nDomain expertise in financial and accounting data is essential.\nMethodologies & Tools\n\nExperience working in Agile/Scrum environments.\nFamiliarity with Azure DevOps or similar Agile project management tools.\nStrong process orientation across the SDLC: requirements analysis design development UAT handover.\n\nSoft Skills\n\nExcellent analytical, problem-solving, and logical reasoning abilities.\nHigh attention to detail with the ability to multitask and manage priorities.\nStrong oral and written communication skills.\nProven ability to work effectively with business stakeholders, IT teams, and senior management.\n\nNice to Have\n\nExperience working with financial services or investment operations data platforms.\nExposure to enterprise-scale reporting modernization or data transformation programs.\nIndustry certifications related to data, analytics, or finance.\n\nSkills: sap bo,ods,tableau,pl/sql,power bi,azure devops,etl,data warehouse,data analytics",Login to check your skill match score,Permanent Job,"data marts, Operational Data Stores, Power Bi, Sap Bo, data warehouses, Plsql, Tableau, Sql, Azure DevOps, Etl",2026-02-07 00:55:28
Data Analyst,Vensure Employer Solutions,6-8 Years,,"Noida, India","Job Summary:\nWe are seeking a skilled Report Developer with strong expertise in Sigma, Power BI, and advanced SQL to join our dynamic team. The ideal candidate will have end-to-end report development experience, a solid understanding of data visualization best practices, and a passion for building scalable, high-quality business intelligence solutions.\nKey Responsibilities:\nDesign, develop, and maintain interactive dashboards and reports using Power BI and Sigma.\nWrite complex SQL queries, stored procedures, and data transformations to extract and manipulate business data from multiple sources.\nCreate advanced data models and dimensional designs using DAX, Power Query, and data modeling best practices.\nDevelop ETL/ELT pipelines to connect, import, shape, and transform data from relational databases for business intelligence purposes.\nOptimize Power BI and Sigma report performance by fine-tuning data models, query execution, and refresh schedules.\nPublish and manage reports to Power BI Service, handle user access control, and manage permissions.\nCollaborate closely with business stakeholders to gather requirements and translate them into effective data visualizations and dashboards.\nCreate and maintain technical documentation for data models, reports, and ETL processes.\nParticipate in code reviews and contribute to continuous improvement of BI solutions.\nProvide post-implementation support and troubleshoot report-related issues.\nRequired Skills & Experience:\n68 years of hands-on experience in report development and business intelligence roles.\nExpert-level proficiency in Power BI including DAX, Power Query, and advanced report design.\nAdvanced experience in Sigma for creating interactive visualizations and business intelligence solutions.\nStrong SQL expertise with ability to write complex queries, stored procedures, functions, and views.\nSolid understanding of relational databases such as SQL Server, PostgreSQL, or MySQL.\nProficiency in data modeling, dimensional modeling, and data warehousing concepts.\nExperience with Azure Data Factory, SSIS, or similar ETL tools for data pipeline development.\nStrong analytical and critical thinking skills with ability to transform data into actionable insights.\nExperience with version control systems like Git.\nGood understanding of Agile/Scrum methodologies.\nStrong communication skills and ability to work effectively with business stakeholders and cross-functional teams.\nAbility to work independently and manage multiple priorities in a fast-paced environment.\nPreferred Qualifications:\nExperience with Azure Cloud Services (Azure Synapse Analytics, Azure Data Lake, etc.)\nKnowledge of Python or other scripting languages for data processing.\nExperience with other BI tools such as Tableau or Looker.\nFamiliarity with SSRS (SQL Server Reporting Services).\nExperience working in a data-driven organization with large-scale datasets.\nKnowledge of performance tuning and optimization techniques for large database systems.\nBachelor's degree in Computer Science, Business Analytics, Data Science, or related field.\nExperience with CI/CD pipelines and DevOps practices is a plus.",Login to check your skill match score,Permanent Job,"Sigma, Azure Data Factory, Power Bi, Data Warehousing, Dimensional Modeling, Data Modeling, SSIS, Power Query, Dax, Sql, Etl",2026-02-07 00:55:29
Sr Lead Data Analyst,Airtel Digital,8-10 Years,,"Gurugram, Gurugram, India","Airtel is a leading telecom provider with over 400 million subscribers. As a data-driven organization, we process 2 trillion events daily and store 100 PB of data, enabling smarter business decisions. With growing data demands and evolving use cases, we need faster, scalable decision-making powered by analytics and AI.\nAbout the role:\nAs a Sr .Lead Data Analyst at Airtel, you will play a pivotal role in driving data-backed decision-making by providing actionable insights across various business functions. You will work independently to analyze complex business data related to sales, revenue, customer experience, and financial operations (billing, payments, collections). You will also contribute to the development of AI-driven solutions that improve business performance and optimize processes.\nIn this role, you will take ownership of your deliverables and work directly with cross-functional teams, including Engineering, Marketing, Product, and Customer Experience, to ensure the successful execution of analytics initiatives. You will also be expected to set an example for high-quality execution, share best practices, and mentor junior analysts to build a strong analytics foundation within the team.\nKey Responsibilities:\nEnd-to-End Analytics Execution: Take ownership of data analysis projects, leveraging AI/ML to solve business problems and drive results in sales, billing, payments, and customer experience.\nMentorship & Best Practices: Lead by example in executing analytics tasks with high quality, sharing best practices, and mentoring junior analysts to build a strong analytics foundation.\nCollaboration: Work closely with cross-functional teams to provide data-driven insights that align with business objectives, ensuring actionable outcomes.\nAI & Data Insights: Apply machine learning models and predictive analytics to identify patterns, improve decision-making, and automate reporting.\nProblem Solving & Communication: Break down complex problems into structured analysis, and communicate insights clearly to the stakeholders.\nPreferred Qualifications:\nEducation: Bachelor's degree in a related field (e.g., Engineering, Data Science, Statistics, Business Analytics)\nExperience: 8-10 years in data analysis, with demonstrated ownership of end-to-end deliverables with clear business impact\nBusiness Knowledge: Strong understanding of business processes, including acquisition cycles, customer experience, workforce management.\nTechnical Expertise\nProficiency in data analysis and visualization tools (e.g., SQL, Python, Pyspark, Tableau, Power BI, Excel)\nUnderstanding of ETL pipelines, data warehousing, and cloud-based AI analytics platforms\nProficiency in A/B testing, cohort analysis, MECE methodologies, and predictive modelling\nAI/ML Knowledge\nSolid foundation in applying AI/ML techniques (Regression, Random Forest, Boosting techniques) to business data, including predictive analytics and anomaly detection.\nBasic experience with machine learning tools and frameworks such as Python, Scikit-Learn, or similar\nFamiliarity with Generative AI tools and their application in business intelligence and reporting is a plus\nMentorship & Leadership: Proven ability to mentor junior analysts and foster a collaborative, learning-oriented team environment.",Login to check your skill match score,Permanent Job,"MECE methodologies, cohort analysis, anomaly detection, Regression, machine learning tools, Scikit-Learn, cloud-based AI analytics platforms, Generative AI tools, Boosting techniques, ETL pipelines, Pyspark, Power Bi, Data Warehousing, Tableau, Random Forest, Sql, Excel, Python",2026-02-07 00:55:31
Healthcare Research & Data Analyst / Senior Healthcare Research & Data Analyst,Clarivate,5-7 Years,,"Noida, India","We are seeking an Analyst/Senior Analyst to join our highperforming CNS & Ophthalmology team in Noida. In this role, you will drive endtoend market research projectsfrom primary/secondary research, clinical trial assessment, and competitive intelligence to forecasting, and insight generation. You will produce sharp, clientready deliverables, manage full project lifecycles, and help shape strategic decisionmaking for global biopharma and pharma clients. If you bring expertise or enthusiasm for neurology, psychiatry, pain, or ophthalmology, we'd love to speak with you.\n\nAbout You Experience, Education, Skills, And Accomplishments\n\nMaster's or higher degree (Ph.D., MBA) and/or relevant experience in the biopharma, healthcare, market research, or financial sector.\nAt least 5 years of relevant experience in the healthcare, market research, biopharma, insights and analytics or related life sciences field is required; experience in or working with the pharmaceutical industry is highly desirable.\nStrong knowledge of and interest in contemporary biology, preferably in neuroscience.\nExcellent project management skills (ability to handle multiple projects for self to deadlines).\nExcellent attention to detail.\nAbility to communicate clearly, concisely and objectively in written and spoken English. Strong presentation skills are a must.\nA flexible and collaborative approach to work. Strong interpersonal communication skills, exudes positivity and can do attitude.\nEnthusiasm for CNS research and drug development.\n\nIt would be great if you also had . . .\n\nKnowledge of CNS indications (i.e., neurology, psychiatry and/or pain) or ophthalmology indications, therapeutics, markets, and key factors influencing them.\nAdvanced proficiency in Microsoft Excel, including using pivot tables and advanced formulas such as VLOOKUP, effective data organization strategies etc.\nExperience in analysing and interpreting complex data sets (e.g., SQL).\n\nWhat will you be doing in this role\n\nWrite high-quality, concise, and insightful market analysis deliverables designed for key decision-makers within the biopharmaceutical industry. Manage the execution of multiple projects with minimal supervision and as per required timelines.\nCritically analyse and interpret complex clinical data and commercial information from a multitude of sources and can draw conclusions, be decisive, and build market forecasts.\nEffectively and concisely communicate business insights through multiple formats (e.g., slide decks, live presentations).\nDevelop and apply a detailed understanding of CNS indications and drug development processes.\nConduct primary research via interviews and surveys with medical and health experts.\nDevelop and maintain productive relationships with clients; understand their needs and deliver solutions.\nField client queries and ad hoc requests with minimal supervision.\nCollaborate with Clarivate Sales and Marketing teams and contribute to corporate initiatives.\nMentor junior team members.\nStay abreast of events in CNS drug development.\nParticipate in department wide innovation and process improvement initiatives.\n\nAbout The Team\n\nAnalysts in Clarivate provide pharmaceutical, biotech, medical devices, financial services, and managed care companies with the analytics they need to compete and thrive in an increasingly competitive marketplace. Each year, these companies turn to us for their strategic planning, market development, technology management, and competitive intelligence requirements. The Biopharma team at Clarivate is a team of business insights analysts who design, research, author, and present market research studies on different indications to help pharmaceutical companies make decisions about the development of new drugs and management of marketed products.\n\nHours of Work\n\nHybrid work mode. The work timing is 12 9PM IST. This helps the team to have some overlap with their counterparts working in other offices in North America and Barcelona.\n\nAt Clarivate, we are committed to providing equal employment opportunities for all qualified persons with respect to hiring, compensation, promotion, training, and other terms, conditions, and privileges of employment. We comply with applicable laws and regulations governing non-discrimination in all locations.",Login to check your skill match score,Permanent Job,"project management, market research, clinical trial assessment, Forecasting, insight generation, Competitive Intelligence, Microsoft Excel, Sql",2026-02-07 00:55:32
Data Analyst I - (Salesforce),Barracuda Networks,2-4 Years,,"Bengaluru, India","Job ID 26-512\nCome join our passionate team! Barracuda is a leading cybersecurity company providing complete protection against complex threats. Our platform protects email, data, applications, and networks with innovative solutions, and a managed XDR service, to strengthen cyber resilience. Hundreds of thousands of IT professionals and managed service providers worldwide trust us to protect and support them with solutions that are easy to buy, deploy, and use.\nWe know a diverse workforce adds to our collective value and strength as an organization. Barracuda Networks is proud to be an employer that complies with all applicable national, state and local laws pertaining to nondiscrimination and equal opportunity regardless of race, gender, religion, sex, sexual orientation, national origin, or disability.\nEnvision yourself at Barracuda\nBarracudaNetworks is looking for a sharp, self-motivated, roll-up your sleeves type of individual who is willing to go the extra mile to help us support our expanding sales team. In this role, you will havea great opportunityto join a busy sales organization in the cyber-security space and as you learn more about the company, oursolutionsand internal systems/tools, you will help us drive greater productivity within our sales team\nWhat you will be working on\nUtilizing SFDC reports and cross-checking Salesforce opportunities for data discrepancies to ensure that opportunities are accurate at all stages of the sales cycle\nAnalyzing and ensuring accuracy of financial data in quotes/opportunities in Salesforce and adjusting as necessary to align with new go-to-market sales approach\nWorking alongside our Business Systems Team to implement fixes which improve operational workflows and data integrity\nTesting new features and procedures for systems enhancements and automation\nWhat you bring to the role\nMinimum 2 years experience using CRM tools, ideally salesforce.com\nUnderstanding of Microsoft Office Products\nExperience working in a customer centric sales environment is an advantage\nA driven self-starter who can learn on the fly\nExcellent time management and organizational skills, with the ability to manage multiple tasks and re-prioritize workflow as necessary\nAbility to work with a sense of urgency, while remaining laser-focused on attention to detail\nStrong customer first attitude\nA desire to find solutions to problems\nExceptional written and oral communication abilities\nWhat you'll get from us\nA team where you can voice your opinion, make an impact, and where you and your experience are valued. Internal mobility - there are opportunities for cross training and the ability to attain your next career step within Barracuda. In addition, you will receive equity, in the form of non-qualifying options.\n#LI-hybrid",Consulting/Advisory Services,Permanent Job,"Salesforce, CRM Tools, Microsoft Office Products",2026-02-07 00:55:33
Sr Data Analyst,Labcorp Drug Development,5-7 Years,,"Bengaluru, India","Sr. Analyst, Advanced Analytics\nLocation: Bangalore or Mumbai, India\nFunction: Marketing & Commercial Analytics\nExperience: 5+ years\nEmployment Type: Full-time\nAbout the Role\nLabcorp is hiring a Senior Data Analyst to join the Marketing team and help augment its capability in Market and Customer Analytics to further the utility of data assets towards business insight. This role will be an integral member of a team that is responsible for data-driven insights to inform marketing strategies, answer business questions, and help Labcorp better serve our customers. This role is designed for the AI-augmented workforce of the future, where human judgment, business context, and decision ownership are amplified by modern analytics and AI tools.\nThis is not a traditional reporting or MIS role. You will work closely with marketing and commercial leaders to shape decisions related to customer growth, marketing effectiveness, and investment prioritization-using advanced analytics, experimentation, and automation.\nThe ideal candidate combines strong analytical fundamentals, business acumen, and the ability to leverage AI as a productivity and insight multiplier, while remaining accountable for interpretation, validation, and recommendations. We're looking for someone who blends strategic thinking, strong data skills, and clear marketing communication-and who can use AI to meaningfully amplify impact.\nWhat You Will Do\nBusiness-Driven Analytics & Decision Support\nPartner with marketing and commercial stakeholders to translate business questions into structured analytical problems\nIdentify where analytics and AI can meaningfully improve decision-making (not just reporting)\nFull program responsibilities: partnering with stakeholders to identify key issues, define the problem, run the required analysis, and translate findings into clear recommendations.\nAI-Enabled Analytics Support (Preferred / Nice to Have)\nUse AI-assisted workflows to speed up data preparation, exploration, and quality checks to support visualization and reporting needs\nProvide occasional supporting analysis (primarily descriptive/diagnostic predictive/causal is a plus) to add context to dashboards and stakeholder questions\nLeverage AI tools responsibly for:\nFaster data exploration and pattern detection\nQuery/code assistance\nDrafting chart narratives or dashboard commentary (with human review)\nHuman judgment remains central you are accountable for accuracy and appropriate interpretation of outputs\nExperimentation & Measurement\nDesign and analyze A/B and multivariate experiments to measure marketing effectiveness\nApply causal thinking to quantify incremental impact and ROI\nHelp teams understand what is truly driving performance versus correlation or noise\nDashboards, Automation & Insight Products\nDesign decision-oriented dashboards and performance views for business users\nAutomate recurring analyses to reduce manual effort and increase consistency\nBuild reusable analytics assets rather than one-off analyses\nCollaboration & Data Stewardship\nWork closely with data engineering, platform, and governance teams to ensure data reliability and usability\nApply appropriate data privacy, compliance, and quality standards in all analyses\nAct as a thought partner to stakeholders-not a ticket-taker\nRequired Qualifications\nBachelor's degree in quantitative field (Data Science, Statistics, Mathematics, Computer Science, Engineering, or related discipline)\nA minimum of 5 years of experience in analytics supporting business decisions\nStrong hands-on experience with:\nSQL and querying large, complex datasets. PySpark experience is preferred.\nData analysis and statistical reasoning\nBusiness-facing dashboards and visualizations (Power BI, Tableau)\no\nCore Skills & Capabilities\nAnalytics & Technical Skills\nAdvanced SQL and experience working with enterprise data warehouses\nProficiency in Python or R for analysis and modeling\nExperience designing and interpreting experiments (A/B testing)\nAbility to work with imperfect, real-world data and still deliver actionable insights\nAI Readiness (Practical, Not Hype-Driven)\nHands-on experience using AI tools to augment analytics work (e.g., code acceleration, data exploration, insight summarization)\nFamiliarity with Generative AI workflows (e.g., using LLMs for automated sentiment analysis or data normalization)\nStrong judgment on when AI outputs can be trusted vs when deeper validation is required\nCuriosity and continuous-learning mindset toward emerging analytics and AI\nBusiness & Communication Skills\nAbility to translate ambiguous business problems into structured analytics\nStrong data storytelling skills-connecting insights to decisions and actions\nConfidence working with senior stakeholders\nBias toward action and measurable business impact\nPreferred Qualifications\nExperience in healthcare, life sciences, or other adjacent industries\nExperience with cloud analytics platforms such as Databricks or Snowflake and tools such as PySpark\nFamiliarity with data privacy and governance concepts (HIPAA, GDPR)\nExperience building reusable dashboards or analytics products\nWhy Join Labcorp in this role\nWork on high-impact commercial and marketing decisions at enterprise scale\nBe part of an analytics team redefining how AI and human judgment work together\nMove beyond reporting into true decision intelligence\nBuild skills that remain relevant as analytics and AI continue to evolve\nLabcorp is proud to be an Equal Opportunity Employer:\nLabcorp strives for inclusion and belonging in the workforce and does not tolerate harassment or discrimination of any kind. We make employment decisions based on the needs of our business and the qualifications and merit of the individual. Qualified applicants will receive consideration for employment without regard to race, religion, color, national origin, sex (including pregnancy, childbirth, or related medical conditions), family or parental status, marital, civil union or domestic partnership status, sexual orientation, gender identity, gender expression, personal appearance, age, veteran status, disability, genetic information, or any other legally protected characteristic. Additionally, all qualified applicants with arrest or conviction records will be considered for employment in accordance with applicable law.\nWe encourage all to apply\nIf you are an individual with a disability who needs assistance using our online tools to search and apply for jobs, or needs an accommodation, please visit ouror contact us at Formore information about how we collect and store your personal data, please see our.",Login to check your skill match score,Permanent Job,"R, Data analysis and statistical reasoning, Power Bi, Pyspark, Tableau, Sql, Python",2026-02-07 00:55:35
Sr Data Analyst,Labcorp Drug Development,5-7 Years,,"Bengaluru, India","Sr. Analyst, Advanced Analytics\nLocation: Bangalore or Mumbai, India\nFunction: Marketing & Commercial Analytics\nExperience: 5+ years\nEmployment Type: Full-time\nAbout the Role\nLabcorp is hiring a Senior Data Analyst to join the Marketing team and help augment its capability in Market and Customer Analytics to further the utility of data assets towards business insight. This role will be an integral member of a team that is responsible for data-driven insights to inform marketing strategies, answer business questions, and help Labcorp better serve our customers. This role is designed for the AI-augmented workforce of the future, where human judgment, business context, and decision ownership are amplified by modern analytics and AI tools.\nThis is not a traditional reporting or MIS role. You will work closely with marketing and commercial leaders to shape decisions related to customer growth, marketing effectiveness, and investment prioritization-using advanced analytics, experimentation, and automation.\nThe ideal candidate combines strong analytical fundamentals, business acumen, and the ability to leverage AI as a productivity and insight multiplier, while remaining accountable for interpretation, validation, and recommendations. We're looking for someone who blends strategic thinking, strong data skills, and clear marketing communication-and who can use AI to meaningfully amplify impact.\nWhat You Will Do\nBusiness-Driven Analytics & Decision Support\nPartner with marketing and commercial stakeholders to translate business questions into structured analytical problems\nIdentify where analytics and AI can meaningfully improve decision-making (not just reporting)\nFull program responsibilities: partnering with stakeholders to identify key issues, define the problem, run the required analysis, and translate findings into clear recommendations.\nAI-Enabled Analytics Support (Preferred / Nice to Have)\nUse AI-assisted workflows to speed up data preparation, exploration, and quality checks to support visualization and reporting needs\nProvide occasional supporting analysis (primarily descriptive/diagnostic predictive/causal is a plus) to add context to dashboards and stakeholder questions\nLeverage AI tools responsibly for:\nFaster data exploration and pattern detection\nQuery/code assistance\nDrafting chart narratives or dashboard commentary (with human review)\nHuman judgment remains central you are accountable for accuracy and appropriate interpretation of outputs\nExperimentation & Measurement\nDesign and analyze A/B and multivariate experiments to measure marketing effectiveness\nApply causal thinking to quantify incremental impact and ROI\nHelp teams understand what is truly driving performance versus correlation or noise\nDashboards, Automation & Insight Products\nDesign decision-oriented dashboards and performance views for business users\nAutomate recurring analyses to reduce manual effort and increase consistency\nBuild reusable analytics assets rather than one-off analyses\nCollaboration & Data Stewardship\nWork closely with data engineering, platform, and governance teams to ensure data reliability and usability\nApply appropriate data privacy, compliance, and quality standards in all analyses\nAct as a thought partner to stakeholders-not a ticket-taker\nRequired Qualifications\nBachelor's degree in quantitative field (Data Science, Statistics, Mathematics, Computer Science, Engineering, or related discipline)\nA minimum of 5 years of experience in analytics supporting business decisions\nStrong hands-on experience with:\nSQL and querying large, complex datasets. PySpark experience is preferred.\nData analysis and statistical reasoning\nBusiness-facing dashboards and visualizations (Power BI, Tableau)\no\nCore Skills & Capabilities\nAnalytics & Technical Skills\nAdvanced SQL and experience working with enterprise data warehouses\nProficiency in Python or R for analysis and modeling\nExperience designing and interpreting experiments (A/B testing)\nAbility to work with imperfect, real-world data and still deliver actionable insights\nAI Readiness (Practical, Not Hype-Driven)\nHands-on experience using AI tools to augment analytics work (e.g., code acceleration, data exploration, insight summarization)\nFamiliarity with Generative AI workflows (e.g., using LLMs for automated sentiment analysis or data normalization)\nStrong judgment on when AI outputs can be trusted vs when deeper validation is required\nCuriosity and continuous-learning mindset toward emerging analytics and AI\nBusiness & Communication Skills\nAbility to translate ambiguous business problems into structured analytics\nStrong data storytelling skills-connecting insights to decisions and actions\nConfidence working with senior stakeholders\nBias toward action and measurable business impact\nPreferred Qualifications\nExperience in healthcare, life sciences, or other adjacent industries\nExperience with cloud analytics platforms such as Databricks or Snowflake and tools such as PySpark\nFamiliarity with data privacy and governance concepts (HIPAA, GDPR)\nExperience building reusable dashboards or analytics products\nWhy Join Labcorp in this role\nWork on high-impact commercial and marketing decisions at enterprise scale\nBe part of an analytics team redefining how AI and human judgment work together\nMove beyond reporting into true decision intelligence\nBuild skills that remain relevant as analytics and AI continue to evolve\nLabcorp is proud to be an Equal Opportunity Employer:\nLabcorp strives for inclusion and belonging in the workforce and does not tolerate harassment or discrimination of any kind. We make employment decisions based on the needs of our business and the qualifications and merit of the individual. Qualified applicants will receive consideration for employment without regard to race, religion, color, national origin, sex (including pregnancy, childbirth, or related medical conditions), family or parental status, marital, civil union or domestic partnership status, sexual orientation, gender identity, gender expression, personal appearance, age, veteran status, disability, genetic information, or any other legally protected characteristic. Additionally, all qualified applicants with arrest or conviction records will be considered for employment in accordance with applicable law.\nWe encourage all to apply\nIf you are an individual with a disability who needs assistance using our online tools to search and apply for jobs, or needs an accommodation, please visit ouror contact us at Formore information about how we collect and store your personal data, please see our.",Login to check your skill match score,Permanent Job,"R, Data analysis and statistical reasoning, Power Bi, Pyspark, Tableau, Sql, Python",2026-02-07 00:55:35
Data Analyst,Fusion Life Sciences Technologies LLC,2-4 Years,,India,"BI / Data Analyst Digital I&T Data Management\nLocation: Remote(Offshore from India)\nExperience: 24 years\nSummary:\nSupport enterprise analytics by developing Tableau dashboards, writing optimized SQL, and ensuring high data quality within an Agile BI delivery environment.\nKey Responsibilities:\nExperience with Tableau: data modeling, calculated fields, LOD expressions, parameters, actions, dashboard design/layout, publishing & permissions, and performance optimization.\nStrong at writing and debugging SQL (joins, aggregations, CTEs, window functions, CASE, subqueries).\nComfortable with data quality checks, data cleansing, data profiling, and performance tuning (reading query plans, indexing basics).\nFamiliarity with star/snowflake schemas, dimension vs. fact tables, surrogate keys.\nExperience with BI/analytics SDLC, UAT, regression/validation checks, and definitions of done for reports.\nComfortable working in Agile (Jira/Azure DevOps), managing\nSkills:\nTableau, SQL, data modeling, performance tuning, Agile BI delivery.",Login to check your skill match score,Permanent Job,"Agile BI delivery, Performance Tuning, Tableau, Data Modeling, Sql",2026-02-07 00:55:37
Senior Data Analyst,Sia,5-8 Years,,"Mumbai, India","Sia Partners is a next-generation global management consulting firm, founded in 1999 and headquartered in Paris, France. The firm is recognised for its innovative approach, combining strategy and management consulting with data science and creativity. Sia Partners serves a diverse range of sectors, including energy, banking, healthcare, and technology, providing services to over 1,000 clients worldwide, including many Fortune 500 companies. With a strong emphasis on delivering tangible results and superior value, Sia Partners is committed to helping clients navigate the digital revolution and achieve transformation. The firm operates with a global presence, employing over 3,500 consultants across 48 locations in 20 countries.\n\nOur Mumbai office was launched in 2024, marking an exciting new chapter for us. We're building the team with people who are eager to shape something from the ground up combining the agility and entrepreneurial energy of a startup with the backing and reach of a global brand.\nJob Description\n\n\nWe are hiring a Power BI Developer to support our global internal teams (Finance, HR, Strategy, Corporate Functions) by maintaining, improving, and delivering high-impact business intelligence dashboards, datasets, and analytics solutions. This role is critical for strengthening our internal reporting systems and driving data-backed decision-making across the organization.\nKey Responsibilities\n\nLead the design, implementation, and upkeep of ETL / data pipelines (from source files through staging layers into the DWH), ensuring data correctness and efficiency.\nArchitect and evolve semantic models / reusable datasets: define dimensions, hierarchies, and KPI definitions that align with business needs.\nBuild, review, and optimize complex SQL-based transformations and views that feed into dashboards and reports.\nDevelop, optimize, and maintain all aspects of Power BI dashboards: DAX measures, visuals and UXUI design, Power Query (M), security through RLS, OLS, and access rights, report publication and refresh.\nLead and manage complete BI projects with Corporate teams from Business requirement to delivery thus including : requirements gathering, scoping, estimating work and timeline, designing specs, developing, validating with business stakeholders, deploying, and monitoring in production.\nIdentify performance bottlenecks (in SQL queries or the data model) and optimize query speed, resource usage, and refresh times to improve user experience.\nMaintain and initiate documentation of data schema, data lineage, dashboards, and datasets; QA and perform tests / validation to ensure data integrity.\nMentor junior analysts; raise and enforce standards and best practices in SQL, data modelling, and BI development.\n\nQualifications\n\nBachelor's or Master's in Computer Science, Data Analytics, Information Systems, Statistics, or a related field.\n5-8+ years in analytics / BI roles with strong exposure to the Microsoft Power BI Suite.\nDeep hands-on experience in SQL: complex joins, aggregations, window functions, subqueries, optimizations.\nSolid experience with Power BI: semantic modelling, DAX, Power Query (M), report/dashboard design, RLS, publishing.\nUnderstanding of data warehousing / ETL architecture (ODS / staging / fact & dimension layers).\nDemonstrated ability to work on end-to-end projects: gathering requirements, specifying, implementing, testing, and monitoring dashboards.\nStrong communication skills; ability to engage with both technical and non-technical international audiences.\nProven problem solving and performance tuning skills: recognizing bottlenecks, refactoring models or queries as needed.\nCertifications :\nMandatory: PL-300 (Microsoft Certified: Data Analyst Associate)\nPreferred: PL-200: Power Platform Functional Consultant or PL-600: Power Platform Solution\nNice to Have\n\nExperience in cloud analytics environments (Azure preferred).\nFamiliarity with tools enhancing BI model maintenance (Tabular Editor, DAX Studio, ALM / version control for BI assets).\n\nAdditional Information\n\nWhat We Offer:\nOpportunity to lead cutting-edge AI projects in a global consulting environment.\nLeadership development programs and training sessions at our global centers.\nA dynamic and collaborative team environment with diverse projects.\nPosition based in Mumbai (onsite)\n\nSia is an equal opportunity employer. All aspects of employment, including hiring, promotion, remuneration, or discipline, are based solely on performance, competence, conduct, or business needs.",Login to check your skill match score,Permanent Job,"Power Query M, Power Bi, Data Warehousing, Dax, Data Analytics, Sql, Etl",2026-02-07 00:55:38
Es Magico - Senior Data Analyst - Python/SQL,Es Magico,3-5 Years,,"Bengaluru, India","Role Description\n\nWe are seeking a full-time Senior Data Analyst to be the founding member of our data team.\n\nTill today our AI engineering team has been duelling as a data analyst as well.\n\nWe are now at a stage where we need a trained expert to guide us and take our AI solutions to the next level.\n\nYou can work from Bengaluru or Mumbai.\n\nAs our first data hire, you'll clean up the foundations for how we collect, clean, curate, and prepare data to finetune our models and SLMs.\n\nThis role is focused on creating high-quality training datasets, building annotation workflows, evaluating model outputs, and ensuring data quality across our AI systems.\n\nYou'll work closely with leadership, AI engineering, product, and business teams to understand requirements and translate them into structured datasets.\n\nThe right candidate will combine technical rigor with domain understanding to create datasets that directly improve model accuracy and reduce hallucinations.\n\nMust Haves\n\n3+ years in data analysis, data engineering, or related roles with strong focus on data quality and ML applications.\nExpert-level proficiency in Python and data manipulation libraries (Pandas, NumPy, Polars).\nStrong SQL skills and experience working with both structured and unstructured data.\nHands-on experience creating training datasets for ML/LLM finetuning including data cleaning, labeling, and validation.\nUnderstanding of what makes quality training data : diversity, balance, edge cases, and domain coverage.\nExperience designing and managing data annotation processes, working with annotation tools and labeling workflows.\nFamiliarity with data versioning, dataset management, and maintaining data lineage.\nStrong analytical and problem-solving skills with attention to detail and data integrity.\nAbility to communicate insights and collaborate across technical and non-technical teams.\nComfortable working independently to establish processes from scratch in a fast-paced environment.\nThe candidate must align with our core belief to Innovate, Uplift, Impact & Evolve with our talented and kind team.\n\nNice To Haves\n\nExperience with LLM evaluation frameworks and creating eval datasets.\nFamiliarity with prompt engineering and understanding how data quality impacts model performance.\nKnowledge of domain-specific data requirements in BFSI, healthcare, or enterprise contexts.\nUnderstanding of synthetic data generation and data augmentation techniques.\nFamiliarity with observability and monitoring tools (Langfuse, DataDog, etc.\nBackground in building ETL/ELT pipelines and data workflows.\nExperience with unstructured data : documents, transcripts, images, audio.\n\n(ref:hirist.tech)",Login to check your skill match score,Permanent Job,"Polars, dataset management, data annotation processes, data versioning, Numpy, Data Lineage, Pandas, Data Cleaning, Sql, Python",2026-02-07 00:55:40
Data Analyst Manager,DPDzero,5-8 Years,,"Bengaluru, India","About the Role\nWe are hiring a Manger, Risk & Business Analytics to lead our Python-first Data Analyst team. This team powers 80% of our collections decisions from daily operational levers to strategic experiments that impact recovery, cost, and borrower experience.\nPrior experience in the fintech sector with exposure to lending and/or collections is preferred.\nAs the manager, you will:\nlead a team of strong Python + SQL analysts\nset technical and analytical standards\ntranslate messy business problems into code-driven insights\nensure analytics directly shapes collections strategy and execution\nThis is a hands-on leadership role: you will manage, review, mentor, and still dive deep into complex analyses yourself.\nScope of Work\nYou own collection analytics end-to-end, across people, execution, and outcomes.\nYou will be responsible for:\nEnsuring data analysts don't just report but drive decisions\nTurning raw, messy data into clear, actionable signals\nBuilding analytics foundations that scale with the business\nActing as the bridge between:\nCollections Strategy\nOperations (Tele / Digital / Field)\nProduct\nLeadership\nTeam You'll Manage\nYou will manage a team of Data Analysts who:\nwrite production-grade Python scripts (not just notebooks)\nautomate workflows and lightweight pipelines\nbuild dashboards using SQL + BI tools\nsupport ML models with clean, reliable data\nwork closely with business teams on real-time decisions\nYour job is to raise the bar on:\ncode quality\nanalytical thinking\nownership\nbusiness context\nResponsibilities\n1. Team Leadership & Management\nHire, onboard, coach, and develop Data Analysts\nReview Python code, SQL queries, dashboards, and analyses\nSet standards for:\nclean, reusable code\ndocumentation\nanalytical rigor\nBalance short-term business asks with long-term foundational work\nEnsure the team stays healthy, motivated, and effective\n2. Analytics & Decision Enablement\nOwn analytics across the collections funnel:\nContact RPC PTP Paid\nBucket-wise performance (Pre-due to NPA)\nIdentify:\nleakage points\nroot causes\nactionable fixes\nPartner with strategy and ops to answer:\nIs this a data issue, execution issue, or strategy issue\n3. Python, Automation & Data Foundations\nGuide the team in writing:\nproduction-grade Python scripts\nautomated workflows\nreusable analytics utilities\nDecide when to:\nautomate vs manual analysis\nbuild vs buy\nEnsure analytics pipelines are reliable, scalable, and appropriate for our stage\n4. Collaboration with Product\nPartner with Product & Engineering to:\nimprove data quality and availability\ndefine correct metrics and definitions\nsupport AI-driven decision systems\n5. Leadership & Lender-Facing Insights\nOwn analytics narratives for:\ninternal WBRs / MBRs\nleadership reviews\nlender discussions (as needed)\nEnsure insights are:\naccurate\ndefensible\neasy to understand\nPush back when conclusions are weak or misleading\nTools & Technologies\nYou should be comfortable with and able to guide others on the following:\nPython (pandas, polars, numpy; scripting mindset, not notebook-only)\nSQL (Postgres preferred)\nBI tools for dashboards & reporting\nGit & basic software engineering practices\nUnderstanding of:\ndata modeling trade-offs\nstructured vs semi-structured data\nformats like Parquet\nFamiliarity with APIs and external data ingestion is a plus\nExperience & Requirements\nMust-haves\n58 years of experience in analytics / data roles\nPrior experience managing or mentoring analysts\nStrong hands-on Python + SQL background\nExperience working with:\nlarge, messy datasets\nfast-paced, ambiguous environments\nStrong business communication skills\nFintech / lending / collections exposure preferred\nMindset (Non-negotiable)\nOutcome-oriented, not report-oriented\nComfortable pushing back with data\nThinks like an operator, not just an analyst\nHigh ownership and bias for action\nNice to Have\nExposure to Airflow, dbt, or similar tools\nStartup or scale-up experience\nBackground in unsecured lending or collections analytics\nWhy You Might Like This Role\nYour team's Python code directly drives high-stakes collections decisions\nYou'll work on one of India's largest AI-driven voice and chat systems\nYou'll influence how data, analytics, and ML work together in production\nHigh ownership, high impact, and visible outcomes every single week\nWhat Success Looks Like\nAnalytics is trusted instinctively by leadership\nStrategy and ops decisions start with your team's insights\nClear reduction in performance surprises\nAnalysts under you are sharper, faster, and more confident\nData is seen as a force multiplier, not a dependency",Login to check your skill match score,Permanent Job,"data ingestion, polars, Git, Pandas, Apis, Numpy, Bi Tools, Postgres, Data Modeling, Sql, Python",2026-02-07 00:55:41
Logistics Data Analyst,Circle K,2-4 Years,,"Gurugram, Gurugram, India","Job Description\n\nAlimentation Couche-Tard Inc., (ACT) is a global Fortune 200 company. A leader in the convenience store and fuel space, ACT's retail network includes 16,700 convenience stores, and has footprint across 31countries and territories primarily under the Circle K brand. The India Fuels & Logistics Global Capability Centre (F&L GCC) is an integral part of ACT's Global Fuels & Logistics Team, and the Logistics Data Analyst will be a key player on this team supporting with logistics financial and performance analytics and reporting and help grow F&L globally at ACT.\n\nThe hired candidate will partner with multiple departments, including Global Technology, Business Units and Support functions.\n\nAbout The Role\n\nThe incumbent will be responsible for validation, verification, and visualization of the tasks performed by third-party and in-house vendors. Primary duties include working with systems and financial partners to evaluate program performance and provide regular status reporting, and identifying process inefficiencies and opportunities for process optimization.\n\nRoles & Responsibilities\n\nData Analysis\n\nVerify order data sets with invoices received and account coding\nGuide cost analysis process by comparing and analyzing actual results with plans and forecasts\nAnalyze results, monitoring for variances, identify trends, and provide recommended actions to key partners\nDevelop scalable and sustainable reporting tools for both financial metrics and vendor performance\nCollaborate actively with immediate and cross-functional teams throughout the organization and with vendor partners\n\nOperational Excellence\n\nDevelop and standardize analytical tools, frameworks, and processes, to up-level and democratize analytically grounded decision making at all levels of the business\nChallenge the status quo to advance and evolve how ACT thinks about and executes solutions across retail, marketing, merchandising, and other areas of the business\nIdentify key metrics, conduct rigorous explorative data analysis, create executive-facing dashboards and build business cases that drive decision-making and business prioritization\nSynthesize large volumes of data with attention to granular details and present findings and recommendations to senior-level stakeholders\nAchieve best in the industry standards by delivering actionable, data-driven insights that help understand opportunities for optimization and enable decision making\nAnalyse in-market strategic initiatives and business performance using test and control analytics, benchmarking, statistical concepts, and financial measures to guide decision making\n\nStakeholder Management\n\nWork collaboratively across multiple sets of stakeholders Business functions, Global F&L Team, to deliver on project deliverables\nProactively recommend multiple approaches along with their pros & cons to the business stakeholders and support making the right decisions\nCollaborate closely with colleagues inside and outside Global Fuels and Circle K, to drive business results\nServe as first point of contact for the Business stakeholders for any technical/non-technical activities/ escalations within the project\n\nEducation\n\nMaster's, or Bachelor's degree in Finance, Industrial Engineering, Data Analytics, or Data Visualization\n\nRelevant Experience\n\n2+ years of relevant work experience in financial reporting or data analytics\nProficient in Power BI and MS Excel\nExperience with SQL server and Databricks\n\nBehavioural Skills\n\nAbility to delivery, strong disposition towards business and strong interpersonal communication\nIndividual must be organized, dependable, able to multi-task and manage priorities, display initiative, and must have the ability to work independently in a demanding, fast-paced environment\n\nTechnical Skills\n\nData Analytics, modelling & reporting\nData Visualization\nBusiness Intelligence\nProcess & Data Governance\nMDM Tools & Implementation\nProgramming\nProject Management\nContinuous Process Improvement\nMDM Strategy & Concepts\nAI & Advanced Analytics\nDistribution Planning\nDemand Planning\n\nKnowledge\n\nFinancial Reporting\nData Analytics\nPowerBi and MS Excel\nSQL Server\nDatabricks",Login to check your skill match score,Permanent Job,"AI Advanced Analytics, MDM Strategy Concepts, Process Data Governance, continuous process improvement, Project Management, Demand Planning, Distribution Planning, MDM Tools Implementation, Business Intelligence, Ms Excel, Power Bi, SQL Server, Programming, Data Visualization, Databricks, Data Analytics",2026-02-07 00:55:43
Business Consulting - Senior Data Analyst,NTT Data,8-10 Years,,"Chennai, India","NTT DATA strives to hire exceptional, innovative and passionate individuals who want to grow with us. If you want to be part of an inclusive, adaptable, and forward-thinking organization, apply now.\nWe are currently seeking a Business Consulting - Senior Data Analyst to join our team in Chennai, Tamil Ndu (IN-TN), India (IN).\nJob Description\nWe are seeking an experienced(8+Years) Senior Data Analyst to join our data-driven organization and play a key role across the end-to-end data lifecycle. The ideal candidate will have strong analytical skills, deep technical expertise in modern data platforms, and the ability to translate complex data insights into meaningful business outcomes. This role will work closely with engineering, data science, and business stakeholders to enable scalable analytics and support AI/ML initiatives.\nExperience across the data pipeline: acquisition, preparation, and architecture.\nStrong proficiency in SQL and Python for data analysis and automation.\nHands-on experience with Azure services, including deployment automation (PowerShell/Azure CLI).\nFamiliarity with modern data tools: Spark, Databricks, Hadoop, Kafka, and data warehousing.\nExposure to real-time data streaming and containerization (Docker, Kubernetes).\nUnderstanding of data engineering principles supporting AI/ML initiatives.\nExperience with Agile practices and collaborative team environments.\nExcellent communication skills and ability to translate technical insights into business value.\nAbout NTT DATA\nNTT DATA is a $30 billion business and technology services leader, serving 75% of the Fortune Global 100. We are committed to accelerating client success and positively impacting society through responsible innovation. We are one of the world's leading AI and digital infrastructure providers, with unmatched capabilities in enterprise-scale AI, cloud, security, connectivity, data centers and application services. our consulting and Industry solutions help organizations and society move confidently and sustainably into the digital future. As a Global Top Employer, we have experts in more than 50 countries. We also offer clients access to a robust ecosystem of innovation centers as well as established and start-up partners. NTT DATA is a part of NTT Group, which invests over $3 billion each year in R&D.\nWhenever possible, we hire locally to NTT DATA offices or client sites. This ensures we can provide timely and effective support tailored to each client's needs. While many positions offer remote or hybrid work options, these arrangements are subject to change based on client requirements. For employees near an NTT DATA office or client site, in-office attendance may be required for meetings or events, depending on business needs. At NTT DATA, we are committed to staying flexible and meeting the evolving needs of both our clients and employees. NTT DATA recruiters will never ask for payment or banking information and will only use @nttdata.com and @talent.nttdataservices.com email addresses. If you are requested to provide payment or disclose banking information, please submit a contact us form, .\nNTT DATA endeavors to make accessible to any and all users. If you would like to contact us regarding the accessibility of our website or need assistance completing the application process, please contact us at . This contact information is for accommodation requests only and cannot be used to inquire about the status of applications. NTT DATA is an equal opportunity employer. Qualified applicants will receive consideration for employment without regard to race, color, religion, sex, sexual orientation, gender identity, national origin, disability or protected veteran status. For our EEO Policy Statement, please click . If you'd like more information on your EEO rights under the law, please click . For Pay Transparency information, please click.",IT/Computers - Software,Permanent Job,"Ai, Azure services, real-time data streaming, data engineering principles, Azure CLI, Ml, Hadoop, PowerShell, Data Warehousing, Kafka, Sql, Docker, Spark, Databricks, Kubernetes, Python",2026-02-08 00:18:10
"Data Analyst (Quant/Qual Problem Solving, SQL, Excel, Databricks)",Gartner,2-4 Years,,"Gurugram, India","About the role:\n\nThe Insights and Product Analytics team (IPA) organization is responsible for business performance of all research products and performs analysis related to all aspects of Gartner's Business and Technology Insights business unit . This includes client value drivers: Research content, Client interaction, and the insights in conferences and events. IPA also supports the BTI organization by enabling and performing analysis running from client retention analytics, associate performance analytics, budget and financial analysis (in partnership with the finance organization), and client demand sensing. We power fact-based decision making by providing data, insights, and analytic tools to continuously improve our business operationally and strategically.\n\nWe are looking for a Data analyst who has a passion for analytical problem solving to be part of our growing team. This individual will solve a wide range of problems related to content analytics, interaction and events analytics, demand sensing, staffing models, cost reporting, automation, expert performance analytics, standard reporting, and ad-hoc analytics. Individuals in this role will work closely with IPA leadership to structure problems, identify data sources, perform analysis, and communicate findings. Strong performers will build skills to independently own project workstreams and interact with stakeholders. Projects will include a mix of team problem solving and independent problem solving. Projects will also involve automation and collaboration with the Information Technology team.\n\nWhat you'll do:\n\nPartner with colleagues to do analysis that surfaces actionable insight for the BTI organization. Effectively communicate findings to drive adoption and implementation. Build dashboards and reporting.\nProject ownership: Contribute to key projects following rollout plan, success criteria and metrics.\nDomain expertise: Become a deep subject-matter expert on Gartner's data, analytic tools, reports & data infrastructure. Take responsibility for problem solving, root cause analysis, and devising testing methodologies for validation and articulately explaining data sources to senior audiences.\nContinuous improvement: Support and enable improvement initiatives related both to IPA deliverables (e.g. new, innovative data sources, analytic insights, tools) as well as operational process improvement (e.g. improving IPA processes and communications).\nCollaborate with the Information Technology team and data scientists to ensure data quality, integrity, and consistency.\n\nWhat you'll need:\n\nExperience: 2-3 years of experience involving analysis of large volumes of data with strong hands-on experience with analytical tools. Ability to gather, analyze, restructure, identify and articulate insights from qualitative and quantitative data.\nEducation: Bachelor's Degree, preferably with quantitative concentration (e.g., statistics, data science, mathematics, engineering, operational research, computer science, or economics).\nExceptional problem solving: Proven track record of solving complex problems, thinking creatively, and using data to tell a story.\nLeadership: Shown ability to engage teams and key stakeholders.\nTechnical competency: Advanced Excel and PowerPoint. SQL, Python/R, Databricks, Basics of Data Science\nCollaboration: Strong collaboration and influencing.\nCommunication: Strong verbal and written communication as well as the ability to work independently.\nLocation: Gartner offers a hybrid, flexible environment, with remote work that allows associates great flexibility to work from home, and opportunities to connect with colleagues for moments that matter on-site. Candidates that apply will need to reside within a reasonable proximity to a Gartner's Centers of Excellence office location (Gurgaon)\n\nWhat you will get:\n\nCompetitive salary, generous paid time off policy, charity match program, Group Medical Insurance, Parental Leave, Employee Assistance Program (EAP) and more!\nCollaborative, team-oriented culture that embraces diversity\nProfessional development and unlimited growth opportunities\n\nWho are we\n\nAt Gartner, Inc. (NYSE:IT), we guide the leaders who shape the world.\n\nOur mission relies on expert analysis and bold ideas to deliver actionable, objective business and technology insights, helping enterprise leaders and their teams succeed with their mission-critical priorities.\n\nSince our founding in 1979, we've grown to 21,000 associates globally who support 14,000 client enterprises in 90 countries and territories. We do important, interesting and substantive work that matters. That's why we hire associates with the intellectual curiosity, energy and drive to want to make a difference. The bar is unapologetically high. So is the impact you can have here.\n\nWhat makes Gartner a great place to work\n\nOur vast, virtually untapped market potential offers limitless opportunities opportunities that may not even exist right now for you to grow professionally and flourish personally. How far you go is driven by your passion and performance.\n\nWe hire remarkable people who collaborate and win as a team. Together, our singular, unifying goal is to deliver results for our clients.\n\nOur teams are inclusive and composed of individuals from different geographies, cultures, religions, ethnicities, races, genders, sexual orientations, abilities and generations.\n\nWe invest in great leaders who bring out the best in you and the company, enabling us to multiply our impact and results. This is why, year after year, we are recognized worldwide as a great place to work.\n\nWhat do we offer\n\nGartner offers world-class benefits, highly competitive compensation and disproportionate rewards for top performers.\n\nIn our hybrid work environment, we provide the flexibility and support for you to thrive working virtually when it's productive to do so and getting together with colleagues in a vibrant community that is purposeful, engaging and inspiring.\n\nReady to grow your career with Gartner Join us.\n\nThe policy of Gartner is to provide equal employment opportunities to all applicants and employees without regard to race, color, creed, religion, sex, sexual orientation, gender identity, marital status, citizenship status, age, national origin, ancestry, disability, veteran status, or any other legally protected status and to seek to advance the principles of equal employment opportunity.\n\nGartner is committed to being an Equal Opportunity Employer and offers opportunities to all job seekers, including job seekers with disabilities. If you are a qualified individual with a disability or a disabled veteran, you may request a reasonable accommodation if you are unable or limited in your ability to use or access the Company's career webpage as a result of your disability. You may request reasonable accommodations by calling Human Resources at +1 (203) 964-0096 or by sending an email to [HIDDEN TEXT].\n\nJob Requisition ID:107551\n\nBy submitting your information and application, you confirm that you have read and agree to the country or regional recruitment notice linked below applicable to your place of residence.\n\nGartner Applicant Privacy Link: https://jobs.gartner.com/applicant-privacy-policy\n\nFor efficient navigation through the application, please only use the back button within the application, not the back arrow within your browser.",Login to check your skill match score,Permanent Job,"R, Powerpoint, Data Science, Advanced Excel, Databricks, Python, Sql",2026-02-10 00:55:06
Manager - Data Analyst,HSBC,3-5 Years,,"Hyderabad, India","Some Careers Shine Brighter Than Others.\n\nIf you're looking for a career that will help you stand out, join HSBC and fulfil your potential. Whether you want a career that could take you to the top, or simply take you in an exciting new direction, HSBC offers opportunities, support and rewards that will take you further.\n\nHSBC is one of the largest banking and financial services organisations in the world, with operations in 64 countries and territories. We aim to be where the growth is, enabling businesses to thrive and economies to prosper, and, ultimately, helping people to fulfil their hopes and realise their ambitions.\n\nWe are currently seeking an experienced professional to join our team in the role of Manager - Data Analyst\n\nIn This Role, You Will\n\nPurpose: Enable Global Procurement to make data-driven decisions and achieve key business outcomes.\nFocus: Role is split 50% on advanced analytics and 50% on BI development using QlikSense.\nCustomer-Centric: Develop insights to help senior leaders address supply chain efficiency, net-zero partnerships, and concentration risk.\nAnalytics Delivery: Build/enhance QlikSense dashboards, optimize SQL queries (BigQuery), and create prototypes/POCs.\nData Engineering: Design/support data workflows, collaborate on pipeline architecture, and suggest improvements.\nAutomation: Automate reporting, use modular coding, and drive technical innovation.\nData Governance: Implement validation checks, ensure compliance, and resolve data integrity issues.\nProblem Solving: Act as first responder for analytics issues, troubleshoot, and provide consultative support.\n\nTo Be Successful, You Will\n\nAdvanced Analytics: Use Python for data analysis, build small ML models, and ensure ethical AI practices.\nTech Stack: Work with GCP, BigQuery, DataProc, Dataflow, Data Fusion, Dataplex, Vertex AI.\nVisualization: Develop and maintain QlikSense dashboards.\nML/NLP: Apply NLP, time series, supervised/unsupervised/reinforcement learning techniques.\nProgramming: Use Python, TensorFlow, PyTorch, Scikit-learn; optional experience with Generative AI, vector databases, and agentic AI.\nSoft Skills: Proactive, collaborative, resilient, flexible, and strong communicator.\nExperience: 3+ years in data analytics, BI, advanced analytics/ML, QlikSense, SQL/BigQuery, data governance, automation, and performance optimization.\nValue Proposition: Work on global procurement analytics, drive automation, mentor team members, and grow in an inclusive, diverse environment.\n\nHsbc.Com/Careers\n\nYou'll achieve more at HSBC\n\nHSBC is an equal opportunity employer committed to building a culture where all employees are valued, respected and opinions count. We take pride in providing a workplace that fosters continuous professional development, flexible working and, opportunities to grow within an inclusive and diverse environment. We encourage applications from all suitably qualified persons irrespective of, but not limited to, their gender or genetic information, sexual orientation, ethnicity, religion, social status, medical care leave requirements, political affiliation, people with disabilities, color, national origin, veteran status, etc., We consider all applications based on merit and suitability to the role.\n\nPersonal data held by the Bank relating to employment applications will be used in accordance with our Privacy Statement, which is available on our website.\n\nIssued By HSBC Electronic Data Processing (India) Private LTD***",Login to check your skill match score,Permanent Job,"Scikit-learn, data fusion, Dataplex, Vertex AI, BigQuery, Sql, Tensorflow, Pytorch, Dataproc, DataFlow, Qliksense, Python",2026-02-11 23:16:25
Data Architect / Business Data Analyst,NetApp,6-8 Years,,"Bengaluru, India","Own Every Moment at NetApp\n\nAt NetApp, your ideas power innovation. We lead in intelligent data infrastructuredelivering unified storage, integrated data services, and solutions that help organizations unlock the full potential of their data, from AI to multicloud.\n\nReady to innovate and contribute to our path to $10B Here, you'll collaborate with passionate teams, tackle real-world challenges, and see your impact in how customers transform and grow. If you're ready to bring curiosity, creativity, and drive to every moment, NetApp is where your journey begins.\n\nJob Summary\n\nWe are seeking a Product/Data Architect to join our Enterprise Data & Analytics team, focusing on Customer Success (CSOps) and Professional Services Operations (PSOps). In this role, you will partner with both IT and business stakeholders to transform raw data into actionable insights that drive strategic decisions and enhance customer outcomes.\n\nYou will design robust data models, architect scalable dataflows, and explore innovative technologies including advanced analytics, data science, and machine learning to maximize the value of our data assets. Your work will shape how our teams leverage data to improve operational efficiency, customer engagement, and business performance.\n\nThe ideal candidate combines deep business acumen with technical expertise, thrives on solving complex problems, and has a passion for delivering solutions that empower stakeholders and fuel customer success\n\nKey Attributes\n\nStrong understanding of CS (Customer Success) and PS (Professional Services) processes and data needs for a global organization.\nExpertise in data modeling, data architecture, and analytics platforms\nAbility to bridge business requirements with technical solutions\nCuriosity for emerging tools and technologies\nCommitment to driving measurable impact for customers and the business\n\nJob Requirements\n\nDomain Expertise\nStrong subject matter expertise in at least two of the following domains: Customer Success, Professional Services, Install Base, Case Management, Revenue Reporting, or Customer Support.\nProven track record of delivering multiple complex technical projects from concept to production.\n\nTechnical Skills\n\n\nData Modeling: Expertise in designing conceptual, logical, and physical data models to support enterprise analytics and operational reporting. Ability to define data structures, relationships, and metadata standards; optimize models for performance, scalability, and maintainability; and ensure alignment with business processes in CSOps and PSOps.\nHands-on experience with SQL, RESTful APIs, and related standards; proficiency in Python and NoSQL is a plus.\nSkilled in building, optimizing, and evaluating data pipelines and delivering production-ready systems.\nFamiliar with data platforms such as Oracle Data Warehouse, Snowflake, HVR, and Informatica IICS.\nExperience with data visualization tools like Tableau and Power BI.\nStrong data orientation with a passion for exploring innovative analytical techniques.\n\nMethodologies, Compliance & Lifecycle Management\n\n\nKnowledge of both Waterfall and Agile/Scrum methodologies.\nExperience across all phases of the Software Development Life Cycle (SDLC).\nUnderstanding of SOX compliance requirements and principles, particularly in relation to financial data, revenue reporting, and operational controls.\nSkilled in collaborating with IT delivery teams on complex, cross-functional projects.\n\nLeadership & Collaboration\n\n\nAbility to work collaboratively while taking a lead role when needed.\nCapable of handling multiple priorities independently with minimal supervision.\nProven ability to influence stakeholders and drive results as a proactive contributor.\n\nSoft Skills\n\n\nStrong written and verbal communication skills.\nExcellent problem-solving and troubleshooting abilities.\n\nEducation\n\nA minimum of 8 years of experience is required, including 6+ years solid relevant experience in Business Analytics.\nBachelor of Science Degree in Computer Science, Management Information Systems, or Business, or related field is required\n\nAt NetApp, we embrace a hybrid working environment designed to strengthen connection, collaboration, and culture for all employees. This means that most roles will have some level of in-office and/or in-person expectations, which will be shared during the recruitment process.\n\nEqual Opportunity Employer:\n\nNetApp is firmly committed to Equal Employment Opportunity (EEO) and to compliance with all laws that prohibit employment discrimination based on age, race, color, gender, sexual orientation, gender identity, national origin, religion, disability or genetic information, pregnancy, and any protected classification.\n\nWhy NetApp\n\nWe are all about helping customers turn challenges into business opportunity. It starts with bringing new thinking to age-old problems, like how to use data most effectively to run better - but also to innovate. We tailor our approach to the customer's unique needs with a combination of fresh thinking and proven approaches.\n\nWe enable a healthy work-life balance. Our volunteer time off program is best in class, offering employees 40 hours of paid time off each year to volunteer with their favourite organizations. We provide comprehensive benefits, including health care, life and accident plans, emotional support resources for you and your family, legal services, and financial savings programs to help you plan for your future. We support professional and personal growth through educational assistance and provide access to various discounts and perks to enhance your overall quality of life.\n\nIf you want to help us build knowledge and solve big problems, let's talk.",Login to check your skill match score,Permanent Job,"HVR, snowflake, Oracle Data Warehouse, Informatica IICS, Nosql, Data Modeling, Restful Apis, Python, Sql",2026-02-11 23:16:26
Data Architect / Business Data Analyst,NetApp,6-8 Years,,"Bengaluru, India","Own Every Moment at NetApp\n\nAt NetApp, your ideas power innovation. We lead in intelligent data infrastructuredelivering unified storage, integrated data services, and solutions that help organizations unlock the full potential of their data, from AI to multicloud.\n\nReady to innovate and contribute to our path to $10B Here, you'll collaborate with passionate teams, tackle real-world challenges, and see your impact in how customers transform and grow. If you're ready to bring curiosity, creativity, and drive to every moment, NetApp is where your journey begins.\n\nJob Summary\n\nWe are seeking a Product/Data Architect to join our Enterprise Data & Analytics team, focusing on Customer Success (CSOps) and Professional Services Operations (PSOps). In this role, you will partner with both IT and business stakeholders to transform raw data into actionable insights that drive strategic decisions and enhance customer outcomes.\n\nYou will design robust data models, architect scalable dataflows, and explore innovative technologies including advanced analytics, data science, and machine learning to maximize the value of our data assets. Your work will shape how our teams leverage data to improve operational efficiency, customer engagement, and business performance.\n\nThe ideal candidate combines deep business acumen with technical expertise, thrives on solving complex problems, and has a passion for delivering solutions that empower stakeholders and fuel customer success\n\nKey Attributes\n\nStrong understanding of CS (Customer Success) and PS (Professional Services) processes and data needs for a global organization.\nExpertise in data modeling, data architecture, and analytics platforms\nAbility to bridge business requirements with technical solutions\nCuriosity for emerging tools and technologies\nCommitment to driving measurable impact for customers and the business\n\nJob Requirements\n\nDomain Expertise\nStrong subject matter expertise in at least two of the following domains: Customer Success, Professional Services, Install Base, Case Management, Revenue Reporting, or Customer Support.\nProven track record of delivering multiple complex technical projects from concept to production.\n\nTechnical Skills\n\n\nData Modeling: Expertise in designing conceptual, logical, and physical data models to support enterprise analytics and operational reporting. Ability to define data structures, relationships, and metadata standards; optimize models for performance, scalability, and maintainability; and ensure alignment with business processes in CSOps and PSOps.\nHands-on experience with SQL, RESTful APIs, and related standards; proficiency in Python and NoSQL is a plus.\nSkilled in building, optimizing, and evaluating data pipelines and delivering production-ready systems.\nFamiliar with data platforms such as Oracle Data Warehouse, Snowflake, HVR, and Informatica IICS.\nExperience with data visualization tools like Tableau and Power BI.\nStrong data orientation with a passion for exploring innovative analytical techniques.\n\nMethodologies, Compliance & Lifecycle Management\n\n\nKnowledge of both Waterfall and Agile/Scrum methodologies.\nExperience across all phases of the Software Development Life Cycle (SDLC).\nUnderstanding of SOX compliance requirements and principles, particularly in relation to financial data, revenue reporting, and operational controls.\nSkilled in collaborating with IT delivery teams on complex, cross-functional projects.\n\nLeadership & Collaboration\n\n\nAbility to work collaboratively while taking a lead role when needed.\nCapable of handling multiple priorities independently with minimal supervision.\nProven ability to influence stakeholders and drive results as a proactive contributor.\n\nSoft Skills\n\n\nStrong written and verbal communication skills.\nExcellent problem-solving and troubleshooting abilities.\n\nEducation\n\nA minimum of 8 years of experience is required, including 6+ years solid relevant experience in Business Analytics.\nBachelor of Science Degree in Computer Science, Management Information Systems, or Business, or related field is required\n\nAt NetApp, we embrace a hybrid working environment designed to strengthen connection, collaboration, and culture for all employees. This means that most roles will have some level of in-office and/or in-person expectations, which will be shared during the recruitment process.\n\nEqual Opportunity Employer:\n\nNetApp is firmly committed to Equal Employment Opportunity (EEO) and to compliance with all laws that prohibit employment discrimination based on age, race, color, gender, sexual orientation, gender identity, national origin, religion, disability or genetic information, pregnancy, and any protected classification.\n\nWhy NetApp\n\nWe are all about helping customers turn challenges into business opportunity. It starts with bringing new thinking to age-old problems, like how to use data most effectively to run better - but also to innovate. We tailor our approach to the customer's unique needs with a combination of fresh thinking and proven approaches.\n\nWe enable a healthy work-life balance. Our volunteer time off program is best in class, offering employees 40 hours of paid time off each year to volunteer with their favourite organizations. We provide comprehensive benefits, including health care, life and accident plans, emotional support resources for you and your family, legal services, and financial savings programs to help you plan for your future. We support professional and personal growth through educational assistance and provide access to various discounts and perks to enhance your overall quality of life.\n\nIf you want to help us build knowledge and solve big problems, let's talk.",Login to check your skill match score,Permanent Job,"HVR, snowflake, Oracle Data Warehouse, Informatica IICS, Nosql, Data Modeling, Restful Apis, Python, Sql",2026-02-11 23:16:27
EH-FY26-Consulting-AI & Data-Analyst-Snowflake,Deloitte,2-4 Years,,"Chennai, India","Summary\n\nPosition Summary\n\nArtificial Intelligence & Engineering\n\nAI & Engineering leverages cutting-edge engineering capabilities to help build, deploy, and operate integrated/verticalized sector solutions in software, data, AI, network, and hybrid cloud infrastructure. These solutions insights are powered by engineering for business advantage, helping transforming mission-critical operations.\n\nJoin our AI & Engineering team to help in transforming technology platforms, driving innovation, and helping help make a significant impact on our clients success achievements. You'll work alongside talented professionals reimagining and re-engineering operations and processes that are could be critical to businesses.\n\nPosition Summary\n\nLevel: Analyst\n\nAs an experienced Analyst at Deloitte Consulting, you will be responsible for individually delivering high quality work products within due timelines.\n\nWork you'll do:\n\nLeverage proficiency in technologies beyond core skills to enhance project outcomes. Proactively identify and communicate issues or risks to team leads, and complete assigned technology learning on schedule. Quickly adapt to project-specific tools and gain understanding of client business processes or industry fundamentals. Support process improvements, automation, and innovation while maintaining up-to-date project documentation. Contribute to tracking delivery metrics and lead knowledge-sharing sessions on processes and technology trends. Participate in team building, defect management, and compliance activities. Demonstrate ownership of deliverables and actively engage in ideation and development of tools, accelerators, and innovative solutions.\n\nThe team:\n\nAI & Data offers a full spectrum of solutions for designing, developing, and operating cutting-edge Data and AI platforms, products, insights, and services. Our offering helps clients innovate, and enhance their data, AI, and analytics capabilities, ensuring they can mature and scale effectively.\n\nAI & Data professionals will work with our clients to:\n\nDesign and modernize large-scale data and analytics platforms including data management, governance and the integration of structured and unstructured data to generate insights leveraging cloud, edge and AI/ML technologies, platforms and methodologies for storage, processing\nLeverage automation, cognitive and AI based solutions to manage data, predict scenarios and prescribe actions\nDrive operational efficiency by managing and upgrading their data ecosystems and application platforms, utilizing analytics expertise and providing As-a-Service models to ensure continuous insights and enhancements.\n\nQualifications\n\nMust Have Skills/Project Experience/Certifications:\n2 - 3 years of hands-on experience in Snowflake system Hierarchy.\nGood knowledge of DBMS concepts, SQL, and PL/SQL.\nGood knowledge of Snowflake schema's/tables/views/stages etc.\nShould have strong problem solving and analytical capabilities.\nShould have hands-on experience in the following: data validation, writing custom SQL code, managing the Snowflake account /users/roles and privileges.\nShould have experience in integrating any ETL tool like DataStage or Informatica with Snowflake.\nShould have experience in integrating any BI tool like Tableau, Power BI with Snowflake.\nShould have experience in fine tuning and troubleshooting performance issues.\nShould be well versed with understanding of design documents like HLD, LLD etc.\nShould be well versed with Data migration and integration concepts.\nShould be self-starter in solution implementation with inputs from design documents\nShould have participated in different kinds of testing like Unit Testing, System Testing, User Acceptance Testing, etc.\n\nGood to Have Skills/Project Experience/Certifications:\n\nExposure to Data Modelling concepts is desirable.\nExposure to advanced Snowflake features like Data sharing/Cloning/export and import is desirable.\nParticipation in client interactions/meetings is desirable.\nParticipation in code-tuning is desirable.\n\nEducation:\n\nBE/B.Tech/M.C.A./M.Sc (CS) degree or equivalent from accredited university\n\nLocation:\n\nBengaluru/Hyderabad/Pune/Chennai/Kolkata\n\nOur purpose\n\nDeloitte's purpose is to make an impact that matters for our people, clients, and communities. At Deloitte, purpose is synonymous with how we work every day. It defines who we are. Our purpose comes through in our work with clients that enables impact and value in their organizations, as well as through our own investments, commitments, and actions across areas that help drive positive outcomes for our communities.\n\nOur people and culture\n\nOur inclusive culture empowers our people to be who they are, contribute their unique perspectives, and make a difference individually and collectively. It enables us to leverage different ways of thinking, ideas and perspectives, and bring more creativity and innovation to help solve our clients most complex challenges. This makes Deloitte one of the most rewarding places to work.\n\nProfessional development\n\nAt Deloitte, professionals have the opportunity to work with some of the best and discover what works best for them. Here, we prioritize professional growth, offering diverse learning and networking opportunities to help accelerate careers and enhance leadership skills. Our state-of-the-art DU: The Leadership Center in India, located in Hyderabad, represents a tangible symbol of our commitment to the holistic growth and development of our people. Explore DU: The Leadership Center in India .\n\nBenefits To Help You Thrive\n\nAt Deloitte, we know that great people make a great organization. Our comprehensive rewards program helps us deliver a distinctly Deloitte experience that helps that empowers our professionals to thrive mentally, physically, and financiallyand live their purpose. To support our professionals and their loved ones, we offer a broad range of benefits. Eligibility requirements may be based on role, tenure, type of employment and/ or other criteria. Learn more about what working at Deloitte can mean for you.\n\nRecruiting tips\n\nFrom developing a stand out resume to putting your best foot forward in the interview, we want you to feel prepared and confident as you explore opportunities at Deloitte. Check out recruiting tips from Deloitte recruiters.\n\nRequisition code: 303253",Login to check your skill match score,Permanent Job,"custom SQL code, Snowflake schema, snowflake, DBMS concepts, data migration and integration, Data Validation, Pl Sql, Sql",2026-02-11 23:16:28
USI-EH26-Consulting-AI & Data-Analyst-AI & Data Testing,Deloitte,2-4 Years,,"Hyderabad, India","Summary\n\nPosition Summary\n\nArtificial Intelligence & Engineering\n\nAI & Engineering leverages cutting-edge engineering capabilities to help build, deploy, and operate integrated/verticalized sector solutions in software, data, AI, network, and hybrid cloud infrastructure. These solutions insights are powered by engineering for business advantage, helping transforming mission-critical operations.\n\nJoin our AI & Engineering team to help in transforming technology platforms, driving innovation, and helping help make a significant impact on our clients success achievements. You'll work alongside talented professionals reimagining and re-engineering operations and processes that are could be critical to businesses.\n\nPosition Summary\n\nLevel: Analyst\n\nAs an experienced Analyst at Deloitte Consulting, you will be responsible for individually delivering high quality work products within due timelines.\n\nWork you'll do:\n\nLeverage proficiency in technologies beyond core skills to enhance project outcomes. Proactively identify and communicate issues or risks to team leads, and complete assigned technology learning on schedule. Quickly adapt to project-specific tools and gain understanding of client business processes or industry fundamentals. Support process improvements, automation, and innovation while maintaining up-to-date project documentation. Contribute to tracking delivery metrics and lead knowledge-sharing sessions on processes and technology trends. Participate in team building, defect management, and compliance activities. Demonstrate ownership of deliverables and actively engage in ideation and development of tools, accelerators, and innovative solutions.\n\nThe team:\n\nAI & Data offers a full spectrum of solutions for designing, developing, and operating cutting-edge Data and AI platforms, products, insights, and services. Our offering helps clients innovate, and enhance their data, AI, and analytics capabilities, ensuring they can mature and scale effectively.\n\nAI & Data professionals will work with our clients to:\n\nDesign and modernize large-scale data and analytics platforms including data management, governance and the integration of structured and unstructured data to generate insights leveraging cloud, edge and AI/ML technologies, platforms and methodologies for storage, processing\nLeverage automation, cognitive and AI based solutions to manage data, predict scenarios and prescribe actions\nDrive operational efficiency by managing and upgrading their data ecosystems and application platforms, utilizing analytics expertise and providing As-a-Service models to ensure continuous insights and enhancements.\n\nQualifications\n\nMust Have Skills/Project Experience/Certifications:\n\n2 -3 Yrs experience in ETL testing (Informatica Power center)\nStrong in Data warehouse testing - ETL and BI\nStrong Database Knowledge Oracle, SQL Server, Teradata and Snowflake\nStrong SQL skills with experience in writing complex data validation SQL's\nExperience working in Agile environment Experience creating test strategy, release level test plan and test cases\nDevelop and Maintain test data for ETL testing\nDesign and Execute test cases for ETL processes and data integration\nDocument test results and communicate with stakeholders on the status of ETL testing\n\nGood to Have Skills/Project Experience/Certifications:\n\nGood Knowledge of Rally, Jira and HP ALM\nExperience in ETL Automation and data validation using Python\nExposure to data migration from on-premise data warehouse to the Snowflake Cloud Platform.\n\nEducation:\n\nBE/B.Tech/M.C.A./M.Sc (CS) degree or equivalent from accredited university\n\nLocation:\n\nBengaluru/Hyderabad/Pune/Chennai/Kolkata\n\nOur purpose\n\nDeloitte's purpose is to make an impact that matters for our people, clients, and communities. At Deloitte, purpose is synonymous with how we work every day. It defines who we are. Our purpose comes through in our work with clients that enables impact and value in their organizations, as well as through our own investments, commitments, and actions across areas that help drive positive outcomes for our communities.\n\nOur people and culture\n\nOur inclusive culture empowers our people to be who they are, contribute their unique perspectives, and make a difference individually and collectively. It enables us to leverage different ways of thinking, ideas and perspectives, and bring more creativity and innovation to help solve our clients most complex challenges. This makes Deloitte one of the most rewarding places to work.\n\nProfessional development\n\nAt Deloitte, professionals have the opportunity to work with some of the best and discover what works best for them. Here, we prioritize professional growth, offering diverse learning and networking opportunities to help accelerate careers and enhance leadership skills. Our state-of-the-art DU: The Leadership Center in India, located in Hyderabad, represents a tangible symbol of our commitment to the holistic growth and development of our people. Explore DU: The Leadership Center in India .\n\nBenefits To Help You Thrive\n\nAt Deloitte, we know that great people make a great organization. Our comprehensive rewards program helps us deliver a distinctly Deloitte experience that helps that empowers our professionals to thrive mentally, physically, and financiallyand live their purpose. To support our professionals and their loved ones, we offer a broad range of benefits. Eligibility requirements may be based on role, tenure, type of employment and/ or other criteria. Learn more about what working at Deloitte can mean for you.\n\nRecruiting tips\n\nFrom developing a stand out resume to putting your best foot forward in the interview, we want you to feel prepared and confident as you explore opportunities at Deloitte. Check out recruiting tips from Deloitte recruiters.\n\nRequisition code: 304047",Login to check your skill match score,Permanent Job,"Teradata, ETL Automation, snowflake, ETL processes, Etl Testing, SQL Server, BI, Data Migration, Test Cases, Jira, Sql, Test Data, Data Warehouse Testing, Test Strategy, Test Plan, Hp Alm, Agile, Rally, Data Integration, Oracle, Python",2026-02-11 23:16:30
Data Analyst,NAB,8-10 Years,,"Gurugram, India","It's more than a career at NAB. It's about more meaningful work, more global opportunities and more innovation beyond boundaries .\nYour job is just one part of your life. When you bring your ideas, energy, and hunger for growth, you'll be recognised and rewarded for your contribution in return. You'll have our support to excel for our customers, deliver positive change for our communities and grow your career.\nNAB has established NAB Innovation Centre India as a centre for operations and technology excellence to support NAB deliver faster, better, and more personalized experience to customers and colleagues.\nAt NAB India, we're ramping-up and growing at a very fast pace. Our passionate leaders recruit and develop high performing people, empowering them to deliver exceptional outcomes to make a positive difference in the lives of our customers and our communities.\nYOUR NEW ROLE\nThis role is responsible for uncovering insights from customer onboarding and customer profile data to identify quality issues, recommend remediation, and improve compliance and operational efficiency\nUnderstand how data is used in the business area, where it comes from and where it goes.\nBuild and sustain networks with Business area SMEs and stakeholders associated with data flows\nHave an awareness of key processes and business applications\nWorking alongside the Business Data Steward and teams within the business to identify Critical Data Elements (CDEs) for the Domain\nUnderstand the principles and use of data lineage for CDEs\nUnderstand the Data Quality measurement principles and monitoring of CDEs\nAssist the Business Data Steward with the assessment of data risk and impacts resulting form initiative changes\n\nWHAT YOU WILL BRING\n8+ years in a data science, analytics, or data quality role (preferably in banking or financial services)\nProven experience analysing onboarding/KYC data and diagnosing quality and integration issues\nDemonstrated ability to influence and engage stakeholders across business and risk functions\nComfortable with iterative delivery, ambiguity, and multiple data sources\nProgramming & Analytics: SQL, Python, pandas, Excel, and Jupyter\nVisualization & Reporting: Power BI, Tableau\nData Quality Analysis: Profiling, DQ rules (completeness, uniqueness, consistency), and root cause methods\nUnderstanding of CDEs, DQ scorecards, and data risk frameworks (e.g. APRA CPG 235)\n\nStrong communication skills to translate technical findings into actionable business insight\n\nA diverse and inclusive workplace works better for everyone:\nOur goal is to foster a culture that fills us with pride, rooted in trust and respect. NAB is committed to creating a positive and supportive environment where everyone is encouraged to embrace their true, authentic selves. A diverse and inclusive workplace where our differences are celebrated, and our contributions are valued. It's a huge part of what makes NAB such a special place to be.\n\nMore focus on you:\nWe're committed to delivering a positive experience for our colleagues and a workplace you can be proud of. We support our colleagues to balance their careers and personal life through flexible working arrangements such as hybrid working and job sharing and competitive financial and lifestyle benefits. We invest in our colleagues through world class development programs (Distinctive Leadership and Career Qualified in Banking), and empower you to learn, grow and pursue exciting career opportunities\n\nJoin NAB India:\nThis is your chance to join NAB India and along with your experience and expertise to help shape an innovation driven organisation that focuses on making a positive impact in the lives of its customers, colleagues and communities.",Login to check your skill match score,Permanent Job,"Data Quality Analysis, Profiling, root cause methods, DQ rules, completeness, Consistency, CDEs, DQ scorecards, uniqueness, data risk frameworks, Jupyter, Power Bi, Tableau, Sql, Pandas, Excel, Python",2026-02-11 23:16:32
Data Analyst,Fraoula,Fresher,,India,"Company Description\n\nAt Fraoula, we are pioneers in harnessing the power of data to drive actionable insights and strategic decisions. As a leading data and analytics company, we specialize in transforming raw data into valuable intelligence that empowers organizations to thrive in the digital age. Our expertise enables us to unlock the hidden potential within data, delivering solutions that drive growth and innovation.\nRole Description\n\nThis is a full-time remote role for a Data Analyst. The Data Analyst will be responsible for analyzing large datasets, developing data models, and interpreting complex statistical data. Daily tasks include gathering and cleaning data, performing statistical analysis, and creating visual representations of data. Additionally, the Data Analyst will collaborate with other departments to provide data-driven insights to support strategic decision-making.\nQualifications\n\nPossess strong Analytical Skills and proficiency in Data Analytics\nExperience with Data Modeling and interpreting complex data\nStrong foundation in Statistics for data interpretation and decision-making\nExcellent Communication skills to present data insights effectively\nAbility to work independently and remotely\nBachelor's degree in Data Science, Statistics, Computer Science, or related field\nExperience in the analytics industry or related fields is a plus",Login to check your skill match score,Permanent Job,"Data Interpretation, Data Modeling, Data Analytics, Statistical Analysis",2026-02-11 23:16:33
Data Analyst,Scoutit,Fresher,,"Delhi, India","We're looking for Data Analysts!\n\nResponsibilities\n\nCollecting and analyzing large data sets using statistical and data visualization tools\nIdentifying patterns, trends, and correlations in data to inform business decisions\nDeveloping and maintaining databases, data systems, and data analytics tools\nDeveloping and implementing data analysis processes and methodologies\nCreating and delivering reports and presentations that clearly communicate data insights to management and other stakeholders\nCollaborating with other departments, such as marketing and operations, to develop data-driven solutions to business problems\nEnsuring data accuracy, completeness, and integrity\nDesigning and conducting experiments to test hypotheses and validate assumptions\nDeveloping and maintaining predictive models to forecast business outcomes\n\nQualifications\n\nStrong analytical skills with attention to detail.\nKnowledge of Excel (advanced formulas, pivot tables).\n\n(*Note: This is a requirement for one of Scoutit's clients)\n\nSkills: analytical skills,data,sql",Login to check your skill match score,Permanent Job,"Excel advanced formulas, Pivot Tables, data systems, data analytics tools, data analysis processes, data visualization tools, Databases, Sql",2026-02-11 23:16:34
Data Analyst,DoubleTick,Fresher,,"Mumbai, India","Data Analyst Intern - DoubleTick.io\n\nConversational CRM powered by Meta WhatsApp's API\n\nAbout the role:\n\nWe are looking for a motivated Data Analyst Intern who is eager to learn and assist in collecting, analyzing, and interpreting data to support business decisions. This internship offers hands-on exposure to real datasets, reporting tools, and analytics processes.\n\nKey Responsibilities:\n\nCollect, clean, and organize large datasets from multiple sources\n\nPerform basic data analysis to identify trends, patterns, and insights\n\nCreate dashboards, charts, and reports using tools like Excel, Power BI, or Tableau\n\nAssist in maintaining databases and ensuring data accuracy\n\nSupport senior analysts in ad-hoc analysis and reporting tasks\n\nDocument data processes and analysis results\n\nRequirements:\n\nCurrently Pursuing a degree in Data Science, Statistics, Computer Science,\n\neconomics, or a related field\n\nBasic knowledge of data analysis concepts\n\nProficiency in Excel (formulas, pivot tables)\n\nFamiliarity with SQL and/or Python/R is a plus\n\nStrong analytical and problem-solving skills\n\nAttention to detail and willingness to learn\n\nGood to Have Skills:\n\nExperience with data visualization tools (Tableau, Power BI, etc.)\n\nUnderstanding of basic statistics\n\nGood communication and presentation skills\n\nAbout Us:\n\nDoubleTick:\n\nDoubleTick is a mobile-first conversational CRM built on top of the WhatsApp Business API to unlock WhatsApp's marketing and sales capabilities.\n\nKey features include:\n\nCentral team inbox\n\nBulk broadcasting & analytics\n\nBot studio\n\nCommerce & cataloging\n\nChatbots\n\nRole-based access\n\nBacked by InfoEdge Ventures and BeeNext Singapore, DoubleTick serves over 10,000+\n\nbusinesses in India and UAE across 100+ verticals. Brands using DoubleTick include\n\nMakeMyTrip, Royal Enfield, CoinDCX, Tarun Tahiliani, Times Media, GRT Jewellers, Malabar Gold and Diamonds, Jaro, SabyaSachi, DarGlobal and more. For more details, check out our website: https://doubletick.io",Login to check your skill match score,Permanent Job,"R, Power Bi, Tableau, Excel, Python, Sql",2026-02-11 23:16:36
Data Analyst,DoubleTick,Fresher,,"Mumbai, India","Data Analyst Intern - DoubleTick.io\n\nConversational CRM powered by Meta WhatsApp's API\n\nAbout the role:\n\nWe are looking for a motivated Data Analyst Intern who is eager to learn and assist in collecting, analyzing, and interpreting data to support business decisions. This internship offers hands-on exposure to real datasets, reporting tools, and analytics processes.\n\nKey Responsibilities:\n\nCollect, clean, and organize large datasets from multiple sources\n\nPerform basic data analysis to identify trends, patterns, and insights\n\nCreate dashboards, charts, and reports using tools like Excel, Power BI, or Tableau\n\nAssist in maintaining databases and ensuring data accuracy\n\nSupport senior analysts in ad-hoc analysis and reporting tasks\n\nDocument data processes and analysis results\n\nRequirements:\n\nCurrently Pursuing a degree in Data Science, Statistics, Computer Science,\n\neconomics, or a related field\n\nBasic knowledge of data analysis concepts\n\nProficiency in Excel (formulas, pivot tables)\n\nFamiliarity with SQL and/or Python/R is a plus\n\nStrong analytical and problem-solving skills\n\nAttention to detail and willingness to learn\n\nGood to Have Skills:\n\nExperience with data visualization tools (Tableau, Power BI, etc.)\n\nUnderstanding of basic statistics\n\nGood communication and presentation skills\n\nAbout Us:\n\nDoubleTick:\n\nDoubleTick is a mobile-first conversational CRM built on top of the WhatsApp Business API to unlock WhatsApp's marketing and sales capabilities.\n\nKey features include:\n\nCentral team inbox\n\nBulk broadcasting & analytics\n\nBot studio\n\nCommerce & cataloging\n\nChatbots\n\nRole-based access\n\nBacked by InfoEdge Ventures and BeeNext Singapore, DoubleTick serves over 10,000+\n\nbusinesses in India and UAE across 100+ verticals. Brands using DoubleTick include\n\nMakeMyTrip, Royal Enfield, CoinDCX, Tarun Tahiliani, Times Media, GRT Jewellers, Malabar Gold and Diamonds, Jaro, SabyaSachi, DarGlobal and more. For more details, check out our website: https://doubletick.io",Login to check your skill match score,Permanent Job,"R, Power Bi, Tableau, Excel, Python, Sql",2026-02-11 23:16:37
Data Analyst,InfeXn Laboratories Pvt Ltd,Fresher,,"Thane, India","Data Management Reporting\nCollect, clean, validate, and organize data from various sources.\nPrepare daily, weekly, monthly, and quarterly MIS reports.\nGenerate dashboards, trend analysis, and variance reports.\nMaintain and update master databases.\nReporting Automation\nDevelop automated Excel reports (formulas, Power Query, Pivot Tables).\nCreate interactive dashboards in Excel.\nImprove existing reporting processes to reduce manual effort.\nData Analysis Insights\nPerform data transformation and consolidation.\nIdentify trends, patterns, and gaps for business insights.\nProvide insights to Sales, Marketing, and Management.\nCoordination Communication\nGather data and requirements from cross-functional teams.\nPresent MIS reports to management.\nEnsure timely delivery of scheduled reports.\n\nThis job is provided by Shine.com",Login to check your skill match score,Permanent Job,"Trend Analysis, Pivot Tables, variance reports, Reporting Automation, Excel, Power Query, Data Transformation",2026-02-11 23:16:38
Data Analyst,Optum,Fresher,,"Noida, India","Optum is a global organization that delivers care, aided by technology to help millions of people live healthier lives. The work you do with our team will directly improve health outcomes by connecting people with the care, pharmacy benefits, data and resources they need to feel their best. Here, you will find a culture guided by inclusion, talented peers, comprehensive benefits and career development opportunities. Come make an impact on the communities we serve as you help us advance health optimization on a global scale. Join us to start Caring. Connecting. Growing together.\n\nThis position has responsibility for development, improvements and maintenance on FDM power BI reports, it requires resources to work on business requirement and follow Optum Coding standards and work on new projects in Fabric, Power BI, Advance SQL, Databricks and Azure devops/Github. Developer responsibilities include generating dashboards and reporting for business processes in projects. To be successful in this role, you should have experience using advanced dashboarding and analytical skills to work well in a team.\n\nPrimary Responsibilities:\nWorks with minimal guidance or on routine issues/activities\nDevelopment, enhancement, and maintenance of FDM Power BI reports and Fabric-based analytics solutions\nWork directly with business teams to understand requirements and deliver high quality solutions aligned with Optum coding standards and enterprise architectural guidelines\nContribute to new initiatives using Microsoft Fabric, Power BI, Databricks, Azure DevOps, and advanced SQL-based data engineering practices\nBuild end to end Power BI data models, visualizations, implement Row Level Security (RLS) and Object Level Security (OLS), and design optimized semantic models\nCreate and maintain Fabric pipelines, Dataflows, Lakehouse tables, and end-to-end analytics workloads\nImplement best practices related to performance tuning, DAX optimization, and Fabric workload governance\nExtract, transform, and model data using Databricks notebooks (PySpark/SQL)\nWork with large, complex datasets and develop advanced SQL-based transformations\nPerform root cause analysis on data-quality issues and deliver corrective solutions\nBuild and maintain Power Automate flows to support data refresh, notifications, and workflow automation\nReuse or build reusable code, algorithms, and data structures for common business needs\nUnderstand operational characteristics such as scalability, performance, and security across analytics solutions\nDevelop awareness of upstream and downstream impacts of code and data flows\nUse data-driven approaches to solve business problems and provide actionable insights\nTrack, identify, and escalate issues affecting data quality, performance, or user experience\nComply with the terms and conditions of the employment contract, company policies and procedures, and any and all directives (such as, but not limited to, transfer and/or re-assignment to different work locations, change in teams and/or work shifts, policies in regards to flexibility of work benefits and/or work environment, alternative work arrangements, and other decisions that may arise due to the changing business environment). The Company may adopt, vary or rescind these policies and directives in its absolute discretion and without any limitation (implied or otherwise) on its ability to do so\nRequired Qualifications:\n5+ years of combined hands-on experience across Power BI, Advanced SQL, Databricks, Power Automate, Azure DevOps, with solid expertise in Microsoft Fabric\nHands-on experience with Azure DevOps, Git integration, and CI/CD workflows\nDeveloping / Fully Proficient\nExperience with relational Database: Power Apps, PowerBI, Basic SQL and Azure Devops\nKnowledge on GitHub Integration with Azure Devops\nFamiliarity with current security controls, governance practices, and compliance frameworks\nProven solid analytical skills with the ability to work on structured and unstructured datasets\n#NJP",Hotels/Hospitality/Restaurant,Permanent Job,"talented peers, Pharmacy Benefits",2026-02-11 23:16:39
Data Analyst,Chevron,2-4 Years,,"Bengaluru, India","About The Position\n\nA Data Analyst is responsible for gathering, analyzing and problem solving as it relates to data, types of data, and relationships among data elements within a business system or IT system and with business domain expertise. A Data Analyst provides expertise on how Business workflows map to data, and how data can be integrated to build reusable data products. A Data analyst will serve as a subject matter expert for delivery teams.\n\nThe Data Analyst will support the analysis and visualization of data to provide valuable insights that drive business decisions. This role requires a strong understanding of data processing, reporting, and visualization tools, as well as a good working knowledge of Microsoft Azure Services and Power Platform. The ideal candidate will have hands-on experience with data modeling, creating dashboards, and leveraging cloud technologies for data management.\n\nKey Responsibilities\n\nAnalyze data to extract meaningful insights, trends, and patterns that can support decision-making across the organization.\nDevelop and maintain dashboards and visualizations using Power BI, Spotfire, and Tableau to present data insights in an easy-to-understand format for stakeholders.\nWork with Azure Synapse Analytics, Azure Data Lake, and Azure SQL Database to store, transform, and retrieve data efficiently.\nAssist in data preparation, cleaning, and integration activities for analysis, ensuring high data quality.\nCollaborate with data engineers, business stakeholders, and IT teams to understand data requirements and contribute to the delivery of data-driven solutions.\nLeverage Power Platform tools to automate tasks, create workflows, and enhance data analysis processes.\nProvide support for ongoing analysis and maintain documentation for data processes, reports, and dashboards.\n\nRequired Qualifications\n\nExperience: Overall 2-4 years of experience with 2 years of proven experience in data analysis, data visualization, or related fields.\nBachelor's degree in Data Analytics, Computer Science, Statistics, or a related field (or equivalent experience).\n\n0-5 years experience\n\nTechnical Skills:\nProficiency in Microsoft Azure services, including Azure Synapse Analytics, Azure Data Lake, and Azure SQL Database.\nExperience in data visualization tools such as Power BI, Spotfire, and Tableau.\nStrong skills in data manipulation and transformation using SQL.\nFamiliarity with the Microsoft Power Platform, including Power Apps, Power Automate, and Power BI.\nProficiency in data visualization tools such as Power BI, Spotfire, Tableau.Data modeling techniques, data fluency and governance.\nProficiency in Oil & gas workflows and data types\nData Analysis: Understanding of data analysis concepts and experience in data modeling and building insightful reports.\nProblem Solving: Strong analytical and problem-solving skills, with attention to detail.\nCommunication Skills: Ability to communicate complex data findings in a clear and concise manner to non-technical stakeholders.\nTeam Collaboration: Ability to work effectively as part of a team, sharing knowledge, and supporting other team members.\nExcellent communication and collaboration skills with demonstrated ability to build trusted working relationships with remote peers and stakeholders (internal & external parties) across global teams and time zones.\nStrong knowledge of Microsoft Azure Services & Power Platform, including Azure Synapse Analytics, Azure Data Lake, and Azure SQL Database.\nExperience with SQL and data querying languages.\nExperience with Python for data wrangling.\nStrong analytical and problem-solving skills with attention to detail and accuracy\nFundamental knowledge of Information Risk Management (IRM).\n\nPreferred Qualifications\n\nMicrosoft Power BI Data Analyst certification (PL-300)\nAbility to discover and prepare datasets into clean, understandable, usable, datasets for data analysis.\nCloud Certifications: Certifications in Microsoft Azure (e.g., Azure Data Fundamentals, Azure Data Engineer Associate) are preferred.\nExperience with ETL Tools: Exposure to ETL tools and data integration techniques.\nAdvanced Analytics: Experience or knowledge of machine learning or advanced analytics is a plus.\nScripting Languages: Basic understanding of scripting languages such as Python or R for data analysis.\n\nChevron ENGINE supports global operations, supporting business requirements across the world. Accordingly, the work hours for employees will be aligned to support business requirements. The standard work week will be Monday to Friday. Working hours are 8:00am to 5:00pm or 1.30pm to 10.30pm.",Login to check your skill match score,Permanent Job,"Azure SQL Database, Microsoft Azure Services, Spotfire, Power Bi, Azure Synapse Analytics, Power Platform, Azure Data Lake, Tableau, Sql, Python",2026-02-11 23:16:40
Data Analyst Intern,Unified Mentor Jobs,Fresher,,India,"Data Analyst Intern\nCompany: Unified Mentor\nLocation: Remote\nInternship Duration: 3 Months\nEmployment Type: Internship (Full-time opportunity based on performance)\nAbout Unified Mentor\nUnified Mentor is dedicated to empowering students and graduates with practical, industry-relevant skills. Through structured internships and real-world projects, we help aspiring professionals build strong foundations in data analysis and enhance their career readiness.\nRole Overview\nAs a Data Analyst Intern, you will gain hands-on experience working with real datasets, creating insights, and supporting data-driven decision-making. This role is ideal for candidates looking to strengthen their analytical skills and build a strong professional portfolio.\nKey Responsibilities\nCollect, clean, and organize structured and unstructured datasets\nPerform data analysis to identify trends, patterns, and insights\nCreate reports, dashboards, and visualizations for internal use\nSupport the team in preparing data-driven presentations\nCollaborate with cross-functional teams on analytical tasks\nEligibility & Requirements\nCurrently pursuing or recently completed a degree in a relevant field\nStrong analytical thinking and problem-solving skills\nBasic knowledge of tools such as Excel, SQL, Python, or similar (preferred)\nAbility to communicate insights clearly and work effectively in a team\nWillingness to learn and adapt in a fast-paced environment\nWhat You'll Gain\nPractical exposure to real-world data analysis projects\nMentorship and structured learning during the internship period\nCertificate of Internship upon successful completion\nLetter of Recommendation based on performance\nOpportunity to be considered for a full-time role based on performance and business requirements\nHow to Apply\nInterested candidates can apply by submitting their application with the subject line:\nData Analyst Intern Application\nApplication Deadline: 10th February 2025\nEqual Opportunity Statement\nUnified Mentor is an equal opportunity employer. We value diversity and encourage applications from candidates of all backgrounds.",Login to check your skill match score,Permanent Job,"Excel, Python, Sql",2026-02-11 23:16:42
Data Analyst & Reporting Developer,Infineon Technologies,4-8 Years,,"Bengaluru, India","This is a key role within the DCI organization, in providing data integrity and insightful business analysis reports to support informed decision making in the space of customer journey growth. The ideal candidate comes with strong technical experience with business understanding and will work in the Analytics team delivering end-to-end storyboarding report solutions.\n\nYour Role\n\nKey responsibilities in your new role\n\nPassionate to solve business problems through data and Insights\nWrite, interpret, and optimize complex queries across disparate data sources using SQL to provide ad-hoc analysis to the stakeholders\nCollaborate with stakeholders to know the business problem and design data solutions that provide insight, including building dashboards, presentations and recommendations\nPerform technical data analysis and create datasets that describe business questions/processes\nAnalyze operational metrics and Key Performance Indicators (KPIs) ,trend to identify cause-and-effect relationships between key business drivers\nPerform statistical analysis on various data sets to derive actionable insights to improve business\nTranslating data into useful insights to drive and solve critical business and inform operational decisions.\nEnsure data integrity for reporting\nWork closely with data engineers and develop skills to build data pipelines for analysis\nAutomate and improve data quality and bring productivity to workflows related to data\n\nBuild reports and dashboards to efficiently provide visibility on key metrics\n\nYour Profile\n\nQualifications And Skills To Help You Succeed\n\nDegree/master's in computer science, Mathematics or Statistics major\nRelevant applied work experience in quantitative analysis of at least 4-8 years\nAbility to work with large amounts of data from disparate sources: collecting, consolidating, analyzing, and synthesizing\nStrong problem-solving skills\nHands-on experience and in-depth technical knowledge of SQL programming\nHands-on experience with a self-serve BI tool (preferably using Tableau)\nExperience with extracting and modeling datasets with database queries and environment (Hadoop/Spark)\nExperience with programming languages (e.g. PySpark mandatory, Python, Java)\nExperience in managing agile implementation cycles and rollouts\nSelf-motivated, proactive, get-things-done team member who lives to improve data quality and drive results\n\nContact:\n\n[HIDDEN TEXT]\n\n#WeAreIn for driving decarbonization and digitalization.\n\nAs a global leader in semiconductor solutions in power systems and IoT, Infineon enables game-changing solutions for green and efficient energy, clean and safe mobility, as well as smart and secure IoT. Together, we drive innovation and customer success, while caring for our people and empowering them to reach ambitious goals. Be a part of making life easier, safer and greener.\n\nAre you in\n\nWe are on a journey to create the best Infineon for everyone.\n\nThis means we embrace diversity and inclusion and welcome everyone for who they are. At Infineon, we offer a working environment characterized by trust, openness, respect and tolerance and are committed to give all applicants and employees equal opportunities. We base our recruiting decisions on the applicants experience and skills. Learn more about our various contact channels.\n\nPlease let your recruiter know if they need to pay special attention to something in order to enable your participation in the interview process.\n\nClick here for more information about Diversity & Inclusion at Infineon.",Semiconductor Manufacturing,Permanent Job,"Java, Hadoop, Pyspark, Spark, Tableau, Sql, Python",2026-02-11 23:16:43
Data Analyst,iConsultera,Fresher,,India,"Position Overview\nWe are seeking a skilled Data Analyst (Remote India) to help transform data into actionable insights that support business decisions. The ideal candidate is analytical, proficient in SQL and data tools, and able to communicate insights clearly. This role works closely with cross-functional teams to analyse performance, build dashboards, and support strategic decisions.\nKey Responsibilities\n1. Data Analysis & Insight Generation\nInterpret and analyse large datasets to identify trends, patterns, and opportunities.\nDeliver insights that influence business decisions across product, marketing, finance, ops, and strategy.\nSupport A/B test analysis and interpret experiment results.\n2. Reporting & Dashboard Development\nBuild and maintain dashboards and interactive reports using BI tools (Power BI, Tableau, Looker, or Google Data Studio).\nCreate automated reports and scheduled deliverables for stakeholders.\nEnsure reports are accurate, timely, and actionable.\n3. SQL & Data Querying\nWrite efficient, optimized SQL queries to extract data from relational databases (MySQL, PostgreSQL, Redshift, Snowflake, Big Query).\nValidate data quality, reconcile discrepancies, and ensure data integrity.\n4. Data Modelling & Data Pipelines\nSupport data modelling efforts with clear, logical data structures.\nCollaborate with Data Engineering to improve ETL/ELT pipelines and data reliability.\nHelp standardize data definitions and metrics across teams.\n5. Cross-Functional Collaboration\nPartner with product managers, engineers, marketers, finance teams, and business stakeholders.\nTranslate business questions into analytical requirements and deliver insights.\nCommunicate results to technical and non-technical audiences.\n6. Advanced Analytics & Predictive Modelling (Optional)\nPerform advanced analytics, including regression, forecasting, clustering, or segmentation using Python/R (if applicable).\nProvide modelling support for churn, revenue projections, or customer lifetime value.\n7. Documentation & Best Practices\nDocument analysis methodologies, data sources, metrics, and reports.\nPromote analytics best practices, data governance, and reproducible workflows.\nRequired Skills & Qualifications\nCore Technical Skills\nSQL proficiency complex queries, aggregations, joins, performance tuning.\nAdvanced Excel VLOOKUP/XLOOKUP, pivot tables, Power Query.\nFamiliarity with BI tools: Power BI, Tableau, Looker, or Google Data Studio.\nExperience with relational and cloud data warehouses (Snowflake, Big Query, Redshift).\nData Manipulation & Tools\nPython (Pandas, NumPy) and/or R basics (preferred for advanced roles).\nData visualization skills and storytelling through charts and dashboards.\nUnderstanding of ETL/ELT processes and data pipelines.\nSoft Skills\nExcellent analytical and problem-solving mindset.\nClear communication written and verbal.\nAbility to work independently in a remote environment.\nAttention to detail and quality.",Login to check your skill match score,Permanent Job,"Big Query, Google Data Studio, Looker, R, snowflake, Power Bi, PostgreSQL, Advanced Excel, Tableau, Redshift, Sql, Numpy, Pandas, MySQL, Python",2026-02-14 04:20:46
Data Analyst,Zone IT Solutions,Fresher,,"Gurugram, Gurugram, India","We are seeking a detail-oriented Data Analyst to manage and analyze HR and business data, support resource planning, and ensure accurate data migration and cleansing activities.\nRequirements\n\nExperience as a Data Analyst or in a similar data management role.\nHands-on experience with SAS or SAS-based products.\nStrong knowledge of data migration, data cleaning, and data validation processes.\nProficiency in Excel and data analysis tools.\nAbility to manage HR datasets, including skills and resource planning information.\nGood understanding of database concepts and data management practices.\nStrong analytical, problem-solving, and attention-to-detail skills.\nWork with SAS tools and SAS products for data extraction, processing, and reporting.\nExecute data migration activities, ensuring data accuracy and integrity.\nConduct data cleaning, validation, and transformation to maintain high-quality datasets.\nManage bulk data import activities across systems and databases.\n\nBenefits\n\nAbout Us\nZone IT Solutions is Australia based Recruitment Company. We specialize in Digital, ERP and larger IT Services. We offer flexible, efficient and collaborative solutions to any organization that requires IT, experts. Our agile, agnostic and flexible solutions will help you source the IT Expertise you need. Our delivery Offices are in Melbourne, Sydney and India. If you are looking for new opportunities your profile at [HIDDEN TEXT]\nAlso follow our LinkedIn page for new job opportunities and more.",Login to check your skill match score,Permanent Job,"data analysis tools, data management practices, Data Validation, Database Concepts, SAS, Data Cleaning, Data Migration, Excel",2026-02-14 04:20:48
Data Analyst,Zone IT Solutions,Fresher,,"Gurugram, Gurugram, India","We are seeking a detail-oriented Data Analyst to manage and analyze HR and business data, support resource planning, and ensure accurate data migration and cleansing activities.\nRequirements\n\nExperience as a Data Analyst or in a similar data management role.\nHands-on experience with SAS or SAS-based products.\nStrong knowledge of data migration, data cleaning, and data validation processes.\nProficiency in Excel and data analysis tools.\nAbility to manage HR datasets, including skills and resource planning information.\nGood understanding of database concepts and data management practices.\nStrong analytical, problem-solving, and attention-to-detail skills.\nWork with SAS tools and SAS products for data extraction, processing, and reporting.\nExecute data migration activities, ensuring data accuracy and integrity.\nConduct data cleaning, validation, and transformation to maintain high-quality datasets.\nManage bulk data import activities across systems and databases.\n\nBenefits\n\nAbout Us\nZone IT Solutions is Australia based Recruitment Company. We specialize in Digital, ERP and larger IT Services. We offer flexible, efficient and collaborative solutions to any organization that requires IT, experts. Our agile, agnostic and flexible solutions will help you source the IT Expertise you need. Our delivery Offices are in Melbourne, Sydney and India. If you are looking for new opportunities your profile at [HIDDEN TEXT]\nAlso follow our LinkedIn page for new job opportunities and more.",Login to check your skill match score,Permanent Job,"data analysis tools, data management practices, Data Validation, Database Concepts, SAS, Data Cleaning, Data Migration, Excel",2026-02-14 04:20:48
Data Analyst,Adecco,5-7 Years,,"Bengaluru, India","Hi All,\nLooking for immediate joiner\nData Analyst with SQL\n1 year Contract\nTotal 8+ years of experience and in that atleast 5+ years of relevant experience in using SQL and Advanced SQL with coding.\nMin 2 year of experience in Python is a must.\nCandidate should have good Analytics experience.\nGood communication with Stakeholders is a must.\nCandidate worked under B2B Lead Generation environment will be an added advantage.",Login to check your skill match score,Permanent Job,"Advanced Sql, Python, Sql",2026-02-15 01:00:00
"Senior Business and Data Analyst, AVP",Deutsche Bank,12-14 Years,,"Pune, India","Senior Business and Data Analyst, AVP\nPosition Overview\nJob Title-Senior Business and Data Analyst, AVP\nLocation- Pune, India\nRole Description\nBusiness Functional Analysis is responsible for business solution design in complex project environments (e.g. transformational programs). Work includes:\nIdentifying the full range of business requirements and translating requirements into specific functional specifications for solution development and implementation\nAnalyzing business requirements and the associated impacts of the changes\nDesigning and assisting businesses in developing optimal target state business processes\nCreating and executing against roadmaps that focus on solution development and implementation\nAnswering questions of methodological approach with varying levels of complexity\nAligning with other key stakeholder groups (such as Project Management & Software Engineering) to support the link between the business divisions and the solution providers for all aspects of identifying, implementing and maintaining solutions\nWhat we'll offer you\nAs part of our flexible scheme, here are just some of the benefits that you'll enjoy\nBest in class leave policy\nGender neutral parental leaves\n100% reimbursement under childcare assistance benefit (gender neutral)\nSponsorship for Industry relevant certifications and education\nEmployee Assistance Program for you and your family members\nComprehensive Hospitalization Insurance for you and your dependents\nAccident and Term life Insurance\nComplementary Health screening for 35 yrs. and above\nYour key responsibilities\nCo-ordinating with the consumer of the data products and articulating the business requirements to data requirements for engineering teams.\nUnderstand the functional and non-functional requirements\nConverting data specific business requirements to BRD or Data Mapping documents.\nCo-ordinating with product owner and business stakeholders for the project roadmap and preparing the backlog using Jira.\nCommunicating with the consumers and stakeholders with project status, release notifications\nSupporting the data migration from on-prem systems to cloud systems and provide data mappings for the engineering teams for the transformation layer\nMaintaining data lineage and data dictionary from source to target systems.\nSupporting data analysis using SQL queries\nContribute in the development activities related to data transformation.\nUnderstanding of data transformation tools and can contribute in ETL development tasks\nYour skills and experience\n12+ years of overall experience in working with data and Asset Management/investment banking domain.\nGood understanding of core investment concepts like Transaction, Security, Portfolio, positions (IBOR,ABOR), FX etc.\nGood experience in working with RDBMS systems like MS SQL Server, Oracle.\nGood to have experience of working on cloud databases like BigQuery, SnowFlake or similar.\nExperience of working in agile framework and working with scrum development teams.\nGood understanding of tools such as Jira, Confluence.\nExperience of working in data transformation or ETL projects\nGood to have migration experience of migrating on prem databases to Cloud based databases.\nStrong verbal and written communication with an effective articulation of the problem to technical and non-technical stakeholders\nGood understanding of agile framework and experience of working with scrum development teams.\nGood to have data migration experience of on-prem to cloud.\nHow we'll support you\nTraining and development to help you excel in your career\nCoaching and support from experts in your team\nA culture of continuous learning to aid progression\nA range of flexible benefits that you can tailor to suit your needs\nAbout us and our teams\nPlease visit our company website for further information:\nWe strive for a in which we are empowered to excel together every day. This includes acting responsibly, thinking commercially, taking initiative and working collaboratively.\nTogether we share and celebrate the successes of our people. Together we are Deutsche Bank Group.\nWe welcome applications from all people and promote a positive, fair and inclusive work environment.",Banking/Accounting/Financial Services,Permanent Job,"Confluence, Jira, Sql, Data Transformation, Etl",2026-02-15 01:00:04
"Senior Business and Data Analyst, AVP",Deutsche Bank,12-14 Years,,"Pune, India","Senior Business and Data Analyst, AVP\nPosition Overview\nJob Title-Senior Business and Data Analyst, AVP\nLocation- Pune, India\nRole Description\nBusiness Functional Analysis is responsible for business solution design in complex project environments (e.g. transformational programs). Work includes:\nIdentifying the full range of business requirements and translating requirements into specific functional specifications for solution development and implementation\nAnalyzing business requirements and the associated impacts of the changes\nDesigning and assisting businesses in developing optimal target state business processes\nCreating and executing against roadmaps that focus on solution development and implementation\nAnswering questions of methodological approach with varying levels of complexity\nAligning with other key stakeholder groups (such as Project Management & Software Engineering) to support the link between the business divisions and the solution providers for all aspects of identifying, implementing and maintaining solutions\nWhat we'll offer you\nAs part of our flexible scheme, here are just some of the benefits that you'll enjoy\nBest in class leave policy\nGender neutral parental leaves\n100% reimbursement under childcare assistance benefit (gender neutral)\nSponsorship for Industry relevant certifications and education\nEmployee Assistance Program for you and your family members\nComprehensive Hospitalization Insurance for you and your dependents\nAccident and Term life Insurance\nComplementary Health screening for 35 yrs. and above\nYour key responsibilities\nCo-ordinating with the consumer of the data products and articulating the business requirements to data requirements for engineering teams.\nUnderstand the functional and non-functional requirements\nConverting data specific business requirements to BRD or Data Mapping documents.\nCo-ordinating with product owner and business stakeholders for the project roadmap and preparing the backlog using Jira.\nCommunicating with the consumers and stakeholders with project status, release notifications\nSupporting the data migration from on-prem systems to cloud systems and provide data mappings for the engineering teams for the transformation layer\nMaintaining data lineage and data dictionary from source to target systems.\nSupporting data analysis using SQL queries\nContribute in the development activities related to data transformation.\nUnderstanding of data transformation tools and can contribute in ETL development tasks\nYour skills and experience\n12+ years of overall experience in working with data and Asset Management/investment banking domain.\nGood understanding of core investment concepts like Transaction, Security, Portfolio, positions (IBOR,ABOR), FX etc.\nGood experience in working with RDBMS systems like MS SQL Server, Oracle.\nGood to have experience of working on cloud databases like BigQuery, SnowFlake or similar.\nExperience of working in agile framework and working with scrum development teams.\nGood understanding of tools such as Jira, Confluence.\nExperience of working in data transformation or ETL projects\nGood to have migration experience of migrating on prem databases to Cloud based databases.\nStrong verbal and written communication with an effective articulation of the problem to technical and non-technical stakeholders\nGood understanding of agile framework and experience of working with scrum development teams.\nGood to have data migration experience of on-prem to cloud.\nHow we'll support you\nTraining and development to help you excel in your career\nCoaching and support from experts in your team\nA culture of continuous learning to aid progression\nA range of flexible benefits that you can tailor to suit your needs\nAbout us and our teams\nPlease visit our company website for further information:\nWe strive for a in which we are empowered to excel together every day. This includes acting responsibly, thinking commercially, taking initiative and working collaboratively.\nTogether we share and celebrate the successes of our people. Together we are Deutsche Bank Group.\nWe welcome applications from all people and promote a positive, fair and inclusive work environment.",Banking/Accounting/Financial Services,Permanent Job,"Confluence, Jira, Sql, Data Transformation, Etl",2026-02-15 01:00:05
Data Analyst,Scoutit,Fresher,,"Delhi, India","We're looking for Data Analysts!\n\nResponsibilities\n\nCollect, clean, and analyze HR data from various sources.\nBuild and maintain dashboards and HR reports using tools like Excel.\nTrack and report on key HR metrics such as headcount, turnover, time to hire, diversity, performance, etc.\nCollaborate with HR and business leaders to understand data needs and deliver insights.\nDevelop predictive models and trend analyses to forecast workforce needs and identify risks.\nEnsure data accuracy, integrity, and compliance with data privacy regulations (e.g., GDPR).\nSupport HR initiatives such as compensation reviews, DEI analysis, engagement surveys, and organizational planning.\nPresent data-driven findings and recommendations to stakeholders in a clear and compelling way.\n\n(*Note: This is a requirement for one of Scoutit's clients)\n\nSkills: excel,dashboards,data",Login to check your skill match score,Permanent Job,"data, Dashboards, Excel",2026-02-15 01:00:06
Data Analyst,Hirenza,Fresher,,India,"About The Company\n\nLawSikho is a leading legal education platform dedicated to providing comprehensive and accessible legal courses, certifications, and resources to aspiring lawyers, legal professionals, and students worldwide. Our mission is to bridge the gap between theoretical legal knowledge and practical application by offering innovative online training programs, workshops, and interactive content. With a team of experienced legal educators and industry experts, LawSikho strives to empower individuals with the skills and knowledge necessary to excel in the dynamic legal landscape. We are committed to fostering a collaborative and inclusive environment that encourages continuous learning and professional growth.\n\nAbout The Role\n\nWe are seeking a detail-oriented and technically proficient Data Analyst to join our team at LawSikho. The ideal candidate will play a crucial role in managing, analyzing, and visualizing data to support strategic decision-making and operational efficiency. This position requires a strong command of advanced Excel, Google Sheets, and data transformation tools, with an emphasis on creating interactive dashboards and ensuring data accuracy. The Data Analyst will collaborate with various departments to clean, organize, and interpret large datasets, transforming raw data into meaningful insights. The role offers an excellent opportunity to work in a fast-paced environment where analytical skills and technical expertise directly contribute to the company's growth and success.\n\nQualifications\n\nThe ideal candidate should possess a strong foundation in data analysis tools and techniques, with hands-on experience in advanced Excel and Google Sheets. A background in working with unstructured data, along with basic knowledge of Power Query, Power BI, Python, and SQL, will be advantageous. Candidates should demonstrate excellent problem-solving skills, attention to detail, and the ability to communicate complex data insights clearly. A proactive attitude towards learning new skills and improving existing capabilities is essential. Educational qualifications in data science, statistics, computer science, or related fields will be considered a plus, but practical skills and demonstrable experience are paramount.\n\nResponsibilities\n\nWork extensively with advanced Excel and Google Sheets for data cleaning, transformation, and analysis to support various business functions.\nUtilize advanced formulas and functions such as XLOOKUP, VLOOKUP, HLOOKUP, INDEX-MATCH, IF, IFS, ARRAYFORMULA, QUERY, FILTER, TEXT, and DATE functions to manipulate and analyze data efficiently.\nCreate and maintain pivot tables, conditional formatting, and data highlighting to facilitate quick insights and reporting.\nFetch and refresh data using Power Query, including importing data from online sources such as URLs, CSV files, Google Sheets, and APIs where applicable.\nPerform basic data transformations using Power Query to prepare datasets for analysis.\nDesign and develop interactive dashboards utilizing Pivot Tables, Pivot Charts in Excel and Google Sheets, and basic Power BI dashboards to visualize key metrics and trends.\nUnderstand data structures, relationships, and identify common keys across multiple datasets to ensure data integrity and consistency.\nVerify data accuracy and consistency before generating reports, ensuring reliable insights for decision-making.\nCollaborate with cross-functional teams to understand data requirements and provide actionable insights.\nContinuously improve data handling processes and stay updated with the latest tools and techniques in data analysis.\n\nBenefits\n\nLawSikho offers a dynamic work environment with opportunities for professional growth and skill development. Employees will benefit from exposure to innovative data analysis tools and methodologies, along with the chance to work on impactful projects that support the company's mission. We provide competitive compensation packages, flexible working arrangements, and a collaborative team culture that encourages continuous learning. Additionally, our inclusive environment values diversity and promotes equal opportunities for all employees to thrive and advance in their careers.\n\nEqual Opportunity\n\nLawSikho is an equal opportunity employer. We celebrate diversity and are committed to creating an inclusive environment for all employees regardless of race, gender, age, religion, sexual orientation, disability, or background. We believe that a diverse workforce enhances our ability to serve our clients and innovate in the legal education sector. All qualified candidates are encouraged to apply and will be considered based on merit and skills.\n\nPreferred Candidate Profile\n\nStrong logical thinking and problem-solving skills\nAbility to work with raw, unstructured data\nWillingness to learn and improve speed and efficiency in data tasks\nGood communication skills to explain data insights clearly\n\nKey Responsibilities\n\nWork extensively with Advanced Excel and Google Sheets for data cleaning, transformation, and analysis\nUse advanced formulas and functions such as:\nXLOOKUP / VLOOKUP / HLOOKUP / INDEX-MATCH\nIF, IFS, ARRAYFORMULA\nQUERY, FILTER, TEXT, DATE functions\nPivot Tables, Conditional Formatting, Highlighting and Removing Duplicates\nFetch and refresh data using Power Query, including:\nImporting data from online sources (URLs, CSVs, Google Sheets, APIs where applicable)\nBasic",Login to check your skill match score,Permanent Job,"Power Bi, google sheets, Advanced Excel, Power Query, Python, Sql, Data Transformation",2026-02-15 01:00:07
Data Analyst III,"RealPage, Inc.",3-5 Years,,"Hyderabad, India","Overview\n\nThis role is Responsible for validating and uploading client financial and occupancy data into AIM systems, ensuring accuracy and compliance with accounting principles. Key duties include performing data integrity checks, resolving discrepancies, maintaining documentation, and meeting SLAs and quality standards. The role also drives process improvements through automation and standardization.\n\nResponsibilities\n\nValidate client financial (TB, Occupancy) data & Occupancy data to ensure accuracy and completeness.\nValidate financial data & upload into the AIM system, following standard operating procedures.\nPerform data integrity checks to ensure alignment with accounting principles.\nCollaborate with internal teams to resolve data discrepancies or formatting issues.\nMaintain proper documentation of validation and upload activities.\nWork on process improvement initiatives, including automation and standardization.\nEnsure timely completion of tasks in line with SLAs and quality standards.\nMaintain & implement measures to improve quality.\n\nRequired\n\nQualifications\n\nBachelor's degree in accounting, Finance, or related field.\n3 - 5 years of relevant experience with strong academic performance in accounting/finance.\n\nKnowledge/Skills/Abilities\n\nRequired:\n\nIntermediate-level accounting knowledge (e.g., understanding of ledgers, trial balances, journal entries).\nProficiency in Microsoft Office, especially Excel (formulas, pivot tables, data validation).\nFamiliarity with financial systems or platforms like AIM is a plus.\nBasic understanding of data validation techniques and file formatting.\nProven track record in process improvements & simplifications.\nStrong attention to detail and accuracy.\nAbility to work independently and as part of a team.\nGood communication and documentation skills.\nEagerness to learn and adapt to new tools and processes.",Login to check your skill match score,Permanent Job,"Basic understanding of data validation techniques and file formatting, Intermediate-level accounting knowledge, Proficiency in Microsoft Office, Familiarity with financial systems or platforms like AIM",2026-02-15 01:00:08
Data Analyst (Technical),UBS,Fresher,,"Pune, India","Your role\n\nAre you curious about how financial instruments, pricing, analytics, valuations, benchmarks and indices are support t Asset Management Are you organized and have an eye for detail Are you motivated by analytical challenges We're looking for someone who can:\n\nValidate and maintain security, pricing, analytics, valuations, index and benchmark instrument data to ensure accuracy and completeness.\nRun daily and periodic data processes including enrichment, reconciliation, checks and report generation within SLAs.\nAnalyse large datasets, identify issues, perform root analysis and apply tactical/strategic solutions.\nHandle queries from stakeholders such as portfolio managers, risks and internal teams with clear investigations and timely manner.\nMaintain and update SOPs and ensure adherence to Data Governance standards.\nProvide business analysis and requirements to improve data processes, controls and system workflows.\nSupport UAT and production releases, working with IT and vendors to resolve data issues.\nComfortable using Bloomberg, Bloomberg PORT, SQL, VBA, Power BI, ETL tools or Unix across AM Applications with strong communication skills in English.\n\nJob Type\n\nFull Time\n\nJob Reference #\n\n331682BR\n\nCity\n\nPune\n\nYour team\n\nYou will be working in the Data Services team within Asset Management Chief Data Office aligned to traditional operations. You will be supporting the day-to-day processes carried out by the Data Services team, which would include providing timely, accurate and complete benchmark, index, and analytics data to the UBS Asset Management Division in line with defined requirements.\n\n\n\nTeam provides 24*6 coverage to ensure uninterrupted support and assistance to the Asset Management Division. Team members are in Chicago, Zurich, Krakow, Singapore, and Pune.\n\nYour expertise\n\nYou have:\n\nA university degree, ideally in Business Mgmt. / Finance / Information Technology\nSolid knowledge of benchmarks, indices and asset classes, financial instruments.\nSolid experience with reconciliation, root cause analysis, complex troubleshooting and document findings.\nProficiency in data manipulation, analysis tools (Excel/VBA/Macro, SQL)and ETL tool (Alteryx).\nStrong communication skills (English) both verbal and written.Able to explain technical and non-technical topics to stakeholders.\nWorking knowledge of leading market data platforms (e.g., RIMES, Bloomberg, Bloomberg PORT, ICE, Refinitiv).\nBasic knowledge of scripting (Python, Shell) to aid in automation.\nNice to have - experience with tools such as: PowerBI, SimCorp Dimension Platform, Power Automate and other Power Apps.\nNice to have - familiarity with index licensing, vendor management.\n\nAbout Us\nUBS is a leading and truly global wealth manager and the leading universal bank in Switzerland. We also provide diversified asset management solutions and focused investment banking capabilities. Headquartered in Zurich, Switzerland, UBS is present in more than 50 markets around the globe.\n\nWe know that great work is never done alone. That's why we place collaboration at the heart of everything we do. Because together, we're more than ourselves. Want to find out more Visit ubs.com/careers.\n\nJoin us\n\nAt UBS, we know that it's our people, with their diverse skills, experiences and backgrounds, who drive our ongoing success. We're dedicated to our craft and passionate about putting our people first, with new challenges, a supportive team, opportunities to grow and flexible working options when possible. Our inclusive culture brings out the best in our employees, wherever they are on their career journey. And we use artificial intelligence (AI) to work smarter and more efficiently. We also recognize that great work is never done alone. That's why collaboration is at the heart of everything we do. Because together, we're more than ourselves.\n\nWe're committed to disability inclusion and if you need reasonable accommodation/adjustments throughout our recruitment process, you can always contact us.\n\nDisclaimer / Policy statements\n\nUBS is an Equal Opportunity Employer. We respect and seek to empower each individual and support the diverse cultures, perspectives, skills and experiences within our workforce.",Login to check your skill match score,Permanent Job,"Bloomberg PORT, Bloomberg, SimCorp Dimension Platform, Unix, Alteryx, Power Bi, Power Automate, Sql, Shell, Vba, Etl Tools, Excel, Python",2026-02-15 01:00:10
Data Analyst - Lead,Iris Software Inc.,Fresher,,"Noida, India","Why Join Iris\n\nAre you ready to do the best work of your career at one of India's Top 25 Best Workplaces in IT industry Do you want to grow in an award-winning culture that truly values your talent and ambitions\n\nJoin Iris Software one of the fastest-growing IT services companies where you own and shape your success story.\n\nAbout Us\n\nAt Iris Software, our vision is to be our client's most trusted technology partner, and the first choice for the industry's top professionals to realize their full potential.\n\nWith over 4,300 associates across India, U.S.A, and Canada, we help our enterprise clients thrive with technology-enabled transformation across financial services, healthcare, transportation & logistics, and professional services.\n\nOur work covers complex, mission-critical applications with the latest technologies, such as high-value complex Application & Product Engineering, Data & Analytics, Cloud, DevOps, Data & MLOps, Quality Engineering, and Business Automation.\n\nWorking with Us\n\nAt Iris, every role is more than a job it's a launchpad for growth.\n\nOur Employee Value Proposition, Build Your Future. Own Your Journey. reflects our belief that people thrive when they have ownership of their career and the right opportunities to shape it.\n\nWe foster a culture where your potential is valued, your voice matters, and your work creates real impact. With cutting-edge projects, personalized career development, continuous learning and mentorship, we support you to grow and become your best both personally and professionally.\n\nCurious what it's like to work at Iris Head to this video for an inside look at the people, the passion, and the possibilities. Watch it here.\n\nJob Description\n\nMandatory Competencies\n\nPerks And Benefits For Irisians\n\nIris provides world-class benefits for a personalized employee experience. These benefits are designed to support financial, health and well-being needs of Irisians for a holistic professional and personal growth. Click here to view the benefits.",Login to check your skill match score,Permanent Job,"Application Product Engineering, quality engineering, Data MLOps, business automation, Devops, Cloud, Data Analytics",2026-02-15 01:00:11
"Data Analyst (Python, SQL & Data Cleansing)",Azuro Technologies - ISO Certified,Fresher,,"Hyderabad, India","Company Description\nAzuro Technologies, an ISO-certified company, is a technology staffing and consulting firm operating in India and the UAE. The firm specializes in providing staffing solutions, software development, and testing services to clients worldwide. Key offerings include talent search, staff augmentation, and contract hiring alongside managed testing services. Azuro Technologies is committed to delivering high-quality solutions to meet the evolving needs of global businesses.\nRole Description\nThis is a full-time remote role for a Data Analyst specializing in Python, SQL, and data cleansing. The Data Analyst will focus on analyzing data using statistical techniques, creating visualizations, developing data models, and performing data cleansing to ensure accuracy and integrity. The role requires collaboration with team members and effective communication to provide insights that support data-driven decision-making and recommendations for business improvements.\nQualifications\nStrong Analytical Skills and proficiency in Data Analytics and Data Modeling\nIn-depth knowledge of Statistics and experience interpreting data trends\nExcellent Communication skills, with the ability to present findings clearly\nProficiency in Python and SQL for data analysis and manipulation\nExperience in data cleansing and ensuring data quality\nAbility to work independently in a remote setting and collaborate effectively with a team\nExperience with data visualization tools or libraries is a plus\nBachelor's degree in Data Science, Statistics, Computer Science, or a related field",Login to check your skill match score,Permanent Job,"Statistics, Data Modeling, Data Cleansing, Data Visualization, Data Analytics, Python, Sql",2026-02-15 01:00:12
"Data Analyst (Python, SQL & Data Cleansing)",Azuro Technologies - ISO Certified,Fresher,,"Hyderabad, India","Company Description\nAzuro Technologies, an ISO-certified company, is a technology staffing and consulting firm operating in India and the UAE. The firm specializes in providing staffing solutions, software development, and testing services to clients worldwide. Key offerings include talent search, staff augmentation, and contract hiring alongside managed testing services. Azuro Technologies is committed to delivering high-quality solutions to meet the evolving needs of global businesses.\nRole Description\nThis is a full-time remote role for a Data Analyst specializing in Python, SQL, and data cleansing. The Data Analyst will focus on analyzing data using statistical techniques, creating visualizations, developing data models, and performing data cleansing to ensure accuracy and integrity. The role requires collaboration with team members and effective communication to provide insights that support data-driven decision-making and recommendations for business improvements.\nQualifications\nStrong Analytical Skills and proficiency in Data Analytics and Data Modeling\nIn-depth knowledge of Statistics and experience interpreting data trends\nExcellent Communication skills, with the ability to present findings clearly\nProficiency in Python and SQL for data analysis and manipulation\nExperience in data cleansing and ensuring data quality\nAbility to work independently in a remote setting and collaborate effectively with a team\nExperience with data visualization tools or libraries is a plus\nBachelor's degree in Data Science, Statistics, Computer Science, or a related field",Login to check your skill match score,Permanent Job,"Statistics, Data Modeling, Data Cleansing, Data Visualization, Data Analytics, Python, Sql",2026-02-15 01:00:13
Reporting - Data Analyst,Unisys,2-5 Years,,"Bengaluru, India","What Success Looks Like In This Role\n\nJob Title: Data Analyst / Reporting Analyst\nExperience: 2 Years\nJob Summary\nWe are looking for a Data Analyst with 2 years of experience in data analysis, strong SQL skills, and hands-on reporting experience across BI tools. The role requires high competence in SQL for in-tool reporting and strong proficiency in Excel, including advanced formulas and Power Query, to deliver accurate and actionable insights.\nKey Responsibilities\nDevelop and maintain reports and dashboards using BI tools (Power BI, Tableau, Qlik, or similar)\nWrite and optimize SQL queries for data extraction, transformation, and in-tool reporting\nUse Excel extensively for data analysis, reporting, advanced formulas, and Power Query transformation\nWork closely with business stakeholders to gather and translate reporting requirements\nStay current with evolving data tools, technologies, and best practices\nRequired Skills & Experience\n25 years of experience in Data Analyst / Reporting roles\nStrong proficiency in SQL (complex queries, joins, subqueries, performance optimization)\nHands-on experience with relational databases (SQL Server, Oracle, MySQL, etc.)\nAdvanced Excel skills, including formulas, pivot tables, and Power Query\nExperience with BI and reporting tools (Power BI preferred; Tableau/Qlik acceptable)\nGood to Have\nExposure to data warehousing and ETL concepts\nExperience with cloud data platforms\nBasic scripting knowledge (Python or similar)\n\nYou will be successful in this role if you have:\n\nBE/B-Tech degree and 2 years relevant experience OR equivalent combination of education in Computer Science or any Engineering Departments.\n\nUnisys is proud to be an equal opportunity employer that considers all qualified applicants without regard to age, blood type, caste, citizenship, color, disability, family medical history, family status, ethnicity, gender, gender expression, gender identity, genetic information, marital status, national origin, parental status, pregnancy, race, religion, sex, sexual orientation, transgender status, veteran status or any other category protected by law.\n\nLocal employment practices and rights may vary by jurisdiction and are subject to applicable local laws. This commitment includes our efforts to provide for all those who seek to express interest in employment the opportunity to participate without barriers.\n\nIf you are a US job seeker unable to review the job opportunities herein, or cannot otherwise complete your expression of interest, without additional assistance and would like to discuss a request for reasonable accommodation, please contact our Global Recruiting organization at [HIDDEN TEXT]. US job seekers can find more information about Unisys EEO commitment here.",Login to check your skill match score,Permanent Job,"Relational Databases, Power Bi, MySQL, Qlik, SQL Server, Tableau, Excel, Oracle, Power Query, Sql",2026-02-15 01:00:14
Senior Data Analyst,Hellowork Consultants,7-10 Years,,"Gurugram, Gurugram, India","About the role\nWe're looking for a Senior Data Analyst / Data Science Engineer with 7+ years of handson experience in Python-based analytics, statistical modelling (regression, forecasting, GLM), and strong data wrangling. You will convert complex Excel models into Python, validate parity, enhance them with software engineering best practices, and deploy them as reusable components/pipelines. The ideal candidate is equally comfortable discussing model assumptions with business stakeholders and implementing productionready code with tests and documentation.\nResponsibilities\nMigrate existing Excel-based analytical/financial/statistical models into Python with feature parity, improved performance, and robust error handling.\nDesign, build, and validate regression and related statistical models (e.g., Linear/Multiple Regression, Logistic, Elastic Net, Timeseries/ARIMA/Prophet, Panel data as applicable).\nData wrangling & EDA: Clean, join, transform large datasets; exploratory analysis; feature engineering; handling outliers and missing data.\nModel governance: Document assumptions, diagnostics (VIF, residuals, multicollinearity, heteroskedasticity), backtesting, and performance metrics (RMSE/MAE/AUC as relevant).\nProductionization: Package models into versioned Python modules/notebooks/pipelines; write unit tests, data validation checks, and automation scripts (e.g., cron/Airflow).\nStakeholder engagement: Translate business questions into modelling problems; communicate insights, tradeoffs, and explain model outcomes to nontechnical audiences.\nCollaboration: Partner with data engineering to access data; with BI teams to publish results (dashboards, APIs); with product/ops to integrate into decision flows.\nOptimization: Refactor legacy logic, improve runtime, and reduce manual effort through automation and reproducible analysis.\nDocumentation & handover: Clear readme, change logs, model cards, and SOPs for ongoing maintenance.\nMusthave qualifications\n710 years in analytics/data science with demonstrable Python proficiency (pandas, numpy, statsmodels, scikitlearn).\nStrong command of regression techniques (linear, logistic, regularization, model diagnostics, crossvalidation).\nProven experience converting Excel models into Python (e.g., complex formulas, lookups, macros/VBA logic translated to Pythonic pipelines).\nSQL proficiency for data extraction and joins; solid EDA and data quality practices.\nClear, structured communication; stakeholder management and requirement grooming.\nVersion control (Git), notebook hygiene, and documentation habits.\nNice to have\nTimeseries modelling (ARIMA/SARIMA/Prophet), survival analysis, or Bayesian methods.\nWorkflow orchestration (Airflow/Prefect), CI/CD for analytics, basic Docker.\nExperience with Excel/VBA for model understanding; OpenPyXL/xlwings helpful.\nCloud exposure (AWS/GCP/Azure) for data/compute; basic API integration.\nVisualization: matplotlib/seaborn/plotly; BI tools (Power BI/Tableau).\nDomain exposure to financial modelling, pricing, marketing analytics, risk, or operations (as applicable).",Login to check your skill match score,Permanent Job,"xlwings, Airflow, plotly, OpenPyXL, statsmodels, Power Bi, Tableau, Excel Vba, Sql, Git, Seaborn, Pandas, Numpy, Matplotlib, Python",2026-02-15 01:00:16
Senior Data Analyst,Sigmoid,3-6 Years,,"Bengaluru, India","Sigmoid Analytics is a leading Data solutions company backed by Sequoia Capital. We offer best in- end-to-end data value chain spanning across Data Science, Data Engineering and Data Ops. With data and technology at the core of our solutions, we are solving some of the toughest problems out there. Our culture is modelled around expertise and mutual respect with a team first mindset. You'll work with teams that push the boundaries of what-is-possible and build solutions that energize and inspire.\n\nOffices: New York | Dallas | San Francisco | Lima | Bengaluru\n\nThe below role is for our Bengaluru office.\n\nAbout the Role:\n\nWe are looking for a Senior Data Analyst who will work on a broad range of data analytics, data visualization and business intelligence problems across a variety of industries.\n\nMore specifically, you will:\n\nEngage with clients to understand their business context\nUnderstand business processes and map the complete process in visual formats.\nTranslate business problems into analytical structures and solve using statistical/ML techniques\nManage a team of data analysts to deliver solutions for clients.\nCollaborate with a team of data scientists and engineers to embed AI and analytics into the business decision processes.\n\nDesired Skills & Competencies:\n\nDeveloping and enhancing algorithms and models to solve business problem.\nProviding end-to-end analysis support across different industry domains and application areas.\nGenerate data cuts/outputs according to agreed specifications (for example, survey data clean up, weighting data, recoding variables, creating custom tabular views, and running cross-tabulations)\nConducting quantitative analyses and interpreting results\nProficient in visualisation tools such as Power BI, Tableau, QlikView, Spotfire (Any).\nProficient in MS SQL Database.\nPython knowledge is good to have.\nStrong analytical and problem-solving skills.\nStoryboarding, Client Interaction is a value addition.\n\nEducation & Desired Experience\n\n3 - 6 years of relevant Analytics experience with focus on problem solving and advanced analytics solutions\nB.E, MBA or an Advanced degree in Mathematics/Statistics or Equivalent.",Login to check your skill match score,Permanent Job,"Weighting data, Statistical ML techniques, Survey data clean up, Cross-tabulations, Custom tabular views, Quantitative analyses, Recoding variables, Business intelligence, MS SQL Database, End-to-end analysis support, Spotfire, Power Bi, Tableau, Data Visualization, Qlikview, Python",2026-02-15 01:00:17
Healthcare Research & Data Analyst,Clarivate,2-4 Years,,"Noida, India","We are looking for a Healthcare research & data analyst to join our LifeScience and Healthcare (oncology) team in Noida. You will contribute oncology therapeutic expertise and translate market research data into high-quality syndicated insights to our global pharmaceutical customers. If you have passion for the dynamic oncology landscape and are excited about the opportunity to work in the market assessment field within our vibrant Life Sciences & Healthcare group, we would like to hear from you.\n\nAbout You Experience, Education, Skills, And Accomplishments\n\nA Bachelor's and advanced degree (Masters) degree in a Life Sciences or related discipline (e.g., pharmacy or pharmaceutical management) is required\nMinimum of 2 years in biopharma, healthcare & life sciences and/or market research is required. Global experience and experience in directly working with global stakeholders is preferable.\nKnowledge of the oncology field, familiarity with clinical drug development, commercialization processes, regulatory hurdles and access is desired.\nAbility to interpret data and insights and turn into compelling, quality narratives through a commercial lens is required.\nOutstanding communication skills (written and oral) with ability to communicate clearly, concisely, and objectively in both written and spoken English with proficiency in Microsoft Office products\n\nIt would be great if you also had . . .\n\nKeen interest in becoming a therapeutic indication-specific expert\nA flexible and collaborative approach to work and ability to interact and build relationships with co-workers\nAbility to multi-task, pivot between task and projects to adapt to changing priorities with focus on meeting committed deadlines\nDemonstrated ability in problem solving, decision making and using sound judgement aligned with team and company's business objectives.\nComfort in handling large datasets and information from multiple sources; comfort in ambiguity with ability to develop rational evidence-based arguments.\nA flexible, collaborative approach to work; exudes positivity and can do attitude.\n\nWhat will you be doing in this role\n\nBuild and apply a strong understanding of disease-specific insights, including the dynamics of oncology markets, regulatory and commercial aspects of drug development and the wider pharmaceutical industry.\nCritically analyze data from multiple sources (e.g., clinical trial data, commercial information, market research data) to evaluate market trends, competitive dynamics, assess opportunities and build forecasts.\nConduct primary market research via interviews and surveys with medical and healthcare experts in the oncology field, and secondary market research.\nWrite and produce high-quality syndicated content independently or in collaboration with team members with minimal supervision, adhering to product specifications and timelines.\nCommunicate concisely and effectively disease-specific insights through multiple formats (e.g., business writing, slide decks, live presentations).\nField customer inquiries (internal and external) to high standard, showing strong grasp of complex clinical and commercial issues.\nInteract effectively and efficiently with multiple stakeholders across the business (e.g., Commercial, Epidemiology, Support Services).\n\nAbout The Team\n\nWe are an international and diverse team of 25 analysts and managers located in Europe, and India making up the Oncology therapy team.\nThe team culture is dynamic, creative, and supportive excellence, integrity, and care are in our DNA.\nA modern culture environment combined with all the financial and stability advantages of working for a large business.\n\nHours of Work\n\n40 hours in a week as an FTE. The position is hybrid going to our office in Noida 2-3 times per week.\n\nAt Clarivate, we are committed to providing equal employment opportunities for all qualified persons with respect to hiring, compensation, promotion, training, and other terms, conditions, and privileges of employment. We comply with applicable laws and regulations governing non-discrimination in all locations.",Login to check your skill match score,Permanent Job,"commercialization processes, market research, clinical drug development, oncology therapeutic expertise, regulatory hurdles, Microsoft Office",2026-02-15 01:00:18
Data Intelligence Analyst,Flexera,Fresher,,Bengaluru,"Flexera saves customers billions of dollars in wasted technology spend. A pioneer in Hybrid ITAM and FinOps, Flexera provides award-winning, data-oriented SaaS solutions for technology value optimization (TVO), enabling IT, finance, procurement and cloud teams to gain deep insights into cost optimization, compliance and risks for each business service. Flexera One solutions are built on a set of definitive customer, supplier and industry data, powered by our Technology Intelligence Platform, that enables organizations to visualize their Enterprise Technology Blueprint in hybrid environments-from on-premises to SaaS to containers to cloud.\nWe're transforming the software industry. We're Flexera. Withmore than 50,000 customersacross the world, were achievingthat goal.Butwe knowwe can't do any of that without our team.Ready to help us re-imagine the industry during a time of substantial growth and ambitious plans Come and see whywe're consistently recognized by Gartner, Forrester and IDCas a category leader in the marketplace.Learn more atflexera.com\nJob Description\nTo develop, maintain and support the Flexera DIS database with application recognition, normalization and categorization Data. In addition, a senior can do one or more tasks out of: Scrum master, Solve and analyze complex problems, transfer knowledge to the team, involve in problem and solution discovery, handle customer or stakeholder communication.\nRoles & Responsibilities\nSolves complex customer problems.\nIdentifies problem areas in recognition, normalization or categorization.\nCoach and help Analysts\nFacilitate Analyst team in daily operations and agile work. Collaborate with other teams to remove obstacles.\nCommunicates and handles interaction for POC's, Support cases with both internal and external stakeholders.\nTechnical skills Required\nShow experience and skills in Data Analytical work and SNOW Problem Domain.\nSelf-driven and add to the success of the team even outside role.\nCan interact and handle end customer and SNOW internal interactions in a professional manner.\nCan solve complex problems independently\nCan coach/help others grow, learn and succeed\nCan drive business or support cases by themselves.\nAvid Communicator.\nThink and act proactively and plan-ahead.\nBachelor of science degree or similar.\nFlexera is proud to be an equal opportunity employer. Qualified applicants will be considered for open roles regardless of age, ancestry, color, family or medical care leave, gender identity or expression, genetic information, marital status, medical condition, national origin, physical or mental disability, political affiliation, protected veteran status, race, religion, sex (including pregnancy), sexual orientation, or any other characteristic protected by local/national laws, policies and/or regulations.\nFlexera understands the value that results from employing a diverse, equitable, and inclusive workforce. We recognize that equity necessitates acknowledging past exclusion and that inclusion requires intentional effort. Our DEI(Diversity, Equity, and Inclusion)council is the driving force behind our commitment to championing policies and practices that foster a welcoming environment for all.\nWe encourage candidates requiring accommodations to please let us know by emailing.",IT/Computers - Software,Permanent Job,"SNOW Problem Domain, Data Analytical work",2026-02-15 01:00:19
Data Analyst,Adecco,5-7 Years,,"Bengaluru, India","Hi All,\nLooking for immediate joiner\nData Analyst with SQL\n1 year Contract\nTotal 8+ years of experience and in that atleast 5+ years of relevant experience in using SQL and Advanced SQL with coding.\nMin 2 year of experience in Python is a must.\nCandidate should have good Analytics experience.\nGood communication with Stakeholders is a must.\nCandidate worked under B2B Lead Generation environment will be an added advantage.",Login to check your skill match score,Permanent Job,"Advanced Sql, Python, Sql",2026-02-16 00:29:16
Data Analyst,Gartner,1-4 Years,,"Gurugram, India","About the team:\n\nThe Analytics team within Service Strategy & Operation group generates valuable insights by interpreting large volumes of data for Service Delivery associates and their leaders around new ideas, opportunities, and strategies on the way we engage clients, leading to higher client retention.\n\nWhat you'll do:\n\nIdentify, track, measure and report metrics that impact client retention and drivers of retention and work with automation team to efficiently scale reporting\nIdentify retention opportunities through analytical approaches and arrive at recommended actions for service teams\nInfluence senior internal stakeholders of BUs on prioritizing the right problems and to jointly implement initiatives\nSolve bugs and data quality issues by proactive collaboration with stakeholders and partners to fix data issues or integrate data into analytics system\nEnable automation opportunities as required\nOwn process and systems improvement in different stages of data pipeline\n\nWhat you'll need:\n\nGraduation in Engineering, Math or Statistics with 1 4 years in business analytics\nExperience with advanced data manipulation and summarization skills using Excel/Python\nSQL knowledge to fetch relevant data from warehouse\nPowerBI experience working with data sets for advanced analysis is a nice-to-have\nPowerPoint skills including ability to summarize key message and leverage right charts in think-cell\nDemonstrated expertise in descriptive analytics and statistical analyses as good to have\n\nWhat you'll get:\n\nCompetitive salary, generous paid time off policy, charity match program, Group Medical Insurance, Parental Leave, Employee Assistance Program (EAP) and more!\nCollaborative, team-oriented culture that embraces diversity\nProfessional development and unlimited growth opportunities\n\nWho are we\n\nAt Gartner, Inc. (NYSE:IT), we guide the leaders who shape the world.\n\nOur mission relies on expert analysis and bold ideas to deliver actionable, objective business and technology insights, helping enterprise leaders and their teams succeed with their mission-critical priorities.\n\nSince our founding in 1979, we've grown to 21,000 associates globally who support 14,000 client enterprises in 90 countries and territories. We do important, interesting and substantive work that matters. That's why we hire associates with the intellectual curiosity, energy and drive to want to make a difference. The bar is unapologetically high. So is the impact you can have here.\n\nWhat makes Gartner a great place to work\n\nOur vast, virtually untapped market potential offers limitless opportunities opportunities that may not even exist right now for you to grow professionally and flourish personally. How far you go is driven by your passion and performance.\n\nWe hire remarkable people who collaborate and win as a team. Together, our singular, unifying goal is to deliver results for our clients.\n\nOur teams are inclusive and composed of individuals from different geographies, cultures, religions, ethnicities, races, genders, sexual orientations, abilities and generations.\n\nWe invest in great leaders who bring out the best in you and the company, enabling us to multiply our impact and results. This is why, year after year, we are recognized worldwide as a great place to work.\n\nWhat do we offer\n\nGartner offers world-class benefits, highly competitive compensation and disproportionate rewards for top performers.\n\nIn our hybrid work environment, we provide the flexibility and support for you to thrive working virtually when it's productive to do so and getting together with colleagues in a vibrant community that is purposeful, engaging and inspiring.\n\nReady to grow your career with Gartner Join us.\n\nThe policy of Gartner is to provide equal employment opportunities to all applicants and employees without regard to race, color, creed, religion, sex, sexual orientation, gender identity, marital status, citizenship status, age, national origin, ancestry, disability, veteran status, or any other legally protected status and to seek to advance the principles of equal employment opportunity.\n\nGartner is committed to being an Equal Opportunity Employer and offers opportunities to all job seekers, including job seekers with disabilities. If you are a qualified individual with a disability or a disabled veteran, you may request a reasonable accommodation if you are unable or limited in your ability to use or access the Company's career webpage as a result of your disability. You may request reasonable accommodations by calling Human Resources at +1 (203) 964-0096 or by sending an email to [HIDDEN TEXT].\n\nJob Requisition ID:107733\n\nBy submitting your information and application, you confirm that you have read and agree to the country or regional recruitment notice linked below applicable to your place of residence.\n\nGartner Applicant Privacy Link: https://jobs.gartner.com/applicant-privacy-policy\n\nFor efficient navigation through the application, please only use the back button within the application, not the back arrow within your browser.",Login to check your skill match score,Permanent Job,"descriptive analytics, Powerpoint, statistical analyses, Powerbi, Excel, Python, Sql",2026-02-16 00:29:17
Data Analyst,Gartner,1-4 Years,,"Gurugram, India","About the team:\n\nThe Analytics team within Service Strategy & Operation group generates valuable insights by interpreting large volumes of data for Service Delivery associates and their leaders around new ideas, opportunities, and strategies on the way we engage clients, leading to higher client retention.\n\nWhat you'll do:\n\nIdentify, track, measure and report metrics that impact client retention and drivers of retention and work with automation team to efficiently scale reporting\nIdentify retention opportunities through analytical approaches and arrive at recommended actions for service teams\nInfluence senior internal stakeholders of BUs on prioritizing the right problems and to jointly implement initiatives\nSolve bugs and data quality issues by proactive collaboration with stakeholders and partners to fix data issues or integrate data into analytics system\nEnable automation opportunities as required\nOwn process and systems improvement in different stages of data pipeline\n\nWhat you'll need:\n\nGraduation in Engineering, Math or Statistics with 1 4 years in business analytics\nExperience with advanced data manipulation and summarization skills using Excel/Python\nSQL knowledge to fetch relevant data from warehouse\nPowerBI experience working with data sets for advanced analysis is a nice-to-have\nPowerPoint skills including ability to summarize key message and leverage right charts in think-cell\nDemonstrated expertise in descriptive analytics and statistical analyses as good to have\n\nWhat you'll get:\n\nCompetitive salary, generous paid time off policy, charity match program, Group Medical Insurance, Parental Leave, Employee Assistance Program (EAP) and more!\nCollaborative, team-oriented culture that embraces diversity\nProfessional development and unlimited growth opportunities\n\nWho are we\n\nAt Gartner, Inc. (NYSE:IT), we guide the leaders who shape the world.\n\nOur mission relies on expert analysis and bold ideas to deliver actionable, objective business and technology insights, helping enterprise leaders and their teams succeed with their mission-critical priorities.\n\nSince our founding in 1979, we've grown to 21,000 associates globally who support 14,000 client enterprises in 90 countries and territories. We do important, interesting and substantive work that matters. That's why we hire associates with the intellectual curiosity, energy and drive to want to make a difference. The bar is unapologetically high. So is the impact you can have here.\n\nWhat makes Gartner a great place to work\n\nOur vast, virtually untapped market potential offers limitless opportunities opportunities that may not even exist right now for you to grow professionally and flourish personally. How far you go is driven by your passion and performance.\n\nWe hire remarkable people who collaborate and win as a team. Together, our singular, unifying goal is to deliver results for our clients.\n\nOur teams are inclusive and composed of individuals from different geographies, cultures, religions, ethnicities, races, genders, sexual orientations, abilities and generations.\n\nWe invest in great leaders who bring out the best in you and the company, enabling us to multiply our impact and results. This is why, year after year, we are recognized worldwide as a great place to work.\n\nWhat do we offer\n\nGartner offers world-class benefits, highly competitive compensation and disproportionate rewards for top performers.\n\nIn our hybrid work environment, we provide the flexibility and support for you to thrive working virtually when it's productive to do so and getting together with colleagues in a vibrant community that is purposeful, engaging and inspiring.\n\nReady to grow your career with Gartner Join us.\n\nThe policy of Gartner is to provide equal employment opportunities to all applicants and employees without regard to race, color, creed, religion, sex, sexual orientation, gender identity, marital status, citizenship status, age, national origin, ancestry, disability, veteran status, or any other legally protected status and to seek to advance the principles of equal employment opportunity.\n\nGartner is committed to being an Equal Opportunity Employer and offers opportunities to all job seekers, including job seekers with disabilities. If you are a qualified individual with a disability or a disabled veteran, you may request a reasonable accommodation if you are unable or limited in your ability to use or access the Company's career webpage as a result of your disability. You may request reasonable accommodations by calling Human Resources at +1 (203) 964-0096 or by sending an email to [HIDDEN TEXT].\n\nJob Requisition ID:107733\n\nBy submitting your information and application, you confirm that you have read and agree to the country or regional recruitment notice linked below applicable to your place of residence.\n\nGartner Applicant Privacy Link: https://jobs.gartner.com/applicant-privacy-policy\n\nFor efficient navigation through the application, please only use the back button within the application, not the back arrow within your browser.",Login to check your skill match score,Permanent Job,"descriptive analytics, Powerpoint, statistical analyses, Powerbi, Excel, Python, Sql",2026-02-16 00:29:18
Data Analyst,Scoutit,Fresher,,"Delhi, India","We're looking for Data Analysts!\n\nResponsibilities\n\nCollect, clean, and analyze HR data from various sources.\nBuild and maintain dashboards and HR reports using tools like Excel.\nTrack and report on key HR metrics such as headcount, turnover, time to hire, diversity, performance, etc.\nCollaborate with HR and business leaders to understand data needs and deliver insights.\nDevelop predictive models and trend analyses to forecast workforce needs and identify risks.\nEnsure data accuracy, integrity, and compliance with data privacy regulations (e.g., GDPR).\nSupport HR initiatives such as compensation reviews, DEI analysis, engagement surveys, and organizational planning.\nPresent data-driven findings and recommendations to stakeholders in a clear and compelling way.\n\n(*Note: This is a requirement for one of Scoutit's clients)\n\nSkills: excel,dashboards,data",Login to check your skill match score,Permanent Job,"data, Dashboards, Excel",2026-02-16 00:29:19
Data Analyst,Firstsource,5-10 Years,,"Mumbai, India","About Firstsource\nFirstsource Solutions Limited, an RP-Sanjiv Goenka Group company (NSE: FSL, BSE: 532809, Reuters: FISO.BO, Bloomberg: FSOL:IN), is a specialized global business process services partner, providing transformational solutions and services spanning the customer lifecycle across Healthcare, Banking and Financial Services, Communications, Media and Technology, Retail, and other diverse industries. With an established presence in the US, the UK, India, Mexico, Australia, South Africa, and the Philippines, we make it happen for our clients, solving their biggest challenges with hyper-focused, domain-centered teams and cutting-edge tech, data, and analytics. Our real-world practitioners work collaboratively to deliver future-focused outcomes.\nSummary:\nThe Data Analyst/Product Analyst is responsible for receiving, vetting, and fulfilling data and reporting requests from clients and internal teams. This role ensures the accuracy, confidentiality, and usability of data delivered to stakeholders and supports the continuous improvement of reporting processes and documentation.\nRole & responsibilities\nWrite, optimize, and troubleshoot complex SQL queries to extract, transform, and analyze data from multiple sources.\nExpertise in Product Analysis\nDesign, implement, and evaluate A/B tests, ensuring statistical rigor and actionable outcomes.\nReview incoming data and report requests to assess feasibility, scope, and data availability; escalate issues as needed to appropriate teams.\nParticipate in the vetting process of data requests for the Research division to ensure completeness and adherence to policy.\nGather any additional information needed from requestors to ensure all requirements are met.\nLog and track all data/reporting requests, assigning ownership and ensuring on-time completion and delivery.\nDevelop or assist in creating data reporting templates that present data clearly and are user-friendly.\nCoordinate with internal teams (e.g., PAR) for requests that require specialized data handling outside standard processes.\nMaintain up-to-date documentation for recurring reports and processes; update or create new procedures as necessary.\nRespond to internal and external inquiries about data and reports, including hosting webinars or responding via email as needed.\nAdhere to ethical standards and comply with the laws and regulations applicable to your job function.\nPreferred candidate profile\n5 to 10 years of experience in Business Analysis, Data Analysis, or a related analytics role.\nStrong proficiency in SQL (must be comfortable writing advanced queries, joins, window functions, CTEs, etc.).\nHands-on experience designing and analyzing A/B tests (including statistical concepts such as confidence intervals, p-values, and sample size calculations).\nProficiency in data visualization tools (Tableau, Power BI, Looker, or similar).\nStrong analytical thinking with the ability to translate data into insights and business recommendations.\nExperience working with large datasets and complex data models.\nExcellent communication skills able to present data-driven insights to both technical and non-technical audiences.\nStrong problem-solving skills with attention to detail and accuracy.\nDisclaimer: Firstsource follows a fair, transparent, and merit-based hiring process. We never ask for money at any stage. Beware of fraudulent offers and always verify through our official channels or @firstsource.com email addresses",Login to check your skill match score,Permanent Job,"Data Analysis, data reporting, Sql",2026-02-16 00:29:20
Data Analyst III,"RealPage, Inc.",3-5 Years,,"Hyderabad, India","Overview\n\nThis role is Responsible for validating and uploading client financial and occupancy data into AIM systems, ensuring accuracy and compliance with accounting principles. Key duties include performing data integrity checks, resolving discrepancies, maintaining documentation, and meeting SLAs and quality standards. The role also drives process improvements through automation and standardization.\n\nResponsibilities\n\nValidate client financial (TB, Occupancy) data & Occupancy data to ensure accuracy and completeness.\nValidate financial data & upload into the AIM system, following standard operating procedures.\nPerform data integrity checks to ensure alignment with accounting principles.\nCollaborate with internal teams to resolve data discrepancies or formatting issues.\nMaintain proper documentation of validation and upload activities.\nWork on process improvement initiatives, including automation and standardization.\nEnsure timely completion of tasks in line with SLAs and quality standards.\nMaintain & implement measures to improve quality.\n\nRequired\n\nQualifications\n\nBachelor's degree in accounting, Finance, or related field.\n3 - 5 years of relevant experience with strong academic performance in accounting/finance.\n\nKnowledge/Skills/Abilities\n\nRequired:\n\nIntermediate-level accounting knowledge (e.g., understanding of ledgers, trial balances, journal entries).\nProficiency in Microsoft Office, especially Excel (formulas, pivot tables, data validation).\nFamiliarity with financial systems or platforms like AIM is a plus.\nBasic understanding of data validation techniques and file formatting.\nProven track record in process improvements & simplifications.\nStrong attention to detail and accuracy.\nAbility to work independently and as part of a team.\nGood communication and documentation skills.\nEagerness to learn and adapt to new tools and processes.",Login to check your skill match score,Permanent Job,"Basic understanding of data validation techniques and file formatting, Intermediate-level accounting knowledge, Proficiency in Microsoft Office, Familiarity with financial systems or platforms like AIM",2026-02-16 00:29:22
Data Analyst - Lead,IRIS software,Fresher,,"Noida, India","Why Join Iris\nAre you ready to do the best work of your career at one ofIndia's Top 25 Best Workplaces in IT industry Do you want to grow in an award-winning culture thattruly values your talent and ambitions\nJoin Iris Software - one of thefastest-growing IT services companies- whereyou own and shape your success story.\nAbout Us\nAt Iris Software, our vision is to be our client's most trusted technology partner, and the first choice for the industry's top professionals to realize their full potential.\nWith over 4,300 associates across India, U.S.A, and Canada, we help our enterprise clients thrive with technology-enabled transformation across financial services, healthcare, transportation & logistics, and professional services.\nOur work covers complex, mission-critical applications with the latest technologies, such as high-value complex Application & Product Engineering, Data & Analytics, Cloud, DevOps, Data & MLOps, Quality Engineering, and Business Automation.\n\nWorking with Us\nAt Iris, every role is more than a job - it's a launchpad for growth.\nOur Employee Value Proposition, Build Your Future. Own Your Journey.reflects our belief that people thrive when they have ownership of their career and the right opportunities to shape it.\nWe foster a culture where your potential is valued, your voice matters, and your work creates real impact. With cutting-edge projects, personalized career development, continuous learning and mentorship, we support you to grow and become your best - both personally and professionally.\nCurious what it's like to work at Iris Head to this video for an inside look at the people, the passion, and the possibilities. Watch it .\nJob Description\nMandatory Competencies\nPerks and Benefits for Irisians\nIris provides world-class benefits for a personalized employee experience. These benefits are designed to support financial, health and well-being needs of Irisians for a holistic professional and personal growth. Click to view the benefits.",IT/Computers - Software,Permanent Job,"Application Product Engineering, quality engineering, Data MLOps, Devops, business automation, Cloud, Data Analytics",2026-02-16 00:29:23
Financial Reporting Data Analyst,JPMorganChase,Fresher,,"Bengaluru, India","Job Description\n\nWe are seeking a detail-oriented and skilled Financial Reporting Data analyst to join our team. The successful candidate will be responsible for ensuring the accuracy, completeness, and consistency of data within our database, as well as generating insightful reports. This role requires strong analytical skills, technical proficiency, and the ability to communicate effectively with stakeholders.\n\nJob Responsibilities\n\nCollect, analyze, perform checks and create data templates ready for load on the system.\nReconcile/compare reports and identify and resolve discrepancies between different data sources using reports and data comparison tools. Create and maintain comprehensive reports such as variance analysis reporting and that provide insights into data trends, discrepancies, and reconciliation outcomes\nCreate customization of reports for our corporate clients using advanced excel or semi-automated tools.\nAddress any errors or issues that arise during the reconciliation process and implement first level corrective actions.\nConduct functional, user acceptance, and performance testing to ensure data integrity within the system.\nDocument the reconciliation and reporting processes, including issues encountered and resolutions.\nCommunicate findings and reconciliation results to stakeholders, providing clear explanations and recommendations.\n\nRequired Qualifications, Capabilities, And Skills\n\nBachelor's degree in Accounting or Information Technology or Data Science, or a related field.\nProven experience in data reconciliation and report generation.\nStrong analytical skills and attention to detail.\nAdvanced Excel skills and experience with reporting\nExcellent problem-solving and troubleshooting abilities.\nStrong communication and documentation skills.\nAbility to manage multiple tasks and projects effectively.\n\nPreferred Qualifications, Capabilities, And Skills\n\nProficiency in Python/Alteryx for scripting and automation tasks a plus.\nProficiency in SQL and database management systems a plus.\n\nABOUT US\n\nJPMorganChase, one of the oldest financial institutions, offers innovative financial solutions to millions of consumers, small businesses and many of the world's most prominent corporate, institutional and government clients under the J.P. Morgan and Chase brands. Our history spans over 200 years and today we are a leader in investment banking, consumer and small business banking, commercial banking, financial transaction processing and asset management.\n\nWe recognize that our people are our strength and the diverse talents they bring to our global workforce are directly linked to our success. We are an equal opportunity employer and place a high value on diversity and inclusion at our company. We do not discriminate on the basis of any protected attribute, including race, religion, color, national origin, gender, sexual orientation, gender identity, gender expression, age, marital or veteran status, pregnancy or disability, or any other basis protected under applicable law. We also make reasonable accommodations for applicants and employees religious practices and beliefs, as well as mental health or physical disability needs. Visit our FAQs for more information about requesting an accommodation.\n\nAbout The Team\n\nJ.P. Morgan Asset & Wealth Management delivers industry-leading investment management and private banking solutions. Asset Management provides individuals, advisors and institutions with strategies and expertise that span the full spectrum of asset classes through our global network of investment professionals. Wealth Management helps individuals, families and foundations take a more intentional approach to their wealth or finances to better define, focus and realize their goals.",Login to check your skill match score,Permanent Job,"Report Generation, Database Management Systems, Alteryx, Advanced Excel, data reconciliation, Python, Sql",2026-02-16 00:29:24
Data Analyst (AI Trainer),Deccan AI Experts,1-3 Years,,India,"About Us:\nDeccan AI Experts is a pioneering company founded by IIT Bombay and IIM Ahmedabad alumni, with a strong founding team from IITs, NITs, and BITS. We specialize in delivering high-quality human-curated data, AI-first scaled operations services, and more. Based in SF and Hyderabad, we are a young, fast-moving team on a mission to build AI for Good, driving innovation and positive societal impact.\nWe are seeking skilled Data Analysts with a minimum of 1 year of experience to join us as freelancers and contribute to impactful projects.\nKey Responsibilities:\nWrite clean, efficient code for data processing and transformation.\nDebug and resolve technical issues.\nEvaluate and review code to ensure quality and compliance.\nRequired Qualifications:\n1+ year of Data Analysis experience.\nStrong knowledge of Python, R, or SQL.\nProficiency in data visualization tools (e.g., Tableau, Power BI).\nStatistical analysis expertise.\nWhy Join Us\nCompetitive pay (1000/hour).\nFlexible hours.\nRemote opportunity.\nNOTE: Pay will vary by project and typically is up to Rs. 1000 per hour (if you work an average of 3 hours every day - that could be as high as Rs 90K per month) once you clear our screening process.",Login to check your skill match score,Permanent Job,"R, Statistical Analysis, Power Bi, Tableau, Python, Sql",2026-02-16 00:29:26
Data Analyst (AI Trainer),Deccan AI Experts,1-3 Years,,India,"About Us:\nDeccan AI Experts is a pioneering company founded by IIT Bombay and IIM Ahmedabad alumni, with a strong founding team from IITs, NITs, and BITS. We specialize in delivering high-quality human-curated data, AI-first scaled operations services, and more. Based in SF and Hyderabad, we are a young, fast-moving team on a mission to build AI for Good, driving innovation and positive societal impact.\nWe are seeking skilled Data Analysts with a minimum of 1 year of experience to join us as freelancers and contribute to impactful projects.\nKey Responsibilities:\nWrite clean, efficient code for data processing and transformation.\nDebug and resolve technical issues.\nEvaluate and review code to ensure quality and compliance.\nRequired Qualifications:\n1+ year of Data Analysis experience.\nStrong knowledge of Python, R, or SQL.\nProficiency in data visualization tools (e.g., Tableau, Power BI).\nStatistical analysis expertise.\nWhy Join Us\nCompetitive pay (1000/hour).\nFlexible hours.\nRemote opportunity.\nNOTE: Pay will vary by project and typically is up to Rs. 1000 per hour (if you work an average of 3 hours every day - that could be as high as Rs 90K per month) once you clear our screening process.",Login to check your skill match score,Permanent Job,"R, Statistical Analysis, Power Bi, Tableau, Python, Sql",2026-02-16 00:29:26
Data Analyst - REMOTE,Jobgether,2-5 Years,,India,"This position is posted by Jobgether on behalf of a partner company. We are currently looking for a Data Analyst - REMOTE. In this role, you will play a crucial role in transforming complex data into clear insights that drive decision-making within supply chain operations. You will collaborate with cross-functional teams to develop data models and dashboards that track key performance indicators, analyze trends, and enhance operational efficiency. This position requires a strong analytical mind and expertise in SQL and data visualization, enabling you to contribute significantly to our partner's success.\n\nAccountabilities\n\nDevelop and maintain complex data models and visualizations to track key performance indicators (KPIs).\nUtilize strong SQL skills to extract, transform, and analyze large datasets from various sources.\nDesign and implement data pipelines to automate data collection, cleaning, and processing.\nConduct in-depth analysis of supply chain and product utilization data to provide actionable insights.\nCollaborate with cross-functional teams to understand data requirements and deliver tailored reports.\nIdentify opportunities for process improvement and develop innovative data analysis solutions.\nContribute to the development of processes to enhance data accuracy.\nImplement dashboards to communicate insights derived from data.\n\nRequirements\n\nBachelor's degree (B.S/B.A) in a related field with 2 to 5 years related experience.\n5 years of experience in Supply Chain Operations and Cloud computing.\nExperience creating data models and data pipelines.\nStrong SQL programming skills and familiarity with data visualization tools (Google PLX, Tableau, Power-BI).\nAdvanced Excel skills including functions, formulas, pivot tables, and macros.\nAbility to analyze large data sets and identify trends and patterns.\nExperience working with cross-functional teams, ideally on a global scale.\nStrong communication skills.\n\nBenefits\n\nFlexible remote work environment.\nOpportunities for professional development.\nCollaborative team culture.\nAccess to advanced tools and technologies.\nHealth and wellness benefits.\n\nWhy Apply Through Jobgether\n\nWe use an AI-powered matching process to ensure your application is reviewed quickly, objectively, and fairly against the role's core requirements. Our system identifies the top-fitting candidates, and this shortlist is then shared directly with the hiring company. The final decision and next steps (interviews, assessments) are managed by their internal team.\n\nWe appreciate your interest and wish you the best!\n\nData Privacy Notice: By submitting your application, you acknowledge that Jobgether will process your personal data to evaluate your candidacy and share relevant information with the hiring employer. This processing is based on legitimate interest and pre-contractual measures under applicable data protection laws (including GDPR). You may exercise your rights (access, rectification, erasure, objection) at any time.\n\nWe may use artificial intelligence (AI) tools to support parts of the hiring process, such as reviewing applications, analyzing resumes, or assessing responses. These tools assist our recruitment team but do not replace human judgment. Final hiring decisions are ultimately made by humans. If you would like more information about how your data is processed, please contact us.",Login to check your skill match score,Permanent Job,"Power-BI, data visualization tools, Google PLX, Advanced Excel, Tableau, Sql",2026-02-16 00:29:27
Senior Workforce Data Analyst,"inVentiv Health Clinical SRE, LLC",Fresher,,India,"Description\nSenior Workforce Data Analyst\nSyneos Health is a leading fully integrated biopharmaceutical solutions organization built to accelerate customer success. We translate unique clinical, medical affairs and commercial insights into outcomes to address modern market realities.\nEvery day we perform better because of how we work together, as one team, each the best at what we do. We bring a wide range of talented experts together across a wide range of business-critical services that support our business. Every role within Corporate is vital to furthering our vision of Shortening the Distance from Lab to Life.\nDiscover what our 29,000 employees, across 110 countries already know.\nWORK HERE MATTERS EVERYWHERE\nWhy Syneos Health\nWe are passionate about developing our people, through career development and progression supportive and engaged line management technical and therapeutic area training peer recognition and total rewards program.\nWe are committed to our Total Self culture - where you can authentically be yourself. Our Total Self culture is what unites us globally, and we are dedicated to taking care of our people.\nWe are continuously building the company we all want to work for and our customers want to work with. Why Because when we bring together diversity of thoughts, backgrounds, cultures, and perspectives - we're able to create a place where everyone feels like they belong.\nJob Responsibilities\nServe as a Subject Matter Expert (SME) of Syneos HR data, systems, and reporting structure.\nTranslate business and HR questions into data hypotheses and insights.\nConduct analysis and modeling to extract insights across the employee lifecycle (e.g., hiring, engagement, performance, attrition).\nAnalyze data from multiple sources including Workday, PowerBI, survey tools, and Excel to identify trends and opportunities.\nCollaborate with global HRBPs, COEs, and IT partners to ensure high-quality data delivery and usability.\nBuild, maintain, and automate dashboards and recurring reports using tools like Power BI, Workday, and Excel.\nSupport Business Development (BD) and Proposals by providing workforce data insights that support pricing, staffing models, and client expectations.\nSupport HR initiatives such as performance management, talent reviews, and engagement surveys with timely reporting and insight generation.\nMaintain and enhance internal documentation and data dictionaries to improve transparency and consistency.\nSupport efforts to streamline reporting processes, improve self-service, and increase overall data fluency in HR.\nWork collaboratively with teammates to share knowledge, problem-solve, and deliver best-in-class analytics support.\nGet to know Syneos Health\nOver the past 5 years, we have worked with 94% of all Novel FDA Approved Drugs, 95% of EMA Authorized Products and over 200 Studies across 73,000 Sites and 675,000+ Trial patients.\nNo matter what your role is, you'll take the initiative and challenge the status quo with us in a highly competitive and ever-changing environment. Learn more about Syneos Health.\nAdditional Information\nTasks, duties, and responsibilities as listed in this job description are not exhaustive. The Company, at its sole discretion and with no prior notice, may assign other tasks, duties, and job responsibilities. Equivalent experience, skills, and/or education will also be considered so qualifications of incumbents may differ from those listed in the Job Description. The Company, at its sole discretion, will determine what constitutes as equivalent to the qualifications described above. Further, nothing contained herein should be construed to create an employment contract. Occasionally, required skills/experiences for jobs are expressed in brief terms. Any language contained herein is intended to fully comply with all obligations imposed by the legislation of each country in which it operates, including the implementation of the EU Equality Directive, in relation to the recruitment and employment of its employees. The Company is committed to compliance with the Americans with Disabilities Act, including the provision of reasonable accommodations, when appropriate, to assist employees or applicants to perform the essential functions of the job.\nSummary\nDeliver data-driven insights that inform talent strategies and organizational decisions. Support the development of dashboards, reports, and analytics that measure the impact of HR programs and help business leaders understand workforce trends to make data-driven decisions. Respond to data requests from key stakeholders, developing reporting tools, identifying research methods and best practices, and implementing processes that help the HR team access, understand, and use data to make decisions. This role requires strong technical expertise, curiosity, and the ability to translate data into actionable stories. .",Hospitals/Healthcare/Diagnostics,Permanent Job,"survey tools, Power Bi, Workday, Excel",2026-02-16 00:29:29
Sr Workforce Data Analyst,"inVentiv Health Clinical SRE, LLC",Fresher,,India,"Description\nSr Workforce Data Analyst\nSyneos Health is a leading fully integrated biopharmaceutical solutions organization built to accelerate customer success. We translate unique clinical, medical affairs and commercial insights into outcomes to address modern market realities.\nEvery day we perform better because of how we work together, as one team, each the best at what we do. We bring a wide range of talented experts together across a wide range of business-critical services that support our business. Every role within Corporate is vital to furthering our vision of Shortening the Distance from Lab to Life.\nDiscover what our 29,000 employees, across 110 countries already know.\nWORK HERE MATTERS EVERYWHERE\nWhy Syneos Health\nWe are passionate about developing our people, through career development and progression supportive and engaged line management technical and therapeutic area training peer recognition and total rewards program.\nWe are committed to our Total Self culture - where you can authentically be yourself. Our Total Self culture is what unites us globally, and we are dedicated to taking care of our people.\nWe are continuously building the company we all want to work for and our customers want to work with. Why Because when we bring together diversity of thoughts, backgrounds, cultures, and perspectives - we're able to create a place where everyone feels like they belong.\nJob Responsibilities\nDeliver data-driven insights that inform talent strategies and organizational decisions.Support the development of dashboards, reports, and analytics that measure the impact of HR programs and help business leaders understand workforce trendsto make data-driven decisions. Respond to data requests from key stakeholders, developing reporting tools,identifyingresearch methods and best practices, and implementing processes that help the HR team access, understand, and use data to make decisions.This role requires strong technicalexpertise, curiosity, and the ability to translate data into actionable stories.\nGet to know Syneos Health\nOver the past 5 years, we have worked with 94% of all Novel FDA Approved Drugs, 95% of EMA Authorized Products and over 200 Studies across 73,000 Sites and 675,000+ Trial patients.\nNo matter what your role is, you'll take the initiative and challenge the status quo with us in a highly competitive and ever-changing environment. Learn more about Syneos Health.\nAdditional Information\nTasks, duties, and responsibilities as listed in this job description are not exhaustive. The Company, at its sole discretion and with no prior notice, may assign other tasks, duties, and job responsibilities. Equivalent experience, skills, and/or education will also be considered so qualifications of incumbents may differ from those listed in the Job Description. The Company, at its sole discretion, will determine what constitutes as equivalent to the qualifications described above. Further, nothing contained herein should be construed to create an employment contract. Occasionally, required skills/experiences for jobs are expressed in brief terms. Any language contained herein is intended to fully comply with all obligations imposed by the legislation of each country in which it operates, including the implementation of the EU Equality Directive, in relation to the recruitment and employment of its employees. The Company is committed to compliance with the Americans with Disabilities Act, including the provision of reasonable accommodations, when appropriate, to assist employees or applicants to perform the essential functions of the job.",Hospitals/Healthcare/Diagnostics,Permanent Job,"Analytics, research methods, data-driven insights, best practices, Dashboards, Reports, Reporting Tools",2026-02-16 00:29:30
"Senior Business and Data Analyst, AVP",myGwork - LGBTQ+ Business Community,12-14 Years,,"Pune, India","This job is with Deutsche Bank, an inclusive employer and a member of myGwork the largest global platform for the LGBTQ+ business community. Please do not contact the recruiter directly. Position Overview\n\nRole Description\n\nBusiness Functional Analysis is responsible for business solution design in complex project environments (e.g. transformational programs). Work includes:\n\nIdentifying the full range of business requirements and translating requirements into specific functional specifications for solution development and implementation\nAnalyzing business requirements and the associated impacts of the changes\nDesigning and assisting businesses in developing optimal target state business processes\nCreating and executing against roadmaps that focus on solution development and implementation\nAnswering questions of methodological approach with varying levels of complexity\nAligning with other key stakeholder groups (such as Project Management & Software Engineering) to support the link between the business divisions and the solution providers for all aspects of identifying, implementing and maintaining solutions\n\nWhat We'll Offer You\n\nAs part of our flexible scheme, here are just some of the benefits that you'll enjoy\n\nBest in class leave policy\nGender neutral parental leaves\n100% reimbursement under childcare assistance benefit (gender neutral)\nSponsorship for Industry relevant certifications and education\nEmployee Assistance Program for you and your family members\nComprehensive Hospitalization Insurance for you and your dependents\nAccident and Term life Insurance\nComplementary Health screening for 35 yrs. and above\n\nYour Key Responsibilities\n\nCo-ordinating with the consumer of the data products and articulating the business requirements to data requirements for engineering teams.\nUnderstand the functional and non-functional requirements\nConverting data specific business requirements to BRD or Data Mapping documents.\nCo-ordinating with product owner and business stakeholders for the project roadmap and preparing the backlog using Jira.\nCommunicating with the consumers and stakeholders with project status, release notifications\nSupporting the data migration from on-prem systems to cloud systems and provide data mappings for the engineering teams for the transformation layer\nMaintaining data lineage and data dictionary from source to target systems.\nSupporting data analysis using SQL queries\nContribute in the development activities related to data transformation.\nUnderstanding of data transformation tools and can contribute in ETL development tasks\n\nYour Skills And Experience\n\n12+ years of overall experience in working with data and Asset Management/investment banking domain.\nGood understanding of core investment concepts like Transaction, Security, Portfolio, positions (IBOR,ABOR), FX etc.\nGood experience in working with RDBMS systems like MS SQL Server, Oracle.\nGood to have experience of working on cloud databases like BigQuery, SnowFlake or similar.\nExperience of working in agile framework and working with scrum development teams.\nGood understanding of tools such as Jira, Confluence.\nExperience of working in data transformation or ETL projects\nGood to have migration experience of migrating on prem databases to Cloud based databases.\nStrong verbal and written communication with an effective articulation of the problem to technical and non-technical stakeholders\nGood understanding of agile framework and experience of working with scrum development teams.\nGood to have data migration experience of on-prem to cloud.\n\nHow We'll Support You\n\nTraining and development to help you excel in your career\nCoaching and support from experts in your team\nA culture of continuous learning to aid progression\nA range of flexible benefits that you can tailor to suit your needs\n\nAbout Us And Our Teams\n\nPlease visit our company website for further information:\n\nhttps://www.db.com/company/company.html\n\nWe strive for a culture in which we are empowered to excel together every day. This includes acting responsibly, thinking commercially, taking initiative and working collaboratively.\n\nTogether we share and celebrate the successes of our people. Together we are Deutsche Bank Group.\n\nWe welcome applications from all people and promote a positive, fair and inclusive work environment.\n\n]]>",Login to check your skill match score,Permanent Job,"Data Transformation Tools, Confluence, Jira, Sql, Etl Development",2026-02-16 00:29:31
BI Developer & Data Analyst - Tech Lead,State Street,4-10 Years,,"Hyderabad, India","Role Summary\n\nWe're seeking a a Visualization and Analytics Engineer for highly recognized Engineering team that support AML Transaction Monitoring Program. Candidate will be working with core technology group on Cloud-Databricks environment in agile fashion. Prior knowledge of AML and Finance Industry is a plus\n\nRole Description\n\nDevelop PowerBI/Tableau or other BI reports and Dashboards\nDevelop and Enhance Existing Visualization Applications.\nUtilize cloud platforms, especially Databricks and SQL for understanding data.\nAble to Don multiple Hats and understand Data and come up with Key Insights and Representations.\n\nQualification\n\n\nBachelor's degree in Computer Science or related field.\n4-10 years of BI/DA development experience in PowerBI or Tableau.\nProficiency in SQL and Data Analysis is a must\nAble to Design Dashboards for Different Audiences like leadership, business, operations etc.\nExperience with cloud platforms, preferably Databricks is Big Plus.\nStrong problem-solving skills and ability to troubleshoot complex issues.\nAble to work independently with minimum inputs and directions with cross location teams.\n\nCore/Must Have Skills\n\n\nBI(Power BI/Tableau)\nSQL,\nDashboarding and Presentation\n\nGood To Have Skills\n\n\nCloud(AWS)/Databricks\nAML\nBA experience\n\nWork Schedule : Hybrid (12:00 p.m. to 9:00 p.m.)\n\nAbout State Street\n\nAcross the globe, institutional investors rely on us to help them manage risk, respond to challenges, and drive performance and profitability. We keep our clients at the heart of everything we do, and smart, engaged employees are essential to our continued success.\n\nWe are committed to fostering an environment where every employee feels valued and empowered to reach their full potential. As an essential partner in our shared success, you'll benefit from inclusive development opportunities, flexible work-life support, paid volunteer days, and vibrant employee networks that keep you connected to what matters most. Join us in shaping the future.\n\nAs an Equal Opportunity Employer, we consider all qualified applicants for all positions without regard to race, creed, color, religion, national origin, ancestry, ethnicity, age, disability, genetic information, sex, sexual orientation, gender identity or expression, citizenship, marital status, domestic partnership or civil union status, familial status, military and veteran status, and other characteristics protected by applicable law.\n\nDiscover more information on jobs at StateStreet.com/careers\n\nRead our CEO Statement\n\nJob ID: R-783385",Login to check your skill match score,Permanent Job,"Power Bi, Dashboarding, Tableau, Databricks, Sql",2026-02-16 00:29:32
Data Analyst Intern,PREPCA,Fresher,,"Pune, India","Company: PREPCA\n\nWebsite:https://www.prepca.com\n\nAbout Us\n\nPREPCA is a Leading Mentorship Platform for Chartered Accountancy Aspirants across India focused on Quality Education, Smart Learning Strategies, and Strong Career Guidance\n\nRole: Data Analyst Intern\n\nFull-Time, Work From Office Internship ideal for Freshers / Students seeking Practical Corporate Exposure in Data Analysis and Business Insights.\n\nKey Responsibilities\n\nCollect, Clean, and Analyze Data\n\nPrepare Reports and Dashboards\n\nAssist Senior Team Members with Trends and Performance Metrics\n\nSupport Decision-Making with Accurate Data Insights\n\nEligibility / Qualifications\n\nGraduation Pursuing or Completed\n\nBasic knowledge of Excel / Google Sheets / SQL / Data Tools\n\nStrong Logical Thinking and Attention to Detail\n\nWillingness to Learn in a Fast-Paced Environment\n\nStipend 5,000 per Month\n\nPerks & Benefits\n\nDaily mediation\n\nInternship Certificate\n\nDirect Exposure to Senior Leadership\n\nReal-Time Corporate Experience\n\nLearning & Development Opportunities\n\nWeekly Off\n\nSunday Fixed\n\nMode of Working\n\nWork From Office\n\nOffice Location Baner/ Pune\n\nInnov8 Galaxy Ambrosia 7th Floor, Baner, Pune, Maharashtra\n\nLocation Link:https://share.google/3ehhSVk5J13SiKhdY\n\nKnow More About Us\n\nLife at PREPCA: https://youtu.be/C0P4uQQZj5A\n\nGoogle Reviews: https://g.co/kgs/b9SsJf\n\nGlassdoor: https://www.glassdoor.co.in/Reviews/Prepca-Eduserv-Reviews-E5173239.html\n\nAmbitionBox: https://www.ambitionbox.com/reviews/prepca-eduserv-reviews\n\nWebsite: https://www.prepca.com",Login to check your skill match score,Permanent Job,"Data Tools, google sheets, Excel, Sql",2026-02-17 00:48:04
Senior Data Analyst,LehLah,Fresher,,"Mumbai, India","We are looking for a Senior Data Analyst with analytical problem-solving across LehLah's Affiliate & Influencer Marketing ecosystem. This role goes beyond reporting and dashboards it requires deep diagnostic thinking, metric ownership, and the ability to translate ambiguous business problems into data-driven decisions.\nAs a Senior Analyst, you will work closely with teams to evaluate creator performance, and efficiency, while also contributing to the analytics foundations of LehLah's internal platform.\nKey Responsibilities:\nEnd-to-end analysis of influencer and affiliate performance across metrics, and diagnose why performance changes occur across creators, campaigns, and platforms.\nDefine, validate, and evolve creator-level and campaign-level performance metrics, ensuring alignment with revenue outcomes and avoiding reliance on vanity indicators.\nDeep dives to identify inefficiencies in creator mix, content, strategy, and provide clear, actionable recommendations.\nDesign and maintain dashboards and automated reports used by business teams and leadership, ensuring metric consistency across Excel/Google Sheets, BI tools, and internal dashboards.\nWork closely with Creator Management, Marketing, and Product teams to translate business problems into structured analytical frameworks and present insights with clarity and confidence.\nEnsure data accuracy and reliability by performing data quality checks, reconciliation, and anomaly detection across multiple data sources, and work with the Tech team to resolve data gaps or inconsistencies.\nIdentify recurring analytical questions and convert them into repeatable analyses, frameworks, or dashboards to improve decision-making efficiency and consistency.\nMaintain clear metric definitions, analytical logic, and documentation to ensure analyses are interpretable and reusable.\nTake responsibility for defined analytics problem areas from analysis through insight generation\nMust-Have Skills:\nHands-on experience with SQL for data extraction and analysis.\nProficiency in MS Excel (Pivot Tables, Advanced Formulas, Data Cleaning).\nExperience with BI tools like Tableau or Power BI.\nKnowledge of performance analysis metrics in e-commerce or affiliate marketing.\nStrong analytical mind set with the ability to translate data into business insights.\nGood communication and presentation skills\nNice-to-Have Skills:\nFamiliarity with affiliate marketing platforms, influencer analytics, or SaaS products.\nExperience with basic understanding of database structures.\nExposure to Python for data analysis, automation, or exploratory modelling.\nExperience working with large datasets and reconciling data across multiple sources.\nUnderstanding of creator pricing, payouts, and ROI-driven performance models.\nEducation:\nBachelor's degree in Business, Statistics, Computer Science, Data Analytics, or related field.",Login to check your skill match score,Permanent Job,"Performance analysis metrics in e-commerce or affiliate marketing, Ms Excel, Data Cleaning, Power Bi, Tableau, Sql",2026-02-17 00:48:05
Senior Data Analyst,LehLah,Fresher,,"Mumbai, India","We are looking for a Senior Data Analyst with analytical problem-solving across LehLah's Affiliate & Influencer Marketing ecosystem. This role goes beyond reporting and dashboards it requires deep diagnostic thinking, metric ownership, and the ability to translate ambiguous business problems into data-driven decisions.\nAs a Senior Analyst, you will work closely with teams to evaluate creator performance, and efficiency, while also contributing to the analytics foundations of LehLah's internal platform.\nKey Responsibilities:\nEnd-to-end analysis of influencer and affiliate performance across metrics, and diagnose why performance changes occur across creators, campaigns, and platforms.\nDefine, validate, and evolve creator-level and campaign-level performance metrics, ensuring alignment with revenue outcomes and avoiding reliance on vanity indicators.\nDeep dives to identify inefficiencies in creator mix, content, strategy, and provide clear, actionable recommendations.\nDesign and maintain dashboards and automated reports used by business teams and leadership, ensuring metric consistency across Excel/Google Sheets, BI tools, and internal dashboards.\nWork closely with Creator Management, Marketing, and Product teams to translate business problems into structured analytical frameworks and present insights with clarity and confidence.\nEnsure data accuracy and reliability by performing data quality checks, reconciliation, and anomaly detection across multiple data sources, and work with the Tech team to resolve data gaps or inconsistencies.\nIdentify recurring analytical questions and convert them into repeatable analyses, frameworks, or dashboards to improve decision-making efficiency and consistency.\nMaintain clear metric definitions, analytical logic, and documentation to ensure analyses are interpretable and reusable.\nTake responsibility for defined analytics problem areas from analysis through insight generation\nMust-Have Skills:\nHands-on experience with SQL for data extraction and analysis.\nProficiency in MS Excel (Pivot Tables, Advanced Formulas, Data Cleaning).\nExperience with BI tools like Tableau or Power BI.\nKnowledge of performance analysis metrics in e-commerce or affiliate marketing.\nStrong analytical mind set with the ability to translate data into business insights.\nGood communication and presentation skills\nNice-to-Have Skills:\nFamiliarity with affiliate marketing platforms, influencer analytics, or SaaS products.\nExperience with basic understanding of database structures.\nExposure to Python for data analysis, automation, or exploratory modelling.\nExperience working with large datasets and reconciling data across multiple sources.\nUnderstanding of creator pricing, payouts, and ROI-driven performance models.\nEducation:\nBachelor's degree in Business, Statistics, Computer Science, Data Analytics, or related field.",Login to check your skill match score,Permanent Job,"Performance analysis metrics in e-commerce or affiliate marketing, Ms Excel, Data Cleaning, Power Bi, Tableau, Sql",2026-02-17 00:48:06
Junior Data Analyst,Webkit24,Fresher,,India,"We are looking for a detail-oriented and analytical Junior Data Analyst to join our growing team. In this role, you will be responsible for collecting, analyzing, and interpreting data to help drive business decisions. This is an excellent opportunity for freshers or early-career professionals who want to build a strong foundation in data analytics while working remotely.\nKey Responsibilities\nCollect, clean, and organize raw data from multiple sources\nPerform data analysis to identify trends, patterns, and insights\nCreate reports, dashboards, and visualizations using tools like Excel, Power BI, or Tableau\nAssist in preparing weekly and monthly performance reports\nWork closely with business and technical teams to understand data requirements\nMaintain data accuracy and ensure data integrity\nSupport ad-hoc data requests and analysis tasks\nRequired Skills & Qualifications\nBachelor's degree in Computer Science, Statistics, Mathematics, Economics, or related field\nBasic knowledge of SQL and Excel (Advanced functions, Pivot Tables, VLOOKUP/XLOOKUP)\nUnderstanding of data visualization tools (Power BI / Tableau / Google Data Studio)\nBasic knowledge of Python (Pandas, NumPy) is a plus\nStrong analytical and problem-solving skills\nGood communication skills (written & verbal)\nAbility to work independently in a remote environment\nPreferred Skills (Nice to Have)\nKnowledge of data cleaning and preprocessing techniques\nFamiliarity with databases and data warehousing concepts\nExperience with Google Sheets & automation tools\nBasic understanding of business KPIs\nWhat We Offer\n100% Remote work flexibility\nLearning and growth opportunities\nExposure to real-time business data projects\nSupportive and collaborative work environment\nPerformance-based career progression",Login to check your skill match score,Permanent Job,"Numpy, Pandas, Power Bi, Tableau, Excel, Python, Sql",2026-02-17 00:48:07
Senior Data Analyst- Tableau,Sigmoid,3-6 Years,,"Bengaluru, India","Job Title: Senior Data Analyst\n\nRole Overview\n\nWe are looking for a Senior Data Analyst to work on a broad range of data analytics, data visualization, and business intelligence initiatives across multiple industries. The role requires strong analytical skills, frequent client interaction, and the ability to translate business problems into effective analytical and BI solutions while collaborating closely with Data Engineering teams.\n\nKey Responsibilities\n\nWork on a wide range of data analytics, data visualization, and business intelligence problems across various industries.\nEngage with clients and business stakeholders to understand business context, objectives, and challenges.\nAnalyze and document business processes, mapping end-to-end workflows using visual formats such as process flow diagrams.\nTranslate business problems into analytical solutions by defining metrics, KPIs, dashboards, and reports.\nDevelop, publish, and maintain interactive dashboards and visualizations to support business decision-making.\nPerform storyboarding to structure analytical insights and present clear, compelling narratives to stakeholders.\nCollaborate closely with Data Engineering teams by providing clear and detailed requirements.\nEnsure data accuracy, consistency, and adherence to best practices in reporting and analytics delivery.\nPerform quality checks (QC) and validation of reports and dashboards before client delivery.\nParticipate in regular client and internal meetings and prepare clear MoM (Minutes of Meeting) documentation.\nMaintain proper documentation for dashboards, metrics, data logic, and business rules.\nTrack work items, enhancements, and issues using JIRA.\n\nMandatory Skills & Requirements (Must-Have)\n\nStrong hands-on experience with Tableau (mandatory), including:\nDashboard development and publishing\nCalculated fields, filters, parameters, and LOD calculations\nData blending and joins\nRow-Level Security (RLS) implementation\nReplacing and managing data sources\nExperience with Snowflake (mandatory) as a primary data warehouse.\nAbility to perform QC checks and validation on dashboards and reports.\nProficiency in SQL for data extraction, transformation, and analysis.\nExperience in preparing MoM, requirement documents, and functional documentation.\nHands-on experience working with JIRA for task tracking and project management.\nDesired Skills & Competencies\n\nExperience with other BI tools such as Power BI (added advantage).\nStrong analytical and problem-solving skills with the ability to handle complex business problems.\nProven experience interacting with clients and business stakeholders for requirement gathering and solution design.\nStrong communication skills with the ability to present insights clearly through effective storyboarding and data narratives.\nAbility to work independently while managing multiple stakeholders and priorities.\n\nEducation & Experience\n\n36 years of relevant analytics experience with a strong focus on problem-solving and advanced BI solutions.\nBachelor's degree in B.E., B.Tech, or an equivalent discipline.",Login to check your skill match score,Permanent Job,"snowflake, Tableau, JIRA, Sql",2026-02-17 00:48:08
Associate Data Analyst,The/Nudge Institute,3-5 Years,,"Bengaluru, India","About The/Nudge\nThe/Nudge is an action institute building resilient livelihoods to alleviate poverty. We work with women, farmers, tribals and youth on rural development, agriculture, skilling and economic inclusion, along with 15+ central and state government partners.\nOur economic inclusion journey for 25 million Indians, has reached 10 states with $230M of government funding to cover 1.25M people. Our incubator, accelerator and grand challenges have supported 225 social entrepreneurs including 17 Forbes 30U30, 3 EarthShot Prize winners, 1 Time Magazine cover and more.\nSet up with support from 100+ eminent philanthropists, 40+ corporates and 15+ foundations including Gates, Mackenzie Scott, Vinod Khosla, Nandan Nilekani, Tata Trusts, Skoll, Meta, LinkedIn, HDFC, Mphasis, KPMG and L'Oreal, we are contributing towards a poverty-free India, within our lifetime.\nAbout the Insight Program :\nWho are we solving for\nWe are solving for millions of adults in India, especially in rural communities, living with uncorrected presbyopia, a near-vision impairment affecting 1 in 3 people over 30. Without timely access to simple solutions like reading glasses, they face barriers to work and income, despite evidence showing such interventions can boost productivity by 34% and income by 20%.\nWhat are we solving for\nMillions in India experience uncorrected presbyopia, a near-vision impairment affecting one in three people over 30, with cases now appearing as early as 35. Globally, presbyopia is the most common cause of vision impairment, impacting over 800 million people. In India alone, 300 million people live with this condition, contributing to $14 billion in lost productivity each year.\nFor many, especially in rural communities, clear near vision is essential for work and daily activities. Without access to timely solutions, individuals may face challenges in earning a livelihood. However, studies from Assam and Bangladesh show that a simple interventionreading glassescan increase productivity by 34% and boost income by 20%.\nDespite the clear benefits, several factors have made it difficult for people to access reading glasses at scale:\nWith only one trained optometrist per 180,000 people, access to professional eye care remains a challenge in many areas.\nMany individuals aren't aware that their near-vision difficulties can be easily corrected, and some hesitate to wear glasses due to social and cultural perceptions.\nBringing reading glasses to remote and rural areas requires innovative and community-driven approaches to ensure affordability and reach.\nThrough InSight Program, The/Nudge Institute is collaborating with central and state governments to make India presbyopia-free using a community-led model.\nWhat will you do\nWe are looking for a passionate and impact-driven Associate to support the InSight Program. The role involves supporting the program in coordinating with multiple stakeholders, driving operations, analyzing field data, planning, budgeting and managing backend tools and visualizations. This is an excellent opportunity for someone looking to gain hands-on experience in social impact, public health, analytics, product development and program management.\nKey Responsibilities include:\n1) Stakeholder Coordination:\nWork with multiple teams across the organisation and within the Insight team to develop insights and analytics around the key program requirements\nDrive development and adoption of technology-based product solutions at scale\n2) Data Management & Analysis:\nRegularly collect, clean, and analyze field data from ongoing pilots\nSupport in generating insights from data to inform program strategy and identify areas for improvement\nMaintain dashboards and program trackers\nCreate visual presentations, charts, and infographics to support communication and reporting\nAssist in preparing donor and partner reports\n3) Survey Tools and Monitoring:\nAssist in creating and reviewing survey forms for monitoring and evaluation\nTest forms for logic and usability\nSupport real-time troubleshooting of field data collection\n4) Technology Product development:\nWork with internal teams to define end-to-end supply chain requirements for large-scale screening and distribution\nWork with external technology partners to build and deploy technology solutions\n5) Monitoring, Feedback, and Refinement:\nCollaborate with the program head to tweak and refine program parameters based on field-level insights.\n6) Program Expansion & Planning:\nAssist in planning and executing the program's expansion to other regions based on pilot results and organizational goals.\nCompile key learnings and best practices from the pilot to inform future strategies.\nSupply chain planning and program budgeting\nWho are we looking for in this role\nMore than 3 years of experience in data analytics & product/process design with a strong track record of results and impact\nStrong organizational and communication skills\nProficiency in Excel/Google Sheets; knowledge of data analysis tools (like Power BI, Tableau, or Google Data Studio) is a plus\nAbility to work independently and in a fast-paced, collaborative environment\nPassion for creating social impact\nFamiliarity with tools like KoboToolbox, ODK, or similar data collection platforms is a plus\nWhat's in it for you\nOwn your growth: An impact-led learning environment encourages Nudgesters to invest in their learning and capacity building needs through initiatives and policies, including L&D wallet, individual development plan and internal role change opportunities.\nFind your tribe: Our hiring philosophy emphasises intent, attitude, smarts and skills, in that order, to build a cohesive environment for Nudgesters. The organisation is committed to curating people-centric policies, enhancing how employees experience life at The/Nudge.\nTake big bets: Organisational initiatives are intended to facilitate Nudgesters with a view to the big picture, illustrated by our impact across 50000+ households, 15+ governments, 200+ social enterprises and Charcha: India's largest social sector convening forum.\nMake it happen: A product-based approach in an action-biased environment empowers Nudgesters to implement audacious plans. Driven to fail fast, we endeavour to optimise resources in favour of programs that align with our scale ambition.\nYou can learn more about what we do and how we do it through this deck.\nWe aspire to be an inclusive and diverse organization and encourage qualified individuals irrespective of their religion, caste, gender identity or expression, sexual orientation, ethnicity, age, or any other dimension of identity, to apply.",Login to check your skill match score,Permanent Job,"KoboToolbox, Google Data Studio, ODK, Power Bi, google sheets, Tableau, Excel, Data Analytics",2026-02-17 00:48:09
Data Analyst (Agro / Monitoring Systems),BRICS Prof,2-4 Years,,India,"About the Role\nWe are looking for a Data Analyst for a project focused on analyzing Fertilizer Movement Control Systems (FMC) and Seed Movement Control Systems (SMC).\nThe purpose of this role is to assess the performance of existing systems, validate data accuracy, identify errors and patterns, and provide practical recommendations to improve data quality and operational reliability.\nKey Responsibilities\nAnalyze Excel data exports from FMC and SMC systems.\nFor each equipment trip, compare written-off inventory items with actual calculated values.\nPerform statistical analysis of equipment operations across multiple dimensions (time periods, equipment types, regions, etc.).\nAnalyze system errors, prepare error statistics, and identify or confirm the absence of correlations.\nConduct at least 50 control checks for each system (FMC and SMC), validating sensor data against video recordings from onboard recorders.\nProvide conclusions regarding system accuracy.\nPrepare an analytical report with findings and practical recommendations to improve system accuracy.\nRequirements\nMinimum 2 years of experience as a Data Analyst in an agricultural company.\nHands-on experience working with raw data exports from accounting and monitoring systems.\nExperience reconciling data from multiple sources (system actual performance sensors / video).\nAbility to structure large datasets and translate them into clear business insights and actionable recommendations.\nExperience preparing analytical reports with clear conclusions.\nUnderstanding of inventory (materials) accounting and agricultural equipment operations.\nWillingness to perform control validations (50+ checks) and assess system accuracy.\nExpected Deliverables\nBy the end of the project, the candidate is expected to provide:\nAn analytical report on FMC and SMC system performance.\nError statistics and dependency analysis.\nConclusions on actual system accuracy.\nPractical recommendations to improve data quality and operational accuracy.",Login to check your skill match score,Permanent Job,"Inventory materials accounting, Agricultural equipment operations, Statistical Analysis, Excel",2026-02-17 00:48:10
Spend Management Analyst/Data Analyst/Reporting/Chennai,Teamware Solutions,12-15 Years,,"Chennai, India","We are hiring ,\nRole : Spend Management Analyst\nLocation : Chennai\nExperience :12- 15 Years\nResponsibilities\nStrategic Spend Reporting\nDevelop and drive the business wide spend governance framework to validate alignment with the organizational cost objectives, governance requirements and strategic priorities across all the business units.\nProvide strategic overview of business utilization forecasts and spend controls, proactively identify risks, deviations and opportunities to enable timely leadership decisions\nAdvanced Analytics and Trend Analysis\nDesign, build and own a robust spend analytics and reporting platform using tools such as power BI or equivalent, delivering intuitive dashboards and management insights across budget, forecast and actuals.\nLeverage advanced analytics, trend and variance analysis to identify cost drivers, emerging risks and optimization opportunities translating data into actionable insights for senior leadership.\nExecutive & Board Presentations\nConsolidate and validate information from multiple stakeholders and systems. Synthesize complex data into a single coherent executive narrative suitable for senior leadership forums.\nBuild board and executive level presentations for new / renewal of contracts providing a comprehensive and decision-ready view covering budget impact, governance alignment, risk assessment, trade-offs, mitigation plans, product/service scope and exit strategy.\nIndustrialisation & Process Ownership\nDrive the industrialization and automation of data consolidation and executive presentation generation by leveraging analytics platforms and reporting tools, reducing manual effort while improving accuracy, consistency, and turn-around time.\nCollaborate with global counterparts, study the current systems and processes; formalize the procedures and operational model through SOPs, and documentation to guide the team for implementation of the designed framework\nFoster a culture of innovation, ownership and continuous improvement\nGovernance committee orchestration\nPartner closely with TPRM, IT security and other functions to uphold governance .\nEnd to end committee governance including action follow-up and closure\nStrategy, Governance & Executive reporting\nCreation of global supplier intelligence and development of management-ready strategic insights\nResponsive executive reporting and delivery of on-demand management insights\nStewardship of centralized governance repository enabling decision history, trend analysis and future planning\nGlobal stakeholder engagement\nProven experience and exposure to managing international stakeholders effectively involving high-stake negotiations to achieve business objectives\nServe as a trusted advisor to global leaders and businesses ensuring alignment across geographies and functions\nInfluence strategic IT sourcing decisions at a global level through data-driven insights and domain expertise",Login to check your skill match score,Permanent Job,"Trend Analysis, Data Consolidation, Executive Presentation Generation, Power Bi, Advanced Analytics",2026-02-17 00:48:12
Business Data Analyst,Luxoft,8-10 Years,,"Bengaluru, India","Project description\nWe are looking for a confident, creative and curious team player to join as a Business Analyst in Bangalore, as part of the team working with one of the largest retail Companies in UK. They will support multiple projects for our Client in Agile environment.\nResponsibilities\nWorking as an extended team of Product Managers, actively participate in delivering the outcomes set out for the product area.\nOwn source system discovery and data analysis to validate for accuracy and completeness of the source system data.\nCollaboration with other technology teams to understand the tech initiatives of the domain area and understand the impact to the domain data. Gathering information on the systems by talking to system experts and relevant product managers\nGathering information on the systems by talking to system experts and relevant product managers and documenting them.\nBuilding domain knowledge which helps in understanding the requirements raised by the business team\nDocumenting descriptive metadata for the new and existing data of assigned domain area.\nHelp Product managers in maintaining the backlog and user stories\nData validation of newly ingested or transformed post unit testing to ensure it meets business requirements ( both in the dev and production environment).\nSupporting business teams during the UAT phase and post-production with any business queries or data analysis.\nSupport the Engineering team in production landscape design based on the understanding of the data.\nTake the lead on documenting all aspects of the data products built including data management\nGathering information on the systems by talking to system experts and relevant product managers and documenting them.\nBuilding domain knowledge which helps in understanding the requirements raised by the business team\nSQL\nExperience with performing data lineage analysis\nMandatory skills\n8+ relevant strong Business Analyst Experience\nBusiness analysis worked on Big data Hadoop applications and proficient in writing SQL queries\nNice to have skills\nAgile Methodology",Login to check your skill match score,Permanent Job,"Hadoop, Big Data, Agile Methodology, Sql",2026-02-17 00:48:13
Business Data Analyst,Luxoft,8-10 Years,,"Bengaluru, India","Project description\nWe are looking for a confident, creative and curious team player to join as a Business Analyst in Bangalore, as part of the team working with one of the largest retail Companies in UK. They will support multiple projects for our Client in Agile environment.\nResponsibilities\nWorking as an extended team of Product Managers, actively participate in delivering the outcomes set out for the product area.\nOwn source system discovery and data analysis to validate for accuracy and completeness of the source system data.\nCollaboration with other technology teams to understand the tech initiatives of the domain area and understand the impact to the domain data. Gathering information on the systems by talking to system experts and relevant product managers\nGathering information on the systems by talking to system experts and relevant product managers and documenting them.\nBuilding domain knowledge which helps in understanding the requirements raised by the business team\nDocumenting descriptive metadata for the new and existing data of assigned domain area.\nHelp Product managers in maintaining the backlog and user stories\nData validation of newly ingested or transformed post unit testing to ensure it meets business requirements ( both in the dev and production environment).\nSupporting business teams during the UAT phase and post-production with any business queries or data analysis.\nSupport the Engineering team in production landscape design based on the understanding of the data.\nTake the lead on documenting all aspects of the data products built including data management\nGathering information on the systems by talking to system experts and relevant product managers and documenting them.\nBuilding domain knowledge which helps in understanding the requirements raised by the business team\nSQL\nExperience with performing data lineage analysis\nMandatory skills\n8+ relevant strong Business Analyst Experience\nBusiness analysis worked on Big data Hadoop applications and proficient in writing SQL queries\nNice to have skills\nAgile Methodology",Login to check your skill match score,Permanent Job,"Hadoop, Big Data, Agile Methodology, Sql",2026-02-17 00:48:13
Data Intelligence Analyst,Revenera,Fresher,,"Bengaluru, India","Revenera helps product executives build better products, accelerate time to value and monetize what matters. Revenera's leading solutions help software and technology companies drive top line revenue with modern software monetization, understand usage and compliance with software usage analytics, empower the use of open source with software composition analysis and deliver an excellent user experiencefor embedded, on premises, cloud, and SaaS products.\n\nJob Description\n\nTo develop, maintain and support the Flexera DIS database with application recognition, normalization and categorization Data. In addition, a senior can do one or more tasks out of: Scrum master, Solve and analyze complex problems, transfer knowledge to the team, involve in problem and solution discovery, handle customer or stakeholder communication.\n\nRoles & Responsibilities\n\nSolves complex customer problems.\nIdentifies problem areas in recognition, normalization or categorization.\nCoach and help Analysts\nFacilitate Analyst team in daily operations and agile work. Collaborate with other teams to remove obstacles.\nCommunicates and handles interaction for POC's, Support cases with both internal and external stakeholders.\n\nTechnical Skills Required\n\nShow experience and skills in Data Analytical work and SNOW Problem Domain.\nSelf-driven and add to the success of the team even outside role.\nCan interact and handle end customer and SNOW internal interactions in a professional manner.\nCan solve complex problems independently\nCan coach/help others grow, learn and succeed\nCan drive business or support cases by themselves.\nAvid Communicator.\nThink and act proactively and plan-ahead.\nBachelor of science degree or similar.\n\nRevenera is proud to be an equal opportunity employer. Qualified applicants will be considered for open roles regardless of age, ancestry, color, family or medical care leave, gender identity or expression, genetic information, marital status, medical condition, national origin, physical or mental disability, political affiliation, protected veteran status, race, religion, sex (including pregnancy), sexual orientation, or any other characteristic protected by local/national laws, policies and/or regulations. Regarding disability, we encourage candidates requiring accommodations to please let us know by emailing [HIDDEN TEXT].",Login to check your skill match score,Permanent Job,"SNOW Problem Domain, Data Analytical work",2026-02-17 00:48:14
Data Operation Analyst - IVSO,NielsenIQ,Fresher,,"Vadodara, India","NielsenIQ is a global measurement and data analytics company that provides the most complete and trusted view available of consumers and markets worldwide. Building the bigger picture means making sure we connect every single dot. Our Operations teams make sure we're at the forefront of every innovation that makes that possible. Clients around the world rely on NielsenIQ s data and insights to innovate and grow. In order to continue to scale & support this new platform, it is critical that we have the best talent on our team.\nJob Description\n\nDPS is responsible to execute the process of Data Validation and associated project work and ensure clean data for client insights. This includes understanding and representing the respective local market conditions in the operations processes, as well as executing defined country onshore work. This entails engaging local and regional partners like Output and Statistical Operations.\nRESPONSIBILITIES\nThe person will execute, monitor and continuously improve production tasks assigned to the Input Operations function as sample maintenance and data quality checks. Expert on processes and methodologies, playing an active role in improving quality & efficiency.\nThe person will execute, monitor and continuously improve production tasks assigned to the Input Operations function such as Input Data quality checks and validations. Expert on processes and methodologies, playing an active role in improving data quality & efficiency.\nUnderstand regular execution process with attention to detail and identify areas of automation and improvement\nExecute process automation using tools like R/Python/Excel Macros and explore possibility of implementing advanced techniques like Machine Learning and Artificial Intelligence\nEveryday work revolves around ensuring the high quality of the setup used in the various markets reported by NielsenIQ as well as analyzing any potential concerns in the data which a client may have. It is an important link in the chain of NielsenIQ activities and our analysts are often engaged in cross-department cooperation.\nExecute processes of Input Operations and associated project work. Execution work requires understanding of aspects of the universe, sample design, data queries and all related activities throughout the production process, potentially for different countries.\nExecute statistical estimation & provide root cause analysis and solution for client queries\nExecute production tasks in order to guarantee accuracy and trend ability on data in respect of scheduled deadlines and investigate data inquiries / challenges with local teams, and regional / offshore Operations for processes.\nParticipate in development and drive standardization and process efficiency for method related process / application.\nWork in partnership with the country's Onshore Operations team according to execution requirements as defined by the process playbooks for Operations.\nEngage with Statistical Operations, Output and Reference Data to collect information and coordinate tasks to improve data quality and drive for continuous business process improvements.\nAnalyze and identify gaps and areas for improvement in statistical operations production environments and drive convergence of processes and tools.\nProvide technical and process expertise to deployment of the Consumer Information Platform (CIP); also assist remote located resources to implement projects in the most effective way.\nPrepare accurate tracking KPI to monitor and to improve quality performances (on time delivery and data accuracy) and maintain project work discipline.\nOperate in a virtual/multi-cultural environment, liaising with stakeholders and colleagues.\nQualifications\n\nBachelor's Any Graduate, preference given to Mathematics, Statistics, Economics - For Band 9\nMaster's degree (Commerce, Statistics, Mathematics or a related field)- For Band 9/8\nExposure to R/Python/SQL and ML/AI\nExcellent organization skills, aptitude to work in a team and meet deadlines\nA high degree of accuracy, proactivity and attention to detail\nGood analytics skills and aptitude for data and operational processes\nProject management aptitude (critical path, task sequencing, problem solving, etc.)\nCommon business language knowledge (English): speaking and writing with fluency\nAdditional Information\n\nOffered CTC - 3.31 LPA\nWork Location - Vadodara\nShift Timings : Flexible\nOur Benefits\n\nFlexible working environment\nVolunteer time off\nLinkedIn Learning\nEmployee-Assistance-Program (EAP)\nNIQ may utilize artificial intelligence (AI) tools at various stages of the recruitment process, including rsum screening, candidate assessments, interview scheduling, job matching, communication support, and certain administrative tasks that help streamline workflows. These tools are intended to improve efficiency and support fair and consistent evaluation based on job-related criteria. All use of AI is governed by NIQ's principles of fairness, transparency, human oversight, and inclusion. Final hiring decisions are made exclusively by humans. NIQ regularly reviews its AI tools to help mitigate bias and ensure compliance with applicable laws and regulations. If you have questions, require accommodations, or wish to request human review were permitted by law, please contact your local HR representative. For more information, please visit NIQ's AI Safety Policies and Guiding Principles: https://www.nielseniq.com/global/en/ai-safety-policies.\n\nAbout NIQ\n\nNIQ is the world's leading consumer intelligence company, delivering the most complete understanding of consumer buying behavior and revealing new pathways to growth. In 2023, NIQ combined with GfK, bringing together the two industry leaders with unparalleled global reach. With a holistic retail read and the most comprehensive consumer insightsdelivered with advanced analytics through state-of-the-art platformsNIQ delivers the Full View. NIQ is an Advent International portfolio company with operations in 100+ markets, covering more than 90% of the world's population.\nFor more information, visit NIQ.com\nWant to keep up with our latest updates\nFollow us on: LinkedIn | Instagram | Twitter | Facebook\n\nOur commitment to Diversity, Equity, and Inclusion\n\nAt NIQ, we are steadfast in our commitment to fostering an inclusive workplace that mirrors the rich diversity of the communities and markets we serve. We believe that embracing a wide range of perspectives drives innovation and excellence. All employment decisions at NIQ are made without regard to race, color, religion, sex (including pregnancy, sexual orientation, or gender identity), national origin, age, disability, genetic information, marital status, veteran status, or any other characteristic protected by applicable laws. We invite individuals who share our dedication to inclusivity and equity to join us in making a meaningful impact. To learn more about our ongoing efforts in diversity and inclusion, please visit the https://nielseniq.com/global/en/news-center/diversity-inclusion",Market Research,Permanent Job,"R, Machine Learning, Artificial Intelligence, Excel Macros, Python, Sql",2026-02-17 00:48:16
Data Specialist,Synechron,4-10 Years,,"Pune, India","Title - Data Science Specialist (AI / ML)\nLocation - Pune\nExperience : 4 - 10 years of experience\nHybrid Work Model (3 days WFO in a week)\nNotice Period - Immediate to 30 days max\nJob Title: Senior Data Scientist Fraud and Anomaly Detection\nAbout the Role:\nWe are seeking an experienced Senior Data Scientist specializing in Fraud and Anomaly Detection to join our dynamic team. In this pivotal role, you will develop and deploy advanced models and algorithms to identify fraudulent activities and anomalies within complex datasets. Your expertise in Graph Anomaly Detection and Graph Neural Networks will be crucial in enhancing our detection capabilities.\nKey Responsibilities:\nDesign, develop, and implement sophisticated machine learning models tailored for fraud and anomaly detection using cutting-edge techniques.\nImplement Graph Neural Networks (GNNs) with PyTorch Geometric to capture complex relationships and dependencies in graph-structured data.\nDevelop and refine algorithms for Graph Anomaly Detection, focusing on node, edge, and subgraph anomalies.\nApply various GNN architectures such as GCN, GraphSAGE, GAT, GINE, and Hetero Graph Learning.\nLeverage NLP techniques and models like BERT, Text Classification, Text Extraction, LLMs, and LLM Fine-Tuning for data preprocessing and feature extraction.\nPerform in-depth exploratory data analysis (EDA) and engineer features, including graph-based features like node embeddings, edge attributes, and graph metrics.\nUtilize spectral clustering and community detection methods to enhance feature representation.\nConduct research on emerging methodologies in fraud detection, anomaly detection, and graph-based machine learning.\nPrototype, evaluate, and experiment with novel architectures and algorithms, including attention mechanisms in GNNs.\nCollaborate closely with data science and engineering teams to ensure seamless model deployment, scalability, and real-time processing.\nTechnical Skills & Qualifications:\nExtensive proficiency in Python and related libraries such as PyTorch, PyTorch Geometric, TensorFlow, Keras, Transformers, and Scikit-learn.\nStrong experience working with Graph-based Machine Learning and NLP techniques.\nHands-on experience with graph processing frameworks like NetworkX and DGL (Deep Graph Library).\nSolid understanding of machine learning paradigms: supervised, unsupervised, and semi-supervised learning.\nDeep expertise in deep learning architectures for graph data, including GAT, GraphSAGE, and attention mechanisms.\nExperience developing models for large-scale datasets and deploying them into production environments.\nIdeal Candidate Profile:\nProven experience in fraud, outlier, or anomaly detection projects.\nStrong analytical and problem-solving skills with an innovative mindset.\nExcellent collaboration and communication skills, capable of working cross-functionally with teams of data scientists and software developers.\nIf you are passionate about leveraging advanced graph and NLP techniques to combat fraud and enhance anomaly detection, we would love to hear from you!",Login to check your skill match score,Permanent Job,"LLMs, LLM Fine-Tuning, Text Extraction, Scikit-learn, Graph Anomaly Detection, DGL, PyTorch Geometric, NetworkX, text classification, Transformers, BERT, NLP techniques, community detection, Graph Neural Networks, spectral clustering, Tensorflow, Pytorch, Keras, Python",2026-02-17 00:48:17
Data Scientist,Ciklum,Fresher,,"Chennai, India","Ciklum is looking for an Expert Data Scientist to join our team full-time in India.\nWe are a custom product engineering company that supports both multinational organizations and scaling startups to solve their most complex business challenges. With a global team of over 4,000 highly skilled developers, consultants, analysts and product owners, we engineer technology that redefines industries and shapes the way people live.\nAbout the role:\nAs an Expert Data Scientist, become a part of a cross-functional development team engineering experiences of tomorrow.\nResponsibilities:\nDevelop interactive and fully automatic models that segment tumours from CT, PET and MRI scans for different tumour types\nAlign different images together. For example, align CT scans with PET scans, align scans taken at different time points\nDevelop multi-modal prediction models for tumour segmentation and patient response prediction\nDesign and implement large model training pipelines that can train models using many GPUs\nHands-on experience in training, debugging and deploying deep learning models\nGood coding skill in machine learning products, not only research prototypes\nAbility to read a lot of research papers in deep learning, digest research ideas and improve them into products\nTheoretical understanding of deep computer vision models, such as image classification, segmentation, multi-modality models, diffusion models, large language models, and transformer models for tabular data\nHands-on experience in designing, training, and deploying some of these above models\nGood experience with Python, PyTorch and PyTorch Lightning\nRequirements:\nPhD or master degree in machine learning, computer science, math, physics\nExperience working with medical data, such as CT scans, H&E slices, genetic data\nExperience in model inference speed optimization and model distillation\nWhat`s in it for you\nStrong community: Work alongside top professionals in a friendly, open-door environment\nGrowth focus: Take on large-scale projects with a global impact and expand your expertise\nTailored learning: Boost your skills with internal events (meetups, conferences, workshops), Udemy access, language courses, and company-paid certifications\nEndless opportunities: Explore diverse domains through internal mobility, finding the best fit to gain hands-on experience with cutting-edge technologies\nCare: We've got you covered with company-paid medical insurance, mental health support, and financial & legal consultations\nAbout us:\nAt Ciklum, we are always exploring innovations, empowering each other to achieve more, and engineering solutions that matter. With us, you'll work with cutting-edge technologies, contribute to impactful projects, and be part of a One Team culture that values collaboration and progress.\nIndia is a strategic innovation hub for Ciklum, with growing teams in Chennai and Pune leading advancements in EdgeTech, AR/VR, IoT, and beyond. Join us to collaborate on game-changing solutions and take your career to the next level.\nWant to learn more about us Follow us on Instagram, Facebook, LinkedIn.\nExplore, empower, engineer with Ciklum!\nInterested already We would love to get to know you! Submit your application. We can't wait to see you at Ciklum.",Login to check your skill match score,Permanent Job,"multi-modality models, model inference speed optimization, image classification, model distillation, model training pipelines, transformer models, deep learning models, PyTorch Lightning, multi-modal prediction models, Segmentation, tumour segmentation, large language models, diffusion models, Pytorch, Python",2026-02-17 00:48:18
Data Scientist,Techversant,2-3 Years,,Thiruvananthapuram / Trivandrum,"Key Responsibilities:\nData mining or extracting usable data from valuable data sources\nUsing machine learning tools to select features, create and optimize classifiers\nCarrying out the preprocessing of structured and unstructured data\nEnhancing data collection procedures to include all relevant information for developing analytic systems\nProcessing, cleansing, and validating the integrity of data to be used for analysis\nAnalyzing large amounts of information to find patterns and solutions\nDeveloping prediction systems and machine learning algorithms\nPresenting results in a clear manner\nPropose solutions and strategies to tackle business challenges\nCollaborate with Business and IT teams",Information Technology,Permanent Job,"R, Python, Sql, Java, C++, Machine Learning",2026-02-17 00:48:20
Data Analyst,S&P Global Market Intelligence,Fresher,,India,"About the Role:\n07\nThe Team:\nThe Private Equity and Advisory Profiles Team primarily focuses on maintaining and updating profiles of Private Equity and Venture Capital firms. With global coverage, we aim to deliver research, content, and analytics about the public and private capital markets to investment banks, investment managers and alternative investment firms. The team also establishes relationships with Private Equity Firms to gather rare insights about public & private investments, exits, and investment strategies. This effort is coupled with our real time monitoring of global industry trade publications and websites/news aggregators to cover and track all public/private investment markets.\n\nThe Impact:\nThis role will influence the Private Equity/Venture Capital dataset. In addition to collecting and validating the data, this role may require working with peers, other stakeholders and on process improvement projects. This position is an excellent stepping stone to understand PE/VC domain, that will allow you to gain a comprehensive understanding of their working, and enable you to learn facets of PE/VC, and as well as apply this knowledge to your daily responsibilities.\n\nWhat's in it for you:\nPrimarily responsible for day-to-day collection and validation of data related to PE/VC firms. Once strong fundamental understanding of the dataset and proficiency at workflows is developed, this role would require working with new talent to develop/enhance their skillset and working on process improvement projects including LEAN/automation projects that supports multiple SPGMI products and also an opportunity to venture into the field of data analysis and explore the world of Automation and Artificial Intelligence if have a knack for the same.\nResponsibilities:\n\nHigh quality data collation, analysis, extraction and entering the data in work tools as per guideline specifications\nUnderstand the working of the dataset, be aware of the workflows and have strong working knowledge of work tools\nDeliver on predefined individual and team targets including delivering outcomes with quality and excellence.\nProvide input and ideas for new collection methods and product enhancements related to the dataset\nWork on projects as an when they come up and ensure that they are completed within the given time span maintaining the desired quality\nTroubleshoots problems or issues and provide support to the team\nSupport team in enhancing the workflow/processes for department.\nCreate tech expertise within department.\n\nWhat We're Looking For:\n. MBA/ M.COM candidates with good academic track record\n. Ability to multi-task and work in a team environment, while following flexible schedule to meet deadlines\n. Well versed with secondary research sources\nCertification and working knowledge/experience in MS-office (Excel, Word, PowerPoint)\n. Background in Finance or related fields is preferred\n. Comfortable taking initiative and demonstrating resourcefulness\n. Strong attention to detail and persistent approach to work\n. Excellent communication skills, both written and oral\n. Strong quantitative, analytical and interpretive skills\n. Ability to conduct efficient thematic online research\n. Knowledge of any database or automation tools would be an added advantage.\n. Adaptability to work in any shifts\nWhat's In It For You\nOur Mission:\nAdvancing Essential Intelligence.\nOur People:\nWe're more than 35,000 strong worldwide-so we're able to understand nuances while having a broad perspective. Our team is driven by curiosity and a shared belief that Essential Intelligence can help build a more prosperous future for us all.From finding new ways to measure sustainability to analyzing energy transition across the supply chain to building workflow solutions that make it easy to tap into insight and apply it. We are changing the way people see things and empowering them to make an impact on the world we live in. We're committed to a more equitable future and to helping our customers find new, sustainable ways of doing business. Join us and help create the critical insights that truly make a difference.\nOur Values:\nIntegrity, Discovery, Partnership\n\nThroughout our history, the world's leading organizations have relied on us for the Essential Intelligence they need to make confident decisions about the road ahead. We start with a foundation of integrity in all we do, bring a spirit of discovery to our work, and collaborate in close partnership with each other and our customers to achieve shared goals.\n\nBenefits:\nWe take care of you, so you can take care of business. We care about our people. That's why we provide everything you-and your career-need to thrive at S&P Global.\n\nOur benefits include:\nHealth & Wellness: Health care coverage designed for the mind and body.\nFlexible Downtime: Generous time off helps keep you energized for your time on.\nContinuous Learning: Access a wealth of resources to grow your career and learn valuable new skills.\nInvest in Your Future: Secure your financial future through competitive pay, retirement planning, a continuing education program with a company-matched student loan contribution, and financial wellness programs.\nFamily Friendly Perks: It's not just about you. S&P Global has perks for your partners and little ones, too, with some best-in class benefits for families.\nBeyond the Basics: From retail discounts to referral incentive awards-small perks can make a big difference.\nFor more information on benefits by country visit:\nGlobal Hiring and Opportunity at S&P Global:\nAt S&P Global, we are committed to fostering a connected and engaged workplace where all individuals have access to opportunities based on their skills, experience, and contributions. Our hiring practices emphasize fairness, transparency, and merit, ensuring that we attract and retain top talent. By valuing different perspectives and promoting a culture of respect and collaboration, we drive innovation and power global markets.\nRecruitment Fraud Alert:\nIf you receive an email from a spglobalind.com domain or any other regionally based domains, it is a scam and should be reported to . S&P Global never requires any candidate to pay money for job applications, interviews, offer letters, pre-employment training or for equipment/delivery of equipment. Stay informed and protect yourself from recruitment fraud by reviewing our guidelines, fraudulent domains, and how to report suspicious activity .\n-----------------------------------------------------------\nEqual Opportunity Employer\nS&P Global is an equal opportunity employer and all qualified candidates will receive consideration for employment without regard to race/ethnicity, color, religion, sex, sexual orientation, gender identity, national origin, age, disability, marital status, military veteran status, unemployment status, or any other status protected by law. Only electronic job submissions will be considered for employment.\nIf you need an accommodation during the application process due to a disability, please send an email to: and your request will be forwarded to the appropriate person.\n\nUS Candidates Only: The EEO is the Law Poster describes discrimination protections under federal law. Pay Transparency Nondiscrimination Provision -\n-----------------------------------------------------------\n20 - Professional (EEO-2 Job Categories-United States of America), DTMGOP203 - Entry Professional (EEO Job Group), SWP Priority - Ratings - (Strategic Workforce Planning)",Banking/Accounting/Financial Services,Permanent Job,"Word, Powerpoint, Database or automation tools, Secondary research sources, Excel",2026-02-20 00:41:54
Data Analyst,S&P Global Market Intelligence,Fresher,,India,"About the Role:\n07\nKey Responsibilities\nCollect, process, andvalidateSustainabilityand financial data usingrespective processguidance.\nEnsure data accuracy and integrity in the proprietary database.\nSummarize and synthesize information from multiple sources.\nMeet individual and team targets for quality and efficiency.\nProficiencyin MS Office (Word, Excel, PowerPoint).\nWhatWe'reLooking For\nDemonstrated research and analytical skills.\nStrong attention to detail.\nGood understanding of ESG concepts and reporting standards.\nEffective written and oral communication.\nInitiative, resourcefulness, and collaborative mindset.\nAbility to interpret company documents (Annual Reports, Sustainability Reports, etc.).\nWillingness to work in rotational shifts and meet deadlines.\n0 - 2 years of experience in the related domain\nKnowledge of SQL and Power BI will be an added advantage\nPreferred Academics\nDegrees in Environmental Science, Sustainability, Data Analytics, Economics, Public Policy, Environmental Engineering, or related fields.\nAdvanced degrees and professional certifications in ESG or sustainability reporting are highly valued.\nMaster's Degrees(MBA/CA/CFA)\nWhat's In It For You\nOur Mission:\nAdvancing Essential Intelligence.\nOur People:\nWe're more than 35,000 strong worldwide-so we're able to understand nuances while having a broad perspective. Our team is driven by curiosity and a shared belief that Essential Intelligence can help build a more prosperous future for us all.From finding new ways to measure sustainability to analyzing energy transition across the supply chain to building workflow solutions that make it easy to tap into insight and apply it. We are changing the way people see things and empowering them to make an impact on the world we live in. We're committed to a more equitable future and to helping our customers find new, sustainable ways of doing business. Join us and help create the critical insights that truly make a difference.\nOur Values:\nIntegrity, Discovery, Partnership\n\nThroughout our history, the world's leading organizations have relied on us for the Essential Intelligence they need to make confident decisions about the road ahead. We start with a foundation of integrity in all we do, bring a spirit of discovery to our work, and collaborate in close partnership with each other and our customers to achieve shared goals.\n\nBenefits:\nWe take care of you, so you can take care of business. We care about our people. That's why we provide everything you-and your career-need to thrive at S&P Global.\n\nOur benefits include:\nHealth & Wellness: Health care coverage designed for the mind and body.\nFlexible Downtime: Generous time off helps keep you energized for your time on.\nContinuous Learning: Access a wealth of resources to grow your career and learn valuable new skills.\nInvest in Your Future: Secure your financial future through competitive pay, retirement planning, a continuing education program with a company-matched student loan contribution, and financial wellness programs.\nFamily Friendly Perks: It's not just about you. S&P Global has perks for your partners and little ones, too, with some best-in class benefits for families.\nBeyond the Basics: From retail discounts to referral incentive awards-small perks can make a big difference.\nFor more information on benefits by country visit:\nGlobal Hiring and Opportunity at S&P Global:\nAt S&P Global, we are committed to fostering a connected and engaged workplace where all individuals have access to opportunities based on their skills, experience, and contributions. Our hiring practices emphasize fairness, transparency, and merit, ensuring that we attract and retain top talent. By valuing different perspectives and promoting a culture of respect and collaboration, we drive innovation and power global markets.\nRecruitment Fraud Alert:\nIf you receive an email from a spglobalind.com domain or any other regionally based domains, it is a scam and should be reported to . S&P Global never requires any candidate to pay money for job applications, interviews, offer letters, pre-employment training or for equipment/delivery of equipment. Stay informed and protect yourself from recruitment fraud by reviewing our guidelines, fraudulent domains, and how to report suspicious activity .\n-----------------------------------------------------------\nEqual Opportunity Employer\nS&P Global is an equal opportunity employer and all qualified candidates will receive consideration for employment without regard to race/ethnicity, color, religion, sex, sexual orientation, gender identity, national origin, age, disability, marital status, military veteran status, unemployment status, or any other status protected by law. Only electronic job submissions will be considered for employment.\nIf you need an accommodation during the application process due to a disability, please send an email to: and your request will be forwarded to the appropriate person.\n\nUS Candidates Only: The EEO is the Law Poster describes discrimination protections under federal law. Pay Transparency Nondiscrimination Provision -\n-----------------------------------------------------------\n20 - Professional (EEO-2 Job Categories-United States of America), DTMGOP203 - Entry Professional (EEO Job Group), SWP Priority - Ratings - (Strategic Workforce Planning)",Banking/Accounting/Financial Services,Permanent Job,"Power Bi, Sql",2026-02-20 00:41:55
Data Analyst,S&P Global Market Intelligence,Fresher,,India,"About the Role:\n07\nKey Responsibilities\nCollect, process, andvalidateSustainabilityand financial data usingrespective processguidance.\nEnsure data accuracy and integrity in the proprietary database.\nSummarize and synthesize information from multiple sources.\nMeet individual and team targets for quality and efficiency.\nProficiencyin MS Office (Word, Excel, PowerPoint).\nWhatWe'reLooking For\nDemonstrated research and analytical skills.\nStrong attention to detail.\nGood understanding of ESG concepts and reporting standards.\nEffective written and oral communication.\nInitiative, resourcefulness, and collaborative mindset.\nAbility to interpret company documents (Annual Reports, Sustainability Reports, etc.).\nWillingness to work in rotational shifts and meet deadlines.\n0 - 2 years of experience in the related domain\nKnowledge of SQL and Power BI will be an added advantage\nPreferred Academics\nDegrees in Environmental Science, Sustainability, Data Analytics, Economics, Public Policy, Environmental Engineering, or related fields.\nAdvanced degrees and professional certifications in ESG or sustainability reporting are highly valued.\nMaster's Degrees(MBA/CA/CFA)\nWhat's In It For You\nOur Mission:\nAdvancing Essential Intelligence.\nOur People:\nWe're more than 35,000 strong worldwide-so we're able to understand nuances while having a broad perspective. Our team is driven by curiosity and a shared belief that Essential Intelligence can help build a more prosperous future for us all.From finding new ways to measure sustainability to analyzing energy transition across the supply chain to building workflow solutions that make it easy to tap into insight and apply it. We are changing the way people see things and empowering them to make an impact on the world we live in. We're committed to a more equitable future and to helping our customers find new, sustainable ways of doing business. Join us and help create the critical insights that truly make a difference.\nOur Values:\nIntegrity, Discovery, Partnership\n\nThroughout our history, the world's leading organizations have relied on us for the Essential Intelligence they need to make confident decisions about the road ahead. We start with a foundation of integrity in all we do, bring a spirit of discovery to our work, and collaborate in close partnership with each other and our customers to achieve shared goals.\n\nBenefits:\nWe take care of you, so you can take care of business. We care about our people. That's why we provide everything you-and your career-need to thrive at S&P Global.\n\nOur benefits include:\nHealth & Wellness: Health care coverage designed for the mind and body.\nFlexible Downtime: Generous time off helps keep you energized for your time on.\nContinuous Learning: Access a wealth of resources to grow your career and learn valuable new skills.\nInvest in Your Future: Secure your financial future through competitive pay, retirement planning, a continuing education program with a company-matched student loan contribution, and financial wellness programs.\nFamily Friendly Perks: It's not just about you. S&P Global has perks for your partners and little ones, too, with some best-in class benefits for families.\nBeyond the Basics: From retail discounts to referral incentive awards-small perks can make a big difference.\nFor more information on benefits by country visit:\nGlobal Hiring and Opportunity at S&P Global:\nAt S&P Global, we are committed to fostering a connected and engaged workplace where all individuals have access to opportunities based on their skills, experience, and contributions. Our hiring practices emphasize fairness, transparency, and merit, ensuring that we attract and retain top talent. By valuing different perspectives and promoting a culture of respect and collaboration, we drive innovation and power global markets.\nRecruitment Fraud Alert:\nIf you receive an email from a spglobalind.com domain or any other regionally based domains, it is a scam and should be reported to . S&P Global never requires any candidate to pay money for job applications, interviews, offer letters, pre-employment training or for equipment/delivery of equipment. Stay informed and protect yourself from recruitment fraud by reviewing our guidelines, fraudulent domains, and how to report suspicious activity .\n-----------------------------------------------------------\nEqual Opportunity Employer\nS&P Global is an equal opportunity employer and all qualified candidates will receive consideration for employment without regard to race/ethnicity, color, religion, sex, sexual orientation, gender identity, national origin, age, disability, marital status, military veteran status, unemployment status, or any other status protected by law. Only electronic job submissions will be considered for employment.\nIf you need an accommodation during the application process due to a disability, please send an email to: and your request will be forwarded to the appropriate person.\n\nUS Candidates Only: The EEO is the Law Poster describes discrimination protections under federal law. Pay Transparency Nondiscrimination Provision -\n-----------------------------------------------------------\n20 - Professional (EEO-2 Job Categories-United States of America), DTMGOP203 - Entry Professional (EEO Job Group), SWP Priority - Ratings - (Strategic Workforce Planning)",Banking/Accounting/Financial Services,Permanent Job,"Power Bi, Sql",2026-02-20 00:41:55
"Reference Data Analyst, NCT",Deutsche Bank,Fresher,,"Jaipur, India","Reference Data Analyst, NCT\nPosition Overview\nJob Title: Reference Data Analyst, NCT\nLocation: Jaipur, India\nShift- Should be flexible to work in shifts (APAC, LDN & NY) as per business requirement.\nRole Description\nThe Reference Data Analyst focuses on effective oversight of strategic data used across the bank's systems and infrastructure.\nThe Reference Data Analyst supports various elements of the data lifecycle, from ensuring that data is captured from the best source, to validating and classifying, and operating controls that optimize its quality and maximize coverage.\nThe Reference Data Analyst has responsibility for maintaining robust processes related to data set-up, storage and distribution, as well as system configuration, together with participation in projects designed to streamline infrastructure and improve efficiency.\nReference data is integral to the bank's response to regulatory requirements. Close partnership is needed with stakeholders such as Front Office, Middle Office, Audit, Compliance and Regulatory. Reporting to deliver solutions that balance immediate business priorities with long term strategic objectives. An Analyst primarily handles data operations and generates reports from data interpretation.\nCAM analyst performs checks to authenticate the requests on the basis of the documents received, completeness and correctness. Processing the Static requests on the various downstream systems as per the process guidelines. Investigate open items/Risk items and resolve as required. Escalate unresolved open items per departmental policy.\nWhat we'll offer you\nAs part of our flexible scheme, here are just some of the benefits that you'll enjoy\nBest in class leave policy\nGender neutral parental leaves\n100% reimbursement under childcare assistance benefit (gender neutral)\nSponsorship for Industry relevant certifications and education\nEmployee Assistance Program for you and your family members\nComprehensive Hospitalization Insurance for you and your dependents\nAccident and Term life Insurance\nComplementary Health screening for 35 yrs. and above\nYour key responsibilities\nProcess:\nData input & approval of Account opening, maintenance process in downstream system.\nEnsuring the processing guidelines (KOP) are followed with diligence.\nMonitoring the mailboxes in terms of processing and queries.\nParticipating in employee engagement activities & effective participation in team huddle and contribution in regular meetings.\nEnsuring the mandatory trainings are completed within the time.\nLeaves and breaks needs to plan in line with process deliverables, ensuring timely updates on HR- Workday.\nMeet productivity target of 100% and makes sure the 2 eye processing is completed within agreed SLA & 100% accuracy.\nAssisting the team and the process in reviewing the KOP.\nControl:\nAccount opening, and maintenance process has to be followed as per CAM KOP.\nOwning the issues, resolve it on priority and escalating wherever required as per escalation matrix.\n\nChange:\nIdentify possible automation opportunities and reduce manual intervention.\nTo work in the direction of finding process gaps and ideas to remediate the same.\nYour skills and experience\nMinimum Bachelor's degree or equivalent in relevant field\n0.6 to 6 years of work experience in corporate Banking\nBasic knowledge of Banking operations/Financial Products (Fixed income cash & derivatives Financial Products and financial instruments including Futures, Options, Swaps).\nMicrosoft Office/Suite proficient (Word, Excel, PowerPoint, etc.)\nGood communication skills. Interaction with the Middle Office and/or Clients to ensure the timely and accurate processing of all life cycle events.\nMust be able to work well and adapt to change in a fast-paced environment\nEnsure that all work is delivered, meet the agreed production standards, and SLA timeframes & responsible for all process related MI reports\nKeep team management informed of status of cases and proactively identify and flag issues.\nCreating the EOD (Log reports) for the transactions processed on a daily basis. Ensure EOD controls\nShould be flexible in working hours, also should be able to support in different time zones on rotational basis\nAble to work under pressure and against challenging timescales.\nHow we'll support you\nTraining and development to help you excel in your career\nCoaching and support from experts in your team\nA culture of continuous learning to aid progression\nA range of flexible benefits that you can tailor to suit your needs\nAbout us and our teams\nPlease visit our company website for further information:\nWe strive for a in which we are empowered to excel together every day. This includes acting responsibly, thinking commercially, taking initiative and working collaboratively.\nTogether we share and celebrate the successes of our people. Together we are Deutsche Bank Group.\nWe welcome applications from all people and promote a positive, fair and inclusive work environment.",Banking/Accounting/Financial Services,Permanent Job,,2026-02-20 00:41:56
"Reference Data Analyst, NCT",Deutsche Bank,Fresher,,"Bengaluru, India","Reference Data Analyst, NCT\nPosition Overview\nJob Title: Reference Data Analyst, NCT\nLocation: Bangalore, India\nShift- Should be flexible to work in shifts (APAC, LDN & NY) as per business requirement.\nRole Description\nThe Reference Data Analyst focuses on effective oversight of strategic data used across the bank's systems and infrastructure.\nThe Reference Data Analyst supports various elements of the data lifecycle, from ensuring that data is captured from the best source, to validating and classifying, and operating controls that optimize its quality and maximize coverage.\nThe Reference Data Analyst has responsibility for maintaining robust processes related to data set-up, storage and distribution, as well as system configuration, together with participation in projects designed to streamline infrastructure and improve efficiency.\nReference data is integral to the bank's response to regulatory requirements. Close partnership is needed with stakeholders such as Front Office, Middle Office, Audit, Compliance and Regulatory. Reporting to deliver solutions that balance immediate business priorities with long term strategic objectives. An Analyst primarily handles data operations and generates reports from data interpretation.\nCAM analyst performs checks to authenticate the requests on the basis of the documents received, completeness and correctness. Processing the Static requests on the various downstream systems as per the process guidelines. Investigate open items/Risk items and resolve as required. Escalate unresolved open items per departmental policy.\nWhat we'll offer you\nAs part of our flexible scheme, here are just some of the benefits that you'll enjoy\nBest in class leave policy\nGender neutral parental leaves\n100% reimbursement under childcare assistance benefit (gender neutral)\nSponsorship for Industry relevant certifications and education\nEmployee Assistance Program for you and your family members\nComprehensive Hospitalization Insurance for you and your dependents\nAccident and Term life Insurance\nComplementary Health screening for 35 yrs. and above\nYour key responsibilities\nProcess:\nData input & approval of Account opening, maintenance process in downstream system.\nEnsuring the processing guidelines (KOP) are followed with diligence.\nMonitoring the mailboxes in terms of processing and queries.\nParticipating in employee engagement activities & effective participation in team huddle and contribution in regular meetings.\nEnsuring the mandatory trainings are completed within the time.\nLeaves and breaks needs to plan in line with process deliverables, ensuring timely updates on HR- Workday.\nMeet productivity target of 100% and makes sure the 2 eye processing is completed within agreed SLA & 100% accuracy.\nAssisting the team and the process in reviewing the KOP.\nControl:\nAccount opening, and maintenance process has to be followed as per CAM KOP.\nOwning the issues, resolve it on priority and escalating wherever required as per escalation matrix.\n\nChange:\nIdentify possible automation opportunities and reduce manual intervention.\nTo work in the direction of finding process gaps and ideas to remediate the same.\nYour skills and experience\nMinimum Bachelor's degree or equivalent in relevant field\n0.6 to 6 years of work experience in corporate Banking\nBasic knowledge of Banking operations/Financial Products (Fixed income cash & derivatives Financial Products and financial instruments including Futures, Options, Swaps).\nMicrosoft Office/Suite proficient (Word, Excel, PowerPoint, etc.)\nGood communication skills. Interaction with the Middle Office and/or Clients to ensure the timely and accurate processing of all life cycle events.\nMust be able to work well and adapt to change in a fast-paced environment\nEnsure that all work is delivered, meet the agreed production standards, and SLA timeframes & responsible for all process related MI reports\nKeep team management informed of status of cases and proactively identify and flag issues.\nCreating the EOD (Log reports) for the transactions processed on a daily basis. Ensure EOD controls\nShould be flexible in working hours, also should be able to support in different time zones on rotational basis\nAble to work under pressure and against challenging timescales.\nHow we'll support you\nTraining and development to help you excel in your career\nCoaching and support from experts in your team\nA culture of continuous learning to aid progression\nA range of flexible benefits that you can tailor to suit your needs\nAbout us and our teams\nPlease visit our company website for further information:\nWe strive for a in which we are empowered to excel together every day. This includes acting responsibly, thinking commercially, taking initiative and working collaboratively.\nTogether we share and celebrate the successes of our people. Together we are Deutsche Bank Group.\nWe welcome applications from all people and promote a positive, fair and inclusive work environment.",Banking/Accounting/Financial Services,Permanent Job,,2026-02-20 00:41:57
"Reference Data Analyst, NCT",Deutsche Bank,Fresher,,"Bengaluru, India","Reference Data Analyst, NCT\nPosition Overview\nJob Title: Reference Data Analyst, NCT\nLocation: Bangalore, India\nShift- Should be flexible to work in shifts (APAC, LDN & NY) as per business requirement.\nRole Description\nThe Reference Data Analyst focuses on effective oversight of strategic data used across the bank's systems and infrastructure.\nThe Reference Data Analyst supports various elements of the data lifecycle, from ensuring that data is captured from the best source, to validating and classifying, and operating controls that optimize its quality and maximize coverage.\nThe Reference Data Analyst has responsibility for maintaining robust processes related to data set-up, storage and distribution, as well as system configuration, together with participation in projects designed to streamline infrastructure and improve efficiency.\nReference data is integral to the bank's response to regulatory requirements. Close partnership is needed with stakeholders such as Front Office, Middle Office, Audit, Compliance and Regulatory. Reporting to deliver solutions that balance immediate business priorities with long term strategic objectives. An Analyst primarily handles data operations and generates reports from data interpretation.\nCAM analyst performs checks to authenticate the requests on the basis of the documents received, completeness and correctness. Processing the Static requests on the various downstream systems as per the process guidelines. Investigate open items/Risk items and resolve as required. Escalate unresolved open items per departmental policy.\nWhat we'll offer you\nAs part of our flexible scheme, here are just some of the benefits that you'll enjoy\nBest in class leave policy\nGender neutral parental leaves\n100% reimbursement under childcare assistance benefit (gender neutral)\nSponsorship for Industry relevant certifications and education\nEmployee Assistance Program for you and your family members\nComprehensive Hospitalization Insurance for you and your dependents\nAccident and Term life Insurance\nComplementary Health screening for 35 yrs. and above\nYour key responsibilities\nProcess:\nData input & approval of Account opening, maintenance process in downstream system.\nEnsuring the processing guidelines (KOP) are followed with diligence.\nMonitoring the mailboxes in terms of processing and queries.\nParticipating in employee engagement activities & effective participation in team huddle and contribution in regular meetings.\nEnsuring the mandatory trainings are completed within the time.\nLeaves and breaks needs to plan in line with process deliverables, ensuring timely updates on HR- Workday.\nMeet productivity target of 100% and makes sure the 2 eye processing is completed within agreed SLA & 100% accuracy.\nAssisting the team and the process in reviewing the KOP.\nControl:\nAccount opening, and maintenance process has to be followed as per CAM KOP.\nOwning the issues, resolve it on priority and escalating wherever required as per escalation matrix.\n\nChange:\nIdentify possible automation opportunities and reduce manual intervention.\nTo work in the direction of finding process gaps and ideas to remediate the same.\nYour skills and experience\nMinimum Bachelor's degree or equivalent in relevant field\n0.6 to 6 years of work experience in corporate Banking\nBasic knowledge of Banking operations/Financial Products (Fixed income cash & derivatives Financial Products and financial instruments including Futures, Options, Swaps).\nMicrosoft Office/Suite proficient (Word, Excel, PowerPoint, etc.)\nGood communication skills. Interaction with the Middle Office and/or Clients to ensure the timely and accurate processing of all life cycle events.\nMust be able to work well and adapt to change in a fast-paced environment\nEnsure that all work is delivered, meet the agreed production standards, and SLA timeframes & responsible for all process related MI reports\nKeep team management informed of status of cases and proactively identify and flag issues.\nCreating the EOD (Log reports) for the transactions processed on a daily basis. Ensure EOD controls\nShould be flexible in working hours, also should be able to support in different time zones on rotational basis\nAble to work under pressure and against challenging timescales.\nHow we'll support you\nTraining and development to help you excel in your career\nCoaching and support from experts in your team\nA culture of continuous learning to aid progression\nA range of flexible benefits that you can tailor to suit your needs\nAbout us and our teams\nPlease visit our company website for further information:\nWe strive for a in which we are empowered to excel together every day. This includes acting responsibly, thinking commercially, taking initiative and working collaboratively.\nTogether we share and celebrate the successes of our people. Together we are Deutsche Bank Group.\nWe welcome applications from all people and promote a positive, fair and inclusive work environment.",Banking/Accounting/Financial Services,Permanent Job,,2026-02-20 00:41:59
"Reference Data Analyst, NCT",Deutsche Bank,Fresher,,"Bengaluru, India","Reference Data Analyst, NCT\nPosition Overview\nJob Title: Reference Data Analyst, NCT\nLocation: Bangalore, India\nShift- Should be flexible to work in shifts (APAC, LDN & NY) as per business requirement.\nRole Description\nThe Reference Data Analyst focuses on effective oversight of strategic data used across the bank's systems and infrastructure.\nThe Reference Data Analyst supports various elements of the data lifecycle, from ensuring that data is captured from the best source, to validating and classifying, and operating controls that optimize its quality and maximize coverage.\nThe Reference Data Analyst has responsibility for maintaining robust processes related to data set-up, storage and distribution, as well as system configuration, together with participation in projects designed to streamline infrastructure and improve efficiency.\nReference data is integral to the bank's response to regulatory requirements. Close partnership is needed with stakeholders such as Front Office, Middle Office, Audit, Compliance and Regulatory. Reporting to deliver solutions that balance immediate business priorities with long term strategic objectives. An Analyst primarily handles data operations and generates reports from data interpretation.\nCAM analyst performs checks to authenticate the requests on the basis of the documents received, completeness and correctness. Processing the Static requests on the various downstream systems as per the process guidelines. Investigate open items/Risk items and resolve as required. Escalate unresolved open items per departmental policy.\nWhat we'll offer you\nAs part of our flexible scheme, here are just some of the benefits that you'll enjoy\nBest in class leave policy\nGender neutral parental leaves\n100% reimbursement under childcare assistance benefit (gender neutral)\nSponsorship for Industry relevant certifications and education\nEmployee Assistance Program for you and your family members\nComprehensive Hospitalization Insurance for you and your dependents\nAccident and Term life Insurance\nComplementary Health screening for 35 yrs. and above\nYour key responsibilities\nProcess:\nData input & approval of Account opening, maintenance process in downstream system.\nEnsuring the processing guidelines (KOP) are followed with diligence.\nMonitoring the mailboxes in terms of processing and queries.\nParticipating in employee engagement activities & effective participation in team huddle and contribution in regular meetings.\nEnsuring the mandatory trainings are completed within the time.\nLeaves and breaks needs to plan in line with process deliverables, ensuring timely updates on HR- Workday.\nMeet productivity target of 100% and makes sure the 2 eye processing is completed within agreed SLA & 100% accuracy.\nAssisting the team and the process in reviewing the KOP.\nControl:\nAccount opening, and maintenance process has to be followed as per CAM KOP.\nOwning the issues, resolve it on priority and escalating wherever required as per escalation matrix.\n\nChange:\nIdentify possible automation opportunities and reduce manual intervention.\nTo work in the direction of finding process gaps and ideas to remediate the same.\nYour skills and experience\nMinimum Bachelor's degree or equivalent in relevant field\n0.6 to 6 years of work experience in corporate Banking\nBasic knowledge of Banking operations/Financial Products (Fixed income cash & derivatives Financial Products and financial instruments including Futures, Options, Swaps).\nMicrosoft Office/Suite proficient (Word, Excel, PowerPoint, etc.)\nGood communication skills. Interaction with the Middle Office and/or Clients to ensure the timely and accurate processing of all life cycle events.\nMust be able to work well and adapt to change in a fast-paced environment\nEnsure that all work is delivered, meet the agreed production standards, and SLA timeframes & responsible for all process related MI reports\nKeep team management informed of status of cases and proactively identify and flag issues.\nCreating the EOD (Log reports) for the transactions processed on a daily basis. Ensure EOD controls\nShould be flexible in working hours, also should be able to support in different time zones on rotational basis\nAble to work under pressure and against challenging timescales.\nHow we'll support you\nTraining and development to help you excel in your career\nCoaching and support from experts in your team\nA culture of continuous learning to aid progression\nA range of flexible benefits that you can tailor to suit your needs\nAbout us and our teams\nPlease visit our company website for further information:\nWe strive for a in which we are empowered to excel together every day. This includes acting responsibly, thinking commercially, taking initiative and working collaboratively.\nTogether we share and celebrate the successes of our people. Together we are Deutsche Bank Group.\nWe welcome applications from all people and promote a positive, fair and inclusive work environment.",Banking/Accounting/Financial Services,Permanent Job,,2026-02-20 00:42:00
"Reference Data Analyst, NCT",Deutsche Bank,Fresher,,"Jaipur, India","Reference Data Analyst, NCT\nPosition Overview\nJob Title: Reference Data Analyst, NCT\nLocation: Jaipur, India\nShift- Should be flexible to work in shifts (APAC, LDN & NY) as per business requirement.\nRole Description\nThe Reference Data Analyst focuses on effective oversight of strategic data used across the bank's systems and infrastructure.\nThe Reference Data Analyst supports various elements of the data lifecycle, from ensuring that data is captured from the best source, to validating and classifying, and operating controls that optimize its quality and maximize coverage.\nThe Reference Data Analyst has responsibility for maintaining robust processes related to data set-up, storage and distribution, as well as system configuration, together with participation in projects designed to streamline infrastructure and improve efficiency.\nReference data is integral to the bank's response to regulatory requirements. Close partnership is needed with stakeholders such as Front Office, Middle Office, Audit, Compliance and Regulatory. Reporting to deliver solutions that balance immediate business priorities with long term strategic objectives. An Analyst primarily handles data operations and generates reports from data interpretation.\nCAM analyst performs checks to authenticate the requests on the basis of the documents received, completeness and correctness. Processing the Static requests on the various downstream systems as per the process guidelines. Investigate open items/Risk items and resolve as required. Escalate unresolved open items per departmental policy.\nWhat we'll offer you\nAs part of our flexible scheme, here are just some of the benefits that you'll enjoy\nBest in class leave policy\nGender neutral parental leaves\n100% reimbursement under childcare assistance benefit (gender neutral)\nSponsorship for Industry relevant certifications and education\nEmployee Assistance Program for you and your family members\nComprehensive Hospitalization Insurance for you and your dependents\nAccident and Term life Insurance\nComplementary Health screening for 35 yrs. and above\nYour key responsibilities\nProcess:\nData input & approval of Account opening, maintenance process in downstream system.\nEnsuring the processing guidelines (KOP) are followed with diligence.\nMonitoring the mailboxes in terms of processing and queries.\nParticipating in employee engagement activities & effective participation in team huddle and contribution in regular meetings.\nEnsuring the mandatory trainings are completed within the time.\nLeaves and breaks needs to plan in line with process deliverables, ensuring timely updates on HR- Workday.\nMeet productivity target of 100% and makes sure the 2 eye processing is completed within agreed SLA & 100% accuracy.\nAssisting the team and the process in reviewing the KOP.\nControl:\nAccount opening, and maintenance process has to be followed as per CAM KOP.\nOwning the issues, resolve it on priority and escalating wherever required as per escalation matrix.\n\nChange:\nIdentify possible automation opportunities and reduce manual intervention.\nTo work in the direction of finding process gaps and ideas to remediate the same.\nYour skills and experience\nMinimum Bachelor's degree or equivalent in relevant field\n0.6 to 6 years of work experience in corporate Banking\nBasic knowledge of Banking operations/Financial Products (Fixed income cash & derivatives Financial Products and financial instruments including Futures, Options, Swaps).\nMicrosoft Office/Suite proficient (Word, Excel, PowerPoint, etc.)\nGood communication skills. Interaction with the Middle Office and/or Clients to ensure the timely and accurate processing of all life cycle events.\nMust be able to work well and adapt to change in a fast-paced environment\nEnsure that all work is delivered, meet the agreed production standards, and SLA timeframes & responsible for all process related MI reports\nKeep team management informed of status of cases and proactively identify and flag issues.\nCreating the EOD (Log reports) for the transactions processed on a daily basis. Ensure EOD controls\nShould be flexible in working hours, also should be able to support in different time zones on rotational basis\nAble to work under pressure and against challenging timescales.\nHow we'll support you\nTraining and development to help you excel in your career\nCoaching and support from experts in your team\nA culture of continuous learning to aid progression\nA range of flexible benefits that you can tailor to suit your needs\nAbout us and our teams\nPlease visit our company website for further information:\nWe strive for a in which we are empowered to excel together every day. This includes acting responsibly, thinking commercially, taking initiative and working collaboratively.\nTogether we share and celebrate the successes of our people. Together we are Deutsche Bank Group.\nWe welcome applications from all people and promote a positive, fair and inclusive work environment.",Banking/Accounting/Financial Services,Permanent Job,,2026-02-20 00:42:02
"Reference Data Analyst, NCT",Deutsche Bank,Fresher,,"Bengaluru, India","Reference Data Analyst, NCT\nPosition Overview\nJob Title: Reference Data Analyst, NCT\nLocation: Bangalore, India\nShift- Should be flexible to work in shifts (APAC, LDN & NY) as per business requirement.\nRole Description\nThe Reference Data Analyst focuses on effective oversight of strategic data used across the bank's systems and infrastructure.\nThe Reference Data Analyst supports various elements of the data lifecycle, from ensuring that data is captured from the best source, to validating and classifying, and operating controls that optimize its quality and maximize coverage.\nThe Reference Data Analyst has responsibility for maintaining robust processes related to data set-up, storage and distribution, as well as system configuration, together with participation in projects designed to streamline infrastructure and improve efficiency.\nReference data is integral to the bank's response to regulatory requirements. Close partnership is needed with stakeholders such as Front Office, Middle Office, Audit, Compliance and Regulatory. Reporting to deliver solutions that balance immediate business priorities with long term strategic objectives. An Analyst primarily handles data operations and generates reports from data interpretation.\nCAM analyst performs checks to authenticate the requests on the basis of the documents received, completeness and correctness. Processing the Static requests on the various downstream systems as per the process guidelines. Investigate open items/Risk items and resolve as required. Escalate unresolved open items per departmental policy.\nWhat we'll offer you\nAs part of our flexible scheme, here are just some of the benefits that you'll enjoy\nBest in class leave policy\nGender neutral parental leaves\n100% reimbursement under childcare assistance benefit (gender neutral)\nSponsorship for Industry relevant certifications and education\nEmployee Assistance Program for you and your family members\nComprehensive Hospitalization Insurance for you and your dependents\nAccident and Term life Insurance\nComplementary Health screening for 35 yrs. and above\nYour key responsibilities\nProcess:\nData input & approval of Account opening, maintenance process in downstream system.\nEnsuring the processing guidelines (KOP) are followed with diligence.\nMonitoring the mailboxes in terms of processing and queries.\nParticipating in employee engagement activities & effective participation in team huddle and contribution in regular meetings.\nEnsuring the mandatory trainings are completed within the time.\nLeaves and breaks needs to plan in line with process deliverables, ensuring timely updates on HR- Workday.\nMeet productivity target of 100% and makes sure the 2 eye processing is completed within agreed SLA & 100% accuracy.\nAssisting the team and the process in reviewing the KOP.\nControl:\nAccount opening, and maintenance process has to be followed as per CAM KOP.\nOwning the issues, resolve it on priority and escalating wherever required as per escalation matrix.\n\nChange:\nIdentify possible automation opportunities and reduce manual intervention.\nTo work in the direction of finding process gaps and ideas to remediate the same.\nYour skills and experience\nMinimum Bachelor's degree or equivalent in relevant field\n0.6 to 6 years of work experience in corporate Banking\nBasic knowledge of Banking operations/Financial Products (Fixed income cash & derivatives Financial Products and financial instruments including Futures, Options, Swaps).\nMicrosoft Office/Suite proficient (Word, Excel, PowerPoint, etc.)\nGood communication skills. Interaction with the Middle Office and/or Clients to ensure the timely and accurate processing of all life cycle events.\nMust be able to work well and adapt to change in a fast-paced environment\nEnsure that all work is delivered, meet the agreed production standards, and SLA timeframes & responsible for all process related MI reports\nKeep team management informed of status of cases and proactively identify and flag issues.\nCreating the EOD (Log reports) for the transactions processed on a daily basis. Ensure EOD controls\nShould be flexible in working hours, also should be able to support in different time zones on rotational basis\nAble to work under pressure and against challenging timescales.\nHow we'll support you\nTraining and development to help you excel in your career\nCoaching and support from experts in your team\nA culture of continuous learning to aid progression\nA range of flexible benefits that you can tailor to suit your needs\nAbout us and our teams\nPlease visit our company website for further information:\nWe strive for a in which we are empowered to excel together every day. This includes acting responsibly, thinking commercially, taking initiative and working collaboratively.\nTogether we share and celebrate the successes of our people. Together we are Deutsche Bank Group.\nWe welcome applications from all people and promote a positive, fair and inclusive work environment.",Banking/Accounting/Financial Services,Permanent Job,,2026-02-20 00:42:03
"Senior Principal Consultant, Data Analyst",Genpact,Fresher,,Noida,"Ready to build the future with AI\nAt Genpact, we don't just keep up with technology-we set the pace. AI and digital innovation are redefining industries, and we're leading the charge. Genpact's AI Gigafactory, our industry-first accelerator, is an example of how we're scaling advanced technology solutions to help global enterprises work smarter, grow faster, and transform at scale. From large-scale models to agentic AI, our breakthrough solutions tackle companies most complex challenges.\nIf you thrive in a fast-moving, innovation-driven environment, love building and deploying cutting-edge AI solutions, and want to push the boundaries of what's possible, this is your moment.\nGenpact (NYSE: G) is an advanced technology services and solutions company that delivers lasting value for leading enterprises globally. Through our deep business knowledge, operational excellence, and cutting-edge solutions - we help companies across industries get ahead and stay ahead. Powered by curiosity, courage, and innovation, our teams implement data, technology, and AI to create tomorrow, today. Get to know us at genpact.com and on LinkedIn, X, YouTube, and Facebook.\n\nInviting applications for the role of Senior Principal Consultant, Data Analyst\nIn this role, you will be responsible for coding, testing and delivering high quality deliverables, and should be willing to learn new technologies.\nResponsibilities\n.Collaborate with stakeholders to understand business needs and translate them into detailed technical specifications\noConduct analysis of business requirements and processes for data centric projects\noResponsible for gathering and writing data requirements.\noTranslate business requirements into data mapping specifications\n.Develop a thorough understanding of the data definitions, domain values, data relationships, business rules, sources, and data integration used in the business domain\n.Troubleshoot data issues and work with data providers for resolution\n.Work with Data Engineers who will implement technical solutions to meet business requirements\n.Support developers with data subject expertise\n.Support phases of project development, from analysis and design to testing and implementation\n.Ensure that technology solutions meet the defined requirements.\n.Understanding of data quality and data governance\n.Provide ongoing support and training to business users on the new or revised systems.\nQualifications we seek in you!\nMinimum Qualifications\n.BE/B Tech/MCA\n.Excellent written and verbal communication skills\nPreferred Qualifications/ Skills\n.Strong knowledge of relational databases and data modeling\n.Strong SQL query skills\n.Experience with SDLC\n.Strong analytical, profiling and troubleshooting skills\n.Strong knowledge with Big Data/Hadoop platform\n.Strong business analysis and requirements definition skills\n.Strong stakeholder presentation skills\n.Solid organization and planning skills\n.Financial industry technology experience and knowledge of financial services data\n.Good verbal and written communication skills\n.Experience with data visualization software (e.g., Tableau, Power BI)\n.Experience with Agile project delivery\n.Experience with programming languages (e.g., Python)\n\nWhy join Genpact\n. Lead AI-first transformation - Build and scale AI solutions that redefine industries\n. Make an impact - Drive change for global enterprises and solve business challenges that matter\n. Accelerate your career-Gain hands-on experience, world-class training, mentorship, and AI certifications to advance your skills\n. Grow with the best - Learn from top engineers, data scientists, and AI experts in a dynamic, fast-moving workplace\n. Committed to ethical AI - Work in an environment where governance, transparency, and security are at the core of everything we build\n. Thrive in a values-driven culture - Our courage, curiosity, and incisiveness - built on a foundation of integrity and inclusion - allow your ideas to fuel progress\nCome join the 140,000+ coders, tech shapers, and growth makers at Genpact and take your career in the only direction that matters: Up.\nLet's build tomorrow together.\nGenpact is an Equal Opportunity Employer and considers applicants for all positions without regard to race, color, religion or belief, sex, age, national origin, citizenship status, marital status, military/veteran status, genetic information, sexual orientation, gender identity, physical or mental disability or any other characteristic protected by applicable laws. Genpact is committed to creating a dynamic work environment that values respect and integrity, customer focus, and innovation.\nFurthermore, please do note that Genpact does not charge fees to process job applications and applicants are not required to pay to participate in our hiring process in any other way. Examples of such scams include purchasing a 'starter kit,' paying to apply, or purchasing equipment or training.",IT/Computers - Hardware & Networking,Permanent Job,,2026-02-20 00:42:04
GTM Data Analyst,Cognizant,6-8 Years,,"Hyderabad, India","Services Description\n\nEnable, triage, prioritize, and answer questions from the Stripe sales and marketing teams via Slack and Jira. This includes:\n\nAutomate reporting and visualization of core business metrics in Hubble Dashboards (inhouse tool built on Presto, SQL, React JS and Plotly).\nAd-hoc Analysis in Tableau.\nProvide operational support for Analytics & Insights initiatives.\nEnsure quality of data and accuracy of downstream reporting through precise attention to detail.\nCreate analyses that tell a story focused on insights, not just data.\nCreate sales enablement materials.\n\nQualifications\n\n6 Years of experience in Data Analytics, with a focus on analyzing large data sets to solve problems and building user-friendly dashboards.\nExperience wrangling imperfect data and writing efficient SQL.\nSome coding experience Python, React Javascript, Plotly (charts).\nBeginner to intermediate knowledge in creative data visualization in Tableau.\nExperience creating dashboard documentation for end users.\nCommunicate clearly, proactively, and concisely with stakeholders.\nAbility to work independently in a fast-paced and frequently changing environment.\n\nFocused on building and maintaining dashboards, preparing WBR/MBR/QBR data packs, weekly deal lists, and managing BAU ticketed requests\n\nDashboards & Reporting\n\nBuild, maintain, and QA dashboards (xBR dashboard, SA dash, Performance). Dashboards run via Hubble and front-end JS (analyst runs queries and config; devs/engineers own underlying code).\nRefresh Hubble dashboards weekly (refreshes run Mondays) and troubleshoot discrepancies.\nWeekly Business Reviews / Decks\n\nPrepare WBR decks and notes: aggregate data, validate, create Google Slides, take refreshed screenshots, craft short written commentary.\n\nMaintain WBR notes and weekly deal lists (rolling current/prior week spreadsheets).\nRegular Packs & Quarterly Reporting\n\nCreate MBR and QBR data packs and support quarter-end reporting.\n\nHeadcount checks and backfills: run checks (e.g., HC counts/IDs) and correct sheet formulas for manual QA.\n\nTicketing & BAU Operations\n\nTriaged via Slack and Asana: 35 tickets/week, typically LXL (multiday).\nHandle adhoc requests from sales, F&S, and other stakeholders; create tickets and follow Asana flow.\n\nSQL & Data Work\n\nDaily SQL usage via Hubble to fetch and validate data. High technical proficiency expected for senior; junior may rely on LLMs to generate/modify queries.\nAnalysts do not write back to databases; readonly data access only.\n\nManual Process Work\n\nHigh amount of manual spreadsheet work, formula updates, chart refreshes, screenshots, and manual QA.\n\nCoordination & Training\n\nTrain contractors on WBR note processes and business context. Coordinate with data engineers & program managers for larger projects and access issues.\nAdvanced SQL skills: write, adapt, and troubleshoot queries in Hubble; understand joins, aggregations, windows\nAdvanced Google Sheets: SUMIFS, VLOOKUP/XLOOKUP, INDEX/MATCH, array formulas, pivot tables, conditional formatting.\nDashboard experience: building/maintaining commercial dashboards; troubleshoot data-display mismatches.\nStrong written communication: distill data into concise commentary for WBR slides and stakeholder updates.\nGTM / sales ops knowledge: deal lifecycle, pipeline concepts, forecasting basics.\nOperational discipline: triaging and tracking tickets in Asana; clear handoffs via Slack/email.\nComfortable working under deadlines and ambiguity; methodical QA mindset.\n\ntable mso-displayed-decimal-separator:.; mso-displayed-thousand-separator:,; tr mso-height-source:auto; col mso-width-source:auto; td padding-top:1px; padding-right:1px; padding-left:1px; mso-ignore:padding; color:black; font-size:11.0pt; font-weight:400; font-style:normal; text-decoration:none; font-family:Aptos Narrow, sans-serif; mso-font-charset:0; text-align:general; vertical-align:bottom; border:none; white-space:nowrap; mso-rotate:0; .xl27 font-size:10.0pt; vertical-align:middle; border-top:.5pt solid black; border-right:none; border-bottom:.5pt solid black; border-left:none; white-space:normal;\n\ntable mso-displayed-decimal-separator:.; mso-displayed-thousand-separator:,; tr mso-height-source:auto; col mso-width-source:auto; td padding-top:1px; padding-right:1px; padding-left:1px; mso-ignore:padding; color:black; font-size:11.0pt; font-weight:400; font-style:normal; text-decoration:none; font-family:Aptos Narrow, sans-serif; mso-font-charset:0; text-align:general; vertical-align:bottom; border:none; white-space:nowrap; mso-rotate:0; .xl27 font-size:10.0pt; vertical-align:middle; border-top:.5pt solid black; border-right:none; border-bottom:.5pt solid black; border-left:none; white-space:normal;\n\ntable mso-displayed-decimal-separator:.; mso-displayed-thousand-separator:,; tr mso-height-source:auto; col mso-width-source:auto; td padding-top:1px; padding-right:1px; padding-left:1px; mso-ignore:padding; color:black; font-size:11.0pt; font-weight:400; font-style:normal; text-decoration:none; font-family:Aptos Narrow, sans-serif; mso-font-charset:0; text-align:general; vertical-align:bottom; border:none; white-space:nowrap; mso-rotate:0; .xl27 font-size:10.0pt; vertical-align:middle; border-top:.5pt solid black; border-right:none; border-bottom:.5pt solid black; border-left:none; white-space:normal;",Login to check your skill match score,Permanent Job,"Plotly, React, Javascript, google sheets, Tableau, Sql, Python",2026-02-20 00:42:05
Data Analyst/ Tableau Developer,Siro Clinpharm,3-7 Years,,Mumbai,"Key Responsibilities\nDesign, develop, and maintain interactive Tableau dashboards and visualizations.\nAnalyze structured and semi-structured data in Snowflake to identify trends, patterns, and insights.\nCollaborate with business teams to gather requirements and translate them into analytical solutions.\nWork with Data Architects and Data Engineers to define data models and reporting needs.\nPerform KPI analysis and present actionable insights to leadership and stakeholders.\nValidate data accuracy and quality; support ad-hoc business queries.\nUnderstand IICS (Informatica Intelligent Cloud Services) ETL pipelines to assess data lineage and transformations.\nDocument analytical findings, dashboards, and processes for knowledge sharing and continuous improvement.",Pharmaceutical,Permanent Job,"snowflake, LOD Expressions, Informatica Intelligent Cloud Services (IICS), Business Intelligence, Tableau, Sql",2026-02-20 00:42:07
Principal Strategic Marketing Intelligence Data Analyst,Medtronic,7-12 Years,,Mumbai,"Responsibilities may include the following and other duties may be assigned:\nLead the development, transformation, and modelling of data to generate strategic and operational insights that inform high-level decision-making.\nDesign and maintain scalable, executive-ready dashboards and analytical tools using enterprise systems and BI platforms.\nServe as a key partner to IT, Centers of Excellence, Marketing, and Commercial teams, translating complex business questions into integrated data solutions.\nBuild and maintain strong relationships with senior stakeholders, providing analytical guidance that informs planning, forecasting, and strategic initiatives.\nDrive innovation through AI and automation initiatives by shaping use cases, preparing high-quality data inputs, and delivering prototype solutions.\nRequired Knowledge and Experience:\nBachelor s degree in Engineering, Business Analytics or a related field, or equivalent work experience\n7+ years of experience in analytics or business intelligence roles, with a track record of delivering high-impact insights to senior stakeholders\nAdvanced SQL skills for querying, transformation and optimization in big data environments (e.g. Snowflake)\nExpertise with data visualization tools (e.g. Tableau, Power BI), with the ability to design intuitive, executive-level dashboards\nProficiency with data preparation and transformation tools (e.g. Knime, Tableau Prep, Power Query)\nExcellent problem-solving skills, with the ability to structure ambiguous business questions into analytical approaches\nDemonstrated experience leading cross-functional analytics projects from design through delivery\nStrong communication and storytelling skills, with the ability to influence and align stakeholders at all organizational levels\nStrategic understanding of enterprise data architecture, including how enterprise systems and platforms interact within a connected ecosystem\nNice to have but not required:\nExperience with a programming or scripting language (e.g., Python, R) for data analysis, automation, or participation in AI initiatives.\nWillingness to contribute to AI/ML projects.\nEnthusiasm for learning new technologies and participating in innovation-driven projects.",Pharmaceutical,Permanent Job,"Data Analysis, Business analytics, Analytical, Healthcare, Business intelligence, Forecasting, Operations, Analytics, Automation, Sql",2026-02-20 00:42:08
Data Analyst,Respironics Inc,3-5 Years,,"Chennai, India","Job Title\nData Analyst\nJob Description\nJob Title : Data Analyst\nJob Responsibilities:\n.Responds promptly to queries from various business units, offering expert guidance on data trends and providing in-depth insights on product or trend-specific concerns.\n.Creates detailed and visually appealing reports and dashboards using tools such as Power BI to effectively communicate data insights and trends to stakeholders, enhancing their understanding of business performance.\n.Identifies and implements opportunities for automation and process optimization by leveraging artificial intelligence, machine learning, and advanced analytics to enhance data processing, decision-making, and reporting efficiency, including the automated generation of advanced charts and graphs that improve the clarity and utility of data visualizations.\n.Develops and optimizes algorithms to transform raw data into detailed statistical analyses, integrating data from diverse sources and performing feasibility checks to deliver technical solutions that drive informed decision-making and enhance business operations.\n.Ensures data accuracy and exemplary quality standards in reports by implementing and following validation and verification protocols, documenting statistical-based trending procedures, and validating analysis processes in strict compliance with industry regulations and standards to ensure transparency and regulatory adherence.\n.Ensures compliance with global data privacy regulations (such as GDPR and HIPAA) by designing and enforcing comprehensive data governance frameworks and security protocols.\n\nMinimum required Education:\nBachelor's Degree in Information Management, Information Systems, Computer Science, Data Analytics or equivalent.\n\nMinimum required Experience:\nMinimum 3-4 years of experience with in areas such as Data Analytics, Data Modeling or equivalent.\n\nPreferred Education:\nBachelor's Degree in Information Management, Information Systems, Computer Science, Data Analytics or equivalent.\n\nPreferred Skills:\nPower BI, Microsoft Fabric, Power App - mandatory\nData Analysis & Interpretation\nData Harmonization & Processing\nStatistical Methods\nStatistical Programming Software\nBusiness Intelligence Tools\nData Mining\nMachine Learning Engineering Fundamentals\nResearch & Analysis\nStructured Query Language (SQL)\nRegulatory Compliance\nHow we work together\nWe believe that we are better together than apart. For our office-based teams, this means working in-person at least 3 days per week.\nOnsite roles require full-time presence in the company's facilities.\nField roles are most effectively done outside of the company's main facilities, generally at the customers or suppliers locations.\nIndicate if this role is an office/field/onsite role.\nAbout Philips\nWe are a health technology company. We built our entire company around the belief that every human matters, and we won't stop until everybody everywhere has access to the quality healthcare that we all deserve. Do the work of your life to help the lives of others.\n. Learn more about .\n. Discover .\n. Learn more about .\nIf you're interested in this role and have many, but not all, of the experiences needed, we encourage you to apply. You may still be the right candidate for this or other opportunities at Philips. Learn more about our culture of impact with care .",Pharmaceutical,Permanent Job,"Statistical Programming Software, Data Analysis Interpretation, Research Analysis, Structured Query Language SQL, Data Harmonization Processing, Statistical Methods, Machine Learning Engineering Fundamentals, Regulatory Compliance, Microsoft Fabric, Power App, Power Bi, Data Mining, Business Intelligence Tools",2026-02-20 00:42:09
Data Analyst,Anblicks,3-5 Years,,"Hyderabad, India","Job Role: Data Analyst\n\nLocation: Hyderabad\n\nExperience: 3+ Years\n\nAbout Us\n\nAt Anblicks, it's more than just crunching numberswe transform data into impactful insights and scalable data products that power some of the world's leading enterprises. We specialize in Data Engineering, Cloud, and AI-driven solutions that help organizations modernize and unlock value from their data.\n\nWe are looking for a passionate and detail-oriented Data Analyst to join our team and contribute to solving large-scale data engineering and analytics challenges.\n\nRole Summary\n\nIn this role, you will collaborate with cross-functional teams to deliver high-quality, industry-leading data products to enterprise clients. You will build and maintain data workflows, monitor data quality through dashboards, interact with vendors, and work closely with stakeholders to understand requirements and deliver insights.\n\nKey Responsibilities\n\nEnsure successful execution and monitoring of production data workflows.\nMaintain data quality and integrity through dashboarding, validation processes, and rigorous quality checks.\nEnsure compliance with established data governance and security standards.\nAnalyze large datasets to identify trends, patterns, anomalies, and opportunities.\nDrive automation initiatives to reduce manual effort and improve operational efficiency.\nProactively communicate workflow results, project updates, and open issues to stakeholders.\nPerform ad-hoc data analysis and deliver actionable insights and recommendations.\nDevelop deep understanding of managed datasets and serve as a subject matter resource for stakeholders regarding data attributes and structure.\nRequirements\n\nBachelor's degree in Data Science, Statistics, Computer Science, Information Systems, or a related discipline.\n3+ year of experience in ETL processes or data warehousing environments.\nStrong proficiency in SQL and Microsoft Excel.\nWorking knowledge of Linux, shell scripting, or similar scripting languages for automation.\nStrong analytical and problem-solving skills with exceptional attention to detail.\nExcellent written and verbal communication skills.\nDemonstrated ability to proactively communicate with stakeholders and drive projects to successful completion.\nAbility to thrive in a collaborative, fast-paced environment.\nBonus Points\n\nProficiency in Python for data analysis and automation.\nExperience working with Databricks.\nExperience with AWS-based solutions and cloud data platforms.\nExposure to data visualization and dashboarding tools (e.g., Power BI, Tableau, or similar).",Login to check your skill match score,Permanent Job,"AWS-based solutions, Power Bi, Linux Shell Scripting, Tableau, Databricks, Microsoft Excel, Sql, Python",2026-02-20 00:42:10
Senior Data Analyst,ValueMomentum,5-10 Years,,"Hyderabad, India","Required Skills:\nComputer or Information Science or equivalent field\nDAMA Data certifications a plus\nDomain Exp in Property & Casuality (P&C) will be an added advantage\n5-10 years of experience in data modeling, database design, and data architecture. Experience in the Travel and Hospitality industry a plus.\nProficient in Data Lineage / Modeling tools (ER Studio). Informatica toolsets including Data Archive, EDC, Oracle database.\nExpert understanding of Data Warehouse design for high volume processing and performance.\nKnowledge of Business Intelligence tools utilization including Tableau, and/or Microsoft PowerBI.\nBachelor's or master's degree specialized in areas related to Information and Data management and Design.\n5-10 years of deep data modeling and architecture experience Data modeling, Data lineage, Data standards\nIn addition to other duties/functions, this position requires full commitment and support for promoting ethical and compliant culture.\nMore specifically, this position requires integrity, honesty, and respectful treatment of others, as well as a willingness to speak up when they see misconduct or have concerns.\nResponsibilities:\nDesign, develop, and enforce data models and naming standards across all deliverables. Reverse and forward engineer Business legacy data models.\nEffectively communicate the technical data integration requirements, design, and decisions that support the functional needs of Data Engineering to both IT and Business members via verbal or documentation.\nReduce data redundancy consolidation, transformation, and training of Business and IT members.\nDesign and develop data lineage with / without pre-existing documentation.\nCreate and maintain current and target state data integration models and flows.\nReverse and Forward engineer Business data models to the level needed for business Analytics usage.\nDevelop an understanding of Business processes and the corresponding system architecture in order to determine Source system(s) of required data, data relationships, and impacted integrations.\nPartner with the Business Intelligence teams in defining the end state reporting goals and/or dashboard requirements.\nDesign and develop Data models and solutions required to meet them.\nEnsure Design documentation includes appropriate Business rules and facilitates data Security, Quality, Lineage, and Harmonization.\nSupport testing and deployment activities as required.\nAssist in developing and then meet agreed-upon deadlines and perform other project duties as assigned. Single point of contact for data related questions, and quality.\nCommunicate technical and non-technical information clearly, concisely, and effectively both orally and in writing. Present findings, recommendations, and specifications in formal reports and/or oral presentations to both Business and IT Teams.",Login to check your skill match score,Permanent Job,"Data Lineage Modeling tools, Data Warehouse design, Informatica toolsets, Data Archive, Microsoft PowerBI, Oracle database, EDC, Business Intelligence Tools, Tableau, Er Studio",2026-02-20 23:19:07
Data Analyst (Govt Project)-Government Advisory,KPMG India,3-8 Years,,India,"Job Title: IT and Data Analyst Expert\nLocation: Odisha\nService Line- Government & Public Sector\nSub Service Line- Digital Government Advisory (DGA)\nWork Arrangement- Client Location, on-site\n>>About KPMG\nKPMG is a global network of professional services firms providing Audit, Tax, and Advisory services. We operate in 143 countries and territories and have over 265,000 people working in member firms around the world. At KPMG in India, we are committed to delivering high-quality services that help our clients navigate complex challenges and drive sustainable growth.\n>>About the Digital Government Advisory Team\nKPMG India's Digital Government Advisory (DGA) practice helps government bodies modernize public services through technology. It offers strategic consulting, digital architecture, and sector-specific solutions across areas like transport, water, justice, and finance. The team enables large-scale e-Governance, data analytics, and automation to improve efficiency and citizen experience.\n>> About the role\nThe IT and Data Analysis Expert will play a critical role in supporting environmental protection initiatives by monitoring, collecting, analyzing, and reporting environmental data. The position involves ensuring compliance with regulatory standards, managing dashboards, and enabling data-driven decision-making through advanced analytics and IT governance practices.\n>>Key Responsibilities:\nCollect, monitor, and analyze environmental data to ensure compliance with regulatory guidelines.\nDevelop and manage dashboards using BI tools (Power BI, Tableau, or similar) for visualization and reporting.\nSupport IT Governance, MIS development, and KPI tracking systems.\nAssist in project monitoring, evaluation, and reporting for environmental initiatives.\nCollaborate with cross-functional teams to ensure timely and accurate data-driven decisions.\nManage bid processes and support project execution and evaluation activities.\n>>Required Skills & Qualifications:\nEducation: BE/B.Tech in Computer Science or IT from Tier 1 institutions.\nExperience:\nMinimum 3 to 8 years in project execution/management, Bid Process Management, Monitoring & Evaluation, Data Analysis, and Reporting.\nStrong expertise in dashboard management and data modeling using BI tools (Power BI, Tableau, etc.).\nProficiency in data analysis, reporting, and visualization techniques.\nKnowledge of IT Governance, MIS systems, and KPI tracking frameworks.\nAbility to manage bid processes and support project execution and evaluation.\n>>Preferred Certifications:\nPower BI or Tableau Certification\nData Analytics / Business Intelligence Certification\nIT Governance or Project Management Certification (e.g., ITIL, PMP)\nKPMG India has a policy of providing equal opportunity for all applicants and employees regardless of their color, caste, religion, age, sex/gender, national origin, citizenship, sexual orientation, gender identity or expression, disability, or other legally protected status. As an equal opportunity employer, KPMG is committed to fostering a culture where everyone feels welcomed and is treated fairly. If you have any reasonable accessibility or accommodation requirement that will make you more comfortable during the assessment and recruitment process, please let us know and our Talent Acquisition colleague will connect with you.",Login to check your skill match score,Permanent Job,"visualization techniques, Data Analysis, It Governance, KPI tracking frameworks, MIS SYSTEMS, Reporting, Power Bi, Tableau",2026-02-20 23:19:08
Data Analyst (Govt Project)-Government Advisory,KPMG India,3-8 Years,,India,"Job Title: IT and Data Analyst Expert\nLocation: Odisha\nService Line- Government & Public Sector\nSub Service Line- Digital Government Advisory (DGA)\nWork Arrangement- Client Location, on-site\n>>About KPMG\nKPMG is a global network of professional services firms providing Audit, Tax, and Advisory services. We operate in 143 countries and territories and have over 265,000 people working in member firms around the world. At KPMG in India, we are committed to delivering high-quality services that help our clients navigate complex challenges and drive sustainable growth.\n>>About the Digital Government Advisory Team\nKPMG India's Digital Government Advisory (DGA) practice helps government bodies modernize public services through technology. It offers strategic consulting, digital architecture, and sector-specific solutions across areas like transport, water, justice, and finance. The team enables large-scale e-Governance, data analytics, and automation to improve efficiency and citizen experience.\n>> About the role\nThe IT and Data Analysis Expert will play a critical role in supporting environmental protection initiatives by monitoring, collecting, analyzing, and reporting environmental data. The position involves ensuring compliance with regulatory standards, managing dashboards, and enabling data-driven decision-making through advanced analytics and IT governance practices.\n>>Key Responsibilities:\nCollect, monitor, and analyze environmental data to ensure compliance with regulatory guidelines.\nDevelop and manage dashboards using BI tools (Power BI, Tableau, or similar) for visualization and reporting.\nSupport IT Governance, MIS development, and KPI tracking systems.\nAssist in project monitoring, evaluation, and reporting for environmental initiatives.\nCollaborate with cross-functional teams to ensure timely and accurate data-driven decisions.\nManage bid processes and support project execution and evaluation activities.\n>>Required Skills & Qualifications:\nEducation: BE/B.Tech in Computer Science or IT from Tier 1 institutions.\nExperience:\nMinimum 3 to 8 years in project execution/management, Bid Process Management, Monitoring & Evaluation, Data Analysis, and Reporting.\nStrong expertise in dashboard management and data modeling using BI tools (Power BI, Tableau, etc.).\nProficiency in data analysis, reporting, and visualization techniques.\nKnowledge of IT Governance, MIS systems, and KPI tracking frameworks.\nAbility to manage bid processes and support project execution and evaluation.\n>>Preferred Certifications:\nPower BI or Tableau Certification\nData Analytics / Business Intelligence Certification\nIT Governance or Project Management Certification (e.g., ITIL, PMP)\nKPMG India has a policy of providing equal opportunity for all applicants and employees regardless of their color, caste, religion, age, sex/gender, national origin, citizenship, sexual orientation, gender identity or expression, disability, or other legally protected status. As an equal opportunity employer, KPMG is committed to fostering a culture where everyone feels welcomed and is treated fairly. If you have any reasonable accessibility or accommodation requirement that will make you more comfortable during the assessment and recruitment process, please let us know and our Talent Acquisition colleague will connect with you.",Login to check your skill match score,Permanent Job,"visualization techniques, Data Analysis, It Governance, KPI tracking frameworks, MIS SYSTEMS, Reporting, Power Bi, Tableau",2026-02-20 23:19:09
AZURE DATA Analyst,Siro Clinpharm,6-8 Years,,Bengaluru,"Key Responsibilities\nDesign, develop, and maintain scalable data pipelines using Azure Data Factory\nImplement and optimize ETL/ELT processes for ingesting and transforming data from multiple sources\nDevelop and manage analytical workloads using Azure Synapse Analytics\nCreate, publish, and maintain interactive dashboards and reports using Power BI\nAutomate data workflows and business processes using Power Automate\nPerform data transformation, cleansing, and validation using Python or PySpark\nEnsure data accuracy, integrity, and high performance across Azure data platforms\nMonitor and troubleshoot data pipelines and resolve production issues\nCollaborate with business stakeholders to gather requirements and translate them into data solutions\nOptimize queries and improve overall data processing efficiency\nImplement security, governance, and best practices within Azure data services\nSupport deployments, documentation, and knowledge transfer activities",Pharmaceutical,Permanent Job,"Azure Data Factory, Azure Synapse Analytics, Power Bi, Power Automate, Pyspark",2026-02-20 23:19:10
Data Analyst,Anblicks,3-6 Years,,"Hyderabad, India","Role: Data Analyst\n\nLocation: Hyderabad, India\n\nExperience: 36 Years\n\nRole Summary: In this role, you will work closely with cross-functional teams to provide support for our internal delivery platforms. You will: build and facilitate data workflows, build and review data quality dashboards, interact with vendors, and collaborate with other stakeholders regarding requirements and results.\n\nKey Responsibilities\n\nEnsure successful execution of production data workflows\n\nEnsure data quality and integrity through dashboarding and rigorous validation and quality checks\n\nEnsure compliance with data governance standards\n\nAnalyze large sets of data to identify trends, patterns, and opportunities\n\nDrive automation to reduce manual intervention and improve efficiency\n\nProactively communicate with project stakeholders regarding workflow results, project status, and open questions\n\nPerform ad-hoc data analysis requests and provide actionable recommendations\n\nBuild knowledge of the data you manage and be a resource for other stakeholders regarding the attributes and characteristics of the data\n\nRequirements\n\nBachelor's degree in Data Science, Statistics, Computer Science, Information Systems, or related disciplines\n\n3 year of experience in ETL or data warehousing\n\nProficiency in SQL and Excel\n\nProficiency in Linux, shell scripting and/or similar scripting languages for automation\n\nStrong analytical and problem-solving skills with keen attention to detail\n\nExcellent written and oral communication skills\n\nHistory of proactive stakeholder communication and driving project success\n\nEnthusiasm for working in a collaborative, fast-paced environment\n\nBonus Points\n\nProficiency in Java, JavaScript, and/or Python\n\nPrior experience with Databricks\n\nPrior experience working with AWS based solutions",Login to check your skill match score,Permanent Job,"Java, Javascript, Linux Shell Scripting, Databricks, Excel, Python, Sql, AWS",2026-02-20 23:19:11
Data Analyst,Philips,3-5 Years,,"Chennai, India","Job Description\nJob Title : Data Analyst\nJob Responsibilities:\nu2022Responds promptly to queries from various business units, offering expert guidance on data trends and providing in-depth insights on product or trend-specific concerns.\nu2022Creates detailed and visually appealing reports and dashboards using tools such as Power BI to effectively communicate data insights and trends to stakeholders, enhancing their understanding of business performance.\nu2022Identifies and implements opportunities for automation and process optimization by leveraging artificial intelligence, machine learning, and advanced analytics to enhance data processing, decision-making, and reporting efficiency, including the automated generation of advanced charts and graphs that improve the clarity and utility of data visualizations.\nu2022Develops and optimizes algorithms to transform raw data into detailed statistical analyses, integrating data from diverse sources and performing feasibility checks to deliver technical solutions that drive informed decision-making and enhance business operations.\nu2022Ensures data accuracy and exemplary quality standards in reports by implementing and following validation and verification protocols, documenting statistical-based trending procedures, and validating analysis processes in strict compliance with industry regulations and standards to ensure transparency and regulatory adherence.\nu2022Ensures compliance with global data privacy regulations (such as GDPR and HIPAA) by designing and enforcing comprehensive data governance frameworks and security protocols.\n\nMinimum required Education:\nBachelor's Degree in Information Management, Information Systems, Computer Science, Data Analytics or equivalent.\n\nMinimum required Experience:\nMinimum 3-4 years of experience with in areas such as Data Analytics, Data Modeling or equivalent.\n\nPreferred Education:\nBachelor's Degree in Information Management, Information Systems, Computer Science, Data Analytics or equivalent.\n\nPreferred Skills:\nPower BI, Microsoft Fabric, Power App - mandatory\nData Analysis & Interpretation\nData Harmonization & Processing\nStatistical Methods\nStatistical Programming Software\nBusiness Intelligence Tools\nData Mining\nMachine Learning Engineering Fundamentals\nResearch & Analysis\nStructured Query Language (SQL)\nRegulatory Compliance\nHow we work together\nWe believe that we are better together than apart. For our office-based teams, this means working in-person at least 3 days per week.\nOnsite roles require full-time presence in the companyu2019s facilities.\nField roles are most effectively done outside of the companyu2019s main facilities, generally at the customersu2019 or suppliersu2019 locations.\nIndicate if this role is an office/field/onsite role.\nAbout Philips\nWe are a health technology company. We built our entire company around the belief that every human matters, and we won't stop until everybody everywhere has access to the quality healthcare that we all deserve. Do the work of your life to help the lives of others.\nu2022 Learn more about .\nu2022 Discover .\nu2022 Learn more about .\nIf youu2019re interested in this role and have many, but not all, of the experiences needed, we encourage you to apply. You may still be the right candidate for this or other opportunities at Philips. Learn more about our culture of impact with care .",Hospitals/Healthcare/Diagnostics,Permanent Job,"Research Analysis, Data Analysis Interpretation, Microsoft Fabric, Data Harmonization Processing, Power App, Regulatory Compliance, Structured Query Language SQL, Statistical Methods, Machine Learning Engineering Fundamentals, Statistical Programming Software, Data Mining, Power Bi, Business Intelligence Tools",2026-02-20 23:19:12
Data Analyst,Anblicks,3-6 Years,,"Hyderabad, India","Location: Hyderabad, India\n\nExperience: 36 Years\n\nRole Summary: In this role, you will work closely with cross-functional teams to provide support for our internal delivery platforms. You will: build and facilitate data workflows, build and review data quality dashboards, interact with vendors, and collaborate with other stakeholders regarding requirements and results.\n\nKey Responsibilities\n\nEnsure successful execution of production data workflows\n\nEnsure data quality and integrity through dashboarding and rigorous validation and quality checks\n\nEnsure compliance with data governance standards\n\nAnalyze large sets of data to identify trends, patterns, and opportunities\n\nDrive automation to reduce manual intervention and improve efficiency\n\nProactively communicate with project stakeholders regarding workflow results, project status, and open questions\n\nPerform ad-hoc data analysis requests and provide actionable recommendations\n\nBuild knowledge of the data you manage and be a resource for other stakeholders regarding the attributes and characteristics of the data\n\nRequirements\n\nBachelor's degree in Data Science, Statistics, Computer Science, Information Systems, or related disciplines\n\n3 year of experience in ETL or data warehousing\n\nProficiency in SQL and Excel\n\nProficiency in Linux, shell scripting and/or similar scripting languages for automation\n\nStrong analytical and problem-solving skills with keen attention to detail\n\nExcellent written and oral communication skills\n\nHistory of proactive stakeholder communication and driving project success\n\nEnthusiasm for working in a collaborative, fast-paced environment\n\nBonus Points\n\nProficiency in Java, JavaScript, and/or Python\n\nPrior experience with Databricks\n\nPrior experience working with AWS based solutions",Login to check your skill match score,Permanent Job,"Java, Javascript, Data Warehousing, Linux Shell Scripting, Databricks, Excel, Python, Sql, Etl, AWS",2026-02-20 23:19:13
Data Analyst,Anblicks,3-5 Years,,"Hyderabad, India","Job Role: Data Analyst\n\nLocation: Hyderabad\n\nExperience: 3+ Years\n\nAbout Us\n\nAt Anblicks, it's more than just crunching numberswe transform data into impactful insights and scalable data products that power some of the world's leading enterprises. We specialize in Data Engineering, Cloud, and AI-driven solutions that help organizations modernize and unlock value from their data.\n\nWe are looking for a passionate and detail-oriented Data Analyst to join our team and contribute to solving large-scale data engineering and analytics challenges.\n\nRole Summary\n\nIn this role, you will collaborate with cross-functional teams to deliver high-quality, industry-leading data products to enterprise clients. You will build and maintain data workflows, monitor data quality through dashboards, interact with vendors, and work closely with stakeholders to understand requirements and deliver insights.\n\nKey Responsibilities\n\nEnsure successful execution and monitoring of production data workflows.\nMaintain data quality and integrity through dashboarding, validation processes, and rigorous quality checks.\nEnsure compliance with established data governance and security standards.\nAnalyze large datasets to identify trends, patterns, anomalies, and opportunities.\nDrive automation initiatives to reduce manual effort and improve operational efficiency.\nProactively communicate workflow results, project updates, and open issues to stakeholders.\nPerform ad-hoc data analysis and deliver actionable insights and recommendations.\nDevelop deep understanding of managed datasets and serve as a subject matter resource for stakeholders regarding data attributes and structure.\nRequirements\n\nBachelor's degree in Data Science, Statistics, Computer Science, Information Systems, or a related discipline.\n3+ year of experience in ETL processes or data warehousing environments.\nStrong proficiency in SQL and Microsoft Excel.\nWorking knowledge of Linux, shell scripting, or similar scripting languages for automation.\nStrong analytical and problem-solving skills with exceptional attention to detail.\nExcellent written and verbal communication skills.\nDemonstrated ability to proactively communicate with stakeholders and drive projects to successful completion.\nAbility to thrive in a collaborative, fast-paced environment.\nBonus Points\n\nProficiency in Python for data analysis and automation.\nExperience working with Databricks.\nExperience with AWS-based solutions and cloud data platforms.\nExposure to data visualization and dashboarding tools (e.g., Power BI, Tableau, or similar).",Login to check your skill match score,Permanent Job,"AWS-based solutions, Power Bi, Linux Shell Scripting, Tableau, Databricks, Microsoft Excel, Sql, Python",2026-02-20 23:19:15
Data Analyst,Thermo Fisher Scientific,3-5 Years,,Hyderabad,"Job Description :\nWork Schedule\nStandard (Mon-Fri)\nEnvironmental Conditions\nOffice\nAs part of the Thermo Fisher Scientific team, you'll discover meaningful work that makes a positive impact on a global scale. Join our colleagues in bringing our Mission to life every single day to enable our customers to make the world healthier, cleaner and safer. We provide our global teams with the resources needed to achieve individual career goals while helping to take science a step beyond by developing solutions for some of the world's toughest challenges, like protecting the environment, making sure our food is safe or helping find cures for cancer.\nJob Title:Data Analyst - Commercial & Finance\nLocation:Hyderabad, India\nDepartment:IT / Data Analytics\nReports To:Director, Data & Analytics\nAbout the Role\nJoin Thermo Fisher Scientific's growing pharmaceutical CDMO team, where data connects science and strategy. As a Data Analyst supporting Commercial and Finance functions, you'll turn complex datasets into insights that drive business decisions, efficiency, and growth.\nKey Responsibilities\nData Insights and Reporting\nDevelop and analyze datasets from multiple sources to identify key trends in sales, commercial, and financial performance.\nBuild dashboards and visualizations in Power BI, Tableau, SQL, and Excel to enable real-time decision-making.\nSupport the creation and tracking of KPIs and financial forecasts for leadership teams.\nCollaboration and Communication\nPartner with business and technical teams to define data requirements and deliver actionable insights.\nTranslate findings into clear, practical recommendations for both technical and non-technical stakeholders.\nContribute to discussions that shape analytics strategy and reporting standards.\nProcess Improvement and Automation\nSimplify manual reporting and automate recurring analytics using Python, R, or BI tools.\nStrengthen data governance practices to ensure accuracy, compliance, and consistency.\nExplore new data technologies that improve access, speed, and performance.\nQualifications\nBachelor's degree in Data Science, Computer Science, Finance, or related discipline.\n3-5 years of experience in data analytics, ideally within pharma or CDMO organizations.\nSkilled in SQL, Power BI, Tableau, and at least one programming language (Python or R).\nStrong analytical, problem-solving, and visualization skills.\nFamiliarity with cloud platforms (AWS, Azure, or GCP) and data sources like IQVIA preferred.\nWhy Thermo Fisher Scientific\nAt Thermo Fisher, your ideas help shape discoveries that improve lives. You'll collaborate across functions, learn from global experts, and grow in a culture that values curiosity, innovation, and purpose. We offer comprehensive benefits, continuous learning programs, and opportunities to advance your career.\nReady to make data count Apply today!\nOur Mission is to enable our customers to make the world healthier, cleaner and safer. Watch as our colleagues explain 5 reasons to work with us. As one team of 100,000+ colleagues, we share a common set of values - Integrity, Intensity, Innovation and Involvement - working together to accelerate research, solve complex scientific challenges, drive technological innovation and support patients in need. #StartYourStory at Thermo Fisher Scientific, where diverse experiences, backgrounds and perspectives are valued.\nApply today! http://jobs.thermofisher.com\nThermo Fisher Scientific is an EEO/Affirmative Action Employer and does not discriminate on the basis of race, color, religion, sex, sexual orientation, gender identity, national origin, protected veteran status, disability or any other legally protected status.\nAccessibility/Disability Access\nJob Seekers with a Disability: Thermo Fisher Scientific offers accessibility service for job seekers requiring accommodations in the job application process. For example, this may include individuals requiring assistance because of hearing, vision, mobility, or cognitive impairments. If you are a job seeker with a disability, or assisting a person with a disability, and require accessibility assistance or an accommodation to apply for one of our jobs, please submit a request by telephone at 1-855-471-2255.. Please include your contact information and specific details about your required accommodation to support you during the job application process.\n.This telephone line is reserved solely for job seekers with disabilities requiring accessibility assistance or an accommodation in the job application process. Messages left for other purposes, such as not being able to get into the career website, following up on an application, or other non-disability related technical issues will not receive a response.",Bio Technology & Life Sciences,Permanent Job,"R, Gcp, Power Bi, Tableau, Azure, Python, Sql, AWS",2026-02-20 23:19:16
Data Analyst,Thermo Fisher Scientific,3-5 Years,,Hyderabad,"Job Description :\nWork Schedule\nStandard (Mon-Fri)\nEnvironmental Conditions\nOffice\nAs part of the Thermo Fisher Scientific team, you'll discover meaningful work that makes a positive impact on a global scale. Join our colleagues in bringing our Mission to life every single day to enable our customers to make the world healthier, cleaner and safer. We provide our global teams with the resources needed to achieve individual career goals while helping to take science a step beyond by developing solutions for some of the world's toughest challenges, like protecting the environment, making sure our food is safe or helping find cures for cancer.\nJob Title:Data Analyst - Commercial & Finance\nLocation:Hyderabad, India\nDepartment:IT / Data Analytics\nReports To:Director, Data & Analytics\nAbout the Role\nJoin Thermo Fisher Scientific's growing pharmaceutical CDMO team, where data connects science and strategy. As a Data Analyst supporting Commercial and Finance functions, you'll turn complex datasets into insights that drive business decisions, efficiency, and growth.\nKey Responsibilities\nData Insights and Reporting\nDevelop and analyze datasets from multiple sources to identify key trends in sales, commercial, and financial performance.\nBuild dashboards and visualizations in Power BI, Tableau, SQL, and Excel to enable real-time decision-making.\nSupport the creation and tracking of KPIs and financial forecasts for leadership teams.\nCollaboration and Communication\nPartner with business and technical teams to define data requirements and deliver actionable insights.\nTranslate findings into clear, practical recommendations for both technical and non-technical stakeholders.\nContribute to discussions that shape analytics strategy and reporting standards.\nProcess Improvement and Automation\nSimplify manual reporting and automate recurring analytics using Python, R, or BI tools.\nStrengthen data governance practices to ensure accuracy, compliance, and consistency.\nExplore new data technologies that improve access, speed, and performance.\nQualifications\nBachelor's degree in Data Science, Computer Science, Finance, or related discipline.\n3-5 years of experience in data analytics, ideally within pharma or CDMO organizations.\nSkilled in SQL, Power BI, Tableau, and at least one programming language (Python or R).\nStrong analytical, problem-solving, and visualization skills.\nFamiliarity with cloud platforms (AWS, Azure, or GCP) and data sources like IQVIA preferred.\nWhy Thermo Fisher Scientific\nAt Thermo Fisher, your ideas help shape discoveries that improve lives. You'll collaborate across functions, learn from global experts, and grow in a culture that values curiosity, innovation, and purpose. We offer comprehensive benefits, continuous learning programs, and opportunities to advance your career.\nReady to make data count Apply today!\nOur Mission is to enable our customers to make the world healthier, cleaner and safer. Watch as our colleagues explain 5 reasons to work with us. As one team of 100,000+ colleagues, we share a common set of values - Integrity, Intensity, Innovation and Involvement - working together to accelerate research, solve complex scientific challenges, drive technological innovation and support patients in need. #StartYourStory at Thermo Fisher Scientific, where diverse experiences, backgrounds and perspectives are valued.\nApply today! http://jobs.thermofisher.com\nThermo Fisher Scientific is an EEO/Affirmative Action Employer and does not discriminate on the basis of race, color, religion, sex, sexual orientation, gender identity, national origin, protected veteran status, disability or any other legally protected status.\nAccessibility/Disability Access\nJob Seekers with a Disability: Thermo Fisher Scientific offers accessibility service for job seekers requiring accommodations in the job application process. For example, this may include individuals requiring assistance because of hearing, vision, mobility, or cognitive impairments. If you are a job seeker with a disability, or assisting a person with a disability, and require accessibility assistance or an accommodation to apply for one of our jobs, please submit a request by telephone at 1-855-471-2255.. Please include your contact information and specific details about your required accommodation to support you during the job application process.\n.This telephone line is reserved solely for job seekers with disabilities requiring accessibility assistance or an accommodation in the job application process. Messages left for other purposes, such as not being able to get into the career website, following up on an application, or other non-disability related technical issues will not receive a response.",Bio Technology & Life Sciences,Permanent Job,"R, Gcp, Power Bi, Tableau, Azure, Python, Sql, AWS",2026-02-20 23:19:17
Senior Data Analyst,Okta for Developers,3-5 Years,,"Bengaluru, India","Get to know Okta\n\nOkta is The World's Identity Company. We free everyone to safely use any technology, anywhere, on any device or app. Our flexible and neutral products, Okta Platform and Auth0 Platform, provide secure access, authentication, and automation, placing identity at the core of business security and growth.\n\nAt Okta, we celebrate a variety of perspectives and experiences. We are not looking for someone who checks every single box - we're looking for lifelong learners and people who can make us better with their unique experiences.\n\nJoin our team! We're building a world where Identity belongs to you.\n\nAs a Senior Data Analyst, you will play a crucial role in our data-driven decision-making process. You will be responsible for turning raw data into actionable insights that will shape our product strategy and drive business growth. This role requires a deep understanding of product analytics, a strong technical skillset, and a forward-thinking mindset to leverage AI in your analysis.\n\nResponsibility\n\nDesign and build insightful and user-friendly dashboards and reports in Tableau to track key product metrics and performance indicators.\nUtilize Snowflake and dbt to build and maintain robust and scalable data models and pipelines for our analytics needs.\nConduct in-depth product analysis to identify trends, patterns, and opportunities for product improvement and growth.\nWrite complex SQL queries and use Python to perform advanced data analysis\nCollaborate with product managers, engineers, and other stakeholders to understand their data needs and provide them with the insights they need to make informed decisions.\nProactively identify and explore new ways to leverage AI and machine learning to enhance our analytical capabilities and unlock new insights from our data.\nCommunicate your findings and recommendations effectively to both technical and non-technical audiences.\n\nQualifications\n\nProven experience as a Data Analyst or in a similar role, with a focus on product analytics.\n3-5 years of experience.\nExpert-level proficiency in SQL.\nStrong experience with data visualization tools, particularly Tableau.\nHands-on experience with cloud data warehouses like Snowflake and data transformation tools like dbt.\nProficiency in Python for data analysis and scripting.\nA strong analytical mindset with the ability to think critically and solve complex problems.\nA proactive and curious mindset with a strong desire to learn and experiment with new technologies, especially in the realm of AI.\nExcellent communication and collaboration skills.\n\nAdded Advantage\n\nExperience with other BI tools like Looker or Power BI.\nExperience with statistical analysis and machine learning.\nFamiliarity with product analytics platforms like Amplitude or Mixpanel.\n\n#P20231_3352405\n\n#hybrid\n\nWhat you can look forward to as a Full-Time Okta employee!\n\nAmazing Benefits\nMaking Social Impact\nDeveloping Talent and Fostering Connection + Community at Okta\n\nOkta cultivates a dynamic work environment, providing the best tools, technology and benefits to empower our employees to work productively in a setting that best and uniquely suits their needs. Each organization is unique in the degree of flexibility and mobility in which they work so that all employees are enabled to be their most creative and successful versions of themselves, regardless of where they live. Find your place at Okta today! https://www.okta.com/company/careers/.\n\nSome roles may require travel to one of our office locations for in-person onboarding.\n\nOkta is an Equal Opportunity Employer. All qualified applicants will receive consideration for employment without regard to race, color, religion, sex, sexual orientation, gender identity, national origin, ancestry, marital status, age, physical or mental disability, or status as a protected veteran. We also consider for employment qualified applicants with arrest and convictions records, consistent with applicable laws.\n\nIf reasonable accommodation is needed to complete any part of the job application, interview process, or onboarding please use this Form to request an accommodation.\n\nNotice for New York City Applicants & Employees: Okta may use Automated Employment Decision Tools (AEDT), as defined by New York City Local Law 144, that use artificial intelligence, machine learning, or other automated processes to assist in our recruitment and hiring process. In accordance with NYC Local Law 144, if you are an applicant or employee residing in New York City, please click here to view our full NYC AEDT Notice.\n\nOkta is committed to complying with applicable data privacy and security laws and regulations. For more information, please see our Personnel and Job Candidate Privacy Notice at https://www.okta.com/legal/personnel-policy/.",Login to check your skill match score,Permanent Job,"dbt, snowflake, AI and machine learning, Tableau, Python, Sql",2026-02-20 23:19:18
Senior Data Analyst,"MediaRadar, Inc.",5-7 Years,,India,"Sr. Data Analyst\n\nJob Summary:\n\nWe are seeking a highly skilled Senior Data Analyst to support a wide range of ongoing strategic data initiatives across the organization. This role is ideal for someone who thrives on working with complex datasets, uncovering meaningful patterns, and transforming analytical findings into actionable insights. You will partner closely with cross-functional teams to enhance data-driven decision making and contribute to the continuous improvement of our data processes, quality, and understanding.\n\nResponsibilities:\n\nAnalyze large, diverse datasets to identify trends, patterns, and insights that inform business decisions\nDevelop structured analytical logic, methodologies, and frameworks that can be scaled and reused across multiple initiatives\nBuild, refine, and maintain datasets that support analysis, reporting, modeling, or automation\nCollaborate with product, engineering, operations, and data teams to validate findings and ensure strategic alignment\nProduce clear, insightful summaries, visualizations, and recommendations for both technical and non-technical audiences\nContribute to best practices in data quality, standardization, documentation, and analytical rigor\n\nSuccess Measures:\n\nSuccess in this role will be measured by:\n\nInsight Impact - Demonstrated influence of your analyses on product, operational, or commercial decisions (e.g., decisions, roadmap changes, or process improvements driven by your work)\nQuality & Rigor - Consistently high-quality analyses with well-documented assumptions, logic, and reproducible methods\nScalability of Work - Frameworks, queries, and logic that can be reused or extended across multiple initiatives, reducing ad hoc effort over time\nStakeholder Satisfaction - Positive feedback from partner teams on clarity, reliability, and timeliness of your deliverables\nData Quality Improvements - Measurable improvements in data accuracy, completeness, or consistency where your analysis informed changes (e.g., reduced defects, fewer manual corrections, more trusted reporting)\nExecution & Timeliness - Ability to manage multiple priorities and deliver on agreed timelines without sacrificing depth or quality\n\nRequirements\n\nKey Qualifications and Role Requirements:\n\nProven experience as a Data Analyst or Senior Data Analyst working with complex, multi-source datasets\nAdvanced proficiency in SQL and Python (or R) for data analysis and transformation\nStrong ability to identify patterns, relationships, and anomalies across large data environments\nExperience developing analytical frameworks, logic, or rules that support repeatable, scalable processes\nExcellent communication skills with the ability to translate technical findings into clear, actionable insights\nExperience in data quality, data management, analytics, or data operations is beneficial\nFamiliarity with automation, metadata, or taxonomy work is a plus",Login to check your skill match score,Permanent Job,"Data Operations, Analytics, R, Taxonomy, metadata, Data Management, Data Quality, automation, Python, Sql",2026-02-20 23:19:19
Product Marketing Data Analyst,Danaher,Fresher,,India,"Find what drives you on a team with a more than 75-year history of discovery, determination, and innovation. As a global leader in high-tech filtration, separation, and purification, Pall Corporation thrives on helping our customers solve their toughest challenges. Our products serve diverse, global customer needs across a wide range of applications to advance health, safety and environmentally responsible technologies. For the exponentially curious, Pall is a place you can thrive and amplify your impact on the world.\nPall is one of 10 Life Sciences companies of Danaher. Together, we accelerate the discovery, development and delivery of solutions that safeguard and improve human health.\nLearn about the which makes everything possible.\nStart with an inviting tag line:\nWe are seeking a talented and detail-oriented Data Analyst to join the Central Marketing team to support Pan-Pall product marketing initiatives including Product Lifecycle Management, Pricing and Competitive Intelligence. As a Data Analyst, you will be responsible for collecting and interpreting data, analyzing results, and providing actionable insights to drive informed decision-making across Pall. You will work closely with key stakeholders in Pall's 4 Business Unit Product Management teams, Commercial Operations and Supply Chain, and Customer Service to understand data needs, develop reports and dashboards to present findings in a clear and concise manner and recommend actions based on trends. This role will report to the Senior Director of Global Product Marketing.\nKey Responsibility Areas\nProduct Lifecycle Management\nTrack and monitor key performance indicators (i.e. orders, OTD, AOS Health) from various sources (SFDC, SAP) to determine initiative progress and ensure Business Units follow standard work and governance.\nAnalyze data for trends and make insightful recommendations to drive standard products and improve OTD.\nMaintain cross-business unit tools (crossover tools, product & sales rep trackers, and product dashboard) for easy access to product classification, lead time, status and inventory.\nDevelop workflows to automate data collection and processing tasks.\nPartner with business unit product management, sales and operations teams to evaluate opportunities for improvement in KPI tracking, tools, and standard work.\nPricing Initiative:\nDevelop tools to standardize price metric tracking (leading and lagging indicators) across business units\nCreate templates to support BU marketing teams with price planning (price performance curves, average sell prices, and distribution curves) so they can make more informed recommendations to optimize price lists and discount matrices\nResearch and monitor relevant indices to support price increase recommendations for cross BU portfolios\nProxy\n- Ensure timely tracking of proxy data on a quarterly basis\nDevelop templates so that BU Marketing can communicate Pall vs. proxy performance and\nrecommended actions to relevant stakeholders\nResearch available tools for Competitor reporting (Crayon, Linked In, Alpha Sights)\nContinuous Learning and Development\nStay abreast of industry trends, best practices, and emerging technologies in data analytics.\nParticipate in training programs and professional development opportunities.\nShare knowledge and insights with colleagues to foster a culture of continuous learning.\nThe essential requirements of the job include:\nBachelor's degree in Statistics, Mathematics, Computer Science, Economics, or related field.\nProven experience in data analysis, business intelligence, or related roles.\nProficiency in data analysis tools and programming languages (e.g., SQL, Python, R, etc.).\nStrong analytical and problem-solving skills with attention to detail.\nExcellent communication and presentation abilities.\nAbility to work independently and collaboratively in a fast-paced environment.\nExperience with data visualization tools (e.g., Tableau, Power BI, etc.) is a plus.\nKnowledge of machine learning and data mining techniques is desirable.\nPall Corporation, a Danaher company, offers a broad array of comprehensive, competitive benefit programs that add value to our lives. Whether it's a health care program or paid time off, our programs contribute to life beyond the job. Check out our benefits at .\nJoin our winning team today. Together, we'll accelerate the real-life impact of tomorrow's science and technology. We partner with customers across the globe to help them solve their most complex challenges, architecting solutions that bring the power of science to life.\nFor more information, visit .",Pharmaceutical,Permanent Job,"R, data mining techniques, data visualization tools, Machine Learning, Power Bi, Tableau, Python, Sql",2026-02-20 23:19:21
Sr Data Analyst,Hirenza,6-8 Years,,India,"About The Company\n\nClarksons Research is the leading global provider of intelligence and research across shipping, trade, offshore, and energy sectors. Renowned worldwide for its comprehensive analysis, data, and insights, Clarksons Research supports clients with online platforms, detailed reports, valuations, and consultancy services. As part of the Clarksons Group, a FTSE 250 company and the world's foremost integrated shipping services provider, Clarksons Research boasts a team of over 175 experts dedicated to delivering accurate and actionable market intelligence. The company prides itself on its innovative approach, industry expertise, and commitment to fostering a collaborative and growth-oriented environment.\n\nAbout The Role\n\nJoin our research team as an experienced data analyst, delivering actionable data-driven insights across diverse global shipping, trade, offshore, renewables, and energy datasets. In this role, you will play a pivotal part in building and deriving valuable data that is widely used to analyze impacts of market trends, geopolitics, and decarbonisation initiatives. Your expertise will support strategic decision-making processes, enhance data visualization, and contribute to the development of innovative analytical tools. This position offers an excellent opportunity for a seasoned professional to work within a dynamic environment, collaborating across teams to influence key business outcomes and support client needs.\n\nQualifications\n\nThe ideal candidate will possess a relevant degree in a numerate or analytical discipline, demonstrating strong academic foundations. You should have at least six years of experience in data analytics, particularly working with complex data models and large datasets. Proven proficiency in SQL, including writing complex queries, stored procedures, and spatial data handling, is essential. Working knowledge of Python, JSON, and DAX is required to support data processing and analysis tasks. The ability to deliver clear, actionable insights using visualization tools such as Power BI is crucial. Strong numerical, data handling, and analytical skills are necessary to interpret and communicate complex data effectively. Additionally, candidates should demonstrate excellent organizational skills, meticulous attention to detail, and experience in supervising junior analysts, data engineers, or developers.\n\nResponsibilities\n\nUtilize the latest data science tools and techniques for data processing, analysis, and visualization to derive meaningful insights.\nCollaborate with stakeholders to gather requirements, plan project deliverables, and ensure timely implementation of data solutions.\nLead the development and implementation of ETL and data processing pipelines, ensuring data quality and integrity.\nDerive insights from data, supporting strategic decision-making processes across various departments and client projects.\nSupport cross-functional teams by providing technical expertise and guidance on data analysis and visualization techniques.\nReport progress and findings to senior management, ensuring stakeholders are informed of project status and key insights.\nSupervise and mentor junior analysts, data engineers, and developers to foster skill development and maintain high-quality standards.\n\nBenefits\n\nClarksons Research offers a competitive salary package commensurate with experience, along with performance-based bonuses and a comprehensive benefits package. Employees enjoy 21 days of holiday, health insurance coverage, and opportunities for professional development. The company promotes a supportive and inclusive work environment that encourages continuous learning and career growth. Additionally, employees benefit from flexible working arrangements and access to cutting-edge tools and technologies, fostering innovation and collaboration within the team.\n\nEqual Opportunity\n\nClarksons Research is committed to creating a diverse and inclusive workplace. We are an equal opportunity employer and do not discriminate based on race, gender, age, religion, sexual orientation, disability, or any other protected characteristic. We believe that diverse teams drive innovation and excellence, and we actively promote a culture of respect and fairness. All qualified applicants are encouraged to apply, and we look forward to welcoming talented individuals from all backgrounds to join our team.",Login to check your skill match score,Permanent Job,"Power Bi, Json, Dax, Sql, Python",2026-02-20 23:19:22
Sr Data Analyst,Ford Motor Company,5-7 Years,,"Chennai, India","JOB DESCRIPTION\nThe Global Tax Product Team manages global applications for tax determination and tax reporting services. Tax determination services are called by various transactional systems to determine the tax that must be paid for a transaction. Tax reporting creates mandatory reports that must be sent to tax authorities in various countries. The team supports cloud services: Vertex O'Series on Demand for tax determination and Vertex TPE for reporting (Tax Data Hub). Informatica and other middleware are used to manage the interfaces of legacy Ford systems to the cloud services. The team is very closely working with the tax systems experts in the office of tax council (OTC) to support the requirements of our global customers, both for existing applications and services, as well as for new projects (e.g. Aurora rollout, IERP).\nRESPONSIBILITIES\nData & Functional analyst for Tax Data Hub application & interfaces including launches, enhancements, and support activities.\nClose collaboration with Tax Business and Various interface applications to elicit, understand and document Business and Integration requirements.\nProvide reliable and accurate solutions based on thorough knowledge of the applications and the business processes so that the high integrity needs are met.\nPropose solutions/approaches to continuously improve data quality in TDH application including reports and extracts.\nWork with business, interface teams and vendors to identify and fix data quality and other issues (e.g. by reconciliation with GLGeneral Ledgerdata)\nReview and improve capability and quality of feeders and reports out of TDH.\nClose collaboration with TDH Technical/Development & Support teams in guiding them on various aspects of solutions and production support activities.\nSupport OTC team in providing the monthly tax reports.\nSupport iERP project for effective transitioning of data sources from legacy to iERP.\nQUALIFICATIONS\n5+ years of IT business & data analysis experience.\nGood knowledge/Proficiency in Data analysis tool/languages [Python, IICS Informatica, Alteryx, any other relevant skills]. Good exposure to Database skills [BigQuery, PostGres,SQL, Oracle].\nPassion for understanding the underlying business processes in the Office of Tax Council\nVery good communication, negotiation, and interpersonal skills in global environment\nStrong analytical skills, and the ability to identify root cause of business concerns understand & predict business motivators\nSolution-oriented and can-do-attitude excellent problem-solving skills\nGood experience working with integration teams.\nExperience working with EU & US business teams.\nStrong ability to work individually and as part of a team\nExperienced with Agile Framework & Tools and the PDO model\nExperience working on SaaS projects will be an advantage\nExperience related to Tax will be preferred.\nAbility to lead technical design and implementation",Automotive/Automobile/Ancillaries,Permanent Job,"IICS, BigQuery, Alteryx, Informatica, Postgres Sql, Oracle, Python",2026-02-20 23:19:23
Data Analyst - Senior II,FedEx,2-5 Years,,"Pune, India","Responsible for conducting data analysis to extract actionable insights, exploring datasets to uncover patterns and anomalies, analyzing historical data for trend identification and forecasting, investigating data discrepancies, providing user training and support on data analysis tools, communicating findings through compelling visualizations, supporting data projects, and ensuring data accuracy and integrity.\n\nGrade - T5\n\nPlease note that the Job will close at 12am on Posting Close date, so please submit your application prior to the Close Date\n\nWhat Your Main Responsibilities Are\n\nConduct data analysis to extract actionable insights and drive decision-making.\nExplore and visualize datasets to uncover patterns, trends, and anomalies.\nAnalyze historical data to identify trends and develop forecasts for future performance.\nInvestigate and identify root causes of issues or discrepancies in data.\nProvide training and support to users on data analysis tools and techniques.\nCommunicate findings and insights through compelling data visualizations and narratives.\nSupport data-related projects by providing analytical expertise and insights.\nEnsure data accuracy, completeness, and integrity through quality assurance processes.\n\nWhat We Are Looking For\n\nEducation: Bachelor's degree or equivalent in Computer Science, MIS, Mathematics, Statistics, or similar discipline. Master's degree or PhD preferred.\n\nRelevant work experience as in data analysis based on the following number of years:\n\nStandard I: Two (2) years\n\nStandard II: Three (3) years\n\nSenior I: Four (4) years\n\nSenior II: Five (5) years\n\nKnowledge, Skills And Abilities\n\nFluency in English\nAnalytical Skills\nAccuracy & Attention to Detail\nNumerical Skills\nPlanning & Organizing Skills\nPresentation Skills\nStatistical Knowledge\nData Modeling and Visualization Skills\n\nGreat Places to Work (GPTW) Certified (2025-2026)\n\nFedEx was built on a philosophy that puts people first, one we take seriously. We are an equal opportunity/affirmative action employer and we are committed to a diverse, equitable, and inclusive workforce in which we enforce fair treatment, and provide growth opportunities for everyone.\n\nAll qualified applicants will receive consideration for employment regardless of age, race, color, national origin, genetics, religion, gender, marital status, pregnancy (including childbirth or a related medical condition), physical or mental disability, or any other characteristic protected by applicable laws, regulations, and ordinances.\n\nOur Company\n\nFedEx is one of the world's largest express transportation companies and has consistently been selected as one of the top 10 World's Most Admired Companies by Fortune magazine. Every day FedEx delivers for its customers with transportation and business solutions, serving more than 220 countries and territories around the globe. We can serve this global network due to our outstanding team of FedEx team members, who are tasked with making every FedEx experience outstanding.\n\nOur Philosophy\n\nThe People-Service-Profit philosophy (P-S-P) describes the principles that govern every FedEx decision, policy, or activity. FedEx takes care of our people; they, in turn, deliver the impeccable service demanded by our customers, who reward us with the profitability necessary to secure our future. The essential element in making the People-Service-Profit philosophy such a positive force for the company is where we close the circle, and return these profits back into the business, and invest back in our people. Our success in the industry is attributed to our people. Through our P-S-P philosophy, we have a work environment that encourages team members to be innovative in delivering the highest possible quality of service to our customers. We care for their well-being, and value their contributions to the company.\n\nOur Culture\n\nOur culture is important for many reasons, and we intentionally bring it to life through our behaviors, actions, and activities in every part of the world. The FedEx culture and values have been a cornerstone of our success and growth since we began in the early 1970's. While other companies can copy our systems, infrastructure, and processes, our culture makes us unique and is often a differentiating factor as we compete and grow in today's global marketplace.",Login to check your skill match score,Permanent Job,"Data Analysis, Statistical Knowledge, Data Modeling, Data Visualization",2026-02-21 23:07:46
Data Analyst,FedEx,2-4 Years,,"Bengaluru, India","Design and implement processes and solutions associated with a wide variety of data sets used for data/text mining, analysis to support informed business decisions. Gain insight into key business and deliverables by examining structured and unstructured data from multiple disparate sources. Effectively use current and emerging technologies to evaluate trends and develop actionable insights and recommendations to management, via the information available for analysis. Learn to use data, statistical and quantitative analysis, to drive decision making.\n\nGrade : T2\n\nPlease note that the Job will close at 12am on Posting Close date, so please submit your application prior to the Close Date\n\nWhat Your Main Responsibilities Are:\n\nActs as a technical expert on complex and specialist subject(s). Supports management with the analysis, interpretation and application of complex information, contributing to the achievement of divisional and corporate goals. Supports or leads projects by applying area of expertise.\n\nJob Description Summary\n\nThe Analyst will collaborate with global stakeholders to execute, validate, audit, and monitor revenue management/pricing strategies for FedEx's strategic customersanalysing large datasets for recommendations, creating decision-making visibility through compelling visualizations, and driving process improvements for better customer experience.\n\nDemonstrate understanding of core business concepts (financial metrics, market dynamics, competitive landscapes, pricing models, revenue/cost structures, margins, P&L). Communicate results effectively to diverse audiences using current/emerging technologies.\n\nJob Description\n\nPlease note that the Job will close at 12am on Posting Close date, so please submit your application prior to the Close Date\n\nWhat Your Main Responsibilities Are:\n\nCollect, clean, and analyse large datasets to implement business rules.\nAssist in developing data-driven strategies and recommendations for business decisions.\nCollaborate with cross-functional teams to identify trends, patterns, and opportunities.\nContribute to the continuous improvement of data quality and analytics processes.\nEnsure aligning with regions for timely, accurate, quality checked setup of discounts and pricing transition to FedEx Pricing systems and relevant tools.\nTransform, optimize Pricing processes for improved efficiency, reduced turnaround times and human intervention through process automation.\n\nWhat Are We Looking For\n\nAdditional Job Description\n\nEducation\n\nBachelor's degree (or equivalent) in Computer Science, MIS, Mathematics, Statistics, or a related discipline.\n\nExperience\n\n2-4 years of experience as a Data Analyst or similar role.\n\nKnowledge, Skills, And Abilities\n\nProficient in SQL, SAS and Python, Data Visualization tool e.g. Power BI\nStrong analytical skills with an eye for detail, to deliver accurate results and actionable recommendation.\nGood understanding on pricing models/systems, revenue & cost structures, contribution & operating margins, and P&L views\nCollaborate effectively (Stakeholder Management) with team members across different regions to achieve common goals, effective communication skills to communicate with people across all levels including senior management.\n\nAnalytical Skills, Accuracy & Attention to Detail, Planning & Organizing Skills, Influencing & Persuasion Skills, Presentation Skills\n\nFedEx was built on a philosophy that puts people first, one we take seriously. We are an equal opportunity/affirmative action employer and we are committed to a diverse, equitable, and inclusive workforce in which we enforce fair treatment, and provide growth opportunities for everyone.\n\nAll qualified applicants will receive consideration for employment regardless of age, race, color, national origin, genetics, religion, gender, marital status, pregnancy (including childbirth or a related medical condition), physical or mental disability, or any other characteristic protected by applicable laws, regulations, and ordinances.\n\nOur Company\n\nFedEx is one of the world's largest express transportation companies and has consistently been selected as one of the top 10 World's Most Admired Companies by Fortune magazine. Every day FedEx delivers for its customers with transportation and business solutions, serving more than 220 countries and territories around the globe. We can serve this global network due to our outstanding team of FedEx team members, who are tasked with making every FedEx experience outstanding.\n\nOur Philosophy\n\nThe People-Service-Profit philosophy (P-S-P) describes the principles that govern every FedEx decision, policy, or activity. FedEx takes care of our people; they, in turn, deliver the impeccable service demanded by our customers, who reward us with the profitability necessary to secure our future. The essential element in making the People-Service-Profit philosophy such a positive force for the company is where we close the circle, and return these profits back into the business, and invest back in our people. Our success in the industry is attributed to our people. Through our P-S-P philosophy, we have a work environment that encourages team members to be innovative in delivering the highest possible quality of service to our customers. We care for their well-being, and value their contributions to the company.\n\nOur Culture\n\nOur culture is important for many reasons, and we intentionally bring it to life through our behaviors, actions, and activities in every part of the world. The FedEx culture and values have been a cornerstone of our success and growth since we began in the early 1970's. While other companies can copy our systems, infrastructure, and processes, our culture makes us unique and is often a differentiating factor as we compete and grow in today's global marketplace.",Login to check your skill match score,Permanent Job,"SAS, Sql, Python",2026-02-23 00:04:54
Data Analyst,FedEx,2-4 Years,,"Bengaluru, India","Design and implement processes and solutions associated with a wide variety of data sets used for data/text mining, analysis to support informed business decisions. Gain insight into key business and deliverables by examining structured and unstructured data from multiple disparate sources. Effectively use current and emerging technologies to evaluate trends and develop actionable insights and recommendations to management, via the information available for analysis. Learn to use data, statistical and quantitative analysis, to drive decision making.\n\nGrade : T2\n\nPlease note that the Job will close at 12am on Posting Close date, so please submit your application prior to the Close Date\n\nWhat Your Main Responsibilities Are:\n\nActs as a technical expert on complex and specialist subject(s). Supports management with the analysis, interpretation and application of complex information, contributing to the achievement of divisional and corporate goals. Supports or leads projects by applying area of expertise.\n\nJob Description Summary\n\nThe Analyst will collaborate with global stakeholders to execute, validate, audit, and monitor revenue management/pricing strategies for FedEx's strategic customersanalysing large datasets for recommendations, creating decision-making visibility through compelling visualizations, and driving process improvements for better customer experience.\n\nDemonstrate understanding of core business concepts (financial metrics, market dynamics, competitive landscapes, pricing models, revenue/cost structures, margins, P&L). Communicate results effectively to diverse audiences using current/emerging technologies.\n\nJob Description\n\nPlease note that the Job will close at 12am on Posting Close date, so please submit your application prior to the Close Date\n\nWhat Your Main Responsibilities Are:\n\nCollect, clean, and analyse large datasets to implement business rules.\nAssist in developing data-driven strategies and recommendations for business decisions.\nCollaborate with cross-functional teams to identify trends, patterns, and opportunities.\nContribute to the continuous improvement of data quality and analytics processes.\nEnsure aligning with regions for timely, accurate, quality checked setup of discounts and pricing transition to FedEx Pricing systems and relevant tools.\nTransform, optimize Pricing processes for improved efficiency, reduced turnaround times and human intervention through process automation.\n\nWhat Are We Looking For\n\nAdditional Job Description\n\nEducation\n\nBachelor's degree (or equivalent) in Computer Science, MIS, Mathematics, Statistics, or a related discipline.\n\nExperience\n\n2-4 years of experience as a Data Analyst or similar role.\n\nKnowledge, Skills, And Abilities\n\nProficient in SQL, SAS and Python, Data Visualization tool e.g. Power BI\nStrong analytical skills with an eye for detail, to deliver accurate results and actionable recommendation.\nGood understanding on pricing models/systems, revenue & cost structures, contribution & operating margins, and P&L views\nCollaborate effectively (Stakeholder Management) with team members across different regions to achieve common goals, effective communication skills to communicate with people across all levels including senior management.\n\nAnalytical Skills, Accuracy & Attention to Detail, Planning & Organizing Skills, Influencing & Persuasion Skills, Presentation Skills\n\nFedEx was built on a philosophy that puts people first, one we take seriously. We are an equal opportunity/affirmative action employer and we are committed to a diverse, equitable, and inclusive workforce in which we enforce fair treatment, and provide growth opportunities for everyone.\n\nAll qualified applicants will receive consideration for employment regardless of age, race, color, national origin, genetics, religion, gender, marital status, pregnancy (including childbirth or a related medical condition), physical or mental disability, or any other characteristic protected by applicable laws, regulations, and ordinances.\n\nOur Company\n\nFedEx is one of the world's largest express transportation companies and has consistently been selected as one of the top 10 World's Most Admired Companies by Fortune magazine. Every day FedEx delivers for its customers with transportation and business solutions, serving more than 220 countries and territories around the globe. We can serve this global network due to our outstanding team of FedEx team members, who are tasked with making every FedEx experience outstanding.\n\nOur Philosophy\n\nThe People-Service-Profit philosophy (P-S-P) describes the principles that govern every FedEx decision, policy, or activity. FedEx takes care of our people; they, in turn, deliver the impeccable service demanded by our customers, who reward us with the profitability necessary to secure our future. The essential element in making the People-Service-Profit philosophy such a positive force for the company is where we close the circle, and return these profits back into the business, and invest back in our people. Our success in the industry is attributed to our people. Through our P-S-P philosophy, we have a work environment that encourages team members to be innovative in delivering the highest possible quality of service to our customers. We care for their well-being, and value their contributions to the company.\n\nOur Culture\n\nOur culture is important for many reasons, and we intentionally bring it to life through our behaviors, actions, and activities in every part of the world. The FedEx culture and values have been a cornerstone of our success and growth since we began in the early 1970's. While other companies can copy our systems, infrastructure, and processes, our culture makes us unique and is often a differentiating factor as we compete and grow in today's global marketplace.",Login to check your skill match score,Permanent Job,"SAS, Python, Sql",2026-02-23 00:04:58
Data Analyst,FedEx,2-4 Years,,"Bengaluru, India","Design and implement processes and solutions associated with a wide variety of data sets used for data/text mining, analysis to support informed business decisions. Gain insight into key business and deliverables by examining structured and unstructured data from multiple disparate sources. Effectively use current and emerging technologies to evaluate trends and develop actionable insights and recommendations to management, via the information available for analysis. Learn to use data, statistical and quantitative analysis, to drive decision making.\n\nGrade : T2\n\nPlease note that the Job will close at 12am on Posting Close date, so please submit your application prior to the Close Date\n\nWhat Your Main Responsibilities Are:\n\nActs as a technical expert on complex and specialist subject(s). Supports management with the analysis, interpretation and application of complex information, contributing to the achievement of divisional and corporate goals. Supports or leads projects by applying area of expertise.\n\nJob Description Summary\n\nThe Analyst will collaborate with global stakeholders to execute, validate, audit, and monitor revenue management/pricing strategies for FedEx's strategic customersanalysing large datasets for recommendations, creating decision-making visibility through compelling visualizations, and driving process improvements for better customer experience.\n\nDemonstrate understanding of core business concepts (financial metrics, market dynamics, competitive landscapes, pricing models, revenue/cost structures, margins, P&L). Communicate results effectively to diverse audiences using current/emerging technologies.\n\nJob Description\n\nPlease note that the Job will close at 12am on Posting Close date, so please submit your application prior to the Close Date\n\nWhat Your Main Responsibilities Are:\n\nCollect, clean, and analyse large datasets to implement business rules.\nAssist in developing data-driven strategies and recommendations for business decisions.\nCollaborate with cross-functional teams to identify trends, patterns, and opportunities.\nContribute to the continuous improvement of data quality and analytics processes.\nEnsure aligning with regions for timely, accurate, quality checked setup of discounts and pricing transition to FedEx Pricing systems and relevant tools.\nTransform, optimize Pricing processes for improved efficiency, reduced turnaround times and human intervention through process automation.\n\nWhat Are We Looking For\n\nAdditional Job Description\n\nEducation\n\nBachelor's degree (or equivalent) in Computer Science, MIS, Mathematics, Statistics, or a related discipline.\n\nExperience\n\n2-4 years of experience as a Data Analyst or similar role.\n\nKnowledge, Skills, And Abilities\n\nProficient in SQL, SAS and Python, Data Visualization tool e.g. Power BI\nStrong analytical skills with an eye for detail, to deliver accurate results and actionable recommendation.\nGood understanding on pricing models/systems, revenue & cost structures, contribution & operating margins, and P&L views\nCollaborate effectively (Stakeholder Management) with team members across different regions to achieve common goals, effective communication skills to communicate with people across all levels including senior management.\n\nAnalytical Skills, Accuracy & Attention to Detail, Planning & Organizing Skills, Influencing & Persuasion Skills, Presentation Skills\n\nFedEx was built on a philosophy that puts people first, one we take seriously. We are an equal opportunity/affirmative action employer and we are committed to a diverse, equitable, and inclusive workforce in which we enforce fair treatment, and provide growth opportunities for everyone.\n\nAll qualified applicants will receive consideration for employment regardless of age, race, color, national origin, genetics, religion, gender, marital status, pregnancy (including childbirth or a related medical condition), physical or mental disability, or any other characteristic protected by applicable laws, regulations, and ordinances.\n\nOur Company\n\nFedEx is one of the world's largest express transportation companies and has consistently been selected as one of the top 10 World's Most Admired Companies by Fortune magazine. Every day FedEx delivers for its customers with transportation and business solutions, serving more than 220 countries and territories around the globe. We can serve this global network due to our outstanding team of FedEx team members, who are tasked with making every FedEx experience outstanding.\n\nOur Philosophy\n\nThe People-Service-Profit philosophy (P-S-P) describes the principles that govern every FedEx decision, policy, or activity. FedEx takes care of our people; they, in turn, deliver the impeccable service demanded by our customers, who reward us with the profitability necessary to secure our future. The essential element in making the People-Service-Profit philosophy such a positive force for the company is where we close the circle, and return these profits back into the business, and invest back in our people. Our success in the industry is attributed to our people. Through our P-S-P philosophy, we have a work environment that encourages team members to be innovative in delivering the highest possible quality of service to our customers. We care for their well-being, and value their contributions to the company.\n\nOur Culture\n\nOur culture is important for many reasons, and we intentionally bring it to life through our behaviors, actions, and activities in every part of the world. The FedEx culture and values have been a cornerstone of our success and growth since we began in the early 1970's. While other companies can copy our systems, infrastructure, and processes, our culture makes us unique and is often a differentiating factor as we compete and grow in today's global marketplace.",Login to check your skill match score,Permanent Job,"SAS, Python, Sql",2026-02-23 00:04:59
Lead Data Analyst,FedEx,8-10 Years,,"Bengaluru, India","What your main responsibilitiesare\nLead and implement advanced analytical processes through data/text mining, model development, and prediction to enable informed business decisions.\nApply sound analytical expertise to examine structured and unstructured data from multiple disparate sources to provide insights and recommend high-quality solutions to leadership across levels.\nPlan initiatives from concept to execution with minimal supervision and communicate results toa broad range of audiences.\nLeadership\nLead cross functional projects and programs formally preparing and presenting to management. Routinely work on multiple highly complex assignments concurrently. Provides consultation to Sr. Leadership on a regular basis. Curiosity and inquisitiveness- should be able to reason well and raise pertinent questions.\nExploration/Opportunity\nIdentification Identifies available data, including internal and external data sources, works with internal and external subject matter experts to select the relevant sources of information. Explores data sets from a variety of different sources to gather, synthesize and analyze relevant data. Explores data to refine hypotheses, discover new relationships, insights and analytic paths from the data. Identifies latest technological advances that accelerate the data analytics of the enterprise. Statistical Analysis & Evaluation\nProvides analytics expertise to solve in depth and technical problems. Develops design approaches to validate finding(s) or test hypotheses. Identifies/creates the appropriate algorithms to discover patterns, trends and clusters in related or unrelated variables. Gathers relevant information, identifies relationships, deduces from cause to effect, and draws logical conclusions to drive business decisions. Works in iterative processes with the customer/business partner and validates findings.\nPresentation/Strategic Recommendations\nPresenting senior executives with strong storytelling capability to drive insights out of data. Helps the business understand the data behind the results to gain stakeholder buy-in. Provides thought leadership and dependable execution on diverse projects. Leads discovery process with stakeholders to identify business requirements and expected outcome. Presents/frames business scenarios in ways that are meaningful and depicts their findings in easy-to understand terms.\nWhat we are looking for\n8+years of relevant experience in analytics/consulting/informatics and statistics\nKey Skills- Data and Business Analytics, Advanced Statistics, Stakeholder Management, Project Management.\nExposure to predictive analytics, any work streams like (DE, DS, BI) is an added advantage. Education MBA/master's in information systems, Computer Science, or a quantitative discipline such as mathematics, engineeringfromtier1/2 institutes\nTools- SQL, Python, Data Visualization, Power BI",Login to check your skill match score,Permanent Job,"Project Management, Advanced Statistics, Stakeholder Management, Data and Business Analytics, Power Bi, Data Visualization, Sql, Python",2026-02-23 00:05:00
"Reference Data Analyst, Associate",Deutsche Bank,5-7 Years,,"Pune, India","Position Overview\n\nJob Title: Reference Data Analyst, AS\n\nLocation: Pune, India\n\nRole Description\n\nThe Reference Data Analyst supports regulatory reporting by performing daily data aggregation for party records.\nThis role executes established data quality controls and maintains meticulous process documentation, ensuring adherence to regulatory requirements.\nThey assist the regulatory reporting team, help resolve issues by collaborating with stakeholders and contribute to process improvements for data accuracy and efficiency.\nThese services are crucial for supporting the organization's data outputs and operational integrity.\n\nWhat We'll Offer You\n\n\nAs part of our flexible scheme, here are just some of the benefits that you'll enjoy\n\nBest in class leave policy\nGender neutral parental leaves\n100% reimbursement under childcare assistance benefit (gender neutral)\nSponsorship for Industry relevant certifications and education\nEmployee Assistance Program for you and your family members\nComprehensive Hospitalization Insurance for you and your dependents\nAccident and Term life Insurance\nComplementary Health screening for 35 yrs. and above\n\nYour Key Responsibilities\n\n\nExecute daily data aggregation tasks for diverse party data, ensuring timely and accurate delivery of datasets to reporting teams, following defined SLAs.\nPerform comprehensive data quality checks, validation rules, and control procedures on incoming and aggregated party data to identify and log errors.\nAssist in maintaining control reports and dashboards to monitor data quality metrics and pipeline health, supporting continuous oversight of data integrity.\nInvestigate and document identified data discrepancies, quality issues, or aggregation failures within party records, tracking their impact diligently.\nSupport collaboration with source system owners and IT to facilitate resolution of identified data defects at their origin, ensuring corrective actions.\nMaintain and update operational runbooks, process documentation, and data lineage, ensuring compliance with banking policies and regulatory standards.\nProvide support as a point of contact for reporting teams, offering clarification, issue updates, and assisting with data quality status communication.\nAssist in identifying and documenting improvements to existing data aggregation processes, tools, and controls to enhance efficiency and accuracy.\n\nYour Skills And Experience\n\n\nDomain Skills\n\nOver 5 years of experience in the Financial Services Industry, with 3+ year focused on data management or reference data.\nBasic understanding of diverse banking product data (deposits, loans, cards) and their relationships with customer and account party records.\nFamiliarity with critical banking reference data including currency codes, LEIs, and branch codes, supporting accurate record aggregation.\nAwareness of financial services data privacy regulations (e.g., GDPR, CCPA) and their implications for sensitive party data handling.\nFoundational understanding of key financial reporting requirements (Basel III, IFRS, CCAR) and how aggregated data contributes.\nAbility to assist in identifying data-related risks (quality, security, non-compliance) impacting financial reporting and critical submissions.\nFamiliarity with internal audit requirements, data governance frameworks, and basic operational risk controls within banking.\nProficiency in creating MI Reporting using advanced Excel functions and assisting with data visualizations in tools like Tableau.\nStrong analytical and problem-solving skills, capable of understanding and contributing to breaking down complex data situations.\nAbility to foster trust and collaborate effectively within a team, demonstrating good communication skills with various stakeholders.\n\nCommunication Skills\n\n\nStrong stakeholder management skills across various seniority levels\nGood verbal and written communication skills at all levels - onshore & remote\nAbility to visualise complex topics to converse with stakeholders.\n\nTechnical Skills\n\n\nExpert at data identification, validation, correction and reconciliation.\nAdvanced knowledge of MS Excel and MS PowerPoint is a must\n\nSoft Skills\n\n\nAbility to work independently and take ownership\nFlexibility to handle multiple parallel projects / engagements\nAbility and interest to adopt to new requirements and new data domains (e.g. switching from a Party reference to a Credit Risk requirement)\n\nEducational Qualification\n\n\nDegree in any subject or business management\n\nHow We'll Support You\n\n\nTraining and development to help you excel in your career\nCoaching and support from experts in your team\nA culture of continuous learning to aid progression\nA range of flexible benefits that you can tailor to suit your needs\n\nAbout Us And Our Teams\n\n\nPlease visit our company website for further information:\n\nhttps://www.db.com/company/company.html\n\nWe strive for a culture in which we are empowered to excel together every day. This includes acting responsibly, thinking commercially, taking initiative and working collaboratively.\n\nTogether we share and celebrate the successes of our people. Together we are Deutsche Bank Group.\n\nWe welcome applications from all people and promote a positive, fair and inclusive work environment.",Login to check your skill match score,Permanent Job,"data quality checks, Reference Data, data aggregation, Data Management, Ms Excel, MS PowerPoint, Tableau",2026-02-23 00:05:01
Data analyst and reporting Carbon & Circularity,Hitachi Energy,4-6 Years,,"Bengaluru, India","Location:\nBengaluru, Karnataka, India\nJob ID:\nR0109256\nDate Posted:\n2025-11-24\nCompany Name:\nHITACHI ENERGY TECHNOLOGY SERVICES PRIVATE LIMITED\nProfession (Job Category):\nCustomer Service & Contact Center Operations\nJob Schedule:\nFull time\nRemote:\nNo\nJob Description:\nThe opportunity:\nThe SCM Sustainability Analyst plays a key role in supporting global sustainability initiatives within the supply\nchain function. This role focuses on data-driven analysis, reporting, and tool management to monitor supplier performance, carbon and circularity metrics, and compliance. The analyst will work across various digital\nplatforms and dashboards to support strategic decision-making and continuous improvement in sustainable supply chain practices.\nHow you'll make an impact:\nManage and analyze data from sustainability tools (Carbon & Circularity, Power BI, EcoVadis, Responsible Minerals, etc.).\nDevelop automated reports and dashboards to track SCM sustainability KPIs.\nSupport programs such as GHG assessments, circularity tracking, and supplier compliance.\nCollaborate with global teams and assist in internal/external sustainability reporting.\nIdentify process improvement opportunities and support rollout of new tools and training.\nDevelop and maintain automated reports and visualizations to support SCM sustainability KPIs.\nEnsure data accuracy, consistency, and timely updates across platforms.\nSupport implementation of sustainability initiatives such as supplier GHG assessments, circularity tracking and resource efficiency analysis, and smelter engagement through the Responsible Minerals Initiative (RMI).\nCollaborate with global SCM teams to monitor supplier performance and compliance.\nAssist in preparing internal and external sustainability reports.\nDrive process improvements by streamlining data collection and reporting, collaborating with cross-functional teams (SCM, Quality, Sustainability, Legal) to align standards, and supporting the rollout of new tools and dashboards with training and documentation.\nResponsible for ensuring compliance with applicable external and internal regulations, procedures, and guidelines.\nLiving Hitachi Energy's core values safety and integrity, which means taking responsibility for your own actions while caring for yourcolleagues and the business.\nYour background:\nMust have bachelor's degree in Sustainability, Supply Chain, Data Analytics, Environmental Science, or related field.\nShould have 4+ years of experience in sustainability reporting, supply chain analytics, or ESG data management.\nExperience in data analytics within global organizations, with knowledge of responsible sourcing, carbon accounting, circular economy, scenario modeling, and supply chain compliance systems.\nHaving experience working with tools like PowerBi, Celonis, EcoVadis, and other sustainability platforms is a advantage.\nProficiency in Excel, PowerBI, and data integration tools & familiarity with sustainability frameworks (GHG Protocol, RMI, ESG standards).\nProficiency in both spoken & written English language is required.\nQualified individuals with a disability may request a reasonable accommodation if you are unable or limited in your ability to use or access the Hitachi Energy career site as a result of your disability. You may request reasonable accommodations by completing a on our website. Please include your contact information and specific details about your required accommodation to support you during the job application process.\nThis is solely for job seekers with disabilities requiring accessibility assistance or an accommodation in the job application process. Messages left for other purposes will not receive a response.",Login to check your skill match score,Permanent Job,"Responsible Minerals, data integration tools, GHG Protocol, ESG standards, EcoVadis, Power Bi, Excel, Rmi",2026-02-23 00:05:03
Data Analyst,Guidehouse,Fresher,,"Chennai, India","Job Family\n\nEBO Management Information System (India)\n\nTravel Required\n\nNone\n\nClearance Required\n\nNone\n\nWhat You Will Do\n\nGather data from primary and secondary sources, ensuring the upkeep of databases and data systems.\nDetect, examine, and decode trends or patterns within intricate datasets.\nCleanse data and scrutinize computer-generated reports and outputs to identify and rectify coding errors.\nCoordinate with management to align business and informational priorities.\nIdentify opportunities for process enhancements.\nEmploy statistical techniques to scrutinize data and produce actionable business insights.\nCollaborate with the management team to determine and rank the needs of different business units.\nDevelop data dashboards, charts, and visual aids to support decision-making across departments.\nConvey insights through both reports and visual presentations.\nEngage with managers from various departments to specify data requirements for analysis projects tailored to their unique business processes.\n\nWhat You Will Need\n\nPossess a solid foundation in statistics and practical experience with statistical software such as Excel.\nExhibit exceptional analytical abilities to compile, structure, examine, and present substantial data sets with precision and thoroughness.\nCapable of critically evaluating data to derive meaningful, actionable insights.\nDemonstrate superior communication and presentation capabilities, adept at simplifying complex data insights for audiences without a technical background.\nA bachelor's degree in Computer Science, Information Management, Statistics, or a comparable discipline is required, with prior experience in data analysis or a related field being advantageous.\n\nWhat Would Be Nice To Have\n\nPower Platform tools (PowerApps, Power Automate) for process automation\nExperience with SQL development or ETL processes\nExperience with Python on process automation, data manipulation and analysis\n\nWhat We Offer\n\nGuidehouse offers a comprehensive, total rewards package that includes competitive compensation and a flexible benefits package that reflects our commitment to creating a diverse and supportive workplace.\n\nAbout Guidehouse\n\nGuidehouse is an Equal Opportunity EmployerProtected Veterans, Individuals with Disabilities or any other basis protected by law, ordinance, or regulation.\n\nGuidehouse will consider for employment qualified applicants with criminal histories in a manner consistent with the requirements of applicable law or ordinance including the Fair Chance Ordinance of Los Angeles and San Francisco.\n\nIf you have visited our website for information about employment opportunities, or to apply for a position, and you require an accommodation, please contact Guidehouse Recruiting at 1-571-633-1711 or via email at [HIDDEN TEXT]. All information you provide will be kept confidential and will be used only to the extent required to provide needed reasonable accommodation.\n\nAll communication regarding recruitment for a Guidehouse position will be sent from Guidehouse email domains including @guidehouse.com or [HIDDEN TEXT]. Correspondence received by an applicant from any other domain should be considered unauthorized and will not be honored by Guidehouse. Note that Guidehouse will never charge a fee or require a money transfer at any stage of the recruitment process and does not collect fees from educational institutions for participation in a recruitment event. Never provide your banking information to a third party purporting to need that information to proceed in the hiring process.\n\nIf any person or organization demands money related to a job opportunity with Guidehouse, please report the matter to Guidehouse's Ethics Hotline. If you want to check the validity of correspondence you have received, please contact [HIDDEN TEXT]. Guidehouse is not responsible for losses incurred (monetary or otherwise) from an applicant's dealings with unauthorized third parties.\n\nGuidehouse does not accept unsolicited resumes through or from search firms or staffing agencies. All unsolicited resumes will be considered the property of Guidehouse and Guidehouse will not be obligated to pay a placement fee.",Login to check your skill match score,Permanent Job,"Power Platform tools, ETL processes, Statistics, Powerapps, Power Automate, Excel, Sql Development, Python",2026-02-23 00:05:04
Data Analyst,Scoutit,Fresher,,"Gurugram, Gurugram, India","We're looking for Data Analysts!\n\nResponsibilities\n\nCollect, clean, and analyze HR data from various sources.\nBuild and maintain dashboards and HR reports using tools like Excel.\nTrack and report on key HR metrics such as headcount, turnover, time to hire, diversity, performance, etc.\nCollaborate with HR and business leaders to understand data needs and deliver insights.\nDevelop predictive models and trend analyses to forecast workforce needs and identify risks.\nEnsure data accuracy, integrity, and compliance with data privacy regulations (e.g., GDPR).\nPresent data-driven findings and recommendations to stakeholders in a clear and compelling way.\n\n(*Note: This is a requirement for one of Scoutit's clients)\n\nSkills: data,dashboards,excel",Login to check your skill match score,Permanent Job,"data dashboards, Excel",2026-02-23 00:05:06
Data Analyst,Updraft,Fresher,,"Bengaluru, India","Updraft. Helping you make changes that pay off.\n\nUpdraft is an award winning, FCA-authorised, high-growth fintech based in London. Our vision is to revolutionise the way people spend and think about money, by automating the day to day decisions involved in managing money and mainstream borrowings like credit cards, overdrafts and other loans.\n\nA 360 degree spending view across all your financial accounts (using Open banking)\nA free credit report with tips and guidance to help improve your credit score\nNative AI led personalised financial planning to help users manage money, pay off their debts and improve their credit scores\nIntelligent lending products to help reduce cost of credit\n\nWe have built scale and are getting well recognised in the UK fintech ecosystem.\n\n800k+ users of the mobile app that has helped users swap c 500 m of costly credit-card debt for smarter credit, putting hundreds of thousands on a path to better financial health\nThe product is highly rated by our customers. We are rated 4.8 on Trustpilot, 4.8 on the Play Store, and 4.4 on the iOS Store\nWe are selected for Technation Future Fifty 2025 - a program that recognizes and supports successful and innovative scaleups to IPOs - 30% of UK unicorns have come out of this program.\nUpdraft once again featured on the Sifted 100 UK startups - among only 25 companies to have made the list over both years 2024 and 2025\n\nWe are looking for exceptional talent to join us on our next stage of growth with a compelling proposition - purpose you can feel, impact you can measure, and ownership you'll actually hold. Expect a hybrid culture where cross-functional squads tackle real-world problems with cutting-edge tech; generous learning budgets and wellness benefits; and the freedom to experiment, ship, and see your work reflected in customers financial freedom. At Updraft, you'll help build a fairer credit system.\n\nRole And Responsibilities\n\nAs a Data Analyst, you will design clear KPI frameworks, build reliable dashboards, and deliver performance reporting across our loan products and collections functions. You will monitor acquisition, conversion, repayment behaviour, and portfolio health to surface trends early, highlight commercial risks, and measure the impact of experiments, pricing updates, underwriting changes, and collections strategies. Your work will ensure decisions are grounded in accurate data and focused on sustainable growth.\n\nRequirements\n\nStrong analytical and problem solving skills with the ability to structure ambiguous problems\nAbility to translate complex analysis into clear insights and compelling data stories for non technical stakeholders\nStrong proficiency in SQL for querying, transforming, and validating data\nProficiency in Python for data analysis, automation, and exploratory work\nStrong communication skills and ability to collaborate effectively with commercial, product, and engineering teams\nFamiliarity with modern agentic AI tools and AI assisted workflows to improve productivity and analysis quality\nComfortable with vibe coding practices and tools such as Claude and Cursor to accelerate development and problem solving\nExperience working with large datasets and building reliable reporting solutions\nGood understanding of data modelling and warehouse concepts\n\nGood to have:\n\nExperience with DBT for data transformation and Airflow for workflow orchestration\nExperience in startups or fast paced environments\nExperience in a lending business\n\nBenefits\n\nOpportunities to Take Ownership - Work on high-impact projects with real autonomy\nFast Career Growth - Gain exposure to multiple business areas and advance quickly\nBe at the Forefront of Innovation - Work on cutting-edge technologies or disruptive ideas\nCollaborative & Flat Hierarchy - Work closely with leadership and have a real voice\nDynamic, Fast-Paced Environment - No two days are the same; challenge yourself every day\nA Mission-Driven Company - Be part of something that makes a difference",Login to check your skill match score,Permanent Job,"Airflow, vibe coding practices, dbt, AI assisted workflows, modern agentic AI tools, Claude, Data Modelling, Cursor, Sql, Python",2026-02-23 00:05:07
Data Analyst,Updraft,Fresher,,"Bengaluru, India","Updraft. Helping you make changes that pay off.\n\nUpdraft is an award winning, FCA-authorised, high-growth fintech based in London. Our vision is to revolutionise the way people spend and think about money, by automating the day to day decisions involved in managing money and mainstream borrowings like credit cards, overdrafts and other loans.\n\nA 360 degree spending view across all your financial accounts (using Open banking)\nA free credit report with tips and guidance to help improve your credit score\nNative AI led personalised financial planning to help users manage money, pay off their debts and improve their credit scores\nIntelligent lending products to help reduce cost of credit\n\nWe have built scale and are getting well recognised in the UK fintech ecosystem.\n\n800k+ users of the mobile app that has helped users swap c 500 m of costly credit-card debt for smarter credit, putting hundreds of thousands on a path to better financial health\nThe product is highly rated by our customers. We are rated 4.8 on Trustpilot, 4.8 on the Play Store, and 4.4 on the iOS Store\nWe are selected for Technation Future Fifty 2025 - a program that recognizes and supports successful and innovative scaleups to IPOs - 30% of UK unicorns have come out of this program.\nUpdraft once again featured on the Sifted 100 UK startups - among only 25 companies to have made the list over both years 2024 and 2025\n\nWe are looking for exceptional talent to join us on our next stage of growth with a compelling proposition - purpose you can feel, impact you can measure, and ownership you'll actually hold. Expect a hybrid culture where cross-functional squads tackle real-world problems with cutting-edge tech; generous learning budgets and wellness benefits; and the freedom to experiment, ship, and see your work reflected in customers financial freedom. At Updraft, you'll help build a fairer credit system.\n\nRole And Responsibilities\n\nAs a Data Analyst, you will design clear KPI frameworks, build reliable dashboards, and deliver performance reporting across our loan products and collections functions. You will monitor acquisition, conversion, repayment behaviour, and portfolio health to surface trends early, highlight commercial risks, and measure the impact of experiments, pricing updates, underwriting changes, and collections strategies. Your work will ensure decisions are grounded in accurate data and focused on sustainable growth.\n\nRequirements\n\nStrong analytical and problem solving skills with the ability to structure ambiguous problems\nAbility to translate complex analysis into clear insights and compelling data stories for non technical stakeholders\nStrong proficiency in SQL for querying, transforming, and validating data\nProficiency in Python for data analysis, automation, and exploratory work\nStrong communication skills and ability to collaborate effectively with commercial, product, and engineering teams\nFamiliarity with modern agentic AI tools and AI assisted workflows to improve productivity and analysis quality\nComfortable with vibe coding practices and tools such as Claude and Cursor to accelerate development and problem solving\nExperience working with large datasets and building reliable reporting solutions\nGood understanding of data modelling and warehouse concepts\n\nGood to have:\n\nExperience with DBT for data transformation and Airflow for workflow orchestration\nExperience in startups or fast paced environments\nExperience in a lending business\n\nBenefits\n\nOpportunities to Take Ownership - Work on high-impact projects with real autonomy\nFast Career Growth - Gain exposure to multiple business areas and advance quickly\nBe at the Forefront of Innovation - Work on cutting-edge technologies or disruptive ideas\nCollaborative & Flat Hierarchy - Work closely with leadership and have a real voice\nDynamic, Fast-Paced Environment - No two days are the same; challenge yourself every day\nA Mission-Driven Company - Be part of something that makes a difference",Login to check your skill match score,Permanent Job,"Airflow, vibe coding practices, dbt, AI assisted workflows, modern agentic AI tools, Claude, Data Modelling, Cursor, Sql, Python",2026-02-23 00:05:08
Data Analyst,Binated,1-3 Years,,India,"Binated is hiring for Data Analyst in Pune!\nWe are looking for a Data Analyst who can transform data into meaningful insights that support business decision making. The ideal candidate should be comfortable working with large datasets, identifying trends, building reports, and collaborating with cross functional teams to drive data driven strategies.\nOnline: Please submit your resume to [HIDDEN TEXT] for faster response times\nJob Type: Full-time, Permanent\nKey Responsibilities\nCollect, clean, and analyze data from multiple sources.\nDevelop dashboards, reports, and visualizations to track key business metrics.\nIdentify trends, patterns, and actionable insights to support decision-making.\nWork closely with business teams to understand data requirements.\nPerform data validation and ensure accuracy and consistency.\nWrite SQL queries to extract and manipulate data.\nPresent findings in a clear and simple manner to stakeholders.\nSupport automation of reports and data workflows.\nRequired Qualifications\nBachelor's degree in Data Science, Statistics, Computer Science, Business Analytics, or related field.\n13 years of experience in data analysis (freshers with strong skills may apply).\nStrong knowledge of SQL and Excel.\nExperience with data visualization tools such as Power BI, Tableau, or Looker.\nBasic understanding of statistics and data modeling.\nStrong analytical and problem-solving skills.\nGood communication and presentation skills.\nPreferred Skills\nKnowledge of Python or R for data analysis.\nExperience working with large datasets or cloud data platforms.\nUnderstanding of business KPIs and reporting frameworks.\nFamiliarity with automation and workflow tools.\nBenefits:\nLeave encashment\nProvident Fund\nSupplemental Pay Types:\nOvertime pay\nShift allowance\nYearly bonus\nBinated does not charge any fee at any stage of the recruitment & selection process. Binated has not authorized any person/agency/partner to collect any fee for recruitment from candidates. If at all you notice the above, please bring it to our attention immediately.",Login to check your skill match score,Permanent Job,"Looker, Power Bi, Tableau, Excel, Sql",2026-02-23 00:05:09
Data Analyst,Good Health Company,2-4 Years,,"Hyderabad, India","Job Title: Data Analyst\nCompany: MARS by Good Health Company\nLocation: Hyderabad\nExperience:24 Years\nEmployment Type: Full-time\nAbout MARS by Good Health Company\nMARS by Good Health Company is a fast-growing, innovation-driven brand focused on building impactful consumer products in the health and wellness space. We believe in data-backed decision-making and are looking for a Data Analyst who can turn numbers into meaningful insights that drive growth, efficiency, and customer experience.\nJob Summary\nWe are seeking a highly analytical and business-focused Data Analyst to support MARS growth by analyzing business, marketing, sales, and operational data. The role involves working closely with leadership and cross-functional teams to deliver insights that influence strategic and day-to-day decisions.\nKey Responsibilities\nAnalyze business, sales, marketing, and customer data to identify trends and growth opportunities\nBuild and maintain dashboards and MIS reports for leadership review\nTrack and report key KPIs across revenue, customer acquisition, retention, and operations\nSupport performance analysis for campaigns, product launches, and partnerships\nClean, validate, and manage data from multiple internal and external sources\nWork with teams to define data requirements and improve reporting accuracy\nAutomate recurring reports and streamline data workflows\nPresent insights and recommendations in a clear, actionable manner.\nRequired Skills & Qualifications\nBachelor's degree in Data Science, Statistics, Mathematics, Engineering, or related field\nStrong proficiency in Excel / Google Sheets\nHands-on experience with SQL\nExperience with BI and visualization tools (Power BI, Tableau, Looker, etc.)\nSolid understanding of data analysis, metrics, and reporting\nAbility to translate data into business insights\nStrong communication and stakeholder-management skills.\nPreferred Skills (Good to Have)\nExperience with Python (Pandas, NumPy) or R\nExposure to consumer brands, D2C, e-commerce, or health/wellness domains\nUnderstanding of funnel metrics, cohort analysis, and unit economics\nFamiliarity with CRM, marketing analytics, or ERP data\nExperience working in fast-paced startup environments",Login to check your skill match score,Permanent Job,"data analysis metrics, Looker, Reporting, Power Bi, google sheets, Tableau, Excel, Sql",2026-02-23 00:05:10
Data Analyst,Aptita,Fresher,,"Hyderabad, India","Position: Data Analyst\nLocation: Hyderabad\nNight shift.\nWalk in Drive interview is on 21st Feb 2026.\n- Salesforce operations and data hygiene\n- Strong soft skills: clear communication, positive energy, professionalism, responsiveness on Slack\n- WBR / RTBR support and opportunity data corrections\n- Ability to learn domain (Client GTM concepts) quickly and operate with curiosity\n- Regular data loads and frontline sales support\n- Basic SQL: run, edit, and slightly modify queries (base queries provided)\n- Comfortable creating/managing Salesforce ops cases and updating records (SFDC familiarity desirable)\n- Support Genesis on activation-metrics dashboards and minor edits (Hubble)\n- Attention to detail for data corrections and case-by-case validations\n- Prepare WBR/RTBR and biweekly 25-slide RTBR deck (every 2 weeks 2 days of work)\n- Ability to follow runbooks and perform repeatable operational tasks reliably\n- Build QBR/MBR data packs for activation & realization as needed\n- Handle SFDC cases and hygiene: create cases, data corrections, and validate opportunity states\n- Run and deliver 2+ weekly data loads to SFDC (generate CSVs from queries; coordinate with central ops/data management team)\n- Respond to 45 sales support / activation help desk cases daily via Slack\n- Execute ad-hoc reporting and write/edit standard SQL queries (base queries provided)\n- Maintain documentation, runbooks, and support knowledge transfer; escalate complex issues to senior analysts or Genesis",Login to check your skill match score,Permanent Job,"Data hygiene, Activation-metrics dashboards, Salesforce operations, Data corrections, Ad-hoc reporting, Data loads, Sql",2026-02-23 00:05:11
Data Analyst,Snapmint,Fresher,,"Mumbai, India","About Snapmint:\nSnapmint is a leading fintech company redefining access to consumer credit in India. With over 10 million customers across 2,200+ cities, our zero-cost EMI platform enables responsible purchases without the need for a credit card across categories like fashion, electronics, and lifestyle. India has over 300 million credit-eligible consumers, yet fewer than 35 million actively use credit cards.\nSnapmint addresses this gap by offering a trusted, transparent alternative grounded in financial inclusion and ethical lending practices.\nFounded in 2017, Snapmint is a profitable, high-growth company doubling year-on-year. Our founding team, alumni of IIT Bombay and ISB, brings deep experience from companies like Oyo, Ola, Maruti Suzuki, and has successfully built and exited ventures in ad-tech, patent analytics, and bank-tech. We are building the future of responsible consumer finance, simple, transparent, and customer-first.\nKey Responsibilities:\nOwn end-to-end analytics using SQL and Python affecting customer experience (CX), communications, loan repayments, product journeys affecting customer experience and seller experience\nTranslate raw, complex datasets into clear insights, narratives, and actionable recommendations for Product, Operations, and CX teams.\nPartner with product and collections team to redesign repayment flows, customer experience flows and support in improving collection efficiencies by optimizing communication across various channels\nDrive root cause analysis for various incidences and suggest corrective and preventive actions to avoid such incidents in the future.\nMeasure effectiveness of proactive communications (SMS, WhatsApp, Email, IVR)\nRun pre/post and A/B analysis on Message content, channel selection, timing and frequency\nIdentify communication gaps that result in customer confusion, complaints, or repeat calls.\nTechnical Skills:\nSQL (Advanced)\nWrite complex, optimized SQL queries including nested queries, CTEs, window functions, and multi-stage aggregations.\nPerform cohort, funnel, and trend analysis on billion-row datasets, optimizing performance.\nPython for Analytics\nUse Python (Pandas, NumPy) for exploratory analysis, feature creation, and deep dives.\nAutomate recurring analytical workflows and reporting pipelines.\nEducational Qualifications: Bachelor's degree in mathematics, engineering, statistics or related fields",Login to check your skill match score,Permanent Job,"Numpy, Pandas, Python, Sql",2026-02-23 00:05:13
"Data Analyst, Data Analytics",Cardinal Health,6-9 Years,,"Bengaluru, India","What Data Analytics Contributes To Cardinal Health\n\nHeadquartered in Dublin, Ohio, Cardinal Health, Inc. (NYSE: CAH) is a global, integrated healthcare services and products company connecting patients, providers, payers, pharmacists and manufacturers for integrated care coordination and better patient management. Backed by nearly 100 years of experience,\n\nwith more than 50,000 employees in nearly 60 countries, Cardinal Health ranks among the top 20 in the Fortune 500.\n\nDepartment Overview\n\nAugmented Intelligence (augIntel) builds automation, analytics and artificial intelligence solutions that drive success for Cardinal Health by creating material savings, efficiencies and revenue growth opportunities.\n\nThe team drives business innovation by leveraging emerging technologies and turning them into differentiating business capabilities.\n\nJob Overview\n\nDesigning, building and operationalizing visualization and user interface (UI) solutions (department, business unit, and enterprise level) leveraging data sourced from Google Cloud Platform and AtScale. Expect high proficiency in visualization (i.e. Tableau, Looker, Excel) and user interface concepts and design leveraging best in class tools to represent and provide access to insights in data repositories, machine learning models, and artificial intelligence applications. The Data Analyst will be a part of Global Medical Products Distribution team, operating as a Run & Support function responsible for stability, reliability, continuous improvement of Alteryx workflows and performing operational run activities.\n\nResponsibilities\n\nDesigning and implementing data visualization and user interfaces leveraging tools that connect to GCP cloud tools and services as well as AtScale\nDesigning and building visualizations in conjunction with machine learning Algorithms (process and outputs) and providing visibility to next best actions to take\nWorking with both business users and developers, draft visualization requirements and provide innovative ideas that are well beyond reporting what happened\nAnalyzing, re-architecting and re-platforming existing visualization that may point to local data sources or databases and recreating in GCP\nRe-engineering business logic embedded in existing visualizations that need to be integrated into GCP data stores to enable sharing across other business functions\nDesigning and implementing data pipelines, ingestion and curation functions on GCP cloud using GCP native or custom programming\n\nDesired Qualification\n\nCollaborate with business stakeholders to solve complex problems through data analytics\nFrequently interacts with subordinates, customers, and peer groups at various management levels\nApply Business Intelligence & Analytics development methodology to problem solving (Define, Develop, Validate, and Implement)\nAsk probing questions to translate business needs to build and design analytics solutions\nInterpret results of analyses, identifies trends and issues (forecasting), and develops alternatives to support business objectives\nWorking with both business users and developers, draft requirements and provide innovative ideas that are well beyond reporting what happened\nExperience building wireframes, mock-ups, and process flow that present the art of the possible for users to interact with and provide direction\nActively collaborates with data engineers, modelers, data scientists and business leaders to provide design input and rapid prototypes\nWorks on and leads complex activities of large data scope areas, providing solutions which may set a precedent\nEnsure employees operate within guidelines and administer and exercises policies and procedures\n\nDescription\n\nStrong customer focus and interaction to listen to users, explore the data, and present multiple alternatives to meet solution objectives\nWorks on and ability to lead complex activities of large data scope areas, providing solutions which may set a precedent\n6 to 9 years of total work experience with at least 3+ years of hands-on experience developing Alteryx workflow(must-have) and business-focused visualizations and user interfaces (Tableau, Excel, Looker)\nExperience in writing complex SQL queries, stored procedures\nExperience in Python and GCP will be a plus\nAgile development skills and experience\nStrong verbal and communication skills\nStrong analytical and problem-solving skills\nAbility to work in US shift (5:30 PM IST 2:30 AM IST)\nTableau/ Google Cloud certification is a plus\n\nCandidates who are back-to-work, people with disabilities, without a college degree, and Veterans are encouraged to apply. Cardinal Health supports an inclusive workplace that values diversity of thought, experience and background. We celebrate the power of our differences to create better solutions for our customers by ensuring employees can be their authentic selves each day. Cardinal Health is an Equal Opportunity/Affirmative Action employer. All qualified applicants will receive consideration for employment\n\nwithout regard to race, religion, color, national origin, ancestry, age, physical or mental disability, sex, sexual orientation, gender identity/expression, pregnancy, veteran status, marital status, creed, status with regard to public assistance, genetic status or any other status protected by federal, state or local law.\n\nCandidates who are back-to-work, people with disabilities, without a college degree, and Veterans are encouraged to apply.\n\nCardinal Health supports an inclusive workplace that values diversity of thought, experience and background. We celebrate the power of our differences to create better solutions for our customers by ensuring employees can be their authentic selves each day. Cardinal Health is an Equal Opportunity/Affirmative Action employer. All qualified applicants will receive consideration for employment without regard to race, religion, color, national origin, ancestry, age, physical or mental disability, sex, sexual orientation, gender identity/expression, pregnancy, veteran status, marital status, creed, status with regard to public assistance, genetic status or any other status protected by federal, state or local law.",Login to check your skill match score,Permanent Job,"Looker, Google Cloud Platform, Alteryx, Tableau, Excel, Python, Sql",2026-02-23 00:05:14
Walk-In Drive For Supply Chain Data Analyst on 23rd Feb at Bangalore,Infosys BPM,3-5 Years,,"Bengaluru, India","Walk-in drive for Supply Chain Data Analyst on 23rd February 2026 at Bangalore location.\nGreeting from Infosys BPM Ltd.,\nYou are kindly invited for the Infosys BPM:Walk-In Drive on 23rd February 2026 atBangalore.\nNote:Please carry copy of this email to the venue and make sure you register your application before attending the walk-in. Please mention Candidate ID on top of the Resume\nPlease use below link to apply and register your application.\nhttps://career.infosys.com/jobdescjobReferenceCode=PROGEN-HRODIRECT-238915\nInterview Information:\nInterview Date: 23rd February 2026\nInterview Time: 10:00 Am to 01:00 PM\nInterview Venue: Bangalore - Infosys Limited, No. 40/P-41/P, Building # 68, Gate: 2, Electronic City phase 2, Industrial Area, Konappana Agrahara, Bangalore 560100.\nLandmark: In Between Sunik Industries and Tejas Networks\nDocuments to Carry\nPlease carry 2 set of updated CV (Hard Copy)\nCarry any 2 photo Identity proof (PAN Card mandatory/Driving License/Voters ID card/Passport)\nNote: Only immediate joiner and who are available to join with 30 days. And candidates with P2P experience is not eligible to attend the Walkin Drive.\nJob Description:\nJob Role: Supply Chain Data Analyst\nJob Location: Bangalore\nExperience: 3+ yrs\nShift: Flexible with all shifts\nMandatory skills: SAP MM + Supply Chain\nRole:\nThis role will be responsible for Supply Chain Master Data Management activities, including material creation, updating, extension and day today maintenance of supply chain data in the SAP system. The ideal candidate will have strong domain expertise in Material Master, excellent analytical and communication skills and the ability to work collaboratively with cross functional teams.\nResponsibilities:\nStrong understanding and hands-on experience in Supply Chain Master Data Management and awareness of its impact on downstream supply chain and business processes.\nMinimum 3 years of experience in Material Master data maintenance in the SAP system (preferably within the Oil & Gas industry).\nDemonstrated SAP functional knowledge, including understanding of SAP tables, Tcodes, and overall system structure.\nPerform material creation, extension, and location setup activities in SAP, including Stripes material extensions and updates.\nDetermine missing material attributes through data analysis and by collaborating with requestors, refineries, PQ, tax, trade compliance, traders, and other stakeholders.\nExecute material deactivation activities and support periodic master data clean-up processes.\nCreate and update Bills of Materials (BOMs) based on PMI requests.\nValidate all incoming requests through detailed analysis to ensure accuracy and completeness, especially when business inputs are unclear or incorrect.\nManage MRP (Market Reference Price) and transfer price updates in SAP.\nPerform periodic MRP uploads (monthly WD4 to WD+4) and ad hoc uploads for new material plant combinations.\nCreate FPW (Formula Price Workbench) formulas for MRP under TORA functionality.\nMonitor and troubleshoot IDOCs to ensure successful data flow across integrated systems.\nMaintain Service Master records to support cost recovery processes and ensure visibility for terminals.\nPerform table updates and support routine master data clean-up and governance activities.\nMonitor Web Methods notifications to ensure seamless system integration.\nGenerate business reports as needed by internal stakeholders.\nProvide analytical support, troubleshooting, and data related advisory services to business teams.\nHandle service requests and incidents through ServiceNow (SNOW).\nWork with Navarik, VIP, and other supply chain tools as required.\nSupport plant deactivation activities for both operational needs and data clean-up requirements.\nRecommend improvements to enhance data quality, reduce processing time, and support future requirements.\nCollaborate closely with procurement, supply chain, and maintenance teams to improve data accuracy and optimize inventory management.\nSkills:\n3-7 year's experience in the Master Data Management domain extensive work experience in material master.\nExcellent communication skills with strong attention to detail.\nProcess-oriented mindset with strong problem-solving abilities.\nHigh ownership and accountability with the ability to work under pressure.\nStrong team player with the ability to collaborate effectively with diverse groups.\nStrong technical and analytical skills, especially in data validation and interpretation.\nAbility to coach and support other team members.\nContinuous improvement mindset with a focus on quality and efficiency.\nHands-on experience with SAP ECC/S4HANA preferred.\nThanks & Regards,\nInfosys BPM Recruitment Team",Login to check your skill match score,Permanent Job,"Navarik VIP, Data Analysis, SAP functional knowledge, Supply Chain Master Data Management, Material Master data maintenance, Sap Mm",2026-02-24 00:43:24
