title,company,experience,salary,locations,description,industry,department,employment_type,skills,scraped_at
Data Architect,PwC India,12 - 14 years,Not Disclosed,['Bengaluru'],"Job Description & Summary: We are seeking an experienced Senior Data Architect to lead the design and development of our data architecture, leveraging cloud-based technologies, big data processing frameworks, and DevOps practices. The ideal candidate will have a strong background in data warehousing, data pipelines, performance optimization, and collaboration with DevOps teams.\nResponsibilities:\n1. Design and implement end-to-end data pipelines using cloud-based services (AWS/ GCP/Azure) and conventional data processing frameworks.\n2. Lead the development of data architecture, ensuring scalability, security, and performance.\n3. Collaborate with cross-functional teams, including DevOps, to design and implement data lakes, data warehouses, and data ingestion/extraction processes.\n4. Develop and optimize data processing workflows using PySpark, Kafka, and other big data processing frameworks.\n5. Ensure data quality, integrity, and security across all data pipelines and architectures.\n6. Provide technical leadership and guidance to junior team members.\n7. Design and implement data load strategies, data partitioning, and data storage solutions.\n8. Collaborate with stakeholders to understand business requirements and develop data solutions to meet those needs.\n9. Work closely with DevOps team to ensure seamless integration of data pipelines with overall system architecture.\n10. Participate in design and implementation of CI/CD pipelines for data workflows.",,,,"['Data Quality', 'Agile', 'Data Security', 'Data Modeling', 'Data Governance', 'Data Warehousing']",2025-07-01 05:16:34
Data Architect,Ericsson,10 - 15 years,Not Disclosed,['Bengaluru'],"About this opportunity:\nData and Analytics is a function with the aim to craft and execute our Analytics and AI strategy, vision and to ensure multi-functional execution for Ericsson to transform into an Intelligent enterprise. AI and Data is a key theme for Ericsson to become data driven, and we continue to build up elite competence in this area to increase performance, deliver intelligence and to ensure, secure and scalable development, deployment and continued operations of Analytics and AI solutions.\nWhat you will do:",,,,"['MS SQL', 'SAP', 'RDBMS', 'Configuration management', 'Informatica', 'Oracle', 'Apache', 'Virtualization', 'Analytics', 'Python']",2025-07-01 05:16:36
Data Architect-Data Modelling,Tiger Analytics,10 - 15 years,Not Disclosed,"['Hyderabad', 'Chennai', 'Bengaluru']","Role & responsibilities\nAs an Architect, you will work to solve some of the most complex and captivating data management problems that would enable them as a data-driven organization; Seamlessly switch between roles of an Individual Contributor, team member, and Data Modeling Architect as demanded by each project to define, design, and deliver actionable insights.\nOn a typical day, you might\nEngage the clients & understand the business requirements to translate those into data models.",,,,"['Data Modeling', 'Data Architecture', 'SQL', 'Cloud Platforms', 'OLAP', 'Data Warehousing', 'OLTP']",2025-07-01 05:16:38
Data Architect-Data Modelling,Tiger Analytics,10 - 15 years,Not Disclosed,"['Noida', 'Pune', 'Delhi / NCR']","Role & responsibilities\nAs an Architect, you will work to solve some of the most complex and captivating data management problems that would enable them as a data-driven organization; Seamlessly switch between roles of an Individual Contributor, team member, and Data Modeling Architect as demanded by each project to define, design, and deliver actionable insights.\nOn a typical day, you might\nEngage the clients & understand the business requirements to translate those into data models.",,,,"['Data Modeling', 'Data Architecture', 'SQL', 'Data Vault', 'Cloud', 'Data Warehousing']",2025-07-01 05:16:41
Data Architect,Accenture,8 - 13 years,Not Disclosed,['Bengaluru'],"Project Role :Data Architect\n\n\n\n\n\nProject Role Description :Define the data requirements and structure for the application. Model and design the application data structure, storage and integration.\n\n\n\nMust have skills :Google Cloud Platform Architecture\n\n\n\n\nGood to have skills :Google Cloud Machine Learning ServicesMinimum\n\n\n\n15 year(s) of experience is required\n\n\n\n\nEducational Qualification :15 years full time education\n\n\nSummary:We are looking for a seasoned Senior Manager CCAI Architect with deep expertise in designing and delivering enterprise-grade Conversational AI solutions using Google Cloud's Contact Center AI (CCAI) suite. This role demands a visionary leader who can bridge the gap between business objectives and AI-driven customer experience innovations. As a senior leader, you will drive architectural decisions, guide cross-functional teams, and define the roadmap for scalable and intelligent virtual agent platforms.\nRoles & Responsibilities:- Own the end-to-end architecture and solution design for large-scale CCAI implementations across industries.- Define best practices, reusable frameworks, and architectural patterns using Google Dialogflow CX, Agent Assist, Knowledge Bases, and Gen AI capabilities.- Act as a strategic advisor to stakeholders on how to modernize and transform customer experience through Conversational AI.- Lead technical teams and partner with product, operations, and engineering leaders to deliver high-impact AI-first customer service platforms.- Oversee delivery governance, performance optimization, and scalability of deployed CCAI solutions.- Evaluate and integrate cutting-edge Gen AI models (LLMs, PaLM, Gemini) to enhance virtual agent performance and personalization.- Enable and mentor architects, developers, and consultants on Google Cloud AI/ML tools and CCAI strategies.- 10+ years of experience in enterprise solution architecture, with 4+ years in Google Cloud AI/ML and Conversational AI platforms.- Deep expertise in Dialogflow CX, CCAI Insights, Agent Assist, Gen AI APIs, and GCP architecture.Strong leadership in managing large transformation programs involving AI chatbots, voice bots, and omnichannel virtual agents.- Proven ability to engage with senior stakeholders, define AI strategies, and align technical delivery with business goals.- Experience integrating AI solutions with CRMs, contact center platforms (e.g., Genesys, Five9), and backend systems.- Certifications in Google Cloud (e.g., Professional Cloud Architect, Cloud AI Engineer) are a strong plus.- Exceptional communication, thought leadership, and stakeholder management skills.\nProfessional & Technical\n\n\n\n\nSkills:\n- Must Have\n\n\n\n\nSkills:\nCCAI/Dialogflow CX hands on experience and generative AI understanding.- Good To Have\n\n\n\n\nSkills:\nCloud Data Architecture, Cloud ML/PCA/PDE Certification, - Strong understanding of AI/ML algorithms, NLP and techniques.- Experience with chatbot, generative AI models, prompt Engineering.V- Experience with cloud or on-prem application pipeline with production-ready quality.\nAdditional Information:- The candidate should have a minimum of 18+ years of experience in Google Cloud Machine Learning Services/Gen AI/Vertex AI/CCAI.- The ideal candidate will possess a strong educational background in computer science, mathematics, or a related field, along with a proven track record of delivering impactful data-driven solutions.- A 15-year full time education is required\n\nQualification\n\n15 years full time education",Industry Type: IT Services & Consulting,Department: Engineering - Software & QA,"Employment Type: Full Time, Permanent","['natural language processing', 'google', 'artificial intelligence', 'gcp', 'stakeholder management', 'chatbot', 'python', 'vertex', 'data architecture', 'dialogflow', 'machine learning', 'cloud platform', 'pca', 'pandas', 'gen', 'ml algorithms', 'java', 'cx', 'ai platform', 'platform architecture', 'ml']",2025-07-01 05:16:43
Data Architect,Axtria,10 - 17 years,Not Disclosed,"['Noida', 'Gurugram', 'Bengaluru']","This is a individual contributor role.\n\n\nLooking candidates from Product/Life Science/ Pharma/Consulting background only.\n\n\nPOSITION: Data Architect.\n\nLOCATION: NCR/Bangalore/Gurugram.\n\nPRODUCT:\n\nAxtria DataMAx is a global cloud-based data management product specifically designed for\nthe life sciences industry. It facilitates the rapid integration of both structured and unstructured data sources, enabling accelerated and actionable business insights from trusted data\nThis product is particularly useful for pharmaceutical companies looking to streamline their data\nprocesses and enhance decision-making capabilities.\n\nJOB OBJECTIVE:\nTo leverage expertise in data architecture and management to design, implement, and\noptimize a robust data warehousing platform for the pharmaceutical industry. The goal is to ensure seamless integration of diverse data sources, maintain high standards of data quality and governance, and enable advanced analytics through the definition and management of semantic and common data layers. Utilizing Axtria DataMAx and generative AI technologies, the aim is to accelerate business insights and support regulatory compliance, ultimately enhancing decision-making and operational efficiency.\n\nKey Responsibilities:\nData Modeling: Design logical and physical data models to ensure efficient data storage and\nretrieval.\nETL Processes: Develop and optimize ETL processes to accurately and efficiently move data\nfrom various sources into the data warehouse.\nInfrastructure Design: Plan and implement the technical infrastructure, including hardware,\nsoftware, and network components.\nData Governance: Ensure compliance with regulatory standards and implement data\ngovernance policies to maintain data quality and security.\nPerformance Optimization: Continuously monitor and improve the performance of the data\nwarehouse to handle large volumes of data and complex queries.\nSemantic Layer Definition: Define and manage the semantic layer architecture and technology stack to manage the lifecycle of semantic constructs including consumption into downstream systems.\nCommon Data Layer Management: Integrate data from multiple sources into a centralized\nrepository, ensuring consistency and accessibility.\nDeep expertise in architecting enterprise grade software systems that are performant,\nscalable, resilient and manageable. Architecting GenAI based systems is an added plus.\nAdvanced Analytics: Enable advanced analytics and machine learning to identify patterns in\ngenomic data, optimize clinical trials, and personalize medication.\nGenerative AI: Should have worked with production ready usecase for GenAI based data and\nStakeholder Engagement: Work closely with business stakeholders to understand their data\nneeds and translate them into technical solutions.\nCross-Functional Collaboration: Collaborate with IT, data scientists, and business analysts to\nensure the data warehouse supports various analytical and operational needs.\nData Modeling: Strong expertise in Data Modelling, with ability to design complex data models from the ground up and clearly articulate the rationale behind design choices.\nETL Processes: Must have worked with different loading strategies for facts and dimensions like SCD, Full Load, Incremental Load, Upsert, Append only, Rolling Window etc..\nCloud Warehouse skills: Expertise in leading cloud data warehouse platformsSnowflake, Databricks, and Amazon Redshift—with a deep understanding of their architectural nuances, strengths, and limitations, enabling the design and deployment of scalable, high-performance data solutions aligned with business objectives.\n\nQualifications:\nProven experience in data architecture and data warehousing, preferably in the\npharmaceutical industry.\nStrong knowledge of data modeling, ETL processes, and infrastructure design.\nExperience with data governance and regulatory compliance in the life sciences sector.\nProficiency in using Axtria DataMAx or similar data management products.\nExcellent analytical and problem-solving skills.\nStrong communication and collaboration skills.\n\nPreferred Skills:\nFamiliarity with advanced analytics and machine learning techniques.\nExperience in managing semantic and common data layers.\nKnowledge of FDA guidelines, HIPAA regulations, and other relevant regulatory standards.\nExperience with generative AI technologies and their application in data warehousing.",Industry Type: Software Product,Department: Other,"Employment Type: Full Time, Permanent","['Gen AI', 'data warehousing', 'Data Architecture', 'ETL', 'Data modelling', 'Artificial Intelligence', 'Infrastructure Design', 'Data Governance']",2025-07-01 05:16:45
Data Architect,FedEx,12 - 15 years,Not Disclosed,['Hyderabad'],"Experience - 12+ years\nTechnologies: Oracle, Casandra.\n\nResponsible for establishing data management policies, designing data architecture, implementing data models, optimizing data processes, ensuring data quality, facilitating data integration, and providing training and support as a Data Architect to enable efficient data access and analysis while maintaining data integrity and security.\n1. Establish and enforce data management policies, standards, and procedures to ensure data integrity and security.\n2. Provide guidance and recommendations on data content and structure to meet business requirements and objectives.\n3. Design and implement data architecture and data models to support business needs and enable efficient data access and analysis.\n4. Develop and optimize production processes for data collection, processing, and storage to ensure reliability and scalability.\n5. Implement and maintain master data and metadata management processes to ensure consistency and accuracy across the organization.\n6. Define and assign data stewardship responsibilities to ensure accountability and ownership of data assets.\n7. Develop and implement data quality standards and controls to monitor and improve the accuracy and completeness of data.\n8. Design and implement data integration solutions to facilitate seamless data flow between different systems and applications.\n9. Manage the publication and distribution of data to internal and external stakeholders in a timely and secure manner.\n10. Provide training and support to users on data management tools, processes, and best practices to ensure effective use of data resources.\n\nEducation: masters degree or equivalent in Statistics, Business Analytics, Actuarial Studies or similar discipline. PhD Degree preferred\nAccreditation: Specific business accreditation for Data Management.\n\nExperience: Five (5) years of relevant work experience (masters degree); Two (2) years of relevant work experience (PhD Degree)\n\nKnowledge, Skills and Abilities\nFluency in English\nPlanning Organizing Skills\nAnalytical Skills\nInfluencing Persuasion Skills\nLeadership Skills\nPresentation Skills\nIT Technical Skills\nData Modeling Skills",Industry Type: Courier / Logistics,Department: Data Science & Analytics,"Employment Type: Full Time, Permanent","['Data management', 'fedex', 'Data modeling', 'Business analytics', 'Data collection', 'Genetics', 'Data quality', 'Oracle', 'Business solutions', 'Data architecture']",2025-07-01 05:16:48
Data Architect,Infosys,9 - 11 years,Not Disclosed,['Pune'],"Educational  \nBachelor of Engineering,Bachelor Of Technology\n\n Service Line \nEnterprise Package Application Services\n\n Responsibilities \nA day in the life of an Infoscion\nAs part of the Infosys consulting team, your primary role would be to lead the engagement effort of providing high-quality and value-adding consulting solutions to customers at different stages- from problem definition to diagnosis to solution design, development and deployment.\nYou will review the proposals prepared by consultants, provide guidance, and analyze the solutions defined for the client business problems to identify any potential risks and issues.\nYou will identify change Management requirements and propose a structured approach to client for managing the change using multiple communication mechanisms.\nYou will also coach and create a vision for the team, provide subject matter training for your focus areas, motivate and inspire team members through effective and timely feedback and recognition for high performance.\nYou would be a key contributor in unit-level and organizational initiatives with an objective of providing high-quality, value-adding consulting solutions to customers adhering to the guidelines and processes of the organization. If you think you fit right in to help our clients navigate their next in their digital transformation journey, this is the place for you!\n\n Additional Responsibilities: \nDesign, develop, and maintain scalable data pipelines on Databricks using PySpark\nCollaborate with data analysts and scientists to understand data requirements and deliver solutions\nOptimize and troubleshoot existing data pipelines for performance and reliability\nEnsure data quality and integrity across various data sources\nImplement data security and compliance best practices\nMonitor data pipeline performance and conduct necessary maintenance and updates\nDocument data pipeline processes and technical specificationsLocation of posting - Infosys Ltd. is committed to ensuring you have the best experience throughout your journey with us. We currently have open positions in a number of locations across India - Bangalore, Pune, Hyderabad, Mysore, Kolkata, Chennai, Chandigarh, Trivandrum, Indore, Nagpur, Mangalore, Noida, Bhubaneswar, Coimbatore, Mumbai, Jaipur, Hubli, Vizag. While we work in accordance with business requirements, we shall strive to offer you the location of your choice, where possible.\n\n Technical and Professional : \nMust have 9+ years of experience in data engineering\nProficiency with Databricks and Apache Spark\nStrong SQL skills and experience with relational databases\nExperience with big data technologies (e.g., Hadoop, Kafka)\nKnowledge of data warehousing concepts and ETL processes\nExperience with CI/CD tools, particularly Jenkins\nExcellent problem-solving and analytical skills\nSolid understanding of big data fundamentals and experience with Apache Spark\nFamiliarity with cloud platforms (e.g., AWS, Azure)\nExperience with version control systems (e.g., BitBucket)\nUnderstanding of DevOps principles and tools (e.g., CI/CD, Jenkins)\nDatabricks certification is a plus\n\n Preferred\n\nSkills:\n \n\nTechnology-Big Data-Big Data - ALL\nTechnology-Cloud Integration-Azure Data Factory (ADF)\nTechnology-Cloud Platform-AWS Data Analytics-AWS Data Exchange",Industry Type: IT Services & Consulting,Department: Engineering - Software & QA,"Employment Type: Full Time, Permanent","['data engineering', 'sql', 'data bricks', 'spark', 'big data', 'continuous integration', 'oracle', 'big data technologies', 'ci/cd', 'microsoft azure', 'data warehousing', 'pyspark', 'dbms', 'data architecture', 'bitbucket', 'data quality', 'devops', 'oracle adf', 'kafka', 'jenkins', 'hadoop', 'aws', 'etl']",2025-07-01 05:16:51
Data Architect,Accenture,15 - 20 years,Not Disclosed,['Gurugram'],"Project Role :Data Architect\n\n\n\n\n\nProject Role Description :Define the data requirements and structure for the application. Model and design the application data structure, storage and integration.\n\n\n\nMust have skills :Data & AI Strategy\n\n\n\n\nGood to have skills :NAMinimum\n\n\n\n15 year(s) of experience is required\n\n\n\n\nEducational Qualification :15 years full time education\n\n\nSummary:As a Data Architect, you will define the data requirements and structure for the application. Your typical day will involve modeling and designing the application data structure, storage, and integration, ensuring that the architecture aligns with business objectives and supports efficient data management and accessibility. You will collaborate with various teams to understand their data needs and provide innovative solutions that enhance data utilization across the organization.\nRoles & Responsibilities:- Expected to be a Subject Matter Expert with deep knowledge and experience.- Should have influencing and advisory skills.- Responsible for team decisions.- Engage with multiple teams and contribute on key decisions.- Expected to provide solutions to problems that apply across multiple teams.- Facilitate workshops and discussions to gather requirements and feedback from stakeholders.- Continuously evaluate and improve data architecture practices to ensure scalability and performance.\nProfessional & Technical\n\n\n\n\nSkills:\n- Must To Have\n\n\n\n\nSkills:\nProficiency in Data & AI Strategy.- Strong understanding of data modeling techniques and best practices.- Experience with data integration tools and methodologies.- Ability to design and implement data governance frameworks.- Familiarity with cloud-based data storage solutions and architectures.\nAdditional Information:- The candidate should have minimum 15 years of experience in Data & AI Strategy.- This position is based at our Gurugram office.- A 15 years full time education is required.\n\nQualification\n\n15 years full time education",Industry Type: IT Services & Consulting,Department: Engineering - Software & QA,"Employment Type: Full Time, Permanent","['data architecture', 'artificial intelligence', 'data modeling', 'data governance', 'data integration', 'python', 'data management', 'data warehousing', 'power bi', 'erwin', 'machine learning', 'business intelligence', 'sql server', 'sql', 'plsql', 'tableau', 'data science', 'dwbi', 'etl', 'informatica']",2025-07-01 05:16:53
Data Architect,US based Software Company,9 - 12 years,Not Disclosed,[],"Job Title: Data Architect\n\nLocation: Remote\nEmployment Type: Full-Time\nReports to: Lead Data Strategist\n\nAbout Client / Project:\nClient is a specialist data strategy and AI consultancy that empowers\nbusinesses to unlock tangible value from their data assets. We specialize in developing\ncomprehensive data strategies tailored to address core business and operational challenges.\nBy combining strategic advisory with hands-on implementation, we ensure data becomes a true\ndriver of business growth, operational efficiency, and competitive advantage for our clients.\nAs a solutions-focused and forward-thinking consultancy, we help organizations transform their\ndata capabilities using modern technology, reduce costs, and accelerate business growth by\naligning every initiative directly with our clients core business objectives.\n\nRole Overview\nWe are seeking a highly experienced Data Architect to lead the design and implementation of\nscalable data architectures for global clients across industries. You will define enterprise-grade\ndata platforms leveraging cloud-native technologies and modern data frameworks.\n\nKey Responsibilities\nDesign and implement cloud-based data architectures (GCP, AWS, Azure, Snowflake,\nRedshift, Databricks, or Hadoop)• Develop conceptual, logical, and physical data models\nDefine data flows, ETL/ELT pipelines, and ingestion strategies\nDesign and maintain data catalogs, metadata, and domain structures\nEstablish data architecture standards, reference models, and blueprints\nOversee data lineage, traceability, and audit readiness\nGuide integration of AI/ML pipelines and analytics solutions\nEnsure data privacy, protection, and compliance (e.g., GDPR, HIPAA)\nCollaborate closely with Engineers, Analysts, and Strategists\n\nRequired Skills & Qualifications\n8+ years of experience in data architecture or enterprise data platform roles\nDeep experience with at least two major cloud platforms (AWS, Azure, GCP)\nProven hands-on work with modern data platforms: Snowflake, Databricks, Redshift,\nHadoop\nStrong understanding of data warehousing, data lakes, lakehouse architecture\nAdvanced proficiency in SQL, Python, Spark, and/or Scala\nExperience with data cataloging and metadata tools (e.g., Informatica, Collibra, Alation)\nKnowledge of data governance frameworks and regulatory compliance\nStrong documentation, stakeholder communication, and architectural planning skills\nBachelor’s degree in Computer Science, Engineering, or related field (Master’s preferred)",Industry Type: Software Product,Department: Engineering - Software & QA,"Employment Type: Full Time, Permanent","['SQL', 'Cloud Platforms', 'Data Architecture', 'Python', 'elt', 'Data Bricks', 'metadata tools', 'AI/ML', 'GCP', 'SCALA', 'Snowflake', 'HIPPA', 'Spark', 'aws', 'etl', 'GDPR', 'azure']",2025-07-01 05:16:55
Data Architect,Accenture,5 - 10 years,Not Disclosed,['Bengaluru'],"Project Role :Data Architect\n\n\n\n\n\nProject Role Description :Define the data requirements and structure for the application. Model and design the application data structure, storage and integration.\n\n\n\nMust have skills :Google Cloud Platform Architecture\n\n\n\n\nGood to have skills :Google Cloud Machine Learning ServicesMinimum\n\n\n\n12 year(s) of experience is required\n\n\n\n\nEducational Qualification :15 years full time education\n\n\nSummary:We are seeking a highly skilled and visionary AI/ML Manager to lead the development of advanced AI-driven applications and solutions using Google Cloud's Conversational AI (CCAI) platform and Gen AI models. In this role, you will architect, design, and deploy scalable AI solutions that leverage deep learning, neural networks, and advanced chatbot/voice bot technologies. You should have strong hands-on experience in building and optimizing conversational experiences using Google Dialogflow CX, Agent Assist, and other Google Cloud AI services.\nRoles & Responsibilities:- Lead end-to-end solutioning, design, and implementation of AI/ML-powered applications using Google CCAI tools and GCP services.- Architect scalable conversational AI solutions including chatbots and voice bots using Dialogflow CX, Agent Assist, and Gen AI APIs.- Collaborate with cross-functional teams including UX, data science, and engineering to deliver impactful AI products.- Drive innovation by integrating advanced models such as LLMs, NLP, and neural networks to elevate conversational capabilities.- Oversee performance tuning, testing, and optimization of AI solutions in real-world production environments.- Stay current with Google AI/ML advancements and incorporate best practices into the solution lifecycle.- Proven experience in designing and deploying AI/ML and conversational AI systems on Google Cloud Platform.- Expertise in Dialogflow CX, Agent Assist, and other CCAI tools.- Solid understanding of Gen AI technologies, NLP techniques, and machine learning frameworks.- Strong architecture and solution design experience within GCP ecosystem.- Hands-on experience in building and optimizing production-ready chatbots and voice applications.- Excellent problem-solving, communication, and leadership skills.- Experience with programming languages such as Python/Node.js\nProfessional & Technical\n\n\n\n\nSkills:\nMust To Have\n\n\n\n\nSkills:\nCCAI/Dialogflow CX hands on experience and generative AI understanding.Good To Have\n\n\n\n\nSkills:\nCloud Data Architecture, Cloud ML/PCA/PDE Certification, Strong understanding of AI/ML algorithms, NLP and techniques. Experience with chatbot, generative AI models, prompt Engineering.Experience with cloud or on-prem application pipeline with production-ready quality.\nAdditional Information:- The candidate should have a minimum of 15+ years of experience in Google Cloud Machine Learning Services/Gen AI/Vertex AI/CCAI.- The ideal candidate will possess a strong educational background in computer science, mathematics, or a related field, along with a proven track record of delivering impactful data-driven solutions.- A 15 year full time education is required\n\nQualification\n\n15 years full time education",Industry Type: IT Services & Consulting,Department: Data Science & Analytics,"Employment Type: Full Time, Permanent","['natural language processing', 'google', 'artificial intelligence', 'solution design', 'machine learning algorithms', 'chatbot', 'python', 'data architecture', 'dialogflow', 'machine learning', 'cloud platform', 'pca', 'gen', 'ml algorithms', 'node.js', 'cx', 'gcp', 'platform architecture', 'ml']",2025-07-01 05:16:57
Data Architect,Accenture,15 - 20 years,Not Disclosed,['Chennai'],"Project Role :Data Architect\n\n\n\n\n\nProject Role Description :Define the data requirements and structure for the application. Model and design the application data structure, storage and integration.\n\n\n\nMust have skills :SAP Master Data Governance MDG Tool\n\n\n\n\nGood to have skills :NAMinimum\n\n\n\n15 year(s) of experience is required\n\n\n\n\nEducational Qualification :15 years full time education\n\n\nSummary:As a Data Architect, you will define the data requirements and structure for the application. Your typical day will involve modeling and designing the application data structure, storage, and integration, ensuring that the data architecture aligns with business objectives and supports efficient data management practices. You will collaborate with various stakeholders to gather requirements and translate them into effective data solutions, while also addressing any challenges that arise in the data architecture process.\nRoles & Responsibilities:- Expected to be a Subject Matter Expert with deep knowledge and experience.- Should have influencing and advisory skills.- Responsible for team decisions.- Engage with multiple teams and contribute on key decisions.- Expected to provide solutions to problems that apply across multiple teams.- Facilitate workshops and discussions to gather insights and feedback from stakeholders.- Continuously evaluate and improve data architecture practices to enhance efficiency and effectiveness.\nProfessional & Technical\n\n\n\n\nSkills:\n- Must To Have\n\n\n\n\nSkills:\nProficiency in SAP Master Data Governance MDG Tool.- Strong understanding of data modeling techniques and best practices.- Experience with data integration tools and methodologies.- Knowledge of data governance frameworks and compliance standards.- Familiarity with cloud data architecture and storage solutions.\nAdditional Information:- The candidate should have minimum 15 years of experience in SAP Master Data Governance MDG Tool.- This position is based at our Chennai office.- A 15 years full time education is required.\n\nQualification\n\n15 years full time education",Industry Type: IT Services & Consulting,Department: Engineering - Software & QA,"Employment Type: Full Time, Permanent","['data architecture', 'mdg', 'sap master data governance', 'data modeling', 'data integration', 'webdynpro', 'data management', 'sap sd', 'sap implementation', 'webdynpro abap', 'master data management', 'odata', 'idocs', 'sap mdm', 'mdm', 'sap abap', 'sap hana', 'abap', 'sap workflow', 'oo abap', 'sap mdg']",2025-07-01 05:17:00
Data Architect,Accenture,12 - 15 years,Not Disclosed,['Mumbai'],"Project Role :Data Architect\n\n\n\n\n\nProject Role Description :Define the data requirements and structure for the application. Model and design the application data structure, storage and integration.\n\n\n\nMust have skills :Data & AI Strategy\n\n\n\n\nGood to have skills :NAMinimum\n\n\n\n12 year(s) of experience is required\n\n\n\n\nEducational Qualification :15 years full time education\n\n\nSummary:As a Data Architect, you will define the data requirements and structure for the application. Your typical day will involve modeling and designing the application data structure, storage, and integration, ensuring that the data architecture aligns with the overall business strategy and meets the needs of various stakeholders. You will collaborate with cross-functional teams to gather requirements and translate them into effective data solutions, while also addressing any challenges that arise during the development process. Your role will be pivotal in establishing a robust data framework that supports the organization's objectives and enhances data accessibility and usability.\nRoles & Responsibilities:- Expected to be an SME.- Collaborate and manage the team to perform.- Responsible for team decisions.- Engage with multiple teams and contribute on key decisions.- Expected to provide solutions to problems that apply across multiple teams.- Facilitate knowledge sharing and best practices among team members.- Monitor and evaluate the effectiveness of data strategies and make necessary adjustments.\nProfessional & Technical\n\n\n\n\nSkills:\n- Must To Have\n\n\n\n\nSkills:\nProficiency in Data & AI Strategy.- Strong understanding of data modeling techniques and best practices.- Experience with data integration tools and methodologies.- Ability to design scalable and efficient data architectures.- Familiarity with cloud-based data solutions and platforms.\nAdditional Information:- The candidate should have minimum 12 years of experience in Data & AI Strategy.- This position is based at our Mumbai office.- A 15 years full time education is required.\n\nQualification\n\n15 years full time education",Industry Type: IT Services & Consulting,Department: Engineering - Software & QA,"Employment Type: Full Time, Permanent","['data architecture', 'artificial intelligence', 'sql', 'data modeling', 'data integration', 'python', 'oracle', 'data warehousing', 'power bi', 'erwin', 'machine learning', 'business intelligence', 'sql server', 'plsql', 'tableau', 'data science', 'dwbi', 'data visualization', 'etl', 'ssis', 'informatica']",2025-07-01 05:17:02
Data Architect,Accenture,12 - 15 years,Not Disclosed,['Gurugram'],"Project Role :Data Architect\n\n\n\n\n\nProject Role Description :Define the data requirements and structure for the application. Model and design the application data structure, storage and integration.\n\n\n\nMust have skills :Data & AI Strategy\n\n\n\n\nGood to have skills :NAMinimum\n\n\n\n12 year(s) of experience is required\n\n\n\n\nEducational Qualification :15 years full time education\n\n\nSummary:As a Data Architect, you will define the data requirements and structure for the application. Your typical day will involve modeling and designing the application data structure, storage, and integration, ensuring that the data architecture aligns with the overall business strategy and meets the needs of various stakeholders. You will collaborate with cross-functional teams to gather requirements, analyze data flows, and implement best practices in data management, all while maintaining a focus on scalability and performance. Your role will be pivotal in shaping the data landscape of the organization, driving innovation, and enabling data-driven decision-making across the enterprise.\nRoles & Responsibilities:- Expected to be an SME.- Collaborate and manage the team to perform.- Responsible for team decisions.- Engage with multiple teams and contribute on key decisions.- Expected to provide solutions to problems that apply across multiple teams.- Facilitate knowledge sharing and mentoring within the team to enhance overall capabilities.- Develop and maintain documentation related to data architecture and design principles.\nProfessional & Technical\n\n\n\n\nSkills:\n- Must To Have\n\n\n\n\nSkills:\nProficiency in Data & AI Strategy.- Strong understanding of data modeling techniques and best practices.- Experience with data integration tools and methodologies.- Familiarity with cloud-based data storage solutions and architectures.- Ability to analyze complex data sets and derive actionable insights.\nAdditional Information:- The candidate should have minimum 12 years of experience in Data & AI Strategy.- This position is based at our Gurugram office.- A 15 years full time education is required.\n\nQualification\n\n15 years full time education",Industry Type: IT Services & Consulting,Department: Engineering - Software & QA,"Employment Type: Full Time, Permanent","['data management', 'data architecture', 'artificial intelligence', 'data modeling', 'data integration', 'hive', 'python', 'ssas', 'data warehousing', 'power bi', 'business intelligence', 'sql server', 'sql', 'tableau', 'ssrs', 'hadoop', 'data visualization', 'ssis', 'etl', 'aws', 'data flow', 'informatica']",2025-07-01 05:17:05
Data Architect,Accenture,12 - 15 years,Not Disclosed,['Mumbai'],"Project Role :Data Architect\n\n\n\n\n\nProject Role Description :Define the data requirements and structure for the application. Model and design the application data structure, storage and integration.\n\n\n\nMust have skills :Data & AI Strategy\n\n\n\n\nGood to have skills :NAMinimum\n\n\n\n12 year(s) of experience is required\n\n\n\n\nEducational Qualification :15 years full time education\n\n\nSummary:As a Data Architect, you will define the data requirements and structure for the application. Your typical day will involve modeling and designing the application data structure, storage, and integration. You will collaborate with various teams to ensure that the data architecture aligns with business objectives and supports the overall data strategy. You will also engage in discussions to refine data models and address any challenges that arise during the development process, ensuring that the data architecture is robust and scalable to meet future needs.\nRoles & Responsibilities:- Expected to be an SME.- Collaborate and manage the team to perform.- Responsible for team decisions.- Engage with multiple teams and contribute on key decisions.- Expected to provide solutions to problems that apply across multiple teams.- Facilitate workshops and meetings to gather requirements and feedback from stakeholders.- Mentor junior team members to enhance their skills and understanding of data architecture.\nProfessional & Technical\n\n\n\n\nSkills:\n- Must To Have\n\n\n\n\nSkills:\nProficiency in Data & AI Strategy.- Strong understanding of data modeling techniques and best practices.- Experience with data integration tools and methodologies.- Familiarity with cloud data services and architectures.- Ability to design and implement data governance frameworks.\nAdditional Information:- The candidate should have minimum 12 years of experience in Data & AI Strategy.- This position is based at our Mumbai office.- A 15 years full time education is required.\n\nQualification\n\n15 years full time education",Industry Type: IT Services & Consulting,Department: Engineering - Software & QA,"Employment Type: Full Time, Permanent","['data services', 'data architecture', 'artificial intelligence', 'data modeling', 'data integration', 'python', 'data warehousing', 'power bi', 'machine learning', 'sql server', 'sql', 'plsql', 'tableau', 'data science', 'data governance', 'data visualization', 'etl', 'informatica']",2025-07-01 05:17:07
Data Architect,Lera Technologies,8 - 10 years,Not Disclosed,['Hyderabad'],"Position: Principal Consultant - Data Consulting\nLocations : Pune or Hyderabad\nExperience Level : 10+ years minimum.\nAbout Us:\n\nLera Technologies is a future-focused, AI-led digital transformation company that empowers businesses to innovate and grow in today s fast-paced technology landscape. Our core strength lies in our flagship products like the 9X Data Platform which is a state-of-the-art solution for seamless data ecosystem management. Additionally, FinSight 360 is our advanced GenBI, platform that elevates decision-making through intelligent business insights. We partner with enterprises with an ensemble of services to solve complex challenges around data modernization, integration, governance, and operational efficiency. By fostering a culture of continuous innovation and client-centricity, we deliver scalable, impactful solutions that drive measurable business outcomes. At Lera, we dont just enable transformation. We engineer it!",,,,"['Computer science', 'Data modeling', 'Consulting', 'Machine learning', 'OLAP', 'QlikView', 'Information technology', 'Analytics', 'Financial services', 'SQL']",2025-07-01 05:17:10
Data Architect,Accenture,12 - 15 years,Not Disclosed,['Gurugram'],"Project Role :Data Architect\n\n\n\n\n\nProject Role Description :Define the data requirements and structure for the application. Model and design the application data structure, storage and integration.\n\n\n\nMust have skills :Data & AI Strategy\n\n\n\n\nGood to have skills :NAMinimum\n\n\n\n12 year(s) of experience is required\n\n\n\n\nEducational Qualification :15 years full time education\n\n\nSummary:As a Data Architect, you will define the data requirements and structure for the application. Your typical day will involve modeling and designing the application data structure, storage, and integration, ensuring that the data architecture aligns with the overall business strategy and meets the needs of various stakeholders. You will collaborate with cross-functional teams to gather requirements, analyze data flows, and implement best practices in data management, all while maintaining a focus on scalability and performance.\nRoles & Responsibilities:- Expected to be an SME.- Collaborate and manage the team to perform.- Responsible for team decisions.- Engage with multiple teams and contribute on key decisions.- Expected to provide solutions to problems that apply across multiple teams.- Facilitate workshops and discussions to gather insights and feedback from stakeholders.- Mentor junior professionals in data architecture best practices.\nProfessional & Technical\n\n\n\n\nSkills:\n- Must To Have\n\n\n\n\nSkills:\nProficiency in Data & AI Strategy.- Strong understanding of data modeling techniques and methodologies.- Experience with data integration tools and technologies.- Familiarity with cloud-based data storage solutions.- Ability to design and implement data governance frameworks.\nAdditional Information:- The candidate should have minimum 12 years of experience in Data & AI Strategy.- This position is based at our Gurugram office.- A 15 years full time education is required.\n\nQualification\n\n15 years full time education",Industry Type: IT Services & Consulting,Department: Engineering - Software & QA,"Employment Type: Full Time, Permanent","['data architecture', 'artificial intelligence', 'data modeling', 'data governance', 'data integration', 'hive', 'python', 'data management', 'ssas', 'data warehousing', 'power bi', 'business intelligence', 'sql server', 'sql', 'tableau', 'etl', 'ssis', 'big data', 'aws', 'data flow', 'informatica']",2025-07-01 05:17:12
Data Architect,Accenture,3 - 5 years,Not Disclosed,['Bengaluru'],"Project Role :Data Architect\n\n\n\n\n\nProject Role Description :Define the data requirements and structure for the application. Model and design the application data structure, storage and integration.\n\n\n\nMust have skills :Google Cloud Machine Learning Services\n\n\n\n\nGood to have skills :NAMinimum\n\n\n\n5 year(s) of experience is required\n\n\n\n\nEducational Qualification :BTech\n\n\nSummary:As an AI/ML Engineer, you will be responsible for developing applications and systems that utilize AI tools and Cloud AI services. Your typical day will involve applying CCAI and GenAI models as part of the solution, utilizing deep learning, neural networks and chatbots.\nRoles & Responsibilities:- Design and develop CCAI applications and systems utilizing Google Cloud Machine Learning Services, dialogue flow CX, agent assist.- Develop and implement chatbot solutions that integrate seamlessly with CCAI and other Cloud services- Develop CCAI- flows, pages, webhook as well as playbook and integration of tool into playbooks.- Creation of agents in Agent builder and integrating them into end end to pipeline.- Apply GenAI-Vertex AI models as part of the solution, utilizing deep learning, neural networks, chatbots, and image processing.- Ensure proper cloud application pipeline with production-ready quality.\nProfessional & Technical\n\n\n\n\nSkills:\n- Must To Have\n\n\n\n\nSkills:\nCCAI hands on experience and generative AI understanding.- Good To Have\n\n\n\n\nSkills:\nCloud Data Architecture, Cloud ML/PCA/PDE Certification, - Strong understanding of AI/ML algorithms and techniques.- Experience with chatbot , generative AI models, prompt Engineering- Experience with cloud or on-prem application pipeline with production-ready quality.\nAdditional Information:- The candidate should have a minimum of 3 - 5 years of experience in Google Cloud Machine Learning Services.and overall Experience around 5 - 7 years- The ideal candidate will possess a strong educational background in computer science, mathematics, or a related field, along with a proven track record of delivering impactful data-driven solutions.- This position is based at our Bengaluru office.\n\nQualification\n\nBTech",Industry Type: IT Services & Consulting,Department: Data Science & Analytics,"Employment Type: Full Time, Permanent","['google', 'machine learning', 'artificial intelligence', 'ml algorithms', 'ml', 'chatbot', 'python', 'data warehousing', 'power bi', 'data architecture', 'business intelligence', 'pca', 'sql', 'qlikview', 'deep learning', 'tableau', 'data modeling', 'gcp', 'spark', 'hadoop', 'data visualization', 'big data', 'aws']",2025-07-01 05:17:14
Data Architect,Accenture,3 - 8 years,Not Disclosed,['Bengaluru'],"Project Role :Data Architect\n\n\n\n\n\nProject Role Description :Define the data requirements and structure for the application. Model and design the application data structure, storage and integration.\n\n\n\nMust have skills :SAP Master Data Governance MDG Tool\n\n\n\n\nGood to have skills :NAMinimum\n\n\n\n3 year(s) of experience is required\n\n\n\n\nEducational Qualification :BE Any Stream\n\n\nSummary:As a Data Architect, you will define the data requirements and structure for the application. Your typical day will involve modeling and designing the application data structure, storage, and integration, ensuring that the data architecture aligns with business objectives and supports efficient data management practices. You will collaborate with various stakeholders to gather requirements and translate them into effective data solutions, while also addressing any challenges that arise in the data architecture process. Your role will be pivotal in establishing a robust data framework that enhances data accessibility and usability across the organization.\nRoles & Responsibilities:- Expected to perform independently and become an SME.- Required active participation/contribution in team discussions.- Contribute in providing solutions to work related problems.- Engage in continuous learning to stay updated with the latest data architecture trends and technologies.- Collaborate with cross-functional teams to ensure data integrity and consistency across various platforms.\nProfessional & Technical\n\n\n\n\nSkills:\n- Must To Have\n\n\n\n\nSkills:\nProficiency in SAP Master Data Governance MDG Tool.- Strong understanding of data modeling techniques and best practices.- Experience with data integration tools and methodologies.- Familiarity with data governance frameworks and compliance standards.- Ability to analyze complex data sets and derive actionable insights.\nAdditional Information:- The candidate should have minimum 3 years of experience in SAP Master Data Governance MDG Tool.- This position is based at our Bengaluru office.- A BE in Any Stream is required.\n\nQualification\n\nBE Any Stream",Industry Type: IT Services & Consulting,Department: Engineering - Software & QA,"Employment Type: Full Time, Permanent","['data management', 'data architecture', 'mdg', 'sap master data governance', 'data modeling', 'webdynpro', 'sap sd', 'sap implementation', 'data migration', 'webdynpro abap', 'master data management', 'odata', 'idocs', 'sap mdm', 'mdm', 'sap abap', 'sap hana', 'sap workflow', 'oo abap', 'sap mdg']",2025-07-01 05:17:17
SAP Data Architect,Thinkwise Consulting,12 - 16 years,Not Disclosed,"['Mumbai', 'Delhi / NCR', 'Bengaluru']","Key Responsibilities\nLead the data architecture design across multiple SAP modules and legacy systems.\nDefine data governance strategies, master data management (MDM), and metadata\nstandards.\nArchitect data migration strategies for SAP S/4HANA projects, including ETL, data\nvalidation, and reconciliation.\nDevelop data models (conceptual, logical, and physical) aligned with business and\ntechnical requirements.\nCollaborate with functional and technical teams to ensure integration across SAP and non\nSAP platforms.\nEstablish data quality frameworks and monitoring practices.\nConduct impact assessments and ensure scalability of data architecture.\nSupport reporting and analytics requirements through structured data delivery frameworks\n(e.g., SAP BW, SAP HANA).\n\nRequired Qualifications\n15+ years of experience in enterprise data architecture, with 8+ years in SAP landscapes.\nProven experience in SAP S/4HANA data models, SAP Datasphere, SAP HANA Cloud &\nSAC and integrating this with AWS Data Lake (S3)\nStrong knowledge of data migration tools (SAP Data Services, LTMC / LSMW, BODS, etc.).\nExpertise in data governance, master data strategy, and data lifecycle management.\nExperience with cloud data platforms (Azure, AWS, or GCP) is a plus.\nStrong analytical and communication skills to work across business and IT stakeholders.\nPreferred Certifications\nSAP Certified Technology Associate SAP S/4HANA / Datasphere\nTOGAF or other Enterprise Architecture certifications\nITIL Foundation (for process alignment)\n\nTechnical Skills\nSAP S/4HANA Data Architecture\nDatasphere, HANA Cloud, SAC, BODS\nData Services, LTMC /LSMW, SLT, CPI-DS\nSQL, HANA Native Modeling\nIntegration with non-SAP systems\nCloud Data Architecture (Azure/AWS/GCP)\nETL/ELT and Data Quality tools\nData Modeling & Metadata Management\nLocations : Mumbai, Delhi / NCR, Bengaluru , Kolkata, Chennai, Hyderabad, Ahmedabad, Pune, Remote.",Industry Type: IT Services & Consulting,Department: Engineering - Software & QA,"Employment Type: Full Time, Permanent","['SAP Data Architecture', 'SAP S/4HANA', 'AWS Data Lake', 'Datasphere', 'Data Modeling', 'data migration', 'ETL', 'SQL']",2025-07-01 05:17:19
Data Engineer,Teqin Valley,5 - 10 years,8-15 Lacs P.A.,[],We are seeking a highly skilled ETL/Data Engineer with expertise in Informatica DEI BDM to design and implement robust data pipelines handling medium to large-scale datasets. The role involves building efficient ETL frameworks that support batch .,Industry Type: IT Services & Consulting,Department: IT & Information Security,"Employment Type: Full Time, Permanent","['Data Engineering', 'Data Science', 'Etl Pipelines', 'apache', 'Bigdata Frameworks', 'Python Data Analytics', 'Bigdata Technologies', 'Data Architecture', 'Data Analytics']",2025-07-01 05:17:21
Data Engineer,Bhakti Consultaants Pune,8 - 13 years,20-25 Lacs P.A.,[],"Design Databases & Data Warehouses, Power BI Solutions, Support Enterprise Business Intelligence, Strong Team Player & Contributor, Continuous Improvement\nExperience in SQL, Oracle, SSIS/SSRS, Azure, ADF, CI/CD, Power BI, DAX, Microsoft Fabric\n\nRequired Candidate profile\nSource system data structures, data extraction, data transformation, warehousing, DB administration, query development, and Power BI. Develop\nWORK FROM HOME",Industry Type: Auto Components,Department: Data Science & Analytics,"Employment Type: Full Time, Permanent","['Power Bi', 'SQL', 'Data Engineering', 'SSRS', 'Database Design', 'Mirc', 'SSIS', 'Mpp', 'Data Integration', 'Azure Data Factory', 'Datafactory', 'Microsoft Fabric', 'Data Migration', 'IFS', 'Mpp Architecture', 'Dax', 'Data Architecture', 'Data Modeling', 'Data Warehousing', 'Oracle', 'Database Development']",2025-07-01 05:17:24
Data Engineer,Siemens Gamesa Renewable Energy,8 - 13 years,Not Disclosed,['Bengaluru'],"A Snapshot of Your Day\nOn a typical day, you will lead the design and implementation of scalable ETL/ELT data pipelines using Python or C#, while managing cloud-based data architectures on platforms like Azure and AWS\nYoull collaborate with data scientists and analysts to ensure seamless data integration for analysis and reporting, and mentor junior engineers on standard processes\nAdditionally, you will supervise and optimize data pipelines for performance and cost efficiency, while ensuring compliance with data security and governance regulations\n\nHow Youll Make An Impact\nFor our Onshore Execution Digital Product Development team, we are looking for a highly skilled Data Engineer with 8-10 years of experience to join our team\nIn this role, you will take ownership of designing and implementing data pipelines, optimizing data workflows, and supporting the data infrastructure\nYou will work with large datasets, cloud technologies while ensuring data quality, performance, and scalability\n\nLead the design and implementation of scalable ETL/ELT data pipelines using Python or C# for efficient data processing\n\nArchitect data solutions for large-scale batch and real-time processing using cloud services (AWS, Azure, Google Cloud)\n\nCraft and manage cloud-based data architectures with services like AWS Redshift, Google BigQuery, Azure Data Lake, and Snowflake\n\nImplement cloud data solutions using Azure services such as Azure Data Lake, Blob Storage, SQL Database, Synapse Analytics, and Data Factory\nDevelop and automate data workflows for seamless integration into Azure platforms for analysis and reporting\n\nManage and optimize Azure SQL Database, Cosmos DB, and other databases for high availability and performance\nSupervise and optimize data pipelines for performance and cost efficiency\n\nImplement data security and governance practices in compliance with regulations (GDPR, HIPAA) using Azure security features\n\nCollaborate with data scientists and analysts to deliver data solutions that meet business analytics needs\nMentor junior data engineers on standard processes in data engineering and pipeline design\nSet up supervising and alerting systems for data pipeline reliability\n\nEnsure data accuracy and security through strong governance policies and access controls\nMaintain documentation for data pipelines and workflows for transparency and onboarding\n\nWhat You Bring\n8-10 years of proven experience in data engineering with a focus on large-scale data pipelines and cloud infrastructure\n\nStrong expertise in Python (Pandas, NumPy, ETL frameworks) or C# for efficient data processing solutions\nExtensive experience with cloud platforms (AWS, Azure, Google Cloud) and their data services\n\nSophisticated knowledge of relational (PostgreSQL, MySQL) and NoSQL databases (MongoDB, Cassandra)\nFamiliarity with big data technologies (Apache Spark, Hadoop, Kafka)\n\nStrong background in data modeling and ETL/ELT development for large datasets\nExperience with version control (Git) and CI/CD pipelines for data solution deployment\n\nExcellent problem-solving skills for troubleshooting data pipeline issues\nExperience in optimizing queries and data processing for speed and cost-efficiency\n\nPreferred: Experience integrating data pipelines with machine learning or AI models\nPreferred: Knowledge of Docker, Kubernetes, or containerized services for data workflows\nPreferred: Familiarity with automation tools (Apache Airflow, Luigi, DBT) for managing data workflow\nPreferred: Understanding of data privacy regulations (GDPR, HIPAA) and governance practices\n\nAbout The Team\nWho is Siemens Gamesa\nSiemens Gamesa is part of Siemens Energy, a global leader in energy technology with a rich legacy of innovation spanning over 150 years\nTogether, we are committed to making sustainable, reliable, and affordable energy a reality by pushing the boundaries of what is possible\nAs a leading player in the wind industry and manufacturer of wind turbines, we are passionate about driving the energy transition and providing innovative solutions that meet the growing energy demand of the global community\nAt Siemens Gamesa, we are always looking for dedicated individuals to join our team and support our focus on energy transformation\n\nOur Commitment to Diversity\nLucky for us, we are not all the same\nThrough diversity, we generate power\nWe run on inclusion and our combined creative energy is fueled by over 130 nationalities\nSiemens Energy celebrates character no matter what ethnic background, gender, age, religion, identity, or disability\nWe energize society, all of society, and we do not discriminate based on our differences\n\nRewards/Benefits\nAll employees are automatically covered under the Medical Insurance\nCompany paid considerable Family floater cover covering employee, spouse and 2 dependent children up to 25 years of age\n\nSiemens Gamesa provides an option to opt for Meal Card to all its employees which will be as per the terms and conditions prescribed in the company policy as a part of CTC, tax saving measure\n\nWe will ensure that individuals with disabilities are provided reasonable accommodation to participate in the job application or interview process, to perform crucial job functions, and to receive other benefits and privileges of employment\nPlease contact us to request accommodation",,,,"['c#', 'data services', 'data modeling', 'data processing', 'cloud platforms', 'etl', 'nosql databases']",2025-07-01 05:17:26
Data Engineer,Google,8 - 13 years,Not Disclosed,['Bengaluru'],"Note: By applying to this position you will have an opportunity to share your preferred working location from the following: Bengaluru, Karnataka, India; Hyderabad, Telangana, India\nMinimum qualifications:\nBachelor's degree in Computer Science, Engineering, Mathematics, a related field, or equivalent practical experience\n\nExperience in distributed data processing frameworks and modern age Google Cloud Platform (GCP) analytical and transactional data stores like BigQuery, CloudSQL, AlloyDB etc, and experience in one Database type to write SQLs\n\nExperience in distributed data processing frameworks and modern age GCP analytical and transactional data stores like BigQuery, CloudSQL, AlloyDB etc, and experience in one Database type to write SQLs\n\nExperience in GCP\n\nPreferred qualifications:\nExperience in working with/on data warehouses, including data warehouse technical architectures, infrastructure components, ETL/ELT and reporting/analytic tools, environments, and data structures\n\nExperience with encryption techniques like symmetric, asymmetric, HSMs, and envelop, and ability to implement secure key storage using Key Management System\n\nExperience in building multi-tier, high availability applications with modern technologies such as NoSQL, MongoDB, SparkML, and TensorFlow\n\nExperience architecting, developing software, or internet scale production-grade Big Data solutions in virtualized environments\n\nExperience in Big Data, information retrieval, data mining, or Machine Learning\n\nExperience with IaC and CICD tools like Terraform, Ansible, Jenkins etc\n\nAbout The Job\nThe Google Cloud Platform team helps customers transform and build what's next for their business ? all with technology built in the cloud\nOur products are developed for security, reliability and scalability, running the full stack from infrastructure to applications to devices and hardware\nOur teams are dedicated to helping our customers ? developers, small and large businesses, educational institutions and government agencies ? see the benefits of our technology come to life\nAs part of an entrepreneurial team in this rapidly growing business, you will play a key role in understanding the needs of our customers and help shape the future of businesses of all sizes use technology to connect with customers, employees and partners\n\nAs a Cloud Data Engineer, you will guide customers on how to ingest, store, process, analyze, and explore/visualize data on the Google Cloud Platform\nYou will work on data migrations and modernization projects, and with customers to design large-scale data processing systems, develop data pipelines optimized for scaling, and troubleshoot potential platform/product tests\nYou will travel to customer sites to deploy solutions and deliver workshops to educate and empower customers\nAdditionally, you will work with Product Management and Product Engineering teams to build and drive excellence in our products\n\nGoogle Cloud accelerates every organizations ability to digitally transform its business and industry\nWe deliver enterprise-grade solutions that leverage Googles cutting-edge technology, and tools that help developers build more sustainably\nCustomers in more than 200 countries and territories turn to Google Cloud as their trusted partner to enable growth and solve their most critical business problems\n\nResponsibilities\nInteract with stakeholders to translate customer requirements into recommendations for appropriate solution architectures and advisory services\n\nEngage with technical leads, and partners to lead high velocity migration and modernization to Google Cloud Platform (GCP)\n\nDesign, Migrate/Build and Operationalize data storage and processing infrastructure using Cloud native products\n\nDevelop and implement data quality and governance procedures to ensure the accuracy and reliability of data\n\nTake various project requirements and organize them into clear goals and objectives, and create a work breakdown structure to manage internal and external stakeholders\n\nGoogle is proud to be an equal opportunity workplace and is an affirmative action employer\nWe are committed to equal employment opportunity regardless of race, color, ancestry, religion, sex, national origin, sexual orientation, age, citizenship, marital status, disability, gender identity or Veteran status\nWe also consider qualified applicants regardless of criminal histories, consistent with legal requirements\nSee also Google's EEO Policy and EEO is the Law\nIf you have a disability or special need that requires accommodation, please let us know by completing our Accommodations for Applicants form",,,,"['cloud sql', 'tensorflow', 'jenkins', 'data warehousing', 'bigquery', 'big data', 'etl']",2025-07-01 05:17:28
Big Data Developer,Codehive Labs Hyderabad,5 - 10 years,15-25 Lacs P.A.,[],"Role & responsibilities\nWe are seeking a talented and motivated Big Data Developer to design, develop, and maintain large-scale data processing applications. You will work with modern Big Data technologies, leveraging PySpark and Java/Scala, to deliver scalable, high-performance data solutions on AWS. The ideal candidate is skilled in big data frameworks, cloud services, and modern CI/CD practices.\n\n\nPreferred candidate profile\n\nDesign and develop scalable data processing pipelines using PySpark and Java/Scala.\nBuild and optimize data workflows for batch and real-time data processing.\nIntegrate and manage data solutions on AWS services such as EMR, S3, Glue, Airflow, RDS, and DynamoDB.\nImplement containerized applications using Docker, Kubernetes, or similar technologies.\nDevelop and maintain APIs and microservices/domain services as part of the data ecosystem.\nParticipate in continuous integration and continuous deployment (CI/CD) processes using Jenkins or similar tools.\nOptimize and tune performance of Big Data applications and databases (both relational and NoSQL).\nCollaborate with data architects, data engineers, and business stakeholders to deliver end-to-end data solutions.\nEnsure best practices in data security, quality, and governance are followed.\nMust-Have Skills\nProficiency with Big Data frameworks and programming using PySpark and Java/Scala\nExperience designing and building data pipelines for large-scale data processing\nSolid knowledge of distributed data systems and best practices in performance optimization\nPreferred Skills\nExperience with AWS services (EMR, S3, Glue, Airflow, RDS, DynamoDB, or similar)\nFamiliarity with container orchestration tools (Docker, Kubernetes, or similar)\nKnowledge of CI/CD pipelines (e.g., Jenkins or similar tools)\nHands-on experience with relational databases and SQL\nExperience with NoSQL databases (e.g., MongoDB, Cassandra, DynamoDB)\nExposure to microservices or API gateway frameworks\nQualifications\nBachelors or Master’s degree in Computer Science, Engineering, or a related field\n5+ years of experience in Big Data development\nStrong analytical, problem-solving, and communication skills\nExperience working in an Agile environment is a plus",Industry Type: IT Services & Consulting,Department: Data Science & Analytics,"Employment Type: Full Time, Permanent","['Pyspark', 'Java', 'SCALA', 'NoSQL', 'Big Data', 'Ci/Cd', 'EMR', 'AWS']",2025-07-01 05:17:31
Senior Data Consultant (Snowflake/Matillion),Snap Analytics,2 - 5 years,Not Disclosed,['Pune'],"The headlines\n\n\n\nJob Title Senior Data Consultant (Delivery)\nStart Date Mid-July 2025\nLocation Hybrid; 2 days a week on-site in our office in Creaticity Mall, Shashtrinagar, Yerawada\nSalary ??2,300,000 ??3,800,000/annum\nA bit about the role\n\n\n\nWere looking for passionate Senior Data Consultants to join our Delivery team; a thriving and fast-growing community of some of the industrys best cloud data engineers, ranging from interns and graduates up to seasoned experts\n\nIn this role, you'll combine deep technical expertise with strategic leadership and client engagement, acting as a trusted advisor to senior stakeholders\nYoull take ownership of solution architecture, project planning, and business development opportunities, driving the successful delivery of high-impact data solutions\n\nYoull have the opportunity to lead and mentor teams, shape best practices, and contribute to internal initiatives, thought leadership, and go-to-market propositions\n\nWith a culture that values collaboration, innovation, and professional growth, this is the perfect opportunity for a data leader looking to make a real impact within an international, industry-leading consultancy\n\nWhat you'll be doing\n\n\n\nLeading the design and delivery of enterprise-scale data solutions, ensuring alignment with business objectives\n\nBuilding and managing client relationships at a senior level, acting as a trusted advisor to stakeholders\n\nOwning and driving solution architecture, contributing to proposal development and project planning\n\nManaging and mentoring teams, ensuring high-quality project execution and professional growth of team members\n\nIdentifying new business opportunities by understanding client needs and proactively proposing solutions\n\nDriving internal initiatives such as capability development, internal products, and best practice frameworks\n\nContributing to pre-sales efforts, presenting at client meetings, industry events, and marketing initiatives\n\nEstablishing thought leadership, writing blogs, publishing articles, and presenting at external events\n\nWhat you'll need to succeed\n\n\n\nExpertise in data warehousing, cloud analytics, and modern data architectures (Snowflake, Matillion, Databricks, or similar)\n\nProven ability to engage and influence senior stakeholders, providing strategic guidance and technical leadership\n\nStrong consulting and client management experience, with a track record of delivering high-impact data projects\n\nLeadership and team management skills, with experience guiding multiple teams or large-scale projects\n\nAn ability to manage complex project priorities, balancing resources effectively and ensuring on-time delivery\n\nA passion for innovation and continuous improvement, with the ability to identify and implement best practices\n\nStrong communication and influencing skills, capable of managing high-tension situations and facilitating negotiations\n\nSo, what's in it for you\nThe chance to work on cutting-edge cloud data projects for leading enterprise clients\n\nAn opportunity to shape strategy and drive business impact, with the autonomy to influence major decisions\n\nA chance to lead and mentor talented consultants, fostering a culture of excellence and knowledge-sharing\n\nOpportunities to contribute to thought leadership through blogging, speaking engagements, and industry networking\n\nA fast-growing, dynamic company culture that values innovation, collaboration, and personal development\n\nAbout Snap Analytics\n\n\n\nWe're a high-growth data analytics consultancy on a mission to help enterprise businesses unlock the full potential of their data\nWith offices in the UK, India, and South Africa, we specialise in cutting-edge cloud analytics solutions, transforming complex data challenges into actionable business insights\n\nWe partner with some of the biggest brands worldwide to modernise their data platforms, enabling smarter decision-making through Snowflake, Databricks, Matillion, and other cloud technologies\nOur approach is customer-first, innovation-driven, and results-focused, delivering impactful solutions with speed and precision\n\nAt Snap, were not just consultants, were problem-solvers, engineers, and strategists who thrive on tackling complex data challenges\nOur culture is built on collaboration, continuous learning, and pushing boundaries, ensuring our people grow just as fast as our business\n\nJoin us and be part of a team thats shaping the future of data analytics!",Industry Type: Analytics / KPO / Research,Department: Data Science & Analytics,"Employment Type: Full Time, Permanent","['data bricks', 'analytics cloud', 'snowflake', 'data analytics', 'client management', 'data architecture', 'communication skills']",2025-07-01 05:17:32
"Data and Analytics Consultant, Google Cloud",Google,2 - 5 years,Not Disclosed,['Mumbai'],"Note: By applying to this position you will have an opportunity to share your preferred working location from the following: Pune, Maharashtra, India; Mumbai, Maharashtra, India; Hyderabad, Telangana, India; Bengaluru, Karnataka, India\nMinimum qualifications:\nBachelor's degree in Computer Science, Engineering, Mathematics, a related field, or equivalent practical experience\n\n10 years of experience in Big Data, Data Warehouse, Data Modelling, Data Mining and Hadoop\n\nExperience in building multi-tier, high availability applications with modern technologies such as NoSQL, MongoDB, SparkML, and TensorFlow\n\nExperience in GCP\n\nPreferred qualifications:\nExperience in Big Data, information retrieval, data mining, or Machine Learning\n\nExperience with IaC and CICD tools like Terraform, Ansible, Jenkins etc\n\nExperience architecting, developing software, or Big Data solutions in virtualized environments\n\nExperience with encryption techniques like symmetric, asymmetric, HSMs, and envelop\n\nAbility to implement secure key storage using Key Management System\n\nAbout the jobThe Google Cloud Platform team helps customers transform and build what's next for their business ? all with technology built in the cloud\nOur products are developed for security, reliability and scalability, running the full stack from infrastructure to applications to devices and hardware\nOur teams are dedicated to helping our customers ? developers, small and large businesses, educational institutions and government agencies ? see the benefits of our technology come to life\nAs part of an entrepreneurial team in this rapidly growing business, you will play a key role in understanding the needs of our customers and help shape the future of businesses of all sizes use technology to connect with customers, employees and partners\n\nAs a Data and Analytics Consultant, you will guide customers on how to ingest, store, process, analyze, and explore/visualize data on the Google Cloud Platform\nYou will work on data migrations and modernization projects, and with customers to design data processing systems, develop data pipelines optimized for scaling, and troubleshoot potential platform/product challenges\nYou will have an understanding of data governance and security controls, and will travel to customer sites to deploy solutions and deliver workshops to educate and empower customers\nYou will work with Product Management and Product Engineering teams to build and drive excellence in products\nGoogle Cloud accelerates every organizations ability to digitally transform its business and industry\nWe deliver enterprise-grade solutions that leverage Googles cutting-edge technology, and tools that help developers build more sustainably\nCustomers in more than 200 countries and territories turn to Google Cloud as their trusted partner to enable growth and solve their most critical business problems\n\nResponsibilities\nInteract with stakeholders to translate customer requirements into recommendations for appropriate solution architectures and advisory services\n\nEngage with technical leads, and partners to lead high velocity migration and modernization to Google Cloud Platform (GCP)\n\nHelp Google cloud customers with current infrastructure assessment, design and architect goal infrastructure, develop a migration plan, and deliver technical workshops to educate them on GCP\n\nParticipate in technical and design discussions with technical teams to speed up the adoption process and ensure best practices during implementation\n\nDevelop and implement data quality and governance procedures to ensure the accuracy and reliability of data\n\nGoogle is proud to be an equal opportunity workplace and is an affirmative action employer\nWe are committed to equal employment opportunity regardless of race, color, ancestry, religion, sex, national origin, sexual orientation, age, citizenship, marital status, disability, gender identity or Veteran status\nWe also consider qualified applicants regardless of criminal histories, consistent with legal requirements\nSee also Google's EEO Policy and EEO is the Law\nIf you have a disability or special need that requires accommodation, please let us know by completing our Accommodations for Applicants form",,,,"['tensorflow', 'data modeling', 'data mining', 'jenkins', 'data warehousing', 'hadoop', 'ansible']",2025-07-01 05:17:35
"Data and Analytics Consultant, Google Cloud",Google,2 - 5 years,Not Disclosed,['Gurugram'],"Note: By applying to this position you will have an opportunity to share your preferred working location from the following: Pune, Maharashtra, India; Mumbai, Maharashtra, India; Hyderabad, Telangana, India; Bengaluru, Karnataka, India; Gurugram, Haryana, India\nMinimum qualifications:\nBachelor's degree in Computer Science, Engineering, Mathematics, a related field, or equivalent practical experience\n\n10 years of experience in Big Data, Data Warehouse, Data Modelling, Data Mining and Hadoop\n\nExperience in building multi-tier, high availability applications with modern technologies such as NoSQL, MongoDB, SparkML, and TensorFlow\n\nExperience in GCP\n\nPreferred qualifications:\nExperience in Big Data, information retrieval, data mining, or Machine Learning\n\nExperience with IaC and CICD tools like Terraform, Ansible, Jenkins etc\n\nExperience architecting, developing software, or Big Data solutions in virtualized environments\n\nExperience with encryption techniques like symmetric, asymmetric, HSMs, and envelop\n\nAbility to implement secure key storage using Key Management System\n\nAbout the jobThe Google Cloud Platform team helps customers transform and build what's next for their business ? all with technology built in the cloud\nOur products are developed for security, reliability and scalability, running the full stack from infrastructure to applications to devices and hardware\nOur teams are dedicated to helping our customers ? developers, small and large businesses, educational institutions and government agencies ? see the benefits of our technology come to life\nAs part of an entrepreneurial team in this rapidly growing business, you will play a key role in understanding the needs of our customers and help shape the future of businesses of all sizes use technology to connect with customers, employees and partners\n\nAs a Data and Analytics Consultant, you will guide customers on how to ingest, store, process, analyze, and explore/visualize data on the Google Cloud Platform\nYou will work on data migrations and modernization projects, and with customers to design data processing systems, develop data pipelines optimized for scaling, and troubleshoot potential platform/product challenges\nYou will have an understanding of data governance and security controls, and will travel to customer sites to deploy solutions and deliver workshops to educate and empower customers\nYou will work with Product Management and Product Engineering teams to build and drive excellence in products\nGoogle Cloud accelerates every organizations ability to digitally transform its business and industry\nWe deliver enterprise-grade solutions that leverage Googles cutting-edge technology, and tools that help developers build more sustainably\nCustomers in more than 200 countries and territories turn to Google Cloud as their trusted partner to enable growth and solve their most critical business problems\n\nResponsibilities\nInteract with stakeholders to translate customer requirements into recommendations for appropriate solution architectures and advisory services\n\nEngage with technical leads, and partners to lead high velocity migration and modernization to Google Cloud Platform (GCP)\n\nHelp Google cloud customers with current infrastructure assessment, design and architect goal infrastructure, develop a migration plan, and deliver technical workshops to educate them on GCP\n\nParticipate in technical and design discussions with technical teams to speed up the adoption process and ensure best practices during implementation\n\nDevelop and implement data quality and governance procedures to ensure the accuracy and reliability of data\n\nGoogle is proud to be an equal opportunity workplace and is an affirmative action employer\nWe are committed to equal employment opportunity regardless of race, color, ancestry, religion, sex, national origin, sexual orientation, age, citizenship, marital status, disability, gender identity or Veteran status\nWe also consider qualified applicants regardless of criminal histories, consistent with legal requirements\nSee also Google's EEO Policy and EEO is the Law\nIf you have a disability or special need that requires accommodation, please let us know by completing our Accommodations for Applicants form",,,,"['tensorflow', 'data modeling', 'data mining', 'jenkins', 'data warehousing', 'hadoop', 'ansible']",2025-07-01 05:17:37
"Cloud Architect, Infrastructure",Google,6 - 10 years,Not Disclosed,['Pune'],"Note: By applying to this position you will have an opportunity to share your preferred working location from the following: Bengaluru, Karnataka, India; Gurugram, Haryana, India; Hyderabad, Telangana, India; Pune, Maharashtra, India\nMinimum qualifications:\nBachelor's degree in Computer Science or equivalent practical experience\n\n3 years of experience on any CSP like Cloud infrastructure design, complex network architecture design and implementation, Kubernetes, Cloud security, logging & monitoring\n\n3 years of experience in direct client-facing roles, troubleshooting technical issues and working with engineering/sales teams/customers\n\nExperience with two or more disciplines on Google Cloud Platform (GCP) such as Google Kubernetes Engine and Google Cloud VMware Engine migration, network design, data migration strategies, Virtual Machine migration to Google Compute Engine\n\nExperience in setting up Google Cloud foundations involving networking and security setup\nPreferred qualifications:\nExperience in setting up end-to-end CI/CD pipelines\n\nAbility to work in a fast-paced, dynamic and collaborative environment\n\nExcellent communication, presentation and consulting skills\n\nAbout The Job\nThe Google Cloud Consulting Professional Services team guides customers through the moments that matter most in their cloud journey to help businesses thrive\nWe help customers transform and evolve their business through the use of Googles global network, web-scale data centers, and software infrastructure\nAs part of an innovative team in this rapidly growing business, you will help shape the future of businesses of all sizes and use technology to connect with customers, employees, and partners\n\nGoogle Cloud accelerates every organizations ability to digitally transform its business and industry\nWe deliver enterprise-grade solutions that leverage Googles cutting-edge technology, and tools that help developers build more sustainably\nCustomers in more than 200 countries and territories turn to Google Cloud as their trusted partner to enable growth and solve their most critical business problems\n\nResponsibilities\nEngage with stakeholders in collaborative efforts to interpret complex client requirements, provide recommendations for suitable solution architectures and offer consultative services\n\nCollaborate with customer technical leads, client managers and partners to meticulously plan and execute cloud migration projects, foster trust and serve as a valuable advisor to decision-makers thoughtout the engagement\n\nWork with Google Cloud Platform (GCP) specialists, product development teams and engineering divisions to consolidate best practices and deliver valuable insights into comprehensive solutions and widely accessible assets\n\nEngage with Google Cloud sales representatives, partners and customer technical stakeholders to oversee the management of migration scope, priorities, deliverables, risks/issues, and timelines for effective and successful migrations\n\nDeliver comprehensive solutions and execute the deployment of cloud-based distributed infrastructure solutions in alignment with customer requirements and industry best practices for implementation\n\nGoogle is proud to be an equal opportunity workplace and is an affirmative action employer\nWe are committed to equal employment opportunity regardless of race, color, ancestry, religion, sex, national origin, sexual orientation, age, citizenship, marital status, disability, gender identity or Veteran status\nWe also consider qualified applicants regardless of criminal histories, consistent with legal requirements\nSee also Google's EEO Policy and EEO is the Law\nIf you have a disability or special need that requires accommodation, please let us know by completing our Accommodations for Applicants form",,,,"['csp', 'continuous integration', 'cd', 'gcp', 'consulting', 'presentation skills', 'ci/cd']",2025-07-01 05:17:39
"Manager, Data Governance",Capgemini,6 - 9 years,Not Disclosed,['Hyderabad'],"This role involves the development and application of engineering practice and knowledge in defining, configuring and deploying industrial digital technologies including but not limited to PLM MES for managing continuity of information across the engineering enterprise, including design, industrialization, manufacturing supply chain, and for managing the manufacturing data.\n\n\nJob Description - Grade Specific\nFocus on Digital Continuity Manufacturing. Fully competent in own area. Acts as a key contributor in a more complex critical environment. Proactively acts to understand and anticipates client needs. Manages costs and profitability for a work area. Manages own agenda to meet agreed targets. Develop plans for projects in own area. Looks beyond the immediate problem to the wider implications. Acts as a facilitator, coach and moves teams forward.",Industry Type: IT Services & Consulting,Department: Engineering - Software & QA,"Employment Type: Full Time, Permanent","['data analysis', 'data warehousing', 'sql', 'data governance', 'etl', 'data analytics', 'data management', 'power bi', 'data architecture', 'business intelligence', 'data cleansing', 'data quality', 'tableau', 'data modeling', 'data visualization', 'informatica', 'data profiling']",2025-07-01 05:17:41
Senior Data Engineer. Work Location: Bengaluru,A client of Cloud Talent Search,5 - 10 years,25-30 Lacs P.A.,"['Hyderabad', 'Chennai', 'Bengaluru']","Develop and maintain data pipelines, ETL/ELT processes, and workflows to ensure the seamless integration and transformation of data.\nArchitect, implement, and optimize scalable data solutions.\n\nRequired Candidate profile\nWork closely with data scientists, analysts, and business stakeholders to understand requirements and deliver actionable insights.\nPartner with cloud architects and DevOps teams",Industry Type: IT Services & Consulting,Department: Data Science & Analytics,"Employment Type: Full Time, Permanent","['Datafactory', 'Microsoft Fabric', 'Data Pipeline', 'Data Engineer', 'Data workflows', 'Data Factory', 'Data Engineering', 'Data solutions', 'Power Bi', 'Synapse Analytics', 'AI', 'cloud platforms', 'ELT', 'Machine Learning', 'SQL', 'Microsoft Azure', 'Azure Data Lake', 'Spark', 'ETL', 'Python']",2025-07-01 05:17:43
GCP data Engineer/Consultant Specialist,Hsbc,7 - 8 years,Not Disclosed,['Pune'],"Some careers shine brighter than others.\nIf you re looking for a career that will help you stand out, join HSBC and fulfil your potential. Whether you want a career that could take you to the top, or simply take you in an exciting new direction, HSBC offers opportunities, support and rewards that will take you further.\nHSBC is one of the largest banking and financial services organisations in the world, with operations in 64 countries and territories. We aim to be where the growth is, enabling businesses to thrive and economies to prosper, and, ultimately, helping people to fulfil their hopes and realise their ambitions.\nWe are currently seeking an experienced professional to join our team in the role of Consultant Specialist\nIn this role, you will:\nCo-ordinations with stakeholders to ensure timely deliverables.\nProvide solution architecture support to projects where required ensuring that solution defined meets business needs, is aligned to functional and target architecture with any deviations approved.\nAnalyze and propose plan to demise legacy systems.\nLead a team of data engineers and assume responsibilities as Technical Lead for the assigned projects.\nEnsure full ownership and efficient management of the GDT IT services and products.\nEnsure that any new technology products are taken through the technology design governance process.\nMentor and coach less experienced members of staff and promotes an understanding of the value of architecture and of use of technologies and standards in their domain across IT.\nPeriodical monitor of team progress.\nDelivering optimum solution that meets client requirements.\nInputs provided for Estimations, Monitoring & Co-ordinate team related activities.\nInvolved in Designing, Development & Unit testing, Performance Testing the application\n\n\n\n\n\n\n\n\n\n\nRequirements\n\n\n\nTo be successful in this role, you should meet the following requirements:\nDeep knowledge of Cloud Architecture on GCP, AWS or Azure with preference to GCP\nProficient in Google Cloud and Cloud Native technologies\nAbility to work with senior stakeholders and various business parties and drive all the business discussions.\nA track record of making complex business decisions with authority, even in times of ambiguity, considering the potential long term risks and implications.\nDevOps and automation design experience\nExperience with ETL tools like IBM DataStage\nExperience in Hadoop / Hive\nExperience in Solution Architecture.\nRelevant experience in Big query, Google analytics, Data Flow, Pub/Sub, Cloud Sql, Qliksense, Spark\nExperience with Design, build and configure applications to meet business process requirements.\nExperience with On-Prem to GCP data migration projects\nConcepts RDBMS, SDLC, OLAP, Logical/Physical Dimensional\nProgramming Languages PL-SQL, SQL , Unix Scripting, Java, Python\nOperating Systems Windows 2000/NT, Unix, Linux""\nMust have experience working in Agile environment and should be well versed with Agile/Scrum Master\nExperience working in building business intelligence solutions",Industry Type: Consumer Electronics & Appliances,Department: Engineering - Software & QA,"Employment Type: Full Time, Permanent","['Unix', 'Automation', 'Linux', 'Datastage', 'Performance testing', 'PLSQL', 'Windows', 'Business intelligence', 'SDLC', 'Python']",2025-07-01 05:17:46
Senior Data Engineer,Barclays,8 - 13 years,Not Disclosed,['Pune'],"Join Barclays as a Senior Data Engineer\nAt Barclays, we are building the bank of tomorrow\nAs a Strategy and Transformation Lead you will build and maintain the systems that collect, store, process, and analyse data, such as data pipelines, data warehouses and data lakes to ensure that all data is accurate, accessible, and secure\n\nTo be a successful Senior Data Engineer, you should have experience with:\nHands on experience to work with large scale data platforms & in development of cloud solutions in AWS data platform with proven track record in driving business success\n\nStrong understanding of AWS and distributed computing paradigms, ability to design and develop data ingestion programs to process large data sets in Batch mode using Glue, Lambda, S3, redshift and snowflake and data bricks\n\nAbility to develop data ingestion programs to ingest real-time data from LIVE sources using Apache Kafka, Spark Streaming and related technologies\nHands on programming experience in python and PY-Spark\n\nUnderstanding of Dev Ops Pipelines using Jenkins, GitLab & should be strong in data modelling and Data architecture concepts & well versed with Project management tools and Agile Methodology\n\nSound knowledge of data governance principles and tools (alation/glue data quality, mesh), Capable of suggesting solution architecture for diverse technology applications\n\nAdditional Relevant Skills Given Below Are Highly Valued\nExperience working in financial services industry & working in various Settlements and Sub ledger functions like PNS, Stock Record and Settlements, PNL\n\nKnowledge in BPS, IMPACT & Gloss products from Broadridge & creating ML model using python, Spark & Java\n\nYou may be assessed on key critical skills relevant for success in role, such as risk and controls, change and transformation, business acumen, strategic thinking and digital and technology, as well as job-specific technical skills\n\nThis role is based in Pune\n\nPurpose of the role\nTo build and maintain the systems that collect, store, process, and analyse data, such as data pipelines, data warehouses and data lakes to ensure that all data is accurate, accessible, and secure\n\nAccountabilities\nBuild and maintenance of data architectures pipelines that enable the transfer and processing of durable, complete and consistent data\n\nDesign and implementation of data warehoused and data lakes that manage the appropriate data volumes and velocity and adhere to the required security measures\n\nDevelopment of processing and analysis algorithms fit for the intended data complexity and volumes\n\nCollaboration with data scientist to build and deploy machine learning models\n\nVice President Expectations\nTo contribute or set strategy, drive requirements and make recommendations for change\nPlan resources, budgets, and policies; manage and maintain policies/ processes; deliver continuous improvements and escalate breaches of policies/procedures\n\n\nIf managing a team, they define jobs and responsibilities, planning for the departments future needs and operations, counselling employees on performance and contributing to employee pay decisions/changes\nThey may also lead a number of specialists to influence the operations of a department, in alignment with strategic as well as tactical priorities, while balancing short and long term goals and ensuring that budgets and schedules meet corporate requirements\n\n\nIf the position has leadership responsibilities, People Leaders are expected to demonstrate a clear set of leadership behaviours to create an environment for colleagues to thrive and deliver to a consistently excellent standard\nThe four LEAD behaviours are: L Listen and be authentic, E Energise and inspire, A Align across the enterprise, D Develop others\n\n\nOR for an individual contributor, they will be a subject matter expert within own discipline and will guide technical direction\nThey will lead collaborative, multi-year assignments and guide team members through structured assignments, identify the need for the inclusion of other areas of specialisation to complete assignments\nThey will train, guide and coach less experienced specialists and provide information affecting long term profits, organisational risks and strategic decisions\n\n\nAdvise key stakeholders, including functional leadership teams and senior management on functional and cross functional areas of impact and alignment\n\nManage and mitigate risks through assessment, in support of the control and governance agenda\n\nDemonstrate leadership and accountability for managing risk and strengthening controls in relation to the work your team does\n\nDemonstrate comprehensive understanding of the organisation functions to contribute to achieving the goals of the business\n\nCollaborate with other areas of work, for business aligned support areas to keep up to speed with business activity and the business strategies\n\nCreate solutions based on sophisticated analytical thought comparing and selecting complex alternatives\nIn-depth analysis with interpretative thinking will be required to define problems and develop innovative solutions\n\nAdopt and include the outcomes of extensive research in problem solving processes\n\nSeek out, build and maintain trusting relationships and partnerships with internal and external stakeholders in order to accomplish key business objectives, using influencing and negotiating skills to achieve outcomes\n\nAll colleagues will be expected to demonstrate the Barclays Values of Respect, Integrity, Service, Excellence and Stewardship our moral compass, helping us do what we believe is right\nThey will also be expected to demonstrate the Barclays Mindset to Empower, Challenge and Drive the operating manual for how we behave",Industry Type: Financial Services,Department: Engineering - Software & QA,"Employment Type: Full Time, Permanent","['snowflake', 'data modeling', 'data governance', 'data architecture', 'project management tools', 'distributed computing', 'agile methodology']",2025-07-01 05:17:48
Senior Data Engineer,Midland Credit Management India Private Limited,4 - 7 years,Not Disclosed,['Gurugram'],"Role & responsibilities\n\nDesign and build effective solutions using the primary key skills required for the profile\nSupport the Enterprise Data Environment team particularly for Data Quality and production support.\nCollaborate on a data migration strategy for existing systems that need to migrate to a next generation Cloud / AWS application software platform.\nCollaborate with teams as a key contributor of data architecture directives & documentation: including data models, technology roadmaps, standards, guidelines, and best practices.\nFocus on data quality throughout the ETL & data pipelines, driving improvements to data management processes, data storage, and data security to meet the needs of the business customers.\n\nPreferred candidate profile\n\nEDUCATION: Bachelor's FIELD OF STUDY: Information Technology\n\nEXPERIENCE:\n\n4+ years of total experience into IT industry as a developer/senior developer/data engineer.\n3+ years of experience of working extensively with Azure services such as Azure Data Factory, Azure Synapse and Azure Datalake.\n3+ years of experience working extensively with Azure SQL, MS SQL Server and good exposure into writing complex SQL queries.\n1+ years of experience working with the production support operations team as a production support engineer.\nGood knowledge and exposure into important SQL concepts such as Query optimization, Data Modelling and Data Governance.\nWorking Knowledge of CI/CD process using Azure DevOps and Azure Logic Apps • Very good written and verbal communication skills.\n\nPerks and Benefits\n\nTransportation Services: Convenient and reliable commute options to ensure a hassle-free journey to and from work.\nMeal Facilities: Nutritious and delicious meals provided to keep you energized throughout the day.\nCareer Growth Opportunities: Clear pathways for professional development and advancement within the organization.\nCaptive Unit Advantage: Work in a stable, secure environment with long-term projects and consistent workflow.\nContinuous Learning: Access to training programs, workshops, and resources to support your personal and professional growth.\n\nLink to apply :\n\nhttps://encore.wd1.myworkdayjobs.com/externalnew/job/Gurgaon---Candor-Tech-Space-IT---ITES-SEZ/Senior-Data-Engineer_HR-18537\n\nOr Share your CV at Anjali.panchwan@mcmcg.com",Industry Type: BPM / BPO,Department: Engineering - Software & QA,"Employment Type: Full Time, Permanent","['Azure Data Factory', 'Azure Databricks', 'Azure Data Lake', 'Azure Synapse', 'Ms Sql Serve', 'Azure Logic Apps', 'Ci/Cd', 'Data Modeling', 'SQL Azure', 'Delta Live Tables', 'Azure Devops']",2025-07-01 05:17:50
Senior Manager - Middle and Back Office Data Analyst - ISS,Fidelity International,10 - 15 years,Not Disclosed,"['Gurugram', 'Bengaluru']","Department: Technology\nReports To: Middle and Back Office Data Product Owner\nAbout your team\nThe Technology function provides IT services that are integral to running an efficient run-the business operating model and providing change-driven solutions to meet outcomes that deliver on our business strategy. These include the development and support of business applications that underpin our revenue, operational, compliance, finance, legal, marketing and customer service functions. The broader organisation incorporates Infrastructure services that the firm relies on to operate on a day-to-day basis including data centre, networks, proximity services, security, voice, incident management and remediation.\nThe ISS Technology group is responsible for providing Technology solutions to the Investment Solutions & Services (ISS) business (which covers Investment Management, Asset Management Operations & Distribution business units globally)\n\nThe ISS Technology team supports and enhances existing applications as well as designs, builds and procures new solutions to meet requirements and enable the evolving business strategy.\nAs part of this group, a dedicated ISS Data Programme team has been mobilised as a key foundational programme to support the execution of the overarching ISS strategy.\nAbout your role\nThe Middle and Back Office Data Analyst role is instrumental in the creation and execution of a future state design for Fund Servicing & Oversight data across Fidelitys key business areas. The successful candidate will have an in- depth knowledge of data domains that represent Middle and Back-office operations and technology.\nThe role will sit within the ISS Delivery Data Analysis chapter and fully aligned to deliver Fidelitys cross functional ISS Data Programme in Technology, and the candidate will leverage their extensive industry knowledge to build a future state platform in collaboration with Business Architecture, Data Architecture, and business stakeholders.\nThe role is to maintain strong relationships with the various business contacts to ensure a superior service to our clients.\nData Product - Requirements Definition and Delivery of Data Outcomes\nAnalysis of data product requirements to enable business outcomes, contributing to the data product roadmap\nCapture both functional and non-functional data requirements considering the data product and consumers perspectives.\nConduct workshops with both the business and tech stakeholders for requirements gathering, elicitation and walk throughs.\nResponsible for the definition of data requirements, epics and stories within the product backlog and providing analysis support throughout the SDLC.\nResponsible for supporting the UAT cycles, attaining business sign off on outcomes being delivered\nData Quality and Integrity:\nDefine data quality use cases for all the required data sets and contribute to the technical frameworks of data quality.\nAlign the functional solution with the best practice data architecture & engineering principles.\nCoordination and Communication:\nExcellent communication skills to influence technology and business stakeholders globally, attaining alignment and sign off on the requirements.\nCoordinate with internal and external stakeholders to communicate data product deliveries and the change impact to the operating model.\nAn advocate for the ISS Data Programme.\nCollaborate closely with Data Governance, Business Architecture, and Data owners etc.\nConduct workshops within the scrum teams and across business teams, effectively document the minutes and drive the actions.\nAbout you\nAt least 10 years of proven experience as a business/technical/data analyst within technology and/or business changes within the financial servicesasset management industry.\nMinimum 5 years as a senior business/technical/data analyst adhering to agile methodology, delivering data solutions using industry leading data platforms such as Snowflake, State Street Alpha Data, Refinitiv Eikon, SimCorp Dimension, BlackRock Aladdin, FactSet etc.\nProven experience. of delivering data driven business outcomes using industry leading data platforms such as Snowflake.\nExcellent knowledge of data life cycle that drives Middle and Back Office capabilities such as trade execution, matching, confirmation, trade settlement, record keeping, accounting, fund & cash positions, custody, collaterals/margin movements, corporate actions , derivations and calculations such as holiday handling, portfolio turnover rates, funds of funds look through .\nIn Depth expertise in data and calculations across the investment industry covering the below.\nAsset-specific data: This includes data related to financial instruments reference data like asset specifications, maintenance records, usage history, and depreciation schedules.\nMarket data: This includes data like security prices, exchange rates, index constituents and licensing restrictions on them.\nABOR & IBOR data: This includes calculation engines covering input data sets, calculations and treatment of various instruments for ABOR and IBOR data leveraging platforms such as Simcorp, Neoxam, Invest1, Charles River, Aladdin etc. Knowledge of TPAs, how data can be structured in a unified way from heterogenous structures.\nShould possess Problem Solving, Attention to detail, Critical thinking.\nTechnical Skills: Excellent hands-on SQL, Advanced Excel, Python, ML (optional) and proven experience and knowledge of data solutions.\nKnowledge of data management, data governance, and data engineering practices\nHands on experience on data modelling techniques such as dimensional, data vault etc.\nWillingness to own and drive things, collaboration across business and tech stakeholders.",Industry Type: Banking,Department: Data Science & Analytics,"Employment Type: Full Time, Permanent","['Data Analysis', 'BlackRock Aladdin', 'SimCorp Dimension', 'data management', 'FactSet', 'Snowflake', 'data governance', 'Advanced Excel', 'SQL', 'Python']",2025-07-01 05:17:52
Senior Software Engineer with Data Engineering Focus,Tyler Technologies,3 - 6 years,Not Disclosed,[],"Home Careers Job Listings Senior Software Engineer with Data Engineering Focus\nSenior Software Engineer with Data Engineering Focus\nApply Online\nWe are looking for an experienced Senior Software Engineer who has a significant interest and experience focused on data engineering to join this team.\nWhile this is, at the core, a technical, coding, development position, this person will work with internal partners, clients and developers to brainstorm and evaluate technical solutions, product integration opportunities and demonstrations. This role requires creative thinking, a deep curiosity and understanding of data models and usage, as well as empathy for partner/client challenges and pain points.\nThis is a technical role but also requires a diverse range of consultative and project management skills.\nThe primary focus of this role is to collaborate with cross-divisional partners to design and implement data ingress strategies that support Data & Insights solutions.\nBefore we get to the list-y bit of the posting, a few key points:\nYou must be a resident in the U.S. to be considered for this role.\nWe are not considering candidates who require visa sponsorship for this position. This is a budgetary decision and due to the significant talent available currently who do not require such sponsorship.\nThis is not a data analyst or data science role, and it requires significant coding, architecture, and consultative collaboration skills.\n\n\n\nResponsibilities\nDesign data warehouse and management in AWS from multiple source systems\nLead collaborations with cross-functional teams to gather and understand data requirements, providing technical solutions and support for data modeling, extract, transformation, and loading.\nProvide mentorship and guidance in the form of technical code reviews for other team members.\nWrite and refactor existing code for performance and clarity\nDesign , build , and maintain efficient, reliable, and scalable data models and pipelines.\nCreate high level project plans and technical documentation to achieve product outcomes\nEnsure data quality and consistency across all data stores and pipelines with an eye for metadata and data cataloging.\n\n\nQualifications\nAt least 5 years of software development experience with a focus on data and metadata frameworks and architecture\nAmazon Web Services (AWS) experience is required. You must have familiarity and experience with cloud computing platforms\nAdvanced data transformations using data extract, transform and load (ETL) tools in languages such as Scala , Java , or Python .\nAbility to create and optimize advanced SQL queries both for data extraction and as the basis for compelling client-facing Data & Insights solutions.\nFamiliarity with REST web frameworks.\nExperience with developing data lake architecture is ideal.\nAbility to communicate at both a technical and a business level, developing trust and confidence with a wide variety of individuals within a client organization.\nAbility to think on your feet and comfortable architecting creative solutions to data sharing problems by adapting and configuring Data & Insights solutions to meet unique client needs.\nFamiliarity with terraform for deploying and maintaining infrastructure\nDetail oriented and able to define data and metadata frameworks and organizations to support complex integrations\nAbility to articulately talk through and whiteboard these concepts and approaches with clients.\nFamiliarity working with public sector organizations is strongly desired.\nFrontend development experience a plus\nAbility to focus, balance trade-offs, work within constraints and make good decisions, including managing multiple projects simultaneously, is required.\nComfortable conducting client trainings of data publishing workflows.\nSelf-directed, self-motivated and the ability to work independently.\nRequired to undergo and satisfactorily pass a fingerprint background check in accordance with CJIS requirements.",Industry Type: Software Product,Department: Engineering - Software & QA,"Employment Type: Full Time, Permanent","['Cloud computing', 'metadata', 'Performance management', 'Data modeling', 'Coding', 'Focus', 'Engineering Manager', 'Data quality', 'Python', 'Technical documentation']",2025-07-01 05:17:55
Data Building Tool,Apptad,4 - 6 years,Not Disclosed,['Noida'],"company name=Apptad Technologies Pvt Ltd., industry=Employment Firms/Recruitment Services Firms, experience=4 to 6 , jd=10 BDC7A SummaryAs a Data Platform Engineer, you will assist with the data platform blueprint and design, collaborating with Integration Architects and Data Architects to ensure cohesive integration between systems and data models. You will play a crucial role in shaping the data platform components. Roles & Responsibilities- Expected to perform independently and become an SME.- Required active participation/contribution in team discussions.- Contribute in providing solutions to work related problems.- Collaborate with cross-functional teams to design and implement data platform solutions.- Develop and maintain data pipelines for efficient data processing.- Optimize data storage and retrieval processes for improved performance.- Implement data governance policies and ensure data quality standards are met.- Stay updated with industry trends and best practices in data engineering. Professional & Technical\n\nSkills:\n- Must To Have\n\nSkills:\nProficiency in Data Building Tool.- Strong understanding of data modeling and database design principles.- Experience in ETL processes and data integration techniques.- Knowledge of cloud platforms and services for data storage and processing.- Hands-on experience with data visualization tools for reporting and analysis. Additional Information- The candidate should have a minimum of 3 years of experience in Data Building Tool.- This position is based at our Bengaluru office.- A 15 years full time education is required., Title=Data Building Tool, ref=6566428",Industry Type: Recruitment / Staffing,Department: Engineering - Software & QA,"Employment Type: Full Time, Permanent","['database design', 'data modeling', 'design principles', 'data visualization', 'etl', 'python', 'cloud platforms', 'data engineering', 'sql', 'docker', 'data quality', 'java', 'spark', 'devops', 'linux', 'data governance', 'jenkins', 'shell scripting', 'hadoop', 'aws', 'big data', 'data integration']",2025-07-01 05:17:57
Python Pyspark Data Engineer,Allegis Group,8 - 13 years,Not Disclosed,[],"Python Pyspark Data Engineer\nJob Location: Hyderabad / Bangalore / Chennai / Noida/ Gurgaon / Pune / Indore / Mumbai/ Kolkata\n\nKey Responsibilities:\nDesign, develop, and optimize data pipelines using Python, Pyspark, AWS Data Analytics services such as RDS, DMS, Glue, Lambda, Redshift, and Athena.\nImplement data migration and transformation processes using AWS DMS and Glue.\nWork with SQL (Oracle & Postgres) to query, manipulate, and analyse large datasets.\nDevelop and maintain ETL/ELT workflows for data ingestion and transformation.\nUtilize AWS services like S3, IAM, CloudWatch, and VPC to ensure secure and efficient data operations.\nWrite clean and efficient Python scripts for automation and data processing.\nCollaborate with DevOps teams using Azure DevOps for CI/CD pipelines and infrastructure management.\nMonitor and troubleshoot data workflows to ensure high availability and performance.",Industry Type: IT Services & Consulting,Department: Engineering - Software & QA,"Employment Type: Full Time, Permanent","['Pyspark', 'Python', 'AWS']",2025-07-01 05:18:00
Salesforce Solution Field Service Architect,Genpact,11 - 15 years,Not Disclosed,"['Kolkata', 'Jaipur', 'Delhi / NCR']","Inviting applications for the role of Senior Principal Consultant- Salesforce-FSL Solution Architect\nA Field Service Lightning (FSL) Solution Architect is responsible for designing and implementing scalable Salesforce solutions for field service operations. This role requires deep expertise in Salesforce Field Service Lightning, Service Cloud, and technical architecture. Here are some key responsibilities\nResponsibilities:\n1. Requirement Gathering: Collaborating with stakeholders to understand business needs and translating them into technical specifications.",,,,"['Field Service Lightning', 'Solution Architect', 'Salesforce']",2025-07-01 05:18:02
Siebel Data Migration Consultant,Suzva Software Technologies,5 - 10 years,Not Disclosed,"['Mumbai', 'Delhi / NCR', 'Bengaluru']","Domain Expertise: Telecom domain experience is mandatory\n\nPrimary Skills & Responsibilities:\nStrong hands-on experience with Siebel Data Migration (EIM) including Import, Export, Delete, Merge processes\n\nSolid experience in Siebel data migration project handling end-to-end\n\nExpertise in Requirement Gathering, Design, and Development phases\n\nKnowledge of legacy systems and data mapping concepts\n\nExperience working with business stakeholders, technical architects, and app designers\n\nFamiliarity with Data Migration Plans, ETL Tools, and DataStage\n\nStrong proficiency in SQL, PL/SQL, and Siebel data model & flow\n\nAbility to identify, communicate, and mitigate risks/issues/assumptions\n\nLooking for self-driven, experienced professionals who are confident working on complex migration projects in telecom.\nLocation-remote,Delhi NCR,Bangalore,Chennai,Pune,Kolkata,Ahmedabad,Mumbai,Hyderabad",Industry Type: IT Services & Consulting,Department: Engineering - Software & QA,"Employment Type: Full Time, Permanent","['Siebel Data Migration', 'Data Migration', 'DataStage', 'Siebel Data Migration Consultant', 'EIM', 'PLSQL', 'ETL', 'Siebel CRM', 'SQL']",2025-07-01 05:18:04
Azure Data Engineer - Remote Work,Techolution,2 - 6 years,Not Disclosed,[],"We are seeking a skilled Azure Data Engineer with hands-on experience in modern data engineering tools and platforms within the Azure ecosystem. The ideal candidate will have a strong foundation in data integration, transformation, and migration, along with a passion for working on complex data migration projects.\n\nJob Title: Azure Data Engineer\nLocation: Remote\nWork Timings: 2:00 PM 11:00 PM IST\nNo of Openings: 3\n\nPlease Note: This is a pure Azure-specific role. If your expertise is primarily in AWS or GCP, we kindly request that you do not apply.\n\nKey Responsibilities:\nDesign, develop, and maintain data pipelines using Azure Data Factory / Synapse Data Factory to orchestrate and automate data workflows.\nBuild and manage data lakes using Azure Data Lake, enabling secure and scalable storage for structured and unstructured data.\nLead and support data migration initiatives (on-prem to cloud, cloud-to-cloud), ensuring minimal disruption and high integrity of data.\nPerform advanced data transformations using Python, PySpark, and Azure Databricks or Synapse Spark Pools.\nDevelop and optimize SQL / T-SQL queries for data extraction, manipulation, and reporting across Azure SQL services.\nDesign and maintain ETL solutions using SSIS, where applicable.\nCollaborate with cross-functional teams to understand requirements and deliver data-driven solutions.\nMonitor, troubleshoot, and continuously improve data workflows to ensure performance, reliability, and scalability.\nUphold best practices in data governance, security, and compliance.\n\nRequired Skills and Qualifications:\n2+ years of experience as a Data Engineer, with strong emphasis on Azure technologies.\nProven expertise in:\nAzure Data Factory / Synapse Data Factory\nAzure Data Lake\nAzure Databricks / Synapse Spark\nPython and PySpark\nSQL / T-SQL\nSSIS\nDemonstrated experience in data migration projects and eagerness to take on new migration challenges.\nMicrosoft Certified: Azure Data Engineer Associate certification preferred.\nStrong analytical and problem-solving skills.\nExcellent communication and collaboration abilities.",Industry Type: IT Services & Consulting,Department: Data Science & Analytics,"Employment Type: Full Time, Permanent","['Azure Data Factory', 'Pyspark', 'Azure Data Lake', 'SQL', 'Azure Databricks']",2025-07-01 05:18:07
Workday Data Mapping and Conversions,"A global leader in strategy, technology ...",5 - 9 years,17-22.5 Lacs P.A.,['Bengaluru'],"About The Company:\nARAs client TechGlobal (pseudonym) is a global leader in strategy, technology consulting and digital services, enabling clients in more than 100+ countries to implement cutting edge solutions in their transformation journey. TechGlobal helps businesses become digital-first and digital-ready. The company has a global presence with 600000+ employees ( 200000+ in India). India is a focus for them with their Development Centres presence in over 10 locations across Tier 1 and Tier 2 cities. They are recognised for their people first and employee oriented policies. Along with offering hybrid work options, a Pan India presence gives flexible location options to employees.\nThe Role:\nWorkday Data Mapping & Conversions\nKey Responsibilities:\nExpected to be an SME\nCollaborate and manage the team to perform\nResponsible for team decisions\nEngage with multiple teams and contribute on key decisions\nProvide solutions to problems for their immediate team and across multiple teams\nLead data mapping and conversion projects effectively\nDevelop and maintain data mapping documentation\nEnsure data integrity and accuracy throughout the conversion process\nSkills Required:\nMust To Have Skills Proficiency in Workday Data Mapping & Conversions\nStrong understanding of data integration concepts\nExperience with ETL tools for data transformation\nKnowledge of Workday HCM and Financials modules\nHands-on experience in data migration projects\nQualifications & Experience:\nThe candidate should have a minimum of 5+ years of experience in Workday Data Mapping & Conversions",Industry Type: IT Services & Consulting,Department: Consulting,"Employment Type: Full Time, Permanent","['workday', 'data mapping', 'conversion', 'hcl', 'Integration', 'Workday Integration', 'Data Conversion']",2025-07-01 05:18:09
"IT Architect Specialist, AVP",Deutsche Bank,11 - 16 years,Not Disclosed,['Pune'],"Role Description\nThis role is for a Senior business functional analyst for Group Architecture. This role will be instrumental in establishing and maintaining bank wide data policies, principles, standards and tool governance. The Senior Business Functional Analyst acts as a link between the business divisions and the data solution providers to align the target data architecture against the enterprise data architecture principles, apply agreed best practices and patterns.\nGroup Architecture partners with each division of the bank to ensure that Architecture is defined, delivered, and managed in alignment with the banks strategy and in accordance with the organizations architectural standards.\nYour key responsibilities\nData Architecture: The candidate will work closely with stakeholders to understand their data needs and break out business requirements into implementable building blocks and design the solution's target architecture.\nAI/ML: Identity and support the creation of AI use cases focused on delivery the data architecture strategy and data governance tooling. Identify AI/ML use cases and architect pipelines that integrate data flows, data lineage, data quality. Embed AI-powered data quality, detection and metadata enrichment to accelerate data discoverability. Assist in defining and driving the data architecture standards and requirements for AI that need to be enabled and used.\nGCP Data Architecture & Migration: A strong working experience on GCP Data architecture is must (BigQuery, Dataplex, Cloud SQL, Dataflow, Apigee, Pub/Sub, ...). Appropriate GCP architecture level certification. Experience in handling hybrid architecture & patterns addressing non- functional requirements like data residency, compliance like GDPR and security & access control. Experience in developing reusable components and reference architecture using IaaC (Infrastructure as a code) platforms such as terraform.\nData Mesh: The candidate is expected to have proficiency in Data Mesh design strategies that embrace the decentralization nature of data ownership. The candidate must have good domain knowledge to ensure that the data products developed are aligned with business goals and provide real value.\nData Management Tool: Access various tools and solutions comprising of data governance capabilities like data catalogue, data modelling and design, metadata management, data quality and lineage and fine-grained data access management. Assist in development of medium to long term target state of the technologies within the data governance domain.\nCollaboration: Collaborate with stakeholders, including business leaders, project managers, and development teams, to gather requirements and translate them into technical solutions.\nYour skills and experience\nDemonstrable experience in designing and deploying AI tooling architectures and use cases\nExtensive experience in data architecture, within Financial Services\nStrong technical knowledge of data integration patterns, batch & stream processing, data lake/ data lake house/data warehouse/data mart, caching patterns and policy bases fine grained data access.\nProven experience in working on data management principles, data governance, data quality, data lineage and data integration with a focus on Data Mesh\nKnowledge of Data Modelling concepts like dimensional modelling and 3NF. Experience of systematic structured review of data models to enforce conformance to standards.\nHigh level understanding of data management solutions e.g. Collibra, Informatica Data Governance etc.\nProficiency at data modeling and experience with different data modelling tools.\nVery good understanding of streaming and non-streaming ETL and ELT approaches for data ingest.\nStrong analytical and problem-solving skills, with the ability to identify complex business requirements and translate them into technical solutions.",Industry Type: Investment Banking / Venture Capital / Private Equity,Department: Engineering - Software & QA,"Employment Type: Full Time, Permanent","['data warehousing', 'data mart', 'data modeling', 'etl', 'data integration', 'cloud sql', 'data architecture', 'elt', 'apigee', 'financial services', 'meshing', 'java', 'gcp', 'stream processing', 'data ingestion', 'data governance', 'terraform', 'bigquery', 'informatica', 'data flow', 'data lake', 'pubsub']",2025-07-01 05:18:11
Senior Executive - Talent Acquisition (Architect Hiring),Happiest Minds Technologies,5 - 8 years,Not Disclosed,['Bengaluru( Madiwala )'],"Senior Executive - Talent Acquisition (Architect Hiring)\n\nDepartment: Talent Acquisition- Technology Hiring\nLocation: [Insert Location]\nExperience: 5- 8 Years in IT Recruitment, specifically Architect Hiring\nRole Overview:\nWe are looking for a dynamic Senior Executive Talent Acquisition with proven expertise in hiring IT Architects across domains such as Application, Cloud, Data, Integration, and Enterprise Architecture. This role is key to identifying and onboarding top-tier architect-level talent who can drive digital transformation and technology strategy.",,,,"['IT Recruitment', 'Leadership Hiring', 'Talent Acquisition', 'Stakeholder Management']",2025-07-01 05:18:13
Data Analyst - Insurance Domain,Chubb,5 - 9 years,Not Disclosed,['Hyderabad'],"Job Description\nAs a Data Analyst, you will analyze and certify data, troubleshoot data issues, promote data quality, and assist in the delivery of key projects in support of our North America enterprise data warehousing initiative. Our data warehouse platform is a strategic application within the business, feeding into multiple systems and applications both up and downstream with data that directly supports business decisions being made each and every day. With us, youll leverage your knowledge of SQL and database tables to analyze data, identify gaps or discrepancies, and partner with applications teams, IT teams across the business, our stakeholders, and our Data Architect to drive solutions that directly impacts how data is used throughout the business. Youll have opportunities to build upon your technical skills and insurance knowledge as we continue the evolution of our data warehouse and related infrastructure. Through it all, we’ll also look to you to share your ideas and manage data related projects end to end that influence how we incorporate, validate, and distribute data enterprise-wide.",,,,"['Excel', 'Insurance Domain', 'SQL']",2025-07-01 05:18:15
Data Engineer - IICS,Chubb,4 - 8 years,Not Disclosed,['Hyderabad'],"Job Description:\nAs a Data Engineer, you will be responsible for designing, developing, and maintaining data pipelines and ETL processes using Informatica Intelligent Cloud Services (IICS), Informatica PowerCenter, and Azure Data Factory (ADF). You will also leverage Databricks to enhance our data processing capabilities and perform advanced analytics. Additionally, you will be involved in production support activities to ensure the smooth operation of data systems. Your expertise will be crucial in ensuring the integrity, availability, and performance of our data systems.\nKey Responsibilities:",,,,"['Iics', 'Databricks', 'SQL']",2025-07-01 05:18:17
Onix is Hiring GCP Data Warehousing Engineer,Datametica,3 - 7 years,Not Disclosed,['Hyderabad'],"We are seeking a highly skilled GCP Data Warehouse Engineer to join our data team. You will be responsible for designing, developing, and maintaining scalable and efficient data warehouse solutions on Google Cloud Platform (GCP). Your work will support analytics, reporting, and data science initiatives across the company.\nKey Responsibilities:\nDesign, build, and maintain data warehouse solutions using BigQuery.\nDevelop robust and scalable ETL/ELT pipelines using Dataflow, Cloud Composer, or Cloud Functions.\nImplement data modeling strategies (star schema, snowflake, etc.) to support reporting and analytics.\nEnsure data quality, integrity, and security across all pipelines and storage.\nOptimize BigQuery queries for performance and cost-efficiency (partitioning, clustering, materialized views).\nCollaborate with data scientists, analysts, and other engineers to deliver high-quality datasets and insights.\nMonitor pipeline performance and troubleshoot issues using Cloud Monitoring, Logging, and alerting tools.\nAutomate deployment and infrastructure using Terraform, Cloud Build, and CI/CD pipelines.\nStay up to date with GCPs evolving services and suggest improvements to our data infrastructure.\nRequired Skills & Qualifications:\nBachelor's degree in Computer Science, Engineering, or related field (or equivalent experience).\n3+ years of experience in data engineering or data warehousing roles.\nHands-on experience with BigQuery, Cloud Storage, Pub/Sub, and Dataflow.\nProficiency in SQL and Python (or Java/Scala).\nStrong understanding of data modeling, data warehousing concepts, and distributed systems.\nExperience with Cloud Composer (Airflow), version control (Git), and agile development.\nFamiliarity with IAM, VPC Service Controls, and other GCP security best practices.\nPreferred Qualifications:\nGoogle Cloud Professional Data Engineer certification.\nExperience with Looker, Dataform, or similar BI/data modeling tools.\nExperience working with real-time data pipelines or streaming data.\nKnowledge of DevOps practices and infrastructure-as-code.\nWhy Join Us?\nWork on cutting-edge cloud data architecture at scale.\nJoin a collaborative and fast-paced engineering culture.\nCompetitive salary, flexible work options, and career growth opportunities.\nAccess to learning resources, GCP credits, and certifications.",Industry Type: IT Services & Consulting,Department: Engineering - Software & QA,"Employment Type: Full Time, Permanent","['gcp', 'Data Warehousing', 'sql', 'DW', 'Bigquery', 'Data Flow', 'Dataproc']",2025-07-01 05:18:20
Data Engineer,Fluid AI,2 - 7 years,Not Disclosed,[],"Data Engineer\n\nCompany Name: Fluid AI\n\nRole Overview:\nAs a Data Engineer, you will be responsible for designing and maintaining the data frameworks that power our Gen-AI products. Youll work closely with engineering, product, and AI research teams to ensure our data models are scalable, secure, and optimized for real-world performance across diverse use cases.\nThis is a hands-on and strategic role, ideal for someone who thrives in fast-paced, innovative environments.\n\nKey Responsibilities:\n\nDesign, implement, and optimize data architectures to support large-scale AI and machine learning systems\nCollaborate with cross-functional teams to define data models, APIs, and integration flows\nArchitect secure, scalable data pipelines for structured and unstructured data\nOversee data governance, access controls, and compliance (GDPR, SOC2, etc.)\nSelect appropriate data storage technologies (SQL/NoSQL/data lakes) for various workloads\nWork with MLOps and DevOps teams to enable real-time data availability and model serving\nEvaluate and integrate third-party APIs, datasets, and connectors\nContribute to system documentation and data architecture diagrams\nSupport AI researchers with high-quality, well-structured data pipelines\n\nRequired Qualifications:\n\nBachelors or Masters degree in Computer Science, Data Engineering, or a related field\n5+ years of experience as a Data Architect, Data Engineer, or in a similar role\nExpertise in designing cloud-based data architectures (AWS, Azure, GCP)\nStrong knowledge of SQL, NoSQL, and distributed databases (PostgreSQL, MongoDB, Cassandra, etc.)\nExperience with big data tools like Spark, Kafka, Airflow, or similar\nFamiliarity with data warehousing tools (Redshift, BigQuery, Snowflake)\nSolid understanding of data privacy, compliance, and governance best practices\n\nPreferred Qualifications:\n\nExperience working on AI/ML or Gen AI-related products\nProficiency in Python or another scripting language used for data processing\nExposure to building APIs for data ingestion and consumption\nPrior experience supporting enterprise-level SaaS products\nStrong analytical and communication skills\n\nTravel & Documentation Requirement:\nCandidate must hold a valid passport\nWillingness to travel overseas for 1 week (as part of client collaboration)\nHaving a valid US visa (e.g., B1/B2, H1B, Green Card, etc.) is a strong advantage\n\n\nWhy Join Us:\nWork on high-impact, cutting-edge Generative AI products\nCollaborate with some of the best minds in AI, engineering, and product\nFlexible work culture with global exposure\nOpportunity to work on deeply technical challenges with real-world impact",Industry Type: IT Services & Consulting,Department: Engineering - Software & QA,"Employment Type: Full Time, Permanent","['Snowflake', 'Data Modeling', 'AWS', 'Python', 'SQL', 'NoSQL', 'GCP', 'Microsoft Azure', 'API', 'Data Lake']",2025-07-01 05:18:22
Data Migration Technical Lead- Revenue Cloud,Forsys,8 - 12 years,20-35 Lacs P.A.,['Hyderabad'],"Responsibilities:\n\n8+ years of experience working as a data migration technical lead with hands-on experience in complex and challenging migration projects\nPlan and execute data migration strategy for Salesforce Revenue Cloud including CPQ (Configure Price Quote), Billing, and related modules.\nCoordinate with the client to determine their data needs, including the types of data that need to be migrated, build data models from scratch and prepare data mappings.",,,,"['Data Migration', 'Salesforce cpq', 'Revenue cloud']",2025-07-01 05:18:24
Lead Data Engineer - Snowflake,Relanto Global,6 - 11 years,10-20 Lacs P.A.,"['Hyderabad', 'Bangalore Rural', 'Bengaluru']","We are seeking a highly skilled Snowflake Developer to join our team in Bangalore. The ideal candidate will have extensive experience in designing, implementing, and managing Snowflake-based data solutions. This role involves developing data architectures and ensuring the effective use of Snowflake to drive business insights and innovation.\n\nKey Responsibilities:\nDesign and implement scalable, efficient, and secure Snowflake solutions to meet business requirements.\nDevelop data architecture frameworks, standards, and principles, including modeling, metadata, security, and reference data.\nImplement Snowflake-based data warehouses, data lakes, and data integration solutions.\nManage data ingestion, transformation, and loading processes to ensure data quality and performance.\nCollaborate with business stakeholders and IT teams to develop data strategies and ensure alignment with business goals.\nDrive continuous improvement by leveraging the latest Snowflake features and industry trends.\n\nQualifications:\nBachelors or Master’s degree in Computer Science, Information Technology, Data Science, or a related field.\n8+ years of experience in data architecture, data engineering, or a related field.\nExtensive experience with Snowflake, including designing and implementing Snowflake-based solutions.\nMust have exposure working in Airflow\nProven track record of contributing to data projects and working in complex environments.\nFamiliarity with cloud platforms (e.g., AWS, GCP) and their data services.\nSnowflake certification (e.g., SnowPro Core, SnowPro Advanced) is a plus.",Industry Type: IT Services & Consulting,Department: Engineering - Software & QA,"Employment Type: Full Time, Permanent","['Snowflake', 'SQL', 'Data engineer', 'DBT', 'Lead Snowflake']",2025-07-01 05:18:26
Gcp Data Engineer,9nexus,5 - 10 years,Not Disclosed,[],"This is a permanent work from home position from anywhere in India\nNotice period - less than 30 Days (Immediate joiners preferred\n\nJob Title: GCP Data Engineer Python\nKey Responsibilities:\nDesign and implement data solutions using GCP BigQuery, Dataform, and DataProc\nDevelop data pipelines and transformation scripts using Python",,,,"['Gcp Bigquery', 'Dataproc', 'GCP Dataform', 'Python']",2025-07-01 05:18:28
Data Migration Specialist,Equisoft India,3 - 6 years,Not Disclosed,['Hyderabad'],"**Cette description est disponible en anglais seulement**\nWhat is Equisoft\nEquisoft is a global provider of advanced insurance and investment digital solutions, recognized as a valued partner by over 250 of the worlds leading financial institutions\nUCT (Universal Conversion Technology), a subsidiary of Equisoft Inc\n, is a global leader in?data migrations with over 25 years of experience, reducing risk and costs associated with?legacy modernization initiatives\nUCT specializes in high-volume, complex data migration projects that frequently involve multiple source and target systems\nWe have a solid reputation in the?life?insurance industry through a unique combination of?highly skilled staff,?proven methodology?and?exclusive technology tools\n\nWhy Choose UsWith 950+ employees currently, we are a stable and growing organization that offers progressive career advancement and fosters a supportive environment\nIf thats not enough, then check out these other perks below:\nHiring Location: India\nYou are welcome to work 100% remote\nFull-time Role\nBenefits from day 1: medical, dental, retirement plan\\pension fund, telemedicine program, etc\n(India)\nFlexible hours\nNumber of hours per week: 40\nEducational Support (Udemy, LOMA Courses, Equisoft University, Tuition Reimbursement)\nRole: The Data Migration Specialist reports to the Director, Architecture & System Integration and works closely with the Data Migration team\nThe incumbent will be responsible for the analysis and mapping of legacy data structures to modern systems for insurance companies and other software organizations\nWorking as part of the project team, the Data Migration Specialist will work closely with clients and IT teams to extract, correct, test and transfer legacy system data to new systems\nThe candidate is also a subject matter expert in insurance products and systems and is looking to grow within a dynamic international context\n\nYour Day with UCT:\nDrive the data migration needs of the client around:\nPolicy administration, legacy data, business processes (especially life and annuity)\nTechnical processes\nSolving incompatibilities between customer needs and legacy system data\nCreate, document and modify requirements using automated tools\nWork with the team leads to identify and solve source and target system data gaps\nDevelop and document unit and integration testing using automated tools\nSupport the Project Manager with statuses and follow ups\nRequirements:\nTechnical\nUniversity Degree in an Insurance, IT or technical field\n3+ years of relevant and technical experience in insurance (business, operations or IT)\nInsurance industry expertise (systems, products and processes)\nExperience with insurance and/or financial data extraction and transformation (data mapping)\nUnderstanding of the software development cycle\nAgile Methodology\nSoft Skills\nStrong sense of organization and prioritizing\nAnalytical and problem-solving skills\nAbility to communicate, write and synthesize information\nAbility to multi-task in a rapid-paced environment\nTeam spirit, tact, diplomacy, autonomy, rigor, and discipline\nNice to Haves:\nInsurance industry expertise (systems, products and processes)\nExperience working in a model office testing environment is an asset\nInsurance Domain Certifications (like FLMI) from LOMA or equivalent Institutes\nFluency in Japanese, Spanish or French, are a plus\nAbility to read COBOL copybooks or/and understand structure of a Java class\nJIRA & Confluence experience\nVersant in enterprise architecture concepts\nAbility to read and write SQL statements\nAbility to read XML, XSLT, XML Schemas\nEquisoft is committed to creating a diverse environment and is proud to be an equal opportunity employer\nAll qualified applicants will receive consideration for employment without regard to race, color, religion, gender, gender identity or expression, sexual orientation, national origin, genetics, disability, age, or veteran status\n\nClick here to view all career opportunities\n\nWe thank you for your interest in our company and we guarantee that all submitted applications will be considered\n\nOnly those whose applications are selected will be contacted for interview purposes\nBy submitting your application, you consent to Equisoft collecting, using & storing your personal data in order to apply for a job and for Equisoft to analyze your application\nDue to the nature of its products and services, Equisoft will perform thorough background checks prior to confirming ones employment",Industry Type: IT Services & Consulting,Department: Engineering - Software & QA,"Employment Type: Full Time, Permanent","['spanish', 'japanese', 'java', 'xml', 'xslt', 'agile', 'sql']",2025-07-01 05:18:30
Lead Data Engineer,Chevron India,8 - 13 years,Not Disclosed,['Bengaluru'],"About The Position\nUtilizes software engineering principles to deploy and maintain fully automated data transformation pipelines that combine a large variety of storage and computation technologies to handle a distribution of data types and volumes in support of data architecture design\nA Senior Data Engineer designs and oversees the entire data infrastructure, data products and data pipelines that are resilient to change, modular, flexible, scalable, reusable, and cost effective\nThis Lead role has an expectation of 10-15 years of relevant experience and will provide mentorship to junior members of the team\n\nKey Responsibilities\nOversee the entire data infrastructure to ensure scalability, operation efficiency and resiliency\n\nMentor junior data engineers within the organization\n\nDesign, develop, and maintain data pipelines and ETL processes using Microsoft Azure services (e\ng\n, Azure Data Factory, Azure Synapse, Azure Databricks, Azure Fabric)\n\nUtilize Azure data storage accounts for organizing and maintaining data pipeline outputs\n(e\ng\n, Azure Data Lake Storage Gen 2 & Azure Blob storage)\n\nCollaborate with data scientists, data analysts, data architects and other stakeholders to understand data requirements and deliver high-quality data solutions\n\nOptimize data pipelines in the Azure environment for performance, scalability, and reliability\n\nEnsure data quality and integrity through data validation techniques and frameworks\n\nDevelop and maintain documentation for data processes, configurations, and best practices\n\nMonitor and troubleshoot data pipeline issues to ensure timely resolution\n\nStay current with industry trends and emerging technologies to ensure our data solutions remain cutting-edge\n\nManage the CI/CD process for deploying and maintaining data solutions\n\nRequired Qualifications\nBachelors degree in Computer Science, Engineering, or a related field (or equivalent experience) and able to demonstrate high proficiency in programming fundamentals\n\nAt least 5 years of proven experience as a Data Engineer or similar role dealing with data and ETL processes\n10-15 overall years of experience\nStrong knowledge of Microsoft Azure services, including Azure Data Factory, Azure Synapse, Azure Databricks, Azure Blob Storage and Azure Data Lake Gen 2\n\nExperience utilizing SQL DML to query modern RDBMS in an efficient manner (e\ng\n, SQL Server, PostgreSQL)\n\nStrong understanding of Software Engineering principles and how they apply to Data Engineering (e\ng\n, CI/CD, version control, testing)\n\nExperience with big data technologies (e\ng\n, Spark)\n\nStrong problem-solving skills and attention to detail\n\nExcellent communication and collaboration skills\n\nPreferred Qualifications\nLearning agility\nTechnical Leadership\nConsulting and managing business needs\nStrong experience in Python is preferred but experience in other languages such as Scala, Java, C#, etc is accepted\n\nExperience building spark applications utilizing PySpark\n\nExperience with file formats such as Parquet, Delta, Avro\n\nExperience efficiently querying API endpoints as a data source\n\nUnderstanding of the Azure environment and related services such as subscriptions, resource groups, etc\n\nUnderstanding of Git workflows in software development\n\nUsing Azure DevOps pipeline and repositories to deploy and maintain solutions\n\nUnderstanding of Ansible and how to use it in Azure DevOps pipelines\n\nChevron ENGINE supports global operations, supporting business requirements across the world\nAccordingly, the work hours for employees will be aligned to support business requirements\nThe standard work week will be Monday to Friday\nWorking hours are 8:00am to 5:00pm or 1\n30pm to 10\n30pm\n\nChevron participates in E-Verify in certain locations as required by law",Industry Type: Oil & Gas,Department: Engineering - Software & QA,"Employment Type: Full Time, Permanent","['c#', 'java', 'scala', 'ci/cd', 'software engineering', 'programming', 'communication skills']",2025-07-01 05:18:32
Azure Data Engineer,Coforge,5 - 10 years,Not Disclosed,"['Hyderabad', 'Pune', 'Delhi / NCR']","Jo b Description:\n\nShould be an experienced professional with Data Engineering background.\nShould be able to work without much guidance.\nDesign, develop, and maintain scalable ETL pipelines using Azure Services to process, transform, and load large datasets into AWS Datalake or other data stores.\nCollaborate with cross-functional teams, including data architects, analysts, and business stakeholders, to gather data requirements and deliver efficient data solutions.\nDesign, implement, and maintain data pipelines for data ingestion, processing, and transformation in Azure.\nWork together with data scientists and analysts to understand the needs for data and create effective data workflows.\nCreate and maintain data storage solutions including Azure SQL Database, Azure Data Lake, and Azure Blob Storage.\nUtilizing Azure Data Factory or comparable technologies, create and maintain ETL (Extract, Transform, Load) operations.\nImplementing data validation and cleansing procedures will ensure the quality, integrity, and dependability of the data.\nImprove the scalability, efficiency, and cost-effectiveness of data pipelines.\nMonitoring and resolving data pipeline problems will guarantee consistency and availability of the data. Key Skill Sets Required\nExperience in designing and hands-on development in cloud-based analytics solutions.\nExpert level understanding on Azure Data Factory, Azure Synapse, Azure SQL, Azure Data Lake, and Azure App Service is required.\nDesigning and building of data pipelines using API ingestion and Streaming ingestion methods.\nKnowledge of Dev-Ops processes (including CI/CD) and Infrastructure as code is desirable.\nStrong experience in common data warehouse modelling principles including Kimball, Inmon.\nKnowledge in Azure Databricks, Azure IoT, Azure HDInsight + Spark, Azure Stream Analytics, Power BI is desirable\nWorking knowledge of Python is desirable • Experience developing security models.",Industry Type: IT Services & Consulting,Department: Engineering - Software & QA,"Employment Type: Full Time, Permanent","['Azure Data Factory', 'Azure Data Lake', 'Azure Blob Storage', 'ETL', 'SQL Azure', 'Azure Blob', 'Aws Data Lake', 'Azure Databricks']",2025-07-01 05:18:36
Software Engineer - Data & APIs,Areete Business Solutions,2 - 7 years,Not Disclosed,['Pune'],"Job summery\nWe are looking for a Data Engineer with 2+ years of experience in SQL databases, AWS data pipelines, and Python programming. The ideal candidate should understand API structures, push/pull APIs, API testing, and the basics of mobile application functionalit\nPosition details\nDepartment\nSoftware Engineer\nLocation\nPune\nRoles and Responsibilities\nDesign, develop, and manage SQL databases, ensuring efficient data storage and retrieval.\nWork with AWS services such as EC2, RDS, Lambda, and AWS data pipelines for processing and managing data.\nWrite basic Python scripts for data processing, automation, and integration.\nUnderstand API structures, including RESTful APIs, push-pull mechanisms, and how APIs interact with databases and applications.\nWork with mobile application teams to understand data flow and optimize API interactions.\nMonitor, debug, and optimize cloud-based data workflows and pipelines.\nRequirements\nWork Experience\n2+ Years\nTechnical Skills\nSQL Database: Strong understanding of relational databases, query optimization, and data management.\nAWS Services: Experience with EC2, RDS, Lambda, and AWS data pipeline setup and maagement.\nPython Programming: Basic scripting skills for automation and data handling.\nAPI Knowledge: Understanding of API structures, push/pull API mechanisms, API testing, and integration.\nMobile Application Basics: Knowledge of how mobile apps interact with back-end systems and APIs.\nDebugging & Testing: Ability to test, troubleshoot, and validate data flows, APIs, and system integrations.\nProblem-Solving: Analytical mindset to optimize workflows and data processes.\nPreferred Qualifications\nExperience with cloud-based data architectures.\nExposure to serverless computing and event-driven architectures.\nBasic understanding of front-end and back-end application development.",Industry Type: Industrial Automation,Department: Engineering - Software & QA,"Employment Type: Full Time, Permanent","['Basic', 'Automation', 'Backend', 'Front end', 'query optimization', 'Analytical', 'API Testing', 'Data processing', 'Application development', 'Python']",2025-07-01 05:18:38
Data Science Engineer – AI/ML & Data Engineering,Aspire Talent Innovations,2 - 7 years,Not Disclosed,[],"We are seeking a highly skilled and motivated Data Science Engineer with strong experience in AI/ML, Data Engineering, and cloud infrastructure (AWS). You will play a critical role in shaping intelligent, scalable, and data-driven solutions that deliver meaningful impact for our clients.\n\nAs part of a cross-functional team, you will design and build end-to-end data pipelines, develop predictive models, and deploy production-ready data products across a variety of industries.\n\nKey Responsibilities:\nCollaborate with engineering teams, data scientists, and clients to build and deploy impactful data products.\n\nDesign, develop, and maintain scalable and cost-efficient data pipelines on AWS.\n\nBuild and integrate AI/ML models to enhance product intelligence and automation.\n\nDevelop backend and data components using Python, SQL, and PySpark.\n\nLeverage AI frameworks and tools to deploy models in production environments.\n\nWork directly with stakeholders to understand and translate their data needs into technical solutions.\n\nImplement and manage cloud infrastructure including PostgreSQL, Redshift, Airflow, and MongoDB.\n\nFollow best practices in data architecture, model training, testing, and performance optimization.\n\nRequired Qualifications:\nExperience:\n\nMinimum 3 years in Data Engineering, Software Development, or related roles.\n\nAt least 2 years of hands-on experience applying AI/ML algorithms for real-world use cases.\n\nProven experience in building and managing AWS-based cloud infrastructure.\n\nStrong background in data analysis, mining, and model interpretability.\n\nTechnical Skills:\n\nProgramming Languages: Python, SQL, PySpark\n\nFrameworks/Tools: Airflow, Django (optional), Scikit-learn, TensorFlow or PyTorch\n\nDatabases: PostgreSQL, Redshift, MongoDB\n\nExperience with real-time and batch data workflows\n\nSoft Skills:\n\nStrong problem-solving and logical reasoning abilities\n\nExcellent communication skills for client interactions and internal collaboration\n\nAbility to work in a fast-paced, dynamic environment\n\nNice to Have:\nExperience with MLOps and CI/CD for ML pipelines\n\nExposure to BI tools like Tableau, Power BI, or Metabase\n\nKnowledge of data security and governance on AWS",Industry Type: Software Product,Department: Data Science & Analytics,"Employment Type: Full Time, Permanent","['Airflow', 'PostgreSQL', 'Python', 'Data Science', 'Data Engineering', 'MLOps', 'Power BI', 'CI/CD', 'Tableau']",2025-07-01 05:18:40
Data Engineer,Vantageiq Technologies Opc,6 - 11 years,Not Disclosed,[],"Role & responsibilities\nWhat You'll Do\n\nBuild the underneath data platform and maintain data processing pipelines using best in class technologies.\nSpecial focus on R&D to challenge status-quo and build the next generation data mesh that is efficient and cost effective.\nTranslate complex technical and functional requirements into detailed designs.\n\nWho You Are\n\nStrong programming skills (Python, Java, and Scala)\nExperience writing SQL, structuring data, and data storage practices\nExperience with data modeling\nKnowledge of data warehousing concepts\nExperienced building data pipelines and micro services\nExperience with Spark, Airflow and other streaming technologies to process incredible volumes of streaming data\nA willingness to accept failure, learn and try again\nAn open mind to try solutions that may seem impossible at first\nStrong understanding of data structures, algorithms, multi-threaded programming, and distributed computing concepts\nExperience working on Amazon Web Services-AWS (EMR, Kinesis, RDS, S3, SQS and the like)\n\nPreferred candidate profile\n\nAt least 6+ years of professional experience as a software engineer or data engineer\nEducation: Bachelor's degree or higher in Computer Science, Data Science, Engineering, or a related technical field.",Industry Type: IT Services & Consulting,Department: Data Science & Analytics,"Employment Type: Full Time, Permanent","['Data Pipeline', 'AWS', 'Python', 'Data Structures And Algorithms', 'Streaming', 'Java', 'Multithreading', 'SCALA', 'EMR']",2025-07-01 05:18:42
Data Engineer,Looking for DATA Engineer with experienc...,8 - 12 years,35-40 Lacs P.A.,['Bengaluru'],"Key Responsibilities:\nDevelop and maintain scalable data pipelines in Databricks to support the migration\nof data from Oracle-based Data Warehouse (DWH) and Operational Data Store\n(ODS) systems.\nAnalyze and understand existing Oracle schemas, stored procedures, and data\ntransformation logic.\nTranslate PL/SQL logic into PySpark/Databricks SQL.\nDevelop and maintain Delta Lake-based datasets with appropriate partitioning,\nindexing, and optimization strategies.\nPerform data validation and reconciliation post-migration, including row count,\ndata integrity, and accuracy checks.\nBuild reusable and modular data ingestion and transformation frameworks using\nDatabricks Notebooks, Jobs, and Workflows.\nCollaborate with DevOps teams for CI/CD pipeline integration and efficient\ndeployment.\nOptimize performance of existing pipelines and queries in Databricks.\nDocument architecture, transformation logic, and data lineage clearly for\noperational transparency.\nUtilize some ETL codes from Pentaho and TIBCO, Perl to support legacy ETL\nunderstanding and potential migration to PySpark/Databricks SQL\n\nMandatory Skills & Experience:\n6 to 8 years of experience in data engineering, with strong experience in Oracle\nDWH/ODS environments.\nMinimum 3+ years hands-on experience in Databricks (including PySpark, SQL,\nDelta Lake, Workflows).\nStrong understanding of Lakehouse architecture, cloud data platforms, and big\ndata processing.",Industry Type: IT Services & Consulting,Department: Data Science & Analytics,"Employment Type: Full Time, Permanent","['Pyspark', 'Data Migration', 'Data Bricks', 'Python', 'SQL', 'Data Engineering', 'Azure Cloud', 'GCP', 'AWS']",2025-07-01 05:18:45
Azure Data Engineer,Apptad,5 - 10 years,Not Disclosed,['Noida'],"company name=Apptad Technologies Pvt Ltd., industry=Employment Firms/Recruitment Services Firms, experience=5 to 12 , jd=\n- Azure Data Engineer\n\nJob Type:- Full Time\n\nJob Location:- Bangalore\n\nJD:-\n\nWe are looking for a skilled\n\nAzure Data Engineerto design, develop, and maintain data solutions on the Microsoft Azure cloud platform. The ideal candidate will have experience in data engineering, data pipeline development, ETL/ELT processes, and cloud-based data services. They will be responsible for implementing scalable and efficient data architectures, ensuring data quality, and optimizing data workflows.\n\nKey Responsibilities:\nDesign and implement\n\ndata pipelinesusing\n\nAzure Data Factory (ADF), Azure Databricks, and Azure Synapse Analytics.\nDevelop and optimize\n\nETL/ELTprocesses to extract, transform, and load data from various sources into\n\nAzure Data Lake, Azure SQL Database, and Azure Synapse.\nWork with\n\nAzure Data Lake Storage (ADLS)and\n\nAzure Blob Storageto manage large-scale structured and unstructured data.\nImplement\n\ndata modeling, data partitioning, and indexingtechniques for optimized performance in Azure-based databases.\nDevelop and maintain\n\nreal-time and batch processing solutionsusing\n\nAzure Stream Analytics and Event Hub.\nImplement\n\ndata governance, data security, and compliancebest practices using\n\nAzure Purview, RBAC, and encryption mechanisms.\nOptimize query performance and improve data accessibility through\n\nSQL tuning and indexing strategies.\nCollaborate with\n\ndata scientists, analysts, and business stakeholdersto define and implement data solutions that support business insights and analytics.\nMonitor and troubleshoot\n\ndata pipeline failures, performance issues, and cloud infrastructure challenges.\nStay updated with the latest advancements in\n\nAzure data services, big data technologies, and cloud computing.\n\n\nRequired Skills & Qualifications:\n\n\nBachelor’s or master’s degree in computer science, Information Technology, Data Science, or a related field.\n\n\n5-8 years of experiencein\n\ndata engineering, cloud data platforms, and ETL development.\n\n\nStrong expertise in Azure servicessuch as:\n\n\nAzure Data Factory (ADF)\n\n\nAzure Synapse Analytics\n\n\nAzure Databricks (PySpark, Scala, or Python)\n\n\nAzure Data Lake Storage (ADLS)\n\n\nAzure Blob Storage\n\n\nAzure SQL Database / Cosmos DB\n\n\nAzure Functions & Logic Apps\n\n\nAzure DevOps for CI/CD automation\nProficiency in\n\nSQL, Python, Scala, or Sparkfor data transformation and processing.\nExperience with\n\nBig Data frameworks(Apache Spark, Hadoop) and data pipeline orchestration.\nHands-on experience in\n\ndata warehousing concepts, dimensional modelling, and performance optimization.\nUnderstanding of\n\ndata security, governance, and compliance frameworks.\nExperience with\n\nCI/CD pipelines, Terraform, ARM templates, or Infrastructure as Code (Isac).\nKnowledge of\n\nPower BI or other visualization toolsis a plus.\nStrong problem-solving and troubleshooting skills.\n\n\nPreferred Qualifications:\nFamiliarity with\n\nSAP, Salesforce, or third-party APIsfor data integration.\n, Title=Azure Data Engineer, ref=6566567",Industry Type: Recruitment / Staffing,Department: Engineering - Software & QA,"Employment Type: Full Time, Permanent","['python', 'scala', 'sql', 'spark', 'data transformation', 'azure databricks', 'continuous integration', 'azure data lake', 'microsoft azure', 'pyspark', 'data warehousing', 'ci/cd', 'azure data factory', 'data engineering', 'azure devops', 'sql azure', 'troubleshooting', 'hadoop', 'etl development']",2025-07-01 05:18:47
Azure Data Engineer,Polestar,3 - 8 years,Not Disclosed,"['Noida', 'Kolkata', 'Bengaluru']","Job Description\nYour Role and Responsibilities\nResponsible for implementing a robust data estate using Microsoft Azure Stack.\nResponsible for creating reusable and scalable data pipelines.\nResponsible for developing and deploying Big Data BI Solutions across industries and functions.\nResponsible for the development and deployment of new data platforms.\nResponsible for creating reusable components for rapid development of data platform.\nResponsible to create high-level architecture and data modelling.\nResponsible to guide and mentor the development teams.\nResponsible for getting UAT and Go Live for Data platform projects.\nPlay an active role in team meetings and workshops with clients.\n\nRequired Technical and Professional Expertise\nMinimum of 4+ years of experience in Data Warehousing with Big Data or Cloud.\nGraduate degree educated in computer science or a relevant subject.\nGood software engineering principals.\nStrong in SQL queries and data models.\nGood understanding of OLAP & OLTP concepts and implementations.\nExperience in working on Azure Services like Azure Data Factory, Azure Function, Azure SQL, Azure Data Bricks, Azure Data Lake, Synapse Analytics etc.\nKnowledge of Power shell is good to have.\nExperience of working in Agile delivery model.\nKnowledge of Big Data technologies, such as Spark, Hadoop/MapReduce is good to have.\nKnowledge and practical experience of cloud-based at forms and their ML/DL offerings (such as Google GCP, AWS, and Azure) would be advantageous.\nUnderstanding of infrastructure (including hosting, container-based deployments, and storage architectures) would be advantage.\n\nPreferred Technical and Professional Experience\n6+ years of experience in ELT/Data Integration for Data Warehousing, Data Lakes, and Business Intelligence.\nExpertise in data storage, ETL/ELT, and data analytics tools and technologies.\nProven hands-on experience in designing, modelling, testing, and optimizing data warehousing & data lake solutions.\nProficiency in SQL and Spark-based data processing.\nExperience with Azure cloud big data technologies Like Azure Data Factory, Azure Databricks, Fabric, Synapse, ADLS Gen2, etc.\nStrong understanding of data and analytics data architecture.\nExperience working with Agile methodologies (Scrum, Kanban) and in large transformational programs.\nAbility to document architecture and present solutions effectively.\nStrong data modelling skills (conceptual, logical, and physical).\nExperience with Python.",Industry Type: IT Services & Consulting,Department: Engineering - Software & QA,"Employment Type: Full Time, Permanent","['Azure Databricks', 'Azure Data Factory', 'Azure Synapse', 'Azure Data Warehouse', 'Azure Data Lake']",2025-07-01 05:18:49
Analyst,eClerx,0 - 3 years,Not Disclosed,['Chandigarh'],"We are looking for a highly skilled and experienced Analyst to join our team at eClerx Services Ltd. The ideal candidate will have a strong background in IT Services & Consulting, with excellent analytical skills and attention to detail.\nRoles and Responsibility\nCollaborate with cross-functional teams to identify and prioritize project requirements.\nDevelop and maintain complex data analysis systems and reports.\nProvide expert-level support for data analysis and reporting needs.\nIdentify trends and patterns in large datasets to inform business decisions.\nDesign and implement process improvements to increase efficiency and productivity.\nDevelop and maintain technical documentation for data analysis systems.\nJob Requirements\nStrong understanding of data analysis principles and techniques.\nProficiency in data visualization tools and programming languages.\nExcellent communication and problem-solving skills.\nAbility to work in a fast-paced environment and meet deadlines.\nStrong attention to detail and organizational skills.\nExperience working with large datasets and developing complex reports.",Industry Type: IT Services & Consulting,Department: Data Science & Analytics,"Employment Type: Full Time, Permanent","['data analysis', 'it services', 'data integration tools', 'data visualization', 'technical documentation', 'python', 'oracle', 'data analytics', 'spotfire', 'amazon redshift', 'data warehousing', 'microsoft azure', 'data architecture', 'jquery', 'sql', 'tableau', 'r', 'java', 'etl tool', 'html', 'etl']",2025-07-01 05:18:52
"Program Manager, VP",Deutsche Bank,15 - 20 years,Not Disclosed,['Bengaluru'],"About Operations Reference Data Services (ORDS)\nOperations Reference Data Services (ORDS) is responsible for provision of operational support and management of Party (Client), Product, Org and Instrument Reference data to facilitate KYC and enable client business and trading relationships and associated downstream processes including Regulatory and Tax obligations. ORDS is driving the Group Party and Instrument Data Strategy across CIB, the key elements of this strategy are:\nProviding a single, authorized source of Party (cRDS) & Instrument Data to all areas across CB IB, that contains accurate and complete Party & Instrument Data with full coverage\nDistributing the common Party & Instrument data elements/attributes across the organization to ensure a single identifier is used front-to-back and there is consistency, alignment and common usage of Party & Instrument data attributes front-to-back\nIdentify and align common Parties, and their associated common attributes, across the Group (CB, IB, CRU & PB)\nAbout the Team\nThe Operations Reference Data Program Management team supports the CBIB Party Data Program for delivering projects related initiatives. Our Program Management team are working with cutting-edge technology to transform the way that we work.\nYou will be tasked to support the programs strategic direction, as well as creating and managing status of the projects. You will also be in charge to support the program director in the co-ordination, planning and control of the project. Youll be working on innovative projects implementing strategic goals set by the organization.\nYou will be working in an agile environment and will be tasked to to support the larger program needs. Our team of experts will be there to coach and support your development to ensure you excel in this role. Enhance your career prospects through exposure to these advanced technologies and tools.\nOverview\nThe Program Director leads a group of programs and has the ultimate responsibility and accountability for the delivery of the value and strategic outcomes of the items in their portfolio. The Program Director will lead program managers, own the engagement with business sponsors and key stakeholders, optimize their portfolio delivery and ROI by ensuring that inter-program or strategic initiative risks and dependencies are identified and mitigated and ensure that costs are managed and benefits delivered. Program Director functionally reports to the relevant initiative/program steering groups. This Program Director Role has responsibility for:\nBuilding and managing a Portfolio Management Office to effectively track and manage the portfolio of programmes that require reporting into DBs Change Management Governance framework for both Reference Data and KYC Change.\nProgramme Director for one or more of the key change programmes within the Client Data Change Portfolio. For example:\nMaster Data Management Sourcing trusted external data to facilitate the automated maintenance of DBs Client Data records\nIndustry Classification Codes Re-engineer the technology and operational processes to determine the appropriate codes for DBs client base\nAlignment of Investment Bank, Corporate Bank, Retail Banks and Wealth Client records\nYour key responsibilities\nResponsible for capturing and refining business and/or system requirements\nWorks with stakeholders to understand their needs, analyse problems, and capture their requirements, and then working closely with the Development Team to refine the requirement into specifications that can be executed by the team\nPossess a working knowledge of the business and/or technical domain in reference data\nLeverages experience and understanding of stakeholder need to help create a solution, envisions the solution to solve a problem (Application/Tool Based)\nPerforms Cost/Benefit Analysis to align the technology to business strategy\nGathers & catalogues functional, non-functional, and technical requirements for stakeholder requests\nDetermines the impact of modifications and enhancements on the application\nSpecify the workflow & systems enhancements to satisfy business & reporting needs\nConduct review, analysis and support for Front to back testing\nPerform data analysis, design of data architecture requirements and mapping\nActs as the product(s) subject matter expert to support scope and requirement decisions\nEnsures changes to the application are compliant with bank standards and policies\nAssists users and development team with application testing and troubleshooting, and may help configure test solutions to validate functional and system needs\nIdentifies, document and troubleshoot application related problems. Documents process, procedures and workflows associated with applications\nLeads or participate in continuous improvement efforts; Building expertise in creating, analysing, and improving processes\nCreates, maintains and presents training materials for end-users\nImplementation and ongoing management of Clarity across all program workstreams, in conjunction with Technology, in order to improve timeliness and accuracy of reporting and improved compliance with Bank reporting standards\nEmbedment of Agile methods and ways of working within Operations, in collaboration with Technology, to promote effective execution. Ensuring roles and responsibilities are embedded in Operations and cross-feature team dependencies are identified and managed\nPlan the programs from start to completion involving deadlines, milestones and processes\nDevise evaluation strategies to monitor performance and determine the need for improvements\nSupervise all program and project managers involved to provide feedback and resolve complex problems\nDiscover ways to enhance efficiency and productivity of procedures and people\nApply change, risk and resource management principles when needed\nRead reports prepared by managers to determine progress and issues\nEnsure program operations and activities adhere to legal guidelines and internal policies\nKeep senior management informed with detailed and accurate reports or presentations\nAnalysis of large amount of reference data (cRDS) for various operational regulatory upstream vs downstream usage.\nYour skills and experience\n15+ years of a track record in Global Program Management, Change management, experience in supervising and displays ability to work in virtual global teams and a matrix organization preferably full-spectrum banking groups (retail, corporate, wholesale, investment banking).\nExperience in regulatory projects, preferably global/cross product will be beficial.\nRelevant experience in Change Management, Data Analysis and driving large transformation projects.\nA proven, considerable level of analytical, problem solving and resource planning skills\nExperience in Data Management, Data Analytics, Business Analysis and Financial Services\nStrong and well-developed relationship / stakeholder management skills\nBasic knowledge and awareness of (related) business solutions in the marketplace\nOpen minded, able to share information, knowledge and expertise with peers & team members\nDemonstration of excellent communication and influencing skills\nExperience in managing Client relationships to drive change\nPMP, Scrum Master certification Good to have\nKnowledge of Python, Alteryx good to have\nCross workstream plan and risk, issue and dependency management\nProduction of Executive level reporting to ensure progress is understood and key risks/issue updates are communicated effectively\nExperience with Program Management tool and associated reporting standards\nUnderstanding of Agile ways of working and methods to enable effective partnership with Technology\nProduction of Executive level reporting to ensure progress is understood and key risks/issue updates are communicated effectively\nExperience with Clarity Programme Management tool and associated reporting standards\nUnderstanding of Agile ways of working and methods to enable effective partnership with Technology\nLine management experience",Industry Type: Investment Banking / Venture Capital / Private Equity,Department: Project & Program Management,"Employment Type: Full Time, Permanent","['Program management', 'Change management', 'KYC', 'Line management', 'Data Management', 'Alteryx', 'Master Data Management', 'Data Analysis', 'Global Program Management', 'Data Analytics', 'Business Analysis', 'Python']",2025-07-01 05:18:54
"Sr. Engineer, AVP",Deutsche Bank,10 - 20 years,Not Disclosed,['Pune'],"The TDI Engineering unit is responsible for all desktop, end user automation, engineering, and collaboration tools within the bank. The goal of this unit is to provide enterprise development tools as services for teams across Deutsche Bank, enabling them to reach higher levels of maturity in their process. These services consist of all necessary to support teams from initial Program/Project investment governance decisions and subsequently management through development, testing, deployment as well as compliance with the Banks software processes. Tools such as Bitbucket, JIRA, Confluence, TeamCity, Artifactory, MF ALM. The Developer Tools Project Portfolio has multiple Programs/Initiatives driven by Regulatory/Audit-finding based remediation, Strategic Programs e.g., Cloud (GCP) migration (of tools, as part of a larger, bank-wide Programme), Developer Experience initiatives and Migration to new tools.\nThe role comprises engineering expertise in design, deployment and maintenance of DT tools, SME of the application in terms of operational knowledge as well as requirements. Working with the product owner, level 2/3 teams, vendor contacts and the engineering team to handle daily operational tasks and long-term projects. Typical operational tasks may include designing and implementing automation for application deployments, application upgrades, application & data migrations.Also understanding and adherence with bank policy and standards related to security and production release controls and working with the rest of the SDLC team to ensure the full compliance.\nYour key responsibilities\nWork with our clients to deliver value through the delivery of high-quality software within an agile development lifecycle.\nDefine and evolve the architecture of the components you are working on and contribute to architectural decisions at a department and bank-wide level.\nBring deep industry knowledge into the Feature Team to understand problems, leverage design patterns, automation to support CI and CD pipeline to production and support emergent design within the agreed domain target architecture.\nContribute to the wider domain goals to ensure flow, consistent standards and approach to software development while designing a common shared framework.\nWork with the right and robust engineering practices.\nBuilding functionalities using latest technologies\nManagement of the Engineering team\nWorking with Product Manager and Product Owner on architectural roadmap\nEnsuring quality and timely delivery against demand\nYour skills and experience:\nVery good understanding of SOLID, DRY, KISS practices as well as pair programming.\nMust have exposure to hands-on software development using any modern programming languages like Spring, Java along with UI Framework like Angular etc and architecture concepts like micro-services and containers. A fullstack developer experience will be a plus.\nExcellent understanding of database architecture, particularly Oracle, Postgres, MongoDB\nComprehensive understanding and hands-on of Docker/ Kubernetes/ Helm\nMust have comprehensive understanding DevOps and DevOps tools chain in GCP like cloud platforms.\nExperience with Test Driven Development (TDD) and Behavior Driven Development (BDD)",Industry Type: Banking,Department: Engineering - Software & QA,"Employment Type: Full Time, Permanent","['database design', 'gcp', 'devops', 'software development', 'dry', 'artifactory', 'kubernetes', 'confluence', 'bitbucket', 'helm', 'docker', 'spring', 'java', 'pair programming', 'postgresql', 'ui', 'mf', 'teamcity', 'behavior driven development', 'mongodb', 'jira', 'alm', 'oracle', 'angular', 'tdd', 'devops tools']",2025-07-01 05:18:56
Data Tech Lead,Sparshcorp,6 - 10 years,10-20 Lacs P.A.,['Chennai'],"Do you love leading data-driven transformations and mentoring teams in building scalable data platforms? Were looking for a Data Tech Lead to drive innovation, architecture, and execution across our data ecosystem.\n\nYour Role:\n\nLead the design and implementation of modern data architecture, ETL/ELT pipelines, and data lakes/warehouses\n\nSet technical direction and mentor a team of talented data engineers\n\nCollaborate with product, analytics, and engineering teams to translate business needs into data solutions\n\nDefine and enforce data modeling standards, governance, and naming conventions\n\nTake ownership of the end-to-end data lifecycle: ingestion, transformation, storage, access, and monitoring\n\nEvaluate and implement the right cloud/on-prem tools and frameworks\n\nTroubleshoot and resolve complex data challenges, while optimizing for performance and cost\n\nContribute to documentation, design blueprints, and knowledge sharing\nWe’re Looking For Someone With:\n\nProven experience in leading data engineering or data platform teams\n\nExpertise in designing scalable data architectures and modern data stacks\n\nStrong hands-on experience with cloud platforms (AWS/Azure/GCP) and big data tools\n\nProficiency in Python, SQL, Spark, Databricks, or similar tools\n\nA passion for clean code, performance tuning, and high-impact delivery\n\nStrong communication, collaboration, and leadership skills",Industry Type: IT Services & Consulting,Department: Data Science & Analytics,"Employment Type: Full Time, Permanent","['Pyspark', 'AWS', 'Data Bricks', 'Python', 'SQL', 'Data Pipeline', 'Data Lake', 'Data Warehousing', 'ETL', 'Elt']",2025-07-01 05:18:59
Senior ETL Developer,Jones Lang LaSalle Property Consultants (India) Pv t. Ltd.,3 - 6 years,Not Disclosed,['Gurugram'],"What this job involves:\nAre you comfortable working independently without close supervision We offer an exciting role where you can enhance your skills and play a crucial part in delivering consistent, high-quality administrative and support tasks for the EPM team\nThe Senior ETL Developer/SSIS Administrator will lead the design of logical data models for JLL's EPM Landscape system. This role is responsible for implementing physical database structures and constructs, as well as developing operational data stores and data marts. The role entails developing and fine-tuning SQL procedures to enhance system performance. The individual will support functional tasks of medium-to-high technological complexity and build SSIS packages and transformations to meet business needs. This position contributes to maximizing the value of SSIS within the organization and collaborates with cross-functional teams to align data integration solutions with business objectives.\nResponsibilities\nThe Senior ETL Developer will be responsible for:\nGathering requirements and processing information to design data transformations that will effectively meet end-user needs.\nDesigning, developing, and testing ETL processes for large-scale data extraction, transformation, and loading from source systems to the Data Warehouse and Data Marts.\nCreating SSIS packages to clean, prepare, and load data into the data warehouse and transfer data to EPM, ensuring data integrity and consistency throughout the ETL process.\nMonitoring and optimizing ETL performance and data quality.\nCreating routines for importing data using CSV files.\nMapping disparate data sources - relational DBs, text files, Excel files - onto the target schema.\nScheduling the packages to extract data at specific time intervals.\nPlanning, coordinating, and supporting ETL processes, including architecting table structure, building ETL processes, documentation, and long-term preparedness.\nExtracting complex data from multiple data sources into usable and meaningful reports and analyses by implementing PL/SQL queries.\nEnsuring that the data architecture is scalable and maintainable.\nTroubleshooting data integration and data quality issues and bugs, analyzing reasons for failure, implementing optimal solutions, and revising procedures and documentation as needed.\nUtilizing hands-on SQL features Stored Procedures, Indexes, Partitioning, Bulk loads, DB configuration, Security/Roles, Maintenance.\nDeveloping queries and procedures, creating custom reports/views, and assisting in debugging. The developer will also be responsible for designing SSIS packages and ensuring their stability, reliability, and performance.\nSounds like you To apply, you need to have:\n8+ years of experience in Microsoft SQL Server Management Studio: administration and development\nBachelors degree or equivalent\nCompetency in Microsoft Office and Smart View\nExperience with Microsoft SQL databases and SSIS / SSAS development.\nExperience working with Microsoft SSIS to create and deploy packages and deploy for ETL processes.\nExperience in writing and troubleshooting SQL statements, creating stored procedures, views, and SQL functions\nExperience with data analytics and development.\nStrong SQL coding experience with performance optimization experience for data queries.\nExperience creating and supporting SSAS Cubes.\nKnowledge of Microsoft PowerShell and Batch scripting\nGood to have Power BI development experience\nStrong critical and analytical thinking and problem-solving skills\nAbility to multi-task and thrive in fast-paced, rapidly changing, and complex environment\nGood written and verbal communication skills\nAbility to learn new skills quickly to make a measurable difference\nStrong team player - proven success in contributing to a team-oriented environment\nExcellent communication (written and oral) and interpersonal skills\nExcellent troubleshooting and problem resolution skills",Industry Type: Real Estate,Department: Engineering - Software & QA,"Employment Type: Full Time, Permanent","['server management', 'sql coding', 'sql server', 'sql', 'troubleshooting', 'sql queries', 'ssas', 'microsoft powershell', 'power bi', 'microsoft ssis', 'microsoft sql server database', 'plsql', 'stored procedures', 'bi development', 'smartview', 'ssis', 'etl', 'etl development', 'batch script']",2025-07-01 05:19:01
Device Management,Cognizant,9 - 14 years,Not Disclosed,"['Pune', 'Chennai', 'Bengaluru']","L3 SCCM, Intune ; Imaging:\n• Knowledge and minimum 6+ years experience in End User Computing Domain and Technologies including SCCM Infrastructure Management across various versions (v16xx; 17xx, 18xx).\n• Able to Architect, Design and Implement complex solutions for SCCM Infrastructure (incl. Migrations, Green field, Configurations and Troubleshoot Sites, Roles, Client Policies and Components (including WSUS, SQL, etc).\n• Strong knowledge in Win 7 / Win 8 / windows 10 Operating Systems\n• Able to Design and Define Processes for SCCM and Imaging - Service lines and Functions.\n• Strong knowledge in Windows 10 migration, user data migration and related technologies\n• Strong knowledge in Windows 10 SOE and various methods of building and managing the SOE\n• Strong knowledge in tools viz. MDT, SCCM, imageX, DISM, Altiris, etc.\n• Strong knowledge in image build and test, troubleshooting skills, image modifications (driver / file injection etc.)\n• Strong knowledge in task sequence creation and customization\n• Strong knowledge in deployment tools viz. SCCM, MDT, Altiris etc.\n• Expertise on Onedrive and Office 365\n• Strong knowledge of Active Directory and Windows Servers\n• Good understanding of networking concepts\n• Good understanding of GPOs\n• Good knowledge in VB scripting or PowerShell scripting\n• Good documentation skills to Create image design documentations, test cases, custom scripts required to build the SOE\n• Good to have Azure, Autopilot, Intune knowledge.\n• Have understanding / working knowledge on Technologies like Office 365, Intune, Azure, Application Packaging, and Virtualization technologies.",,,,"['Windows Server', 'Intune', 'SCCM', '0365', 'GPO', 'Active Directory', 'End User Computing']",2025-07-01 05:19:03
Oracle Fusion Technical Consultant,Tata Consultancy Services,4 - 9 years,Not Disclosed,"['Hyderabad', 'Chennai', 'Bengaluru']","Skill :- Oracle Cloud Technical\nExp Range :- 04-12 yrs\nInterview Mode :- Walk-in\nDate of Interview :- 05-July-2025 Saturday\n\nGood working knowledge in Oracle ERP cloud applications development with an emphasis on extensions, interfaces, reports and other technical functions",,,,"['Oracle Fusion Technical', 'Oracle Cloud Integration', 'Fbdi', 'Vbcs', 'Oic', 'Oracle Fusion']",2025-07-01 05:19:06
Java EJB developer,PwC Service Delivery Center,4 - 9 years,9-19 Lacs P.A.,"['Noida', 'Hyderabad', 'Bengaluru']","Role & responsibilities\nRequired Skills:  Successful candidates will have demonstrated the following skills and characteristics: \nMust Have:\nDesign, develop, and maintain backend services and APIs using Java, Spring Framework\nGood Knowledge on Java 8\nJava Spring Boot, Experience with Spring Framework (Boot, MVC, etc.), \nFamiliarity with RESTful APIs, JMS, and microservices\nStrong knowledge of Solace. Must have worked on Solace earlier, Experience with Solace Pub Sub+\nIntegration with Java applications (e.g., using Solace JMS or APIs)\nUnderstanding of topics, queues, subscriptions, and message routing""\nMQ (Message Queues) - strong knowledge is needed with IBM MQ preferred\nKnowledge in Open Liberty (other similar application servers like WebSphere or others)\nSQL / JDBC (Java Database Connectivity) - the database is Oracle\nTesting: JUnit, Mockito\nUnderstanding of financial applications, especially payment/wires is preferred\nPayment Domain Knowledge\nStrong knowledge of system integration and experience with various integration patterns.\nProven experience in developing and optimizing multi-threaded applications\nHands-on experience with DevOps practices and tools\nExperience with microservices architecture and related technologies.\nExcellent communication and interpersonal skills\n                           Nice to have:\nLooking to introduce an Event Data Architecture using Solace (EDA is preferred)\nMessage Parsing - understand how to parse messages (banking messages preferred)\nKnowledge of containerized deployments is preferred\nsvn (source control) - svn preferred but any source control/version control like GIT \nKnowledge in OPF is preferred\nRoles and Responsibilities: \nPresent technical solutions and business value to executive stakeholders through impactful storytelling and data visualization.\nDefine and enforce architectural standards and design patterns for microservices\nGuide the team in breaking down monoliths into microservices if applicable.\nEnsure scalability, fault tolerance, and high availability in service design\nLead the development and integration of RESTful APIs and microservices.\nEnsure services follow contract-first development and proper versioning\nMonitor deployments and manage rollback strategies\nEnsure services are containerized (e.g., Docker) and orchestrated (e.g., Kubernetes).\nDemonstrate effective communication skills, coaching and leading junior engineers, with a successful track record of building production-grade AI products for large organizations.\n\nPreferred candidate profile",Industry Type: IT Services & Consulting,Department: Engineering - Software & QA,"Employment Type: Full Time, Permanent","['Enterprise Java Beans', 'Spring Boot', 'EJB', 'Microservices', 'Message Queue']",2025-07-01 05:19:08
Urgent Hiring For SAP FICO S/4HANA Functional Consultant,Capgemini,9 - 14 years,14-24 Lacs P.A.,"['Chennai', 'Bengaluru']","Urgent Hiring for SAP FICO S/4HANA Functional Consultant\nKey Responsibilities:\nImplement and configure SAP FICO modules with HANA.\nAnalyse business requirements and translate them into technical specifications.\nPerform system testing and support user acceptance testing.\nProvide end-user training and support.\nCollaborate with cross-functional teams to ensure seamless integration.\nQualifications:\n6 to 18 years of experience in SAP Finance / FICO module with a strong understanding of FICO and experience with SAP S/4HANA.\nGood knowledge of SAP Finance and Controlling module, as well as S4 Hana.\nExperience with addon SAP modules like REFX, FSCM, FICA, Concur, and Group Reporting.\nExtensive experience with RICEFs, interface development, FICO enhancements, reports, data migration tools, and preparing FS/TS/test scripts.\nStrong verbal and non-verbal communication skills.\nExperience working in an agile environment.",Industry Type: IT Services & Consulting,Department: Consulting,"Employment Type: Full Time, Permanent","['Fi-Aa', 'SAP FICO', 'SAP FICO Implementation', 'SAP CO', 'FI-GL', 'FI-AR', 'SAP FI', 'Copa']",2025-07-01 05:19:11
Aws Devops Architect,Consulting Firm,8 - 13 years,Not Disclosed,['Bengaluru'],"Role:-AWS Devops\nExperience:- 8-12 Years\nLocation:- Bangalore / Mumbai\nWork Mode:-Hybrid\nAbout the Role:\nWe are seeking a skilled AWS Systems Engineer to design, deploy, and maintain scalable, secure, and highly available cloud infrastructure on Amazon Web Services (AWS). The ideal candidate will have hands-on experience with AWS EKS, AWS services, automation, and DevOps best practices to optimize performance, reliability, and cost-efficiency.\n\nKey Responsibilities\nDesign & Deployment: Architect, implement, and manage AWS cloud infrastructure (EC2, S3, VPC, Lambda, RDS, ECS/EKS, etc.).\nAutomation & DevOps: Develop Infrastructure as Code (IaC) using Terraform, CloudFormation, or CDK. Automate deployments with CI/CD pipelines (AWS CodePipeline, GitHub Actions, Jenkins).\nMonitoring & Performance: Configure and maintain monitoring tools (CloudWatch, Prometheus) to ensure system reliability and performance.\nSecurity & Compliance: Implement security best practices (IAM, KMS, Security Groups, WAF) and ensure compliance with industry standards (SOC2, HIPAA, GDPR).\nTroubleshooting & Optimization: Identify and resolve performance bottlenecks, optimize costs, and ensure high availability (HA) and disaster recovery (DR) strategies.\nCollaboration: Work closely with development, DevOps, and security teams to streamline cloud operations.\n\nRequired Skills and Qualification\nExperience: 8+ years in cloud engineering with a focus on AWS.•\nTechnical Skills:o Proficiency in AWS services (EC2, S3, Lambda, SQS, RDS, CloudFront, IAM, etc.)\nStrong scripting skills (Python, Bash\nInfrastructure as Code (Terraform, CloudFormation)\nContainerization & Orchestration (Docker, Kubernetes, ECS/EKS)\nCI/CD pipelines (Jenkins, GitHub Actions, AWS CodePipeline)\nCertifications (Preferred):\nAWS Certified Solutions Architect Associate/Professional\nAWS Certified DevOps Engineer Professional• Soft\n\nSkills: Strong problem-solving, communication, and teamwork abilities.\nPreferred Qualifications• Experience in ArgoCD, CubeCost, fluentd• Knowledge of serverless architectures and microservices.• Familiarity with Linux/Windows administration and networking concepts.\n\nGraduate/post-graduate qualification B.Tech./BCA/MTech/BCA/ MCA",Industry Type: IT Services & Consulting,Department: Engineering - Software & QA,"Employment Type: Full Time, Permanent","['AWS Certified Solutions Architect', 'Terraform', 'bash', 'aws devops', 'Kubernetes', 'python', 'Amazon Ec2', 'Ci Cd Pipeline', 'AWS cloud infrastructure', 'Ci/Cd', 'iac', 'Lambda Aws', 'Docker', 'Develop Infrastructure as Code', 'Aws Certified', 'powershell', 'jenkin', 'AWS CodePipeline', 'Cloud DevOps']",2025-07-01 05:19:14
Senior Principal NetSuite Technical Consultant,Oracle,6 - 10 years,Not Disclosed,['Hyderabad'],"An experienced consulting professional who has a broad understanding of solutions, industry best practices, multiple business processes or technology designs within a product/technology family. Operates independently to provide quality work products to an engagement. Performs varied and complex duties and tasks that need independent judgment, in order to implement Oracle products and technology to meet customer needs. Applies Oracle methodology, company procedures, and leading practices.\nTypical Workload:\nEach day can be very different. It is a great job for people looking to step out of normal routines. We have a broad range of responsibilities. The typical workload breaks down into the rough percentages:\n30% scripting, QA, creating and executing test plans.\n30% is customer facing, walking though use cases, reviewing test plans, and sometimes just brought in to solve problems.\n15% attend internal meetings including knowledge transfers, mentoring sessions for less experienced resources, and other strategic initiatives\n10% integration consulting with customer and third-party systems\n10% executive updates, documentation, and overall project management.\n5% data migration\nResponsibilities include:\nTrack and report project progress to appropriate parties using NetSuite and Jira\nAssist in defining custom scripts on NetSuite s SuiteCloud platform\nCollaborate with other NetSuite consultants to validate business/technical requirements through interview and analysis\nProduce system design documents and participate in technical walkthroughs\nLead technical work streams, design scripts, or validate scripts, coordinate with other developers, Quality Assurance (QA) and deployment activities\nConduct Code Reviews\nConduct user acceptance testing for complex solutions\nAssist in development, QA, and deployment processes as necessary to meet project requirements\nAbility to work in a global team environment\nMentor less experienced consultants\nWorking with clients and project teams during North American hours (night shift)\nPreferred Qualifications/Skills include:\n6+ years of NetSuite or other ERP / CRM Solutions. NetSuite highly preferred.\nA degree in mathematics, computer science or engineering\nNetSuite SuiteCloud Development/Design/Testing/Code Review experience, including 3rd party Integration\nExperience leading technical work streams including other developers and including global delivery teams.\nExposure to system architecture, object-oriented design, web frameworks and patterns, experience strongly preferred\nAbility to author detailed documents capturing workflow processes, use cases, exception handling, and test cases\nConsulting role experience\nSoftware development lifecycle (SDLC) methodology knowledge and use\nSoftware development (JavaScript preferred)\nProficiency in error resolution, error handling and debugging.\nExperience with IDEs (WebStorm preferred), source control systems (GIT preferred), unit-testing tools and defect management tools\nExperience with XML/XSL and Web Services (SOAP, WSDL, REST, JSON)\nExperience developing web applications using JSP/Servlets, DHTML, and JavaScript\nExperience with Jira\nStrong interpersonal and communication skills\nTravel:\nModest to moderate, as appropriate\nAt Oracle, we don t just value differences we celebrate them. We re committed to creating a workplace where all kinds of people work together. We believe innovation starts with diversity and inclusion.\nDetailed Description and Job Requirements\nA consulting position operating independently with some assistance and guidance to provide quality work products to a project team or customer that comply with Oracle methodologies and practices. Performs standard duties and tasks with some variation to implement Oracle products and technology to meet customer specifications.\n\nStandard assignments are accomplished without assistance by exercising independent judgment, within defined policies and processes, to deliver functional and technical solutions on moderately complex customer engagements.\n\n6-10+ years of overall experience in relevant functional or technical roles. Undergraduate degree or equivalent experience. Product or technical expertise relevant to practice focus. Ability to communicate effectively and build rapport with team members and clients. Ability to travel as needed.\n\nOperates independently to provide quality work products to an engagement. Performs varied and complex duties and tasks that need independent judgment, in order to implement Oracle products and technology to meet customer needs. Applies Oracle methodology, company procedures, and leading practices. Demonstrates expertise to deliver functional and technical solutions on moderately complex customer engagements. May lead the solution design and implementation aspects of engagement(s) ensuring high quality, integrated software solutions within constraints of time and budget. May act as the team lead on projects, providing coaching, guidance and feedback to develop skills of team members. Effectively consults with management of customer organizations. Participates in business development activities. Develops and leads detailed solutions for moderately complex projects.",Industry Type: IT Services & Consulting,Department: Engineering - Software & QA,"Employment Type: Full Time, Permanent","['ERP', 'Manager Quality Assurance', 'XML', 'Project management', 'Javascript', 'HTML', 'Oracle', 'SDLC', 'CRM', 'DHTML']",2025-07-01 05:19:16
Amazon Connect Center-Architect,Apptad,12 - 20 years,Not Disclosed,['Noida'],"We are looking for a skilled Amazon Connect Center Architect with 12 to 20 years of experience. The ideal candidate will have expertise in designing and implementing scalable and reliable cloud-based contact center solutions using Amazon Connect and AWS ecosystem services.\n\nRoles and Responsibility\nLead the end-to-end implementation and configuration of Amazon Connect.\nDesign and deploy contact center setups using CI/CD pipelines or Terraform.\nDevelop and implement scalable and reliable cloud-based contact center solutions.\nIntegrate Amazon Connect with Salesforce (Service Cloud Voice) and other CRM systems.\nCollaborate with cross-functional teams to ensure seamless integration and deployment.\nTroubleshoot and resolve technical issues related to Amazon Connect and AWS services.\nJob\nProficiency in programming languages such as Java, Python, and JavaScript.\nExperience with Amazon Web Services, including Lambda, S3, DynamoDB, Kinesis, and CloudWatch.\nFamiliarity with telephony concepts, including SIP, DID, ACD, IVR, and CTI.\nStrong understanding of CRM integrations, especially Salesforce Service Cloud Voice.\nExperience with REST APIs and integration frameworks.\nHands-on experience with AWS services, including Amazon Lex, Amazon Connect, and IAM.\nAWS Certified Solutions Architect or Amazon Connect certification is preferred.\nExperience with Amazon Connect (Contact flows, queues, routing profile).\nIntegration experience with Salesforce (Service Cloud Voice).",Industry Type: Recruitment / Staffing,Department: Engineering - Software & QA,"Employment Type: Full Time, Permanent","['crm application', 'java', 'salesforce service cloud', 'lambda expressions', 'aws', 'continuous integration', 'css', 'aws iam', 'acd', 'web services', 'amazon lex', 'kinesis', 'apex', 'sql', 'salesforce', 'iam', 'cti', 'html', 'sip', 'amazon cloudwatch', 'crm', 'rest', 'python', 'dynamo db', 'ivr', 'javascript', 'terraform']",2025-07-01 05:19:18
Salesforce Omni Studio Vlocity Developer-5-12Y-PWC SDC,PwC Service Delivery Center,4 - 9 years,Not Disclosed,"['Kolkata', 'Hyderabad', 'Bengaluru']","We have an opportunity of Salesforce Omni Studio Vlocity Developer for PWC SDC\nSalesforce Omni Studio Vlocity\nExperience Required: 4-12 Years\nNotice Period: Immediate to 30 Days\nLocations: Bangalore, Kolkata, Hyderabad, and Mumbai\nWork Mode: Hybrid\nEducational Qualifications:BE / B Tech / MCA/ M.Sc / M.E / M.Tech\nKey Responsibilities\nDesign and architect scalable, high-performance solutions leveraging OmniStudio and Vlocity capabilities.\nDefine best practices and guidelines for implementing solutions to meet business needs and technical requirements.\nEngagement Leadership:\nLead multiple engagements where OmniStudio and Vlocity are utilized, ensuring successful delivery of solutions.\nCollaborate with business stakeholders to gather requirements and translate them into comprehensive technical solutions.\nTechnical Expertise in OmniStudio & Vlocity:\nDrive the effective use of OmniStudio tools such as OmniScripts, DataRaptors, Integration Procedures, and FlexCards.\nLeverage Vlocitys industry-specific solutions to deliver business value for industries like Communications, Insurance, and Utilities.\nSalesforce Platform Expertise:\nEnsure seamless integration of OmniStudio and Vlocity components within the broader Salesforce ecosystem.\nUtilize Salesforce capabilities such as Lightning Web Components (LWC), Apex, and APIs to complement OmniStudio and Vlocity solutions.\nGovernance and Standards:\nEstablish solution governance processes and maintain architectural standards for OmniStudio and Vlocity implementations.\nDocument and maintain architectural artifacts, including design blueprints, data flow diagrams, and technical specifications.\nContinuous Improvement:\nStay current with Salesforce and Vlocity updates, releases, and emerging technologies to drive innovation.\nMust Have Experience: Minimum of 8 years of experience in enterprise architecture and solution delivery, with at least 5 years focused on Salesforce OmniStudio and Vlocity.\nTechnical Expertise:\nAdvanced knowledge of OmniStudio components, including OmniScripts, DataRaptors, Integration Procedures, and FlexCards.\nIn-depth experience with Vlocitys industry-specific solutions for sectors such as Communications, Media, and Energy.\nProficiency in Salesforce development, including Apex, LWC, and API integrations.\nUnderstanding of integration patterns, data migration strategies, and Salesforce DevOps practices.\nCertifications:\nSalesforce Architect-level certifications (e.g., System Architect, Application Architect, or Certified Technical Architect) are highly desirable.\nOmniStudio Developer or Consultant certifications are a plus.\nSoft Skills:\nStrong leadership and interpersonal skills.\nExcellent problem-solving and analytical capabilities.\nOutstanding communication skills for collaborating with stakeholders at all levels.\nInterested candidates kindly share profiles on dhamma.b.bhawsagar@pwc.com\nMB 845962158",Industry Type: IT Services & Consulting,Department: Engineering - Software & QA,"Employment Type: Full Time, Permanent","['Omni Studio', 'SFDC', 'Vlocity', 'Vlocity Omniscript', 'Omni']",2025-07-01 05:19:21
Salesforce Developer/ Lead,Genpact,4 - 8 years,Not Disclosed,"['New Delhi', 'Jaipur', 'Bengaluru']","Inviting applications for the role of Lead Consultant, SFDC Developer!\n\nIn this role you will be responsible for below:\nResponsibilities:\n• Demonstrated proficiency in logical reasoning and analytical thinking. Analytical skills involve the ability to research, collect, and analyze information to form complex ideas and solutions.\n• In-depth knowledge of the force.com platform, including customization, configurations, data migration, sharing and visibility settings, and integrations.\n• Proven experience with Apex programming, Lightning Web Components (LWC), flows, and the latest features of the force.com platform.\n• Extensive experience in code debugging and implementing best practices to ensure high-quality software development.\n• Experience in mentoring junior developers to enhance their skills and ensure adherence to project standards.\n• Implement standard Salesforce functionality including sharing rules, roles, profiles, etc. and use standard features including Workflow, Process builder, and flows to create solutions.\n• Execute integration testing with Apex test classes and maintain maximum code coverage.\n• Developing trigger, batch class, and scheduled job by maintaining best coding standards\n• Write Apex using industry standard best practices and design patterns.\n• Maintain expert level knowledge of Salesforce system architecture and development best practices to scale implementations.\n• Develop complex integrations between Salesforce and other systems, either through custom API or middleware tools.\n• Work on production incident debugging, analysis, bug fixes, service requests, data loads, minor/major enhancements.\n• Provide business support for critical issues and mentor operations team members.",,,,"['Lwc', 'Aura', 'Apex', 'Salesforce Sales Cloud', 'Salesforce Service Cloud']",2025-07-01 05:19:23
Senior SAP FICO Consultant,NTT DATA Business Solutions,8 - 13 years,Not Disclosed,[],"Job Title: SAP FICO Consultants (Night Shifts)\nExperience: 8 to 13 Years in SAP FICO, S/4Hana, Fiori Apps, Finance & Controlling\nWork Mode: Remote\nNotice Period: Immediate Joiners are preferred with 0 to 15 Days NP\nJob Location: Open Hyderabad / Bangalore / Mumbai / Pune / Delhi / Chennai / Any Other Location\nWork Timings: Flexible to work in US Shift Timings – 06:30 PM to 03:30 AM IST or 09:30 PM to 06:30 AM IST",,,,"['SLA Adherence', 'Controlling Cost Centres', 'Fiori Apps', 'S/4Hana', 'Material Ledger', 'SAP Configuration', 'COPA', 'CO-CCA', 'Fiori Applications', 'Profitability Analysis', 'Treasury', 'MBC', 'LSMW', 'SAP FICO', 'Finance & Controlling', 'LTMOM', 'Profit Centers', 'Client Requirement Mapping', 'Internal Orders', 'CO-CEA', 'LTMC']",2025-07-01 05:19:26
Salesforce Automation QA and Lead,Genpact,7 - 12 years,Not Disclosed,"['Kolkata', 'New Delhi', 'Bengaluru']","Inviting applications for the role of Lead/ Senior Principal Consultant- QA SFDC!\n\nIn this role you will be responsible for simplifying complex IT Systems solutions for customers in all industries, understanding how to structure a process capture and process improvement initiative and how to facilitate the client through a pragmatic decision-making process.\nLooking for a talented, motivated individual who can excel in a high-growth environment. The QA Manager role is a high-impact position that will play a significant role in the continued growth and development.!",,,,"['Selenium', 'Salesforce Testing', 'Sfdc Testing', 'Automation Testing']",2025-07-01 05:19:28
Syniti ADM,Xanika Infotech,4 - 9 years,Not Disclosed,['Bengaluru'],"Experience:\n5+ years experience of Information Technology experience\nProficient in BackOffice Cransoft/DSP/SAP Data Services/other Data Migration tool.\n5-8 Years SAP Data Conversion experience; 3+ full SAP implementation lifecycle(s)\nExtensive data quality and data migration experience including proficiency in data Modelling, data analysis and conversion planning for data migration activities.\nExperience in adapting all Components available within SAP ADM Platform and their Methodology.\nExperience implementing Data Quality rules and dashboards on ADM platform.\nExperience implementing Data Quality reports on ADM platform.\nExperience implementing Harmonize functionalities on ADM platform.\nExperience with any or the SAP ECC modules such as: SD, MM, FICO, PP, QM & PM\nExperience with SAP Data Migration Tooling such as: SAP Data Services, LSMW, IDoc and/or SAP ABAP is a PLUS\nHands-on experience with S/4HANA Migration Cockpit, Migration Object Modeler.\nVerbal and written fluency in English is mandatory Role & responsibilities\n\n\nPreferred candidate profile",Industry Type: IT Services & Consulting,Department: Engineering - Software & QA,"Employment Type: Full Time, Permanent","['SAP ECC', 'Syniti Adm', 'LSMW', 'Sap Module', 'Sap Data Migration']",2025-07-01 05:19:30
Senior Solution Architect,veralto,12 - 17 years,Not Disclosed,['Kolkata'],"Are you\nInterested in working for an international and diverse company\nLooking to use your troubleshooting skill\nInterested in developing your career in a leading packaging and printing industry\nIf so, read on!\nEsko (https://www\nesko\ncom/en/company/about-esko) , a Veralto company, is a global provider of integrated software and hardware solutions that accelerate the go-to-market process of packaged goods\nOur products empower teams to support and manage the packaging design and print processes for brand owners, retailers, pre-media and trade shops, manufacturers, and converters to provide the most innovative, integrated platform and comprehensive portfolio of tools that intelligently digitize, connect, automate, and accelerate the concept to market processes for every packaged product\n\nYou will be part of a flexible, family friendly organization that cares about its people just as it cares about the environment\n\nWe recognize that people come with a wealth of experience and talent\nDiversity of experience and skills combined with passion is a key to innovation and excellence\nTherefore, we encourage people from all backgrounds to apply to ourpositions\n\nThe Senior Solution Architect is responsible for the end-to-end design of enterprise software implementations\nProvide coaching on assessing the business impact versus effort\nCollaborate with other senior solution architects to define the overall framework and standards for our solutions\nMonitor and evaluate the outcome and effectiveness of the solutions on the business operations\n\nWill be working on a Hybrid Model (Quarterly visit to Bangalore office)\nIn This Role, a Typical Day Will Look Like:\nUnderstand and Design the integration\nWrite Custom Scripts and API and Middleware solutions\nCreate and Provide data migration requirment\nStrong Problem skills and troubleshooting\nThe Essential Requirements Of The Job Include:\nLead the end-to-end design of enterprise software implementations with an emphasis on the business impact and value\nProvide coaching on assessing the business impact versus effort and prioritizing different functional requests based on the impact-effort analysis\nCollaborate with other senior solution architects to define the overall framework and standards for our solutions\nCreate and implement software systems using our product, best practices, and services, ensuring they meet the requirements of scalability, performance, and maintainability\nMonitor and evaluate the outcome and effectiveness of the solutions on the business operations\nIdentify, manage, and mitigate technical risks and issues, and communicate them to the relevant stakeholders\nEnsure the quality and consistency of the solutions, and adhere to our SILC standards and best practices and help in improving our quality practices\nStay updated with the latest product releases and emerging solutions and help in creating training materials for juniors\nProvide thought leadership and consultancy to senior management, customers, and internal teams\nMentor and coach solution architects and other team members\nPlay the role of Scrum master to monitor projects\nEnsure quality assurance and QMS compliance by following the standard operating procedures (SOPs), best practices, and UX guidelines\nProvide guidance, feedback, and training to the solution architects and development teams\nBreak down high-level objectives into specific software development tasks and follow through on their execution\nHigh level understating and reviewing of epics and user stories\nBreaking down of user stories to development tasks and estimating those stories\nCreate feasibility analysis and provide accurate effort estimates\nOwnership to develop plan and deliver to meet schedule and quality expectation of product owner\nWrite code that is easy to understand and fits with existing patterns\nConduct peer code reviews and perform unit and integration testing\nImplement unit testing, documentation of API, integration testing, deployment approach, and maintain programming documentation which include commenting code and user guides\nAnalyze, debug and solve complex technical issues and customer escalations\nProvide status updates, and produce high quality deliverables in a timely manner\nCommunicate and interact effectively with team members, product owner, QA, support, and other departments within Esko\nExpertise in Esko products and services, as well as industry standards and best practices (relating to WebCenter, MediaBeacon, Automation Engine)\nPackaging domain experience is considered a plus\nThe Essential Requirements Of The Job Include:\n8 11 total experience in total and Minimum 4 years of Development experience\nStrong in technologies like Javascript, ETL, SQL, API, web services, Jira\nStrong Communication\n\nAt Esko (https://jobs\nveralto\ncom/global/en/esko) , a Veralto Company (https://www\nveralto\ncom/who-we-are/) , innovation comes in every color and never in the same package\nJoin Esko and see how diversity of people and thought fuels a career journey like no other\nCreate unique technology solutions for the packaging value chain, bring new ideas to life, make and influence decisions, and experience career growth, rewards, and recognition in our global Packaging & Color organizations\n\nEsko is proud to be a Product Quality & Innovation company in Veralto (NYSE: VLTO)\nImagine a world where everyone has access to clean water, safe food and medicine, and trusted essential goods\nThat is the tomorrow Veralto is creating today\nVeralto is a $5B global leader in essential technology solutions made up of over 16,000 associates across our Water QualityandProduct Identification __ segments all united by a powerful purpose: Safeguarding the Worlds Most Vital Resources\n\nAt Veralto, we value diversity and the existence of similarities and differences, both visible and not, found in our workforce, workplace and throughout the markets we serve\nOur associates, customers and shareholders contribute unique and different perspectives as a result of these diverse attributes\n\nIf youve ever wondered whats within you, theres no better time to find out\n\nUnsolicited Assistance\nWe do not accept unsolicited assistance from any headhunters or recruitment firms for any of our job openings\nAll resumes or profiles submitted by search firms to any employee at any of the Veralto companies (https://www\nveralto\ncom/our-companies/) , in any form without a valid, signed search agreement in place for the specific position, approved by Talent Acquisition, will be deemed the sole property of Veralto and its companies\nNo fee will be paid in the event the candidate is hired by Veralto and its companies because of the unsolicited referral\n\nVeralto and all Veralto Companies are committed to equal opportunity regardless of race, color, national origin, religion, sex, age, marital status, disability, veteran status, sexual orientation, gender identity, or other characteristics protected by law\nWe value diversity and the existence of similarities and differences, both visible and not, found in our workforce, workplace and throughout the markets we serve\nOur associates, customers and shareholders contribute unique and different perspectives as a result of these diverse attributes",Industry Type: Industrial Equipment / Machinery,Department: Engineering - Software & QA,"Employment Type: Full Time, Permanent","['web services', 'api', 'etl', 'javascript', 'sql', 'jira', 'communication skills']",2025-07-01 05:19:32
Dynamic CRM Architect,Hanker Systems (india),10 - 15 years,Not Disclosed,['Hyderabad'],"As a Dynamic CRM Architect, you will play a pivotal role in the configuration, customization, and management of Dynamics 365 solutions. Your responsibilities will span across development, troubleshooting, and implementation, ensuring seamless CRM operations.\nKey Responsibilities:\nConfigure and customize Dynamics 365, including workflows, plugins, HTML, JavaScript, and Unified Interface.\nUtilize Microsoft Power Platform and Microsoft Power Automate to enhance system functionality.\nWork with web technologies and languages such as ASP.net, HTML, JavaScript, XML, JSON, .Net Core, ensuring multi-threaded application development.\nManage cloud/on-prem databases like Azure SQL and SQL Server; integrate using tools like Kingsway Soft.\nDocument software components with technical and functional specifications.\nProvide troubleshooting and technical support across environments.\nDesign and integrate Microsoft Power Portals, including UI development and Liquid scripting.\nUtilize code management tools like Git, TFS, JIRA, and Confluence for project tracking.\nEmploy design tools such as ER modeling, UML diagrams, and flowcharts.\nHandle Dynamics 365 CRM development, code merging, deployments, and CI/CD pipelines.\n________________________________________\nRequired Skills:\nProficiency in Azure Cloud, including authentication and resource management.\nExperience with QAD or SAP ERP integrations.\nExpertise in Data Migrations, customizations, workflows, and plugins.\nStrong understanding of Power Apps, both cloud and on-premise databases, and Virtual Entities.\nKnowledge of exception handling, timeouts, performance tuning, and role-based feature implementation.\nAbility to manage managed and unmanaged solutions.\nExtensive experience in Sales and Services within the CRM Sales lifecycle.\nEnd-to-end CRM development and implementation experience, including deployment across various environments.\n________________________________________\nKey Qualities:\nStrong coordination with U.S. clients, able to understand and gather requirements, propose solutions, and guide the development team in India.\nAbility to handle end-to-end CRM architecture, from development to deployment, while ensuring performance optimization.",Industry Type: Recruitment / Staffing,Department: Engineering - Software & QA,"Employment Type: Full Time, Permanent","['Dynamic CRM', 'TFS', '.Net Core', 'HTML', 'JSON', 'JIRA', 'Azure SQL', 'Git', 'Confluence', 'XML', 'Dynamic CRM Architect', 'Javascript', 'Asp.Net']",2025-07-01 05:19:34
"Sr.Engineer - IBM ALM , CLM",Harman International,3 - 9 years,Not Disclosed,['Bengaluru'],"Description & Requirements\nThis requisition is used solely to source regularly open roles but does not represent a current open role within HARMAN. Our recruiters monitor these requisitions and will contact you if we want to talk to you directly. In the meantime, consider joining our Talent Community to receive regular updates regarding openings\nJob Description\nAbout the Role\nAct as a Subject Matter Expert for synchronizations / interfaces /migrations between Digital Engineering Software excellence tools focusing on ALM set of tools like IBM CLM as Toolchain, DevSecOps and Atlassian Jira and provide Automation Solutions to Business.\nBe a functional interface for coding aspects in the DevOps Tools Platform to Business and provide solutions. Collaborate strongly with Product Development teams and be their contact for Digital Engineering S/W Excellence Team.\nWork on multiple projects/tools part of Digital Engineering S/W Engineering Excellence portfolios IBM CLM, DevOps, Attlassian Tools, and Interfaces, covering a wide range of activities from support to technical leadership\n\nWhat You Will Do\nDevelop work packages and tasks for IBM CLM Toolchain.\nDevelop custom tool development, tool integrations, and IBM ELM OSLC Widgets development.\nContribute to the Development of reports/metrics using ETL.\nContributing to the development of Data Architect, Data Model & Data Analytics.\nSpecify data schemes and replication frameworks and plugins between IBM CLM and other tools.\nContribute to the development of custom CLM solutions and integrate them with existing tools to increase engineering productivity.\nWork closely with management, other team leads, development teams and business stakeholders to provide cohesive solutions.\nCover training needs for the portfolios. (Integrations, automations, DevOps)\nGain enough business knowledge to be able to specify solutions for business needs.\nSupport the Change Control Board procedures.\nBuild and promote a positive working environment for the team and the other business areas you will engage with.\nWhat You Need\nUnderstand the concept of ALM irrespective of any tools -Usage, Architecture & REST API.\nStrong experience in Java programming, Python, and C/C++ programming.\n5+ years of Application Lifecycle Management with IBM Rational Suite. Hands-on experience configuring, implementing, and establishing solutions in tools for Test Mgmt., Requirements Mgmt., Incident Mgmt., Continuous Integration and Software Configuration Management\n5+ years experience in Plugin development\n2+ years experience in establishing IBM solutions for Test Mgmt. & Requirements Mgmt.\nWillingness to learn proactively new Technologies and tools as required by the team.\nAbility to understand business processes and to translate into IT procedures.\nDemonstrate a proactive approach, getting things done, takes responsibility and ownership, prioritizes own workload.\nExperience using standard Project Management, SCRUM and Agile methodologies.\nAble to work under healthy pressure, flexible and focused during times of change.\nExcellent English skills (written and spoken)\nStrong interpersonal & communication skills\nTeam Player with structured and logical thinking\nWhat is Nice to Have\nAbility to write clear & concise specifications, documentation & methodologies.\nWillingness to travel (2-3 times a year for some days)\nVery customer-oriented mindset.\nAbility to translate strategic objectives into everyday activity and guide others.\nProven ability of tackling challenging projects\nWhat Makes You Eligible\nBe willing to travel up to 10%, domestic only OR domestic and international travel.\nBe willing to work in an Office",Industry Type: Electronics Manufacturing,Department: Engineering - Software & QA,"Employment Type: Full Time, Permanent","['Automation', 'Coding', 'Project management', 'Software configuration management', 'Agile', 'Wellness', 'Scrum', 'JIRA', 'application lifecycle management', 'Python']",2025-07-01 05:19:37
Business Analyst I - Salesforce BA / Admin,S&P Global Market Intelligence,2 - 7 years,Not Disclosed,"['Hyderabad', 'Gurugram']","About the Role:\nThe Team: Each of our employees plays a vital roleuncovering the essential intelligence that our clients rely on day in and day out to make the decisions that matter. Our 45,000 employees come from all walks of life and all corners of the globe, but they are all committed to the exact same thingmaking a genuine impact with the work that they do.\nWe pursue excellence in everything we do. We value results, encourage teamwork, and embrace change. Our team is responsible for the design, architecture, develop, and implement CRM and Oracle Financial Cloud applications for the organization wide needs\nThe Impact and Responsibilities: As a Salesforce BA (CPQ) who works in our Business System Analyst role you will use your extensive Salesforce Platform skills experience to help lead and improve the S&P Global Salesforce Platforms. You will make strategic decisions on the future state of the platform, as well as lead large Platform wide projects on all facets of the Salesforce application, from Service Cloud, Sales Cloud, App Partners and more\nRequired 2+ Years of experienced Salesforce Business Analyst Administrator (CPQ preferred) with excellent communication skills\nProvide strategic direction for the Salesforce system and work with various stakeholders to establish and implement best practices with regards to system configuration, unit testing, maintenance, security and access controls, and data integrity\nAdministration of the Salesforce environment including customizing and implementing, security model, custom applications, object Management, Salesforce CPQ, Salesforce Billing, Salesforce Advanced Approvals\nCoordinate testing and manage deployment of software updates.\nMinimum 1 years of CPQ development\nUtilize leadership skills in mentoring other Salesforce Administrators\nWork in partnership with key business users, identify potential ways of improving the efficiency and/or effectiveness of current business operations\nBuild a deep technical understanding and expertise of how the order to cash business operates departmental/divisional structure, functions, processes, procedures and current application functionality.\nAssist with the design of Salesforce solutions and project planning. Add value in all stages of project work (definition, development, deployment)\nDeployment planning. Understanding of Automated Deployment tools Copado/Version Control system is highly preferred\nStrong background in Salesforce Sales module\nMust know how to migrate data from using tools like data loader, work bench, dataloader.io to perform data migration\nLead & Coordinate with QA, UAT and Go-Live Activities\nWhat Were Looking For:\nExperience with Salesforce CPQ, Billing and Advanced Approvals, SFDC integration, and ERP integrations\nShould have a thorough understanding of configuration of salesforce.com (flows, validation rules, approval process, custom formulas, page layout, and record types).\nThorough knowledge of delivering projects in an agile scrum environment\nAble to provide leadership, participate and be a productive member of the team. Must be able to manage time with multitasking.\nKnowledge or working experience in order to cash systemsCPQ would be a plus\nBe the lead subject matter expert in driving the industry best practices for the CRM ecosystem and associated integrated tools\nBasic Qualifications:\nStrong initiator and ability to work with limited supervision\nExperience in Lightning is preferred\nProficient in continuous integration environments\nAbility to continuously learn and develop new skills to maintain technical currency\nStrong problem solving, critical thinking, troubleshooting, and analytical skills to set up and interpret logic, data, and rule relationships\nExcellent verbal and written communication skills\nDemonstrated listening, analytical, organizational, and time management skills\nDemonstrated ability to work independently and cross-functionally, including in high-pressure situations\nRecommends development and configuration strategies received minimal guidance Uses subject-matter expertise to advise others\nHelp in defining integrations with other systems using Salesforce APIs\nPreferred Qualifications:\nSalesforce Administrator\nSalesforce CPQ Specialist (nice to have)",Industry Type: Banking,Department: Data Science & Analytics,"Employment Type: Full Time, Permanent","['Salesforce CPQ', 'ERP', 'SFDC', 'troubleshooting', 'Salesforce Billing', 'Business Analysis']",2025-07-01 05:19:39
Workday Consultant,Tata Consultancy Services,4 - 9 years,Not Disclosed,['Kolkata'],"Greetings from TCS Recruitment Team!\n\nFor all those Workday, we are coming bigger with the plan of Walk In Drive on 05th July 2025(Saturday) (Saturday) in Kolkata Locations. It is a Walk in Drive planned to attract great Talents in Workday. We believe that your skills and expertise are a better match for the skills we are looking for.\n\nSkill: Workday",,,,"['Workday Reporting', 'Workday Integration', 'Workday Studio Integration', 'Workday']",2025-07-01 05:19:42
M365 implementation and support Engineer,Cloud Converge,3 - 5 years,4.5-6.5 Lacs P.A.,['Noida'],"Role & responsibilities\nSet up and manage Microsoft 365 Entra ID / Active Directory environments.\nConfigure and deploy Group Policies across user systems and environments.\nHandle user account lifecycle management, creation, modification, permissions, and licensing.\nPerform machine enrolment, workstation configuration, and user data migration.\nDeploy and monitor antivirus, security software, and implement Data Loss Prevention (DLP) measures.\nProvide L1-level support, proactively monitor system health and performance, and respond to potential issues.\nMaintain system documentation and logs, and support audits/compliance as required.\n\nPreferred candidate profile\n3 to 5 years of experience in Microsoft 365 / Entra ID administration and support\nProficiency in managing user accounts, groups, and permissions\nGood knowledge of device enrolment and user onboarding/offboarding processes\nExperience with security software rollouts and DLP policy implementation\nFamiliarity with monitoring tools and the ability to provide L1 support and troubleshooting",Industry Type: IT Services & Consulting,Department: IT & Information Security,"Employment Type: Full Time, Permanent","['AD setup', 'M365', 'Active Directory', 'Administration', 'Entra Id']",2025-07-01 05:19:44
UAT testing with finance/reg reporting/credit risk,Capco,7 - 12 years,Not Disclosed,['Hyderabad'],"Role & responsibilities\n\nBill Rate is 17500\nNP- 30 Days Max\nUAT testing\nUAT testing- Fin Reg\n(18610)India\nThe Opportunity:\nF4 Senior Test analyst will perform the end-to-end testing across the multiple workstreams of F4 programme. This role will be designing the test approach and test scenarios as per the overall Programme Test Strategy, working closely with SMEs, BA & IT development team to come up with a robust testing solution for successful and timely delivery of quality product.\nThe role holder will be reporting to the overall F4 Programme Test Manager.\nThe individual will be responsible to support UAT analysis, issue resolution and day to day management of the progress of testing as well as defect management. This includes testing and validations of IT functional deliveries, validation, and verification of Business requirements for in-scope components during the sprint, subsequently raising and re-testing defects to achieve a fully functional system solution. This will also require co-ordination within multiple work streams and multiple teams, tracking delivery across relevant businesses and updating the stakeholders with timely resolution of risks or issues.\nWhat youll do:\nHands on Senior test analyst to perform the testing across the F4 programme.\nPreparation and execution of functional test scripts to support Business Functional Test Phases of Future Fit Forecasting and FRP including agile deliveries of One NII & RWA ECL calculators and other workstreams.\nTesting and validation of IT functional deliveries and Business requirements for in-scope release components.\nActive participation in all the Sprint ceremonies.\nImpact analysis of all the changes in scope of a sprint and developing the test scenarios to cover holistic view of changes and perform thorough testing.\nRaising and re-testing defects, as required, to achieve fully functional system solutions to meet in-scope Business Requirements.\nResponsible for all the different test phases i.e. functional testing, System Integration Testing, Regressions and stakeholder management while facilitating UAT phases.\nTest case creation, test execution and test reporting using JIRA and other test management tools.\nSupporting UAT and UAT users with training as well as helping them documenting the test scenarios, approach and test evidence.\nWork closely with BA, SMEs, Product owners and IT team to get a deep understanding of business and IT deliverables.\nWhat you will need to succeed in the role:\nTechnical Skill Requirements\nAn understanding of the principles of Forecasting in Finance.\nExcellent testing skills\nProficient in interrogating databases via SQL queries\nAn undertstanding of systems delivery lifecycles and testing principles\nProficient in the use of test tools (such as Quality Centre/ALM, JIRA) and test processes (e.g. defect management)\nExperience in testing Bigquery, PostgressSQL, visulisation tools e.g. Looker, Superset.\nBe able to formulate test approach and confident in running a successful test phase\nAn appreciation of systems and data architectures\nStrong knowledge of SDLC, Agile as well as Waterfall methodologies.\nProficient in Microsoft Office applications (Word, Excel, Visio, Powerpoint, Project)\nMultiple Stakeholder management skill is desirable.\nEducational Requirements\nEducated to minimum of degree level or equiavlent\nISTQB Certfied\nPersonal Skill Requirements\nAbility to professionally and effectively present information\nProficiency in problem solving\nA self-starter with excellent written/verbal communication skills\nDesire and commitment to make a difference\nStrong Communication and interpersonal skills\nStrong written and verbal communication skills",Industry Type: Financial Services (Asset Management),"Department: BFSI, Investments & Trading","Employment Type: Full Time, Permanent","['principles of Forecasting in Finance.', 'testing', 'interrogating databases via SQL queries', 'visualization Looker', 'Superset.']",2025-07-01 05:19:46
ALM IRRBB - Model Development or Validation,Evalueserve,5 - 10 years,Not Disclosed,['Gurugram'],"ALM IRRBB - Model Development or Validation:\n\nEvalueserve is a global professional services firm that provides research, analytics, and data management services. We are powered by mind+machine a unique combination of human expertise and best-in-class technologies that use smart algorithms to simplify key tasks. This approach enables us to design and manage processes that generate and harness insights on a large scale, significantly cutting costs and timescales to help businesses overtake the competition.Since our inception in 2000, we have steadily grown our operations to more than 5, 000 employees globally. We work with clients across industries and business functions, helping them make better and faster decisions, reach new levels of efficiency and effectiveness, and see a tangible impact on their top and bottom lines. Evalueserve has been recognized as a Strong Performer in The Forrester Wave: Customer Analytics Service Providers, Q2 2023. In 2022, Evalueserves operations across five different countries were recognized by Great Place to Work. Our commitment to meritocracy ensures transparent and equitable pathways to leadership for all professionals, regardless of their background. Evalueserves career development programs and opportunities allow employees to meet evolving market needs while they learn, grow, and take pride in their work.",,,,"['process', 'python', 'alm', 'data validation', 'analytical', 'methods', 'strong analytical skills', 'presentation skills', 'verbal communication', 'interpersonal skills', 'liquidity', 'assessment', 'r', 'concepts', 'written communication', 'management', 'model development', 'communication skills', 'object']",2025-07-01 05:19:49
Oracle Hcm Technical Consultant,Tata Consultancy Services,4 - 9 years,Not Disclosed,['Kolkata'],"Greetings from TCS Recruitment Team!\n\nFor all those ORACLE HCM, we are coming bigger with the plan of Walk In Drive on 05th July 2025(Saturday) in Kolkata Locations. It is a Walk in Drive planned to attract great Talents in ORACLE HCM. We believe that your skills and expertise are a better match for the skills we are looking for.\n\nSkill: ORACLE HCM",,,,"['Oracle Hcm Cloud', 'Oracle Hcm', 'Hcm Cloud']",2025-07-01 05:19:51
Senior Cloud Engineer,Chevron India,5 - 10 years,Not Disclosed,['Bengaluru'],"2\n\nChevron invites applications for the role of Senior Cloud Engineer - Data Hosting within our team in India. This position supports Chevron s data hosting environment by delivering modern digital data hosting capabilities in a cost competitive, reliable, and secure manner. This position will provide broad exposure to the application of technology to enable business with many opportunities for growth and professional development for the candidate.\n\nKey Responsibilities:\n\nDesign, implement, and manage scalable and secure data hosting solutions on Azure\nDevelop and maintain data architectures, including data models, data warehouses, and data lakes\nRefine data storage and extraction procedures to enhance performance and cost-effectiveness\nUphold stringent data security measures and ensure adherence to relevant industry standards and regulatory requirements. Collaborate with data scientists, analysts, and other stakeholders to understand and address their data needs\nMonitor and troubleshoot data hosting environments to ensure high availability and reliability\nStreamline data workflows and operations through the automation capabilities of Azure Data Factory and comparable technologies\nDesign, develop, and deploy modular cloud-based systems\nDevelop and maintain cloud solutions in accordance with best practices\n\nRequired Qualifications:\n\nMust have bachelor s degree in computer science engineering or related discipline\nA Minimum of 8+ years of experience. 5 - 10 years of experience\nOver 5+ years of experience in data hosting for both on-premises and azure environments\nAt least 5 years of expertise in data engineering and management across on-premises and azure environments\nMicrosoft AZ900 Certification & AZ104 Certification\nProficient in utilizing Azure data services, including Azure SQL Database, Azure Data Lake Storage, and Azure Data Factory\nIn-depth understanding of cloud infrastructure, encompassing virtual networks, storage solutions, and compute resources within Azure\nExtensive hands-on experience with Azure services such as Azure SQL Database, Azure Blob Storage, Azure Data Lake, and Azure Synapse Analytics\nWell-versed in on-premises storage systems from vendors like NetApp, Dell, and others\nSkilled proficiency in scripting languages like Ansible, PowerShell, Python, and Azure CLI for automation and management tasks\nComprehensive knowledge of Azure security best practices, including identity and access management, encryption, and compliance standards\n\nPreferred Qualifications:\n\nDemonstrated proficiency in architecting, deploying, and managing secure and scalable data hosting solutions on the Azure platform\nExtensive experience in developing and maintaining robust data architectures, including data models, data warehouses, and data lakes, utilizing Azure services\nExpertise in optimizing data storage and retrieval processes for superior performance and cost efficiency within Azure environments\nIn-depth knowledge of data security protocols and compliance with industry standards and regulations, with a focus on Azure cloud compliance\nProven ability to collaborate effectively with data scientists, analysts, and other stakeholders to address their data needs using Azures capabilities\nStrong track record of monitoring and troubleshooting Azure data hosting environments to ensure high availability and system reliability\nSkilled in automating data workflows and processes using Azure Data Factory and other Azure-based automation tools\nExperience in designing, developing, and deploying modular, cloud-based systems, with a particular emphasis on Azure solutions\nCommitment to maintaining cloud solutions in alignment with Azure best practices and continuously integrating Azures latest updates and features\nPossession of Azure certifications, such as the Azure Data Engineer Associate or Azure Database Administrator Associate, with a preference for candidates holding the Azure Solutions Architect Expert certification or equivalent advanced credentials\n\nChevron participates in E-Verify in certain locations as required by law.",Industry Type: Oil & Gas,Department: Engineering - Software & QA,"Employment Type: Full Time, Permanent","['Computer science', 'global operations', 'Access management', 'data security', 'Automation tools', 'microsoft', 'Database Administrator', 'Analytics', 'Solution Architect', 'Python']",2025-07-01 05:19:53
SAP PM(SAP Plant Maintenance) Walkin,Tata Consultancy Services,4 - 9 years,Not Disclosed,['Kolkata'],"Greetings from TCS Recruitment Team!\n\nFor all those SAP PM , we are coming bigger with the plan of Walk In Drive on 05-July-2025(Saturday) in Kolkata Locations.\nIt is a Walk in Drive planned to attract great Talents in SAP PM. We believe that your skills and expertise are a better match for the skills we are looking for.\n\nSkill: SAP PM",,,,"['Data Migration', 'Plant Maintenance', 'Sap Eam', 'Sap Plant Maintenance']",2025-07-01 05:19:55
Sap Bw Hana Consultant,Tata Consultancy Services,4 - 9 years,Not Disclosed,['Pune'],Greetings from TCS Recruitment Team!\n\n\nTCS is hiring for SAP BW HANA\n**Walk-in-Drive**\nJob Title : SAP BW HANA\nLocation: Chennai\nExperience Range : 3 to 13 years,,,,"['SAP BW', 'Bw On Hana', 'Bw 4Hana', 'S4H', 'SAP Business Warehouse']",2025-07-01 05:19:57
SAP GRC and Security Consultant,Tata Consultancy Services,4 - 9 years,Not Disclosed,['Pune'],TCS is Hiring SAP GRC and Security Consultant For Pune location\n\nExperience : 3 - 13 years\n\nMode of interview: Walkin\n\nLocation : Pune,,,,"['SAP GRC Security', 'SAP Security', 'SAP GRC']",2025-07-01 05:19:59
Senior DevOps Engineer,Lytx,5 - 9 years,Not Disclosed,['Bengaluru'],"You ll have the opportunity to:\nEvaluate and oversee the implementation of innovative technologies aimed at improving the efficiency, performance, and reliability of the Lytx Infrastructure.\nEngage with innovative technologies such as OpenShift, Kubernetes, MQTT, and Kafka.\nImplement new systems and frameworks to bolster a global IoT platform and elevate it to the next level.\nDevelop and deliver innovative solutions that empower engineering teams.",,,,"['Automation', 'Networking', 'Linux', 'Access management', 'DNS', 'Perl', 'Vulnerability', 'Load balancing', 'Monitoring', 'Python']",2025-07-01 05:20:01
Lead Salesforce Developer,Genpact,8 - 12 years,Not Disclosed,"['New Delhi', 'Hyderabad', 'Pune']","Inviting applications for the role of Principal Consultant, SFDC Developer!\nIn this role you will be responsible for below:\nResponsibilities:\n• Demonstrated proficiency in logical reasoning and analytical thinking. Analytical skills involve the ability to research, collect, and analyze information to form complex ideas and solutions.\n• In-depth knowledge of the force.com platform, including customization, configurations, data migration, sharing and visibility settings, and integrations.\n• Proven experience with Apex programming, Lightning Web Components (LWC), flows, and the latest features of the force.com platform.\n• Extensive experience in code debugging and implementing best practices to ensure high-quality software development.\n• Experience in mentoring junior developers to enhance their skills and ensure adherence to project standards.\n• Implement standard Salesforce functionality including sharing rules, roles, profiles, etc. and use standard features including Workflow, Process builder, and flows to create solutions.\n• Execute integration testing with Apex test classes and maintain maximum code coverage.\n• Developing trigger, batch class, and scheduled job by maintaining best coding standards\n• Write Apex using industry standard best practices and design patterns.\n• Maintain expert level knowledge of Salesforce system architecture and development best practices to scale implementations.\n• Develop complex integrations between Salesforce and other systems, either through custom API or middleware tools.\n• Work on production incident debugging, analysis, bug fixes, service requests, data loads, minor/major enhancements.\n• Provide business support for critical issues and mentor operations team members.",,,,"['Lwc', 'Aura', 'Apex', 'Integration', 'Triggers']",2025-07-01 05:20:04
Urgent Hiring For SAP FICO S/4HANA Functional Consultant,Capgemini,9 - 14 years,13-23 Lacs P.A.,['Mumbai (All Areas)'],"Key Responsibilities:\nImplement and configure SAP FICO modules with HANA.\nAnalyse business requirements and translate them into technical specifications.\nPerform system testing and support user acceptance testing.\nProvide end-user training and support.\nCollaborate with cross-functional teams to ensure seamless integration.\nQualifications:\n6 to 17 years of experience in SAP Finance / FICO module with a strong understanding of FICO and experience with SAP S/4HANA.\nGood knowledge of SAP Finance and Controlling module, as well as S4 Hana.\nExperience with addon SAP modules like REFX, FSCM, FICA, Concur, and Group Reporting.\nExtensive experience with RICEFs, interface development, FICO enhancements, reports, data migration tools, and preparing FS/TS/test scripts.\nStrong verbal and non-verbal communication skills.\nExperience working in an agile environment.",Industry Type: IT Services & Consulting,Department: Consulting,"Employment Type: Full Time, Permanent","['Fi-Aa', 'SAP FICO', 'SAP CO', 'FI-GL', 'SAP FICO Implementation', 'FI-AR', 'SAP FI']",2025-07-01 05:20:06
SAP FICO Application Development Manager (Night Shifts),NTT DATA Business Solutions,13 - 20 years,Not Disclosed,[],"Job Title: SAP FICO Application Development Manager\nExperience: 14 to 20 Years in SAP FICO, S/4Hana, Fiori Apps, Finance & Controlling\nWork Mode: Remote\nNotice Period: Immediate Joiners are preferred with 0 to 15 Days NP\nJob Location: Open Hyderabad / Bangalore / Mumbai / Pune / Delhi / Chennai / Any Other Location\nWork Timings: Flexible to work in US Shift Timings – 06:30 PM to 03:30 AM IST or 09:30 PM to 06:30 AM IST",,,,"['FICO incident tickets', 'SAP Controlling', 'SAP FICO solutions', 'Material Ledger activation', 'S/4Hana', 'COPA', 'CO-CCA', 'SAP Financials support', 'Profit Center Accounting', 'Treasury', 'SLAs', 'CO-PCA', 'Product Costing', 'Sap Financial Accounting', 'SAP FICO', 'Material Ledger', 'Overhead Assessment', 'CO-CEA']",2025-07-01 05:20:08
Software Developer II Java Full Stack,S&P Global Market Intelligence,2 - 7 years,Not Disclosed,"['Hyderabad', 'Gurugram']","The Team: This position is part of the Content Creation Platforms technology team. He/She would be a key contributing member of the application development for new and existing internal facing applications, such as the Content Creation and Packaging Aggregation and Layout platforms.\nThe resource would be joining a strong innovative team working on the content management platforms which support a large revenue stream for S&P Commodity Insights.Working very closely with the Product owner and Development Manager, teams are responsible for the development of user enhancements and maintaining good technical hygiene.\nThe successful candidate will assist in the design, development, release and support of content platforms. Skills required include ReactJS, Spring Boot, RESTful microservices, AWS services (S3, ECS, Fargate, Lambda, etc.), CSS HTML, AJAX JSON, XML and SQL (PostgreSQL/Oracle).\nThe candidate must be able to work well with a distributed team, demonstrate an ability to articulate technical solutions for business requirements, have experience with content management/packaging solutions, and embrace a collaborative approach for the implementation of solutions.\nExperience in the commodities markets, price assessment, analysis and news sectors will be beneficial.\nResponsibilities and Impact:\nBe a strong individual contributor in all aspects of software development lifecycle following agile methodologies (Analyze, design, develop, test, debug, and deploy phases of development projects)\nBe proficient with the use of developer tools supporting the CI/CD process including configuring and executing automated pipelines to build and deploy software components\nActively contribute to team planning and ceremonies and commit to team agreement and goals\nEnsure code quality and security by understanding vulnerability patterns, running code scans, and be able to remediate issues\nPerform reviews and integration testing to assure quality of project development eorts\nDesign database schemas, conceptual data models, UI workows and application architectures that t into the enterprise architecture\nSupport the user base, assisting with tracking down issues and analyzing feedback to identify product improvements\nUnderstand and commit to the culture of S&P Global: the vision, purpose and values of the organization\nWhat Were Looking For:\nBasic Qualifications:\n2+ years experience in an agile team development role, delivering software solutions using Scrum\nJava, J2EE, Javascript, CSS/HTML, AJAX\nReactJS, Spring Boot, Microservices, RESTful services, OAuth\nXML, JSON, data transformation\nSQL and NoSQL Databases (Oracle, PostgreSQL)\nWorking knowledge of Amazon Web Services (Lambda, Fargate, ECS, S3, etc.)\nExperience with agile workflow tools (e.g. VSTS, JIRA)\nExperience with source code management tools (e.g. git), build management tools (e.g. Maven) and continuous integration/delivery processes and tools (e.g. Jenkins, Ansible)\nSelf-starter able to work to achieve objectives with minimum direction\nComfortable working independently as well as in a team\nExcellent verbal and written communication skills\nPreferred Qualifications:\nAnalysis of business information patterns, data analysis and data modeling\nWorking with user experience designers to deliver end-user focused benefits realization\nFamiliar with containerization (Docker, Kubernetes)\nMessaging/queuing solutions (Kafka, etc.)\nFamiliar with application security development/operations best practices (including static/dynamic code analysis tools).",Industry Type: Banking,Department: Engineering - Software & QA,"Employment Type: Full Time, Permanent","['Java', 'CSS', 'ReactJS', 'Javascript', 'J2EE', 'HTML', 'Spring Boot', 'AJAX', 'Microservices', 'OAuth']",2025-07-01 05:20:11
CPQ Sr. Developer,Apptad,8 - 12 years,Not Disclosed,['Noida'],"company name=Apptad Technologies Pvt Ltd., industry=Employment Firms/Recruitment Services Firms, experience=8 to 12 , jd=\nJob Title:-CPQ Sr. Developer\nJob Location:- Bengaluru\nJob Type:- Full Time\n\nJD:-\nCPQ Sr DeveloperWhat You Will Bring to ChargePoint• Translate business requirements into well-architected solutions that best leverage the Salesforce platform and products• Provide detailed level of effort estimates for proposed solutions. Articulate the benefits and risks to a solution’s feasibility and functionality• Research best solutions & approaches to requirements• You will help stakeholders to understand and use Salesforce best practices and to minimize use of customizations.• Develop, test, and document working custom development, integrations, and data migration elements of a Salesforce implementation• Implement and maintain Salesforce customizations such as custom fields and objects, layouts, workflows, process builder, and validation rules• Build customized solutions that support business requirements and drive important business decisions by developing in Visualforce, Apex• Communicate effectively with a globally distributed team• BA/BS in Computer Science• 7+ years of experience in administration and development of Salesforce’s Sales Cloud Functionality• Must have 3+ years of experience in architecting and designing for Salesforce Sales Cloud, CPQ, Salesforce Revenue Cloud.• Have implemented Salesforce CPQ & Billing End to End• Implement and enhance Salesforce CPQ platform and cross-platform integration solutions based on industry best practices• Must have understanding of CPQ Engine, Rule and Customization specifically plugins• Lead the design and implementation of Salesforce CPQ solutions that drive business value and support complex quote-to-cash processes,• Experience in designing, coding, and implementing APEX code Triggers, Classes, Components, etc, Visualforce and Lightning components, LWR, SOQL and SOSL languages.• Knowledge of Salesforce permissions, roles, reports, dashboards, and logical formulas• Advanced front-end programming skills including LWC, JavaScript, HTML, CSS• Ability to navigate in a complex enterprise setup and work with multiple cross functional teams for release planning and deployment coordination.• Clear insight of Salesforce platform best practices, coding and design guidelines and governor limits• Extensive knowledge of product configuration, complex pricing rules & sequence, quote configurator plugins & Salesforce APIs• Strong attention to detail, and the ability to multi-task and prioritize tasks• Versatility, flexibility, and a willingness to work within constantly changing priorities• Experience with agile software development processes and best practice• Strong desire to learn. You are energized when new features and technologies become available and eager to understand them and maximize their potential• Salesforce Certified Platform Developer I, II, Salesforce CPQ Specialist and other certifications are highly preferred, Title=CPQ Sr. Developer, ref=6566183",Industry Type: Recruitment / Staffing,Department: Engineering - Software & QA,"Employment Type: Full Time, Permanent","['sosl', 'architecting', 'soql', 'cpq', 'salesforce', 'visualforce', 'css', 'salesforce platform', 'web services', 'sfdc', 'lightning components', 'validation rules', 'triggers', 'salesforce cpq', 'javascript', 'apex', 'salesforce sales cloud', 'sales force development', 'revenue', 'java', 'lwc', 'html', 'agile']",2025-07-01 05:20:13
Salesforce Sr. Developer,Apptad,8 - 12 years,Not Disclosed,['Noida'],"We are looking for a skilled Salesforce Sr. Developer with 8 to 12 years of experience to join our team in Bengaluru.\n\nRoles and Responsibility\nDesign, develop, test, document, and manage customizations, extensions, configurations, and integrations for growing Sales, Service, and Marketing functions.\nTranslate business requirements into well-architected solutions that leverage the Salesforce platform and products.\nDevelop, test, and document working custom development, integrations, and data migration elements of a Salesforce implementation.\nImplement and maintain Salesforce customizations such as custom fields and objects, layouts, workflows, process builder, and validation rules.\nBuild customized solutions that support business requirements and drive important business decisions by developing in Visualforce and Apex.\nCommunicate effectively with a globally distributed team.\nJob\nBA/BS in Computer Science or equivalent.\nMinimum 8 years of experience in administration and development of Salesforce's Sales Cloud Functionality.\nAt least 3+ years of experience in architecting and designing for Salesforce Sales Cloud, Service Cloud, and Experience Cloud.\nKnowledge of Salesforce permissions, roles, reports, dashboards, and logical formulas.\nFront-end development experience with Lightning Web Components.\nExperience developing in Salesforce Sales cloud and Service cloud.\nUnderstanding of functional/technical tools including data modeling, security model, flows, custom metadata, and custom settings.\nProficiency in designing, coding, and implementing APEX code Triggers, Classes, Components, etc., Visualforce and Lightning components, SOQL and SOSL languages.\nAdvanced front-end programming skills including LWC, JavaScript, HTML, and CSS.\nAbility to navigate complex enterprise setups and work with multiple cross-functional teams for release planning and deployment coordination.\nClear insight into Salesforce platform best practices, coding, and design guidelines, along with an understanding of governor limits.\nExtensive knowledge of product configuration, complex pricing rules & sequence, quote configurator plugins, and Salesforce APIs.\nStrong attention to detail, ability to multitask and prioritize tasks.\nVersatility, flexibility, and a willingness to work within constantly changing priorities.\nExperience with agile software development processes and best practices.\nStrong desire to learn new features and technologies, with enthusiasm for maximizing their potential.\nSalesforce Certified Platform Developer I, II, and other certifications are highly preferred.",Industry Type: Recruitment / Staffing,Department: Engineering - Software & QA,"Employment Type: Full Time, Permanent","['plugins', 'salesforce', 'salesforce sales cloud', 'configurator', 'pricing', 'sosl', 'architecting', 'visualforce', 'soql', 'css', 'lightning components', 'service cloud', 'saas sales', 'validation rules', 'javascript', 'process builder', 'apex', 'sales force development', 'lwc', 'html', 'agile']",2025-07-01 05:20:15
SAP EWM ABAP Consultant,Tata Technologies,4 - 8 years,Not Disclosed,"['Pune', 'Bangalore Rural', 'Bengaluru']","Role & responsibilities:\n\nExpertise using SAP programming tools inclusive of ABAP/4, ABAP on HANA, CDS View, AMPD View, OOPs ABAP on S/4HANA ERP (Mandatory)\nMinimum 1 year experience on RF framework\nABAP 7.4 Coding standard\nWorking exp. In Eclipse Tool",,,,"['EWM ABAP', 'Odata', 'SAP EWM ABAP', 'Sap Abap Hana', 'Rf', 'SAP ABAP', 'Radio Frequency']",2025-07-01 05:20:18
SAP EWM Consultant,Tata Technologies,4 - 8 years,Not Disclosed,"['Pune', 'Bangalore Rural', 'Bengaluru']","Role & responsibilities:\n\nEWM Support Consultant is responsible to understand details of design and configuration of the current business processes in SAP S/4HANA on decentralized EWM. This includes\nResolving Service Request/ incidents.\nShould have experience in working at least one S/4HANA EWM implementation project\nExperience in Inbound and outbound delivery transactions, stock transfers, internal warehouse processes, warehouse location bins, storage types, search strategies, Material Movement types, STOs, Return Orders and Label Printer setups, etc.",,,,"['SAP EWM Consultant', 'Sap Warehouse Management', 'EWM Consultant', 'Sap Ewm', 'Ewm', 'SAP WM']",2025-07-01 05:20:20
Sr. SAP ABAP Consultant,Acesoft,8 - 12 years,Not Disclosed,['Bengaluru'],"Hi all ,\nwe are looking for a role Sr. SAP ABAP Consultant\nexperience : 8 - 12 years\nnotice period : Immediate - 15 days\nlocation : Bengaluru\nTechnical Skill sets : S/4 HANA ABAP\nStrong experience in the following areas: Workflow, Object Oriented programming, Data Dictionary, BAPI, BADI, RFC, ALE/ EDI, IDOC, ALV programming, Classical and Interactive Reporting, BDC, SAP Scripts, Smart Forms, Adobe Forms (offline/ interactive), Enhancements, User Exits, Dialog Programming, Interface/ ABAP Proxy programming, LSMW, BSP, ABAP Web Dynpro, Performance Tuning, Function Module development, AIF, and Spool programming\nExperience with Core Data Services (CDS) views for data modeling and custom analytics.\nKnowledge of OData services development for building efficient and standardized APIs.\nExpertise in ABAP Managed Database Procedures (AMDP) for optimized database operations.\nExperience with S/4 HANA migration, data migration, and system conversion is desirable.\nUnderstanding of SAP functional areas in Finance (FI/ CO), Materials management (MM), and Netweaver Portal Strong knowledge of FI/ CO and MM is mandatory.\nOther areas are beneficial Demonstrated experience with large Enterprise ERP implementations in the areas of technical design specification, development and performing tuning\nThe candidate should have good client facing qualities and should independently lead a team\nShould have experience in creating and configuring Web services, Functional testing on SOAP.\nImplementing enhancements using USER-EXIT and BADI's to suit business requirements\nExperienced in real time monitoring of SAP ECC applications to support business activities.\nExperience in developing interfaces between SAP and non-SAP systems using various integration technologies such as IDocs, RFC, SOAP, REST, HTTP, FTP, SFTP, SMTP, JMS, AMQP\nKnowledge and experience in SAP PI/PO and CPI for interface development and integration, including various protocol interfaces.\nDesign and implement interfaces between SAP S/4HANA and non-SAP systems, ensuring seamless data integration and system interoperability.\nMust Have Skills:\n      Must be expertise in development, support and Migration of Software Applications in SAP R/3    \n        ABAP/4 programming & S/4 HANA.\n      Must have worked on Interfaces using IDOCs, ALE, Proxies, Enhancements, EDI, RFC, CDS & ODATA\n      Must have strong business understanding and suggest SAP solutions for various business   \n        Scenarios\n     Ability to help resolve complex technical issues and independently manage critical/complex   \n        Situations.\nSpecific knowledge and tools\nExcellent communication & strong collaboration skills\nFlexible to adapt to fast changing environment and self-motivated\nOpen minded\nCreating technical design specifications to ensure compliance with the functional teams and IT Management\nAnalytical thinking, high level of comprehension and independent working style.\nFamiliarity with the IT Service Management (ITSM) framework and processes, including incident management, problem management, change management, and service request management.\nSeeking candidates who are flexible and willing to work on shifts as required.",Industry Type: IT Services & Consulting,Department: Engineering - Software & QA,"Employment Type: Full Time, Temporary/Contractual","['SAP ABAP', 'IDOCs', 'CDS & ODATA', 'Proxies', 'BAPI', 'OData services development', 'ABAP Web Dynpro', 'Interface/ ABAP Proxy programming', 'Workflow', 'EDI', 'Performance Tuning', 'ABAP Managed Database Procedures', 'RFC', 'Core Data Services', 'LSMW', 'ALE', 'Enhancements', 'BADI', 'BSP', 'AIF', 'Function Module development']",2025-07-01 05:20:22
Manager - Business Transformation - Mumbai,Tata Capital,6 - 11 years,Not Disclosed,['Mumbai'],"We are looking for a highly skilled and experienced professional with 6 to 11 years of experience to join our team as a Manager - Business Transformation in Mumbai.\n\n Roles and Responsibility\nDevelop and implement automation processes to enhance efficiency and productivity.\nCreate MIS dashboards using Tableau for business insights and decision-making.\nDesign analytical models, including scorecards, based on business requirements.\nConduct deviation analytics to identify areas for improvement.\nCollaborate with cross-functional teams to drive business transformation initiatives.\nAnalyze data to provide actionable recommendations to stakeholders.\n\n\n Job\nGraduate with a strong understanding of MIS and visualization tools.\nProven experience in process automation and data analysis.\nStrong knowledge of Tableau and other data visualization tools.\nExcellent analytical and problem-solving skills.\nAbility to work collaboratively with cross-functional teams.\nStrong communication and interpersonal skills.",Industry Type: Financial Services,Department: Data Science & Analytics,"Employment Type: Full Time, Permanent","['data analysis', 'tableau', 'mis', 'data integration tools', 'business transformation', 'python', 'oracle', 'data analytics', 'spotfire', 'amazon redshift', 'data warehousing', 'microsoft azure', 'data architecture', 'jquery', 'sql', 'oracle 10g', 'r', 'java', 'etl tool', 'html', 'etl', 'digital transformation']",2025-07-01 05:20:25
Oracle Fusion Technical Lead,HTC Global Services,5 - 9 years,Not Disclosed,['Hyderabad'],"About The Role\nSeeking a highly skilled Oracle Fusion Technical Lead with an 8-year experience in data migration and integrations using Oracle Integration Cloud, reports development, BI Publisher and OTBI\nThe ideal candidate should have sound understanding of Oracle Technical Development using OIC, PaaS and BIP\n\nRequirements\nShould have strong functional experience and expertise in Oracle Cloud ERP modules\n\nHands on experience in identifying future state needs and align them with Oracle Integration Cloud, BI Publisher Reports and OTBI\n\nMust have experience in Procurement to Pay cycle data migration and Integrations\n\nProvide hands on support for user acceptance testing and create integrated UAT test plans across multiple modules\n\nFamiliarity in creating prototypes, approach documents and quick reference guides to ensure alignment with client requirements and current-state business processes\n\nProficient in communication to manage client/ team meetings, especially for requirements gathering and related discussions\n\nWillingness to participate in workshops, documenting requirements and validating current-state processes",,,,"['oracle', 'technical', 'procurement', 'integration', 'cloud erp', 'oracle cloud', 'communication skills']",2025-07-01 05:20:27
Oracle Fusion SCM Consultant,Itorizon,2 - 3 years,Not Disclosed,['Bengaluru'],"Oracle Fusion SCM Consultant - Order Management, Global Order Promising (GOP)\nDescription\nAbout ITOrizon: ITOrizon is a fast-growing, innovative technology consulting and services firm specializing in Oracle Cloud, Supply Chain Management, ERP, and Analytics solutions. We partner with our clients to transform their business processes and leverage technology for optimal performance. We are expanding our Oracle Fusion SCM practice and seeking talented individuals to join our dynamic project teams in Bangalore.\nRole Overview: As an Oracle Fusion SCM Consultant at ITOrizon, you will be a key member of our project implementation teams, responsible for delivering robust Oracle Fusion Supply Chain Management solutions for our clients. You will leverage your functional expertise to understand business requirements, configure the system, and ensure successful adoption.\nResponsibilities\nConduct detailed business requirements analysis and translate them into functional specifications for Oracle Fusion SCM modules.\nPerform system configuration, setup, and testing within the specified Oracle SCM modules.\nSupport data migration activities, including data cleansing, mapping, and loading.\nDevelop and deliver end-user training and documentation.\nCollaborate effectively with client stakeholders, business users, technical teams, and other functional consultants.\nIdentify and troubleshoot issues, providing timely and effective solutions.\nAssist in creating test scripts, executing testing cycles (Unit, SIT, UAT), and resolving defects.\nContribute to project documentation, including functional design documents, test plans, and training materials.\nQualifications\nBachelors degree in Supply Chain Management, Business Administration, Information Systems, or a related field.\n2-3 years of relevant experience in Oracle SCM Cloud implementations.\nMust have experience in 1 full life cycle implementation from requirements gathering to go-live and post-production support.\nStrong understanding of core supply chain business processes.\nExcellent analytical, problem-solving, and decision-making abilities.\nAbility to work independently and collaboratively in a team-oriented, client-facing environment.\nStrong written and verbal communication skills.\nProficiency in creating clear and concise documentation.\nDeep functional and configuration expertise in Oracle Fusion Order Management (including Sales Orders, Return Material Authorizations (RMAs), Pricing, Shipping, Backlog Management).\nStrong knowledge and hands-on experience with Oracle Fusion Global Order Promising (GOP) , including ATP (Available-to-Promise) and CTP (Capable-to-Promise) configurations and setup.\nUnderstanding of order fulfillment processes and integration with Inventory, Shipping, and Financials.\nHow to Apply:\nEmail your Resume to engage@itorizon.com\nHiring organization\nEmployment Type\nFull-time\nExperience\n2 to 3 years\nRole Category\nConsultant\nIndustry\nIT-Software Services\nJob Location\nBangalore, India\nDate posted\nJune 27, 2025\nPDF Export\nExport as PDF",Industry Type: IT Services & Consulting,Department: Consulting,"Employment Type: Full Time, Permanent","['Order management', 'Supply chain', 'ERP', 'Data migration', 'Supply chain management', 'Production support', 'Test scripts', 'Analytical', 'Analytics', 'Software services']",2025-07-01 05:20:29
Oracle Fusion SCM Consultant - Supply Chain Planning,Itorizon,2 - 3 years,Not Disclosed,['Bengaluru'],"Oracle Fusion SCM Consultant - Supply Chain Planning\nDescription\nAbout ITOrizon: ITOrizon is a fast-growing, innovative technology consulting and services firm specializing in Oracle Cloud, Supply Chain Management, ERP, and Analytics solutions. We partner with our clients to transform their business processes and leverage technology for optimal performance. We are expanding our Oracle Fusion SCM practice and seeking talented individuals to join our dynamic project teams in Bangalore.\nRole Overview: As an Oracle Fusion SCM Consultant at ITOrizon, you will be a key member of our project implementation teams, responsible for delivering robust Oracle Fusion Supply Chain Management solutions for our clients. You will leverage your functional expertise to understand business requirements, configure the system, and ensure successful adoption.\nResponsibilities\nConduct detailed business requirements analysis and translate them into functional specifications for Oracle Fusion SCM modules.\nPerform system configuration, setup, and testing within the specified Oracle SCM modules.\nSupport data migration activities, including data cleansing, mapping, and loading.\nDevelop and deliver end-user training and documentation.\nCollaborate effectively with client stakeholders, business users, technical teams, and other functional consultants.\nIdentify and troubleshoot issues, providing timely and effective solutions.\nAssist in creating test scripts, executing testing cycles (Unit, SIT, UAT), and resolving defects.\nContribute to project documentation, including functional design documents, test plans, and training materials.\nQualifications\nBachelors degree in Supply Chain Management, Business Administration, Information Systems, or a related field.\n2-3 years of relevant experience in Oracle SCM Cloud implementations.\nMust have experience in 1 full life cycle implementation from requirements gathering to go-live and post-production support.\nStrong understanding of core supply chain business processes.\nExcellent analytical, problem-solving, and decision-making abilities.\nAbility to work independently and collaboratively in a team-oriented, client-facing environment.\nStrong written and verbal communication skills.\nProficiency in creating clear and concise documentation.\nDeep functional and configuration expertise in Oracle Fusion Supply Chain Planning This includes experience with Demand Management, Supply Planning, Sales and Operations Planning (S&OP), Production Scheduling, and Backlog Management.\nStrong understanding of planning methodologies (e.g., MRP, MPS) and data collection processes within Oracle Fusion.\nAbility to analyze planning outputs and recommend solutions for optimization.\nHow to Apply:\nEmail your Resume to engage@itorizon.com\nHiring organization\nEmployment Type\nFull-time\nExperience\n2 to 3 years\nRole Category\nConsultant\nIndustry\nIT-Software Services\nJob Location\nBangalore, India\nDate posted\nJune 27, 2025\nPDF Export\nExport as PDF",Industry Type: IT Services & Consulting,Department: Consulting,"Employment Type: Full Time, Permanent","['data cleansing', 'ERP', 'Data migration', 'Supply chain management', 'PDF', 'Production support', 'Test scripts', 'Analytical', 'Analytics', 'Software services']",2025-07-01 05:20:31
Job Requirement Denodo Develoer,IT services company,5 - 10 years,15-30 Lacs P.A.,"['Pune', 'Bengaluru', 'Delhi / NCR']","Job Requirement:- Denodo Developer\nExperience- 5- 9 years\nLocation: Bangalore, Noida, Chennai, Mumba, Hyderabad, Pune\nShift Time - CET (12:30 to 9:30 IST)\nJob Description:\nWe are seeking a highly skilled and experienced Denodo Developer with a strong background in ETL processes and deep knowledge of the Life Sciences domain. The ideal candidate will be responsible for developing data virtualization solutions, integrating complex datasets from multiple sources, and enabling real-time data access for analytics and operational reporting. This role requires close collaboration with data architects, data engineers, and business stakeholders in a regulated environment.\nKey Proficiency & Responsibilities:\nDesign, develop, and optimize data virtualization solutions using Denodo Platform.\nIntegrate structured and unstructured data sources into Denodo views and services.\nDevelop custom views, VQL scripts, and data services (REST/SOAP).\nBuild and optimize ETL/ELT pipelines to support data ingestion and transformation.\nWork closely with Life Sciences business teams to translate domain-specific requirements into data solutions.\nImplement data governance, security, and compliance practices adhering to GxP and FDA regulations.\nProvide support for data access, lineage, metadata management, and user training.\nCollaborate with cross-functional teams in an Agile development environment.\nOptimize workflows for performance and scalability.\nDevelop and maintain data documentation, including workflow descriptions and data dictionaries.\nStrong knowledge of data preparation, ETL concepts, and data warehousing.\nExcellent analytical, problem-solving, and communication skills.\nProficient in VQL, JDBC, ODBC, and web services integration.\nStrong expertise in ETL tools (e.g., Informatica, Talend, DataStage, or Azure Data Factory).\nDeep understanding of Life Sciences domain clinical trials, regulatory data, pharmacovigilance, or research & development.\nPreferred Qualifications:\nB.Tech. or MCA from a recognized University\nMinimum 5+ years of relevant experience as a Denodo Developer.\nStrong SQL and database skills (Oracle, SQL Server, PostgreSQL, etc.).\nKnowledge of data modelling, data warehousing, and virtual data layers.\nExperience with cloud platforms (AWS, Azure, or GCP) is a plus.\nExperience working in Agile/Scrum environments.\nExposure to cloud platforms such as AWS, Azure, or GCP.\n\nInterested in or know someone great? Send your resume to durgesh.kumar@mounttalent.com or DM me directly.",Industry Type: IT Services & Consulting,Department: Consulting,"Employment Type: Full Time, Permanent","['Denodo', 'SQL']",2025-07-01 05:20:34
SAP ABAP Expert- Visakhapatnam Port Authority,National Institute for Smart Government (NISG),4 - 6 years,17-19 Lacs P.A.,['Visakhapatnam'],"Position /Title: SAP ABAP Expert\nNos. required: 01 (One)\nLocation: Visakhapatnam Port Authority (VPA)\nMode of Employment: Contractual-Full Time\nDuration of Employment: 01 year (extendable on mutual consent)\n\nKey Responsibilities -\n\n1. ABAP Development:\nDesign, develop, and implement custom ABAP programs, reports, interfaces, forms, and enhancements.\nWrite efficient, well-documented, and maintainable code using ABAP best practices.\nDevelop and maintain SAP Script, Smart Forms, and Adobe Forms for various business processes.\n\n2. System Customization and Enhancement:\nCustomize SAP modules (e.g., FI/CO, MM, HCM) based on business requirements.\nImplement user exits, BAdIs (Business Add-Ins), and enhancements using Enhancement Frameworks.\nDevelop and modify ABAP Dictionary objects such as tables, views, and data elements.\n\n3. Integration:\nDevelop and maintain interfaces between SAP and other systems using technologies like ALE, IDocs, RFCs, BAPIs, and Web Services.\nWork on data migration tasks using tools such as LSMW (Legacy System Migration Workbench) or custom programs.\n\n4. Debugging and Troubleshooting:\nAnalyse and debug ABAP programs to resolve issues in existing applications.\nPerform root cause analysis for any system errors or issues and implement appropriate fixes.\n\n5. Testing and Quality Assurance:\nDevelop and execute unit tests for new or modified ABAP programs to ensure code quality.\nCollaborate with functional teams to perform integration testing and resolve any issues.\nParticipate in user acceptance testing (UAT) and assist users in testing new functionalities.\n\n6. Technical Documentation:\nPrepare and maintain technical specifications, design documents, and user guides for ABAP developments.\nDocument changes and enhancements in SAP systems to ensure traceability and support for future upgrades.\n\n7. Collaboration and Support:\nWork closely with SAP functional consultants to understand business requirements and translate them into technical solutions.\nProvide support to end-users and resolve any technical issues related to ABAP programs.\n\n8. Continuous Improvement:\nStay updated with the latest developments in SAP and ABAP programming practices.\nRecommend and implement best practices and process improvements in ABAP development.\n\n\nEducational Qualifications:\n04-year bachelors degree in computer science, Information Technology, or a related field.\n\nCertifications (anyone):\nSAP Certified Development Associate - ABAP with SAP NetWeaver.\nSAP Certified Application Associate - ABAP with SAP HANA (for those working on HANA environments).\nCertification in specific SAP modules (FI / MM) can be an added advantage.\n\n\nSkills & Experience:\nTechnical Skills:\nProgramming: Extensive experience in ABAP programming, including Reports (Classical and Interactive), ALV (ABAP List Viewer), Dialog Programming, and Batch Data Communication (BDC).\nEnhancements: Expertise in SAP enhancements, including User Exits, Customer Exits, BAdIs, and Enhancement Frameworks.\nForms: Proficiency in SAPScript, SmartForms, and Adobe Forms for developing and modifying print forms.\nIntegration: Strong understanding of SAP integration technologies, such as ALE, IDocs, RFCs, BAPIs, and Web Services.\nDatabase: Knowledge of ABAP Dictionary, SQL, and database operations within SAP environments.\nSoft Skills:\nAnalytical Thinking: Strong problem-solving skills and the ability to analyse complex business processes and translate them into technical solutions.\nCommunication: Excellent communication skills to effectively collaborate with functional teams, stakeholders, and end-users.\nAttention to Detail: High level of accuracy in coding and documentation to ensure system reliability and maintainability.\nExperience:\nMid-Level: 4-6 years of hands-on experience in ABAP development, including complex program design, enhancements, and integration tasks.\nPreferred Experience:\nExperience working in SAP S/4HANA environments, particularly with ABAP on HANA.\nKnowledge of Fiori/UI5 development for building user-friendly interfaces in SAP.\nPrevious experience in industries such as logistics / ports /maritime industries.\n\nKINDLY NOTE: APPLICATION ARE ACCEPTED ON OR BEFORE JULY 5th 2025 ONLY.",Industry Type: Management Consulting,Department: Consulting,"Employment Type: Full Time, Temporary/Contractual","['Abap Programming', 'LSMW', 'SAP', 'Sap Module', 'Abap Development']",2025-07-01 05:20:36
Senior Wordpress Developer,Athos Systems,4 - 9 years,Not Disclosed,[],"Role & responsibilities\nBuild, maintain, and optimize responsive CMS-driven websites (primarily WordPress).\nConduct detailed audits of site performance, speed, security, and SEO readiness.\nCustomize themes, templates, and plugins to address business needs.\nDevelop frontend improvements using HTML, CSS, and JavaScript.\nEvaluate and recommend alternative CMS platforms (Webflow, Squarespace, headless CMS).\nPlan and implement replatforming and data migration activities.\nCollaborate with designers, project managers, and business analysts to align technical execution with project goals.\nWrite clean, maintainable code using Git version control.\nSupport deployment, testing, and continuous optimization of websites.\n\nPreferred candidate profile\nMinimum 4 years of experience in CMS development with strong WordPress expertise.\nProficient in PHP, MySQL, REST API integrations, and responsive web design.\nSkilled in frontend technologies: HTML5, CSS3, JavaScript.\nFamiliar with Git workflows and modern development best practices.\nExposure to modern CMS solutions (Webflow, Squarespace, Contentful) and headless architecture is a plus.\nStrong problem-solving abilities and attention to detail.\nExcellent communication and collaboration skills for working in distributed teams.\nImmediate to 7 days joiners preferred.",Industry Type: IT Services & Consulting,Department: Engineering - Software & QA,"Employment Type: Full Time, Permanent","['Css/Css3', 'Responsive Web Design', 'HTML', 'Wordpress Development', 'Cms Development', 'Rest Api Integration', 'MySQL', 'Javascript', 'PHP', 'Squarespace', 'Git Version Control']",2025-07-01 05:20:38
OTM Consultant,Itorizon,0 - 4 years,Not Disclosed,['Bengaluru'],"OTM Consultant\nResponsibilities\nLead requirement gathering, design, and UAT for OTM modules\nDocumentation of BRD and Design Documents\nWork on OTM Integration mapping activities with the Middleware team\nConfigure Planning, Execution, and Freight Settlement modules\nSupport data migration, testing, and go-live support\nQualifications\n5+ years of OTM experience with end-to-end implementations\nDeep functional knowledge across Order Management, Shipment Management, Agent, SQLs, Integration with External Applications, Style Sheets, and Rate Management, CSV Uploads, Fleet Management, GTM basics\nExperience working on cloud migration programs will be added advantage\nAbility to manage client relationships and mentor juniors\nHow to Apply:\nHiring organization\nEmployment Type\nFull-time\nExperience\n5+ years\n",Industry Type: IT Services & Consulting,Department: Consulting,"Employment Type: Full Time, Permanent","['Order management', 'Data migration', 'PDF', 'Fleet management', 'OTM', 'Mentor', 'Management', 'Middleware', 'Freight', 'Software services']",2025-07-01 05:20:41
Oracle Fusion SCM Consultant - Manufacturing,Itorizon,2 - 3 years,Not Disclosed,['Bengaluru'],"Oracle Fusion SCM Consultant - Manufacturing\nDescription\nAbout ITOrizon: ITOrizon is a fast-growing, innovative technology consulting and services firm specializing in Oracle Cloud, Supply Chain Management, ERP, and Analytics solutions. We partner with our clients to transform their business processes and leverage technology for optimal performance. We are expanding our Oracle Fusion SCM practice and seeking talented individuals to join our dynamic project teams in Bangalore.\nRole Overview: As an Oracle Fusion SCM Consultant at ITOrizon, you will be a key member of our project implementation teams, responsible for delivering robust Oracle Fusion Supply Chain Management solutions for our clients. You will leverage your functional expertise to understand business requirements, configure the system, and ensure successful adoption.\nResponsibilities\nConduct detailed business requirements analysis and translate them into functional specifications for Oracle Fusion SCM modules.\nPerform system configuration, setup, and testing within the specified Oracle SCM modules.\nSupport data migration activities, including data cleansing, mapping, and loading.\nDevelop and deliver end-user training and documentation.\nCollaborate effectively with client stakeholders, business users, technical teams, and other functional consultants.\nIdentify and troubleshoot issues, providing timely and effective solutions.\nAssist in creating test scripts, executing testing cycles (Unit, SIT, UAT), and resolving defects.\nContribute to project documentation, including functional design documents, test plans, and training materials.\nQualifications\nBachelors degree in Supply Chain Management, Business Administration, Information Systems, or a related field.\n2-3 years of relevant experience in Oracle SCM Cloud implementations.\nMust have experience in 1 full life cycle implementation from requirements gathering to go-live and post-production support.\nStrong understanding of core supply chain business processes.\nExcellent analytical, problem-solving, and decision-making abilities.\nAbility to work independently and collaboratively in a team-oriented, client-facing environment.\nStrong written and verbal communication skills.\nProficiency in creating clear and concise documentation.\nDeep functional and configuration expertise in Oracle Fusion Manufacturing (covering Discrete Manufacturing, Process Manufacturing, Work Definitions, Work Orders, Shop Floor Control).\nKnowledge of related areas such as Oracle Fusion Quality Management and Maintenance is a strong plus.\nUnderstanding of manufacturing processes, production planning, and integration with Inventory and Cost Management.\nHow to Apply:\nEmail your Resume to engage@itorizon.com\nHiring organization\nEmployment Type\nFull-time\nExperience\n2 to 3 years\nRole Category\nConsultant\n",Industry Type: IT Services & Consulting,Department: Engineering - Software & QA,"Employment Type: Full Time, Permanent","['Supply chain', 'ERP', 'Data migration', 'Supply chain management', 'Production support', 'Test scripts', 'Production planning', 'Analytical', 'Analytics', 'Software services']",2025-07-01 05:20:43
MS Dynamic CRM Consultant,Apptad,6 - 11 years,Not Disclosed,['Bengaluru'],"We are looking for a skilled MS Dynamic CRM Consultant with 6 to 12 years of experience. The ideal candidate will have a strong background in managing and implementing Microsoft Dynamics CRM solutions.\n\nRoles and Responsibility\nCollaborate with cross-functional teams to design and implement comprehensive MS Dynamics CRM solutions.\nProvide expert-level support for MS Dynamics CRM, including configuration, customization, and data migration.\nDevelop and maintain technical documentation for MS Dynamics CRM implementations.\nTroubleshoot and resolve complex technical issues related to MS Dynamics CRM.\nConduct training sessions for end-users on MS Dynamics CRM functionality and best practices.\nAnalyze business requirements and provide recommendations for process improvements using MS Dynamics CRM.\nJob\nStrong knowledge of MS Dynamics CRM architecture, features, and functionality.\nExperience with MS Dynamics CRM development, customization, and integration.\nExcellent problem-solving skills and the ability to analyze complex technical issues.\nStrong communication and interpersonal skills, with the ability to work effectively with stakeholders at all levels.\nAbility to work independently and as part of a team, with a focus on delivering high-quality results.\nFamiliarity with industry-standard tools and technologies, such as Agile methodologies and DevOps practices.\n\nFor more information, please contact us at 6566452.",Industry Type: Recruitment / Staffing,Department: Consulting,"Employment Type: Full Time, Permanent","['ms dynamics crm', 'microsoft dynamics', 'devops', 'crm', 'agile methodology', 'management consulting', 'project management', 'gap analysis', 'program management', 'business analysis', 'data migration', 'salesforce crm', 'salesforce', 'delivery management', 'crm implementation', 'agile']",2025-07-01 05:20:45
CRM Dynamics Professional,Wits Innovation Lab,4 - 7 years,Not Disclosed,['Bengaluru'],"A Microsoft Dynamics CRM Developer is responsible for designing, developing, and implementing CRM solutions to enhance business processes and customer interactions. Heres a breakdown of the role:\nKey Responsibilities\nCustomization & Development: Configure and customize Microsoft Dynamics CRM, including workflows, plugins, and integrations.\nSystem Integration: Connect CRM with other business applications using APIs or middleware.\nData Management: Perform data migrations and ensure data integrity.\nTroubleshooting & Support: Identify and resolve technical issues within the CRM system.\nPerformance Optimization: Monitor and enhance system performance for scalability.\nSecurity & Compliance: Ensure CRM adheres to data security and privacy regulations.\nUser Training & Documentation: Provide training and maintain technical documentation.\nRequired Skills\nProficiency in Microsoft Dynamics 365 CRM.\nStrong knowledge of C#, .NET, JavaScript, and SQL Server.\nExperience with API integration and data migration.\nAbility to design and implement custom workflows and plugins.\nStrong problem-solving and analytical skills.\nQualifications\nBachelor's degree in Computer Science, Information Technology, or a related field.\n3+ years of experience in Microsoft Dynamics CRM development.\nMicrosoft certifications (e.g., Dynamics 365 Developer Associate) are a plus.",Industry Type: IT Services & Consulting,Department: Engineering - Software & QA,"Employment Type: Full Time, Permanent","['CRM', 'C#', 'Microsoft Dynamics 365 CRM', 'JavaScript', '.NET', 'SQL Server', 'data migration', 'API integration']",2025-07-01 05:20:47
Position - Backend Developer,Luminous Power Technologies,7 - 12 years,Not Disclosed,['Gurugram'],"Work Location - Gurgaon\nQualification/ Personal Attributes\nQualification\nBachelors / Masters degree in Computer Science or similar\nExperience\n6+ years of experience in backend application logic development, API development & database integration for IoT related solutions\nMicroservice Architecture/Design Patterns\nWell versed with Java based application development with Spring Boot framework\nWell versed with DevOps practices CI/CD pipeline creation\nWorking knowledge of Azure Cloud Computing\nExperience in scalable solution development\nExperience with IoT communication protocol, application protocol\nExperience in development of connected products is required.\nExperience in optimization of the application for maximum speed and scalability\nExperience in implementation of security and data protection\nExperience in oAuth2.0 compatible API development\nDesign and implementation of data storage solutions\nSkills & Attributes\nProblem-solving skills with a sharp analytical mind\nCapability to collaborate with cross functional teams/3rd parties\nUnderstanding the business side of the application\nAn ardent researcher of market trends and technology evaluation\nJob Description\nResponsibilities\nProcesses:\nUser authentication and authorization between multiple systems, servers, and environments\nIntegration of multiple data sources and databases into one system\nManagement of hosting environment, including database administration, and scaling an application to support load changes\nData migration, transformation, and scripting\nUnderstanding differences between multiple delivery platforms such as mobile vs desktop, and optimizing output to match the specific platform\nCreating database schemas that represent and support business processes\nImplementing automated testing platforms and unit tests\nProficient knowledge of a back-end programming language\nProficient understanding of code versioning tools, such as Git\nProficient understanding of OWASP security principles\nUnderstanding of session management in a distributed server environment\nTechnical Skills:\nAzure Cloud PaaS Services - Azure Web App, Azure Notification, Stream Analytics, Event Hub, Azure Functions, IoT Hub, Device Provisioning\nJava, Spring Boot framework\nSOLID Design Principles\noAuth2.0 framework\nOOPS fundamentals, Design Pattern, Microservices\nDatabase Management, SQL, NoSQL (CosmosDB)\nCybersecurity skill\nJSON, XML\nMQTT protocol\nBluetooth & Wi-Fi based device configuration/integration\nDevOps concept\nAbout Luminous\nLuminous Power Technologies, a leader in power solutions, is a 31-year-old company which started as a small venture. Now on its brand transformation journey, its mission is to become a name synonymous with all-encompassing home electrical, power backup and residential solar solutions and create millions of happy homes in India.\nToday, Luminous is already a powerful, trustworthy brand name in 100 million Indian homes, In the course of this successful journey, it has embraced the core values of reliability, consistency, longevity and the highest standards of integrity along with dynamic ideas and innovation. Its consumer-centric focus has led Luminous into new categories to deliver excellence in every product and home solution it offers.\nWith 7 manufacturing units, more than 28 sales offices in India and presence in over 36 countries our 6000 employees serve more than 60,000 channel partners and millions of customers. Our motto has always been Customer Delight through Innovation & Passion with focus on Execution & Team-work. At Luminous, we passionately innovate to make life comfortable and efficient.\nLuminous is a group company of Schneider Electric, a global leader in energy management with presence in over 100 countries, 1.5 lakh people and a revenue of Rs. 2 lakh crore.\nCareer Page- http://joinus.luminousindia.com/\nLinkedIn- https://www.linkedin.com/company/luminous-power-technologies-p-ltd/\nHome Page- https://www.luminousindia.com/about-us\nGlassdoor-https://www.glassdoor.co.in/Overview/Working-at-Luminous-Power-Technologies-P- EI_IE519545.11,40.htm",Industry Type: Consumer Electronics & Appliances,Department: Engineering - Software & QA,"Employment Type: Full Time, Permanent","['Java', 'backend developer', 'CI/CD pipeline', 'IoT communication protocol', 'SQL', 'NoSQL', 'API development', 'Spring Boot', 'logic development']",2025-07-01 05:20:50
IBM MDM Developer,Hanker Systems (india),6 - 8 years,Not Disclosed,['Bengaluru'],"We are seeking an experienced IBM MDM Developer / Consultant to design, implement, and manage Master Data Management (MDM) solutions using IBM InfoSphere MDM. The ideal candidate should have expertise in MDM architecture, data modeling, data integration, and governance while ensuring data accuracy, consistency, and compliance across the enterprise.\n\nKey Responsibilities:\nDesign, develop, and implement IBM InfoSphere MDM solutions for managing customer, product, and entity master data.\nConfigure and customize MDM data models, business rules, and workflows based on business requirements.\nDevelop and integrate MDM services with enterprise applications using REST APIs, SOAP, Kafka, or MQ.\nImplement data matching, survivorship, and golden record creation to ensure high-quality master data.\nWork with IBM MDM Advanced Edition (AE), Standard Edition (SE), and Hybrid MDM implementations.\nDevelop MDM event processing, data stewardship, and exception handling workflows.\nOptimize MDM performance, tuning, and batch processing for large-scale datasets.\nEnsure compliance with data governance, security, and regulatory standards (GDPR, HIPAA, etc.).\nWork with ETL tools (IBM DataStage, Informatica, Talend) and cloud-based data integration (Azure, AWS, GCP).\nCollaborate with business analysts, data architects, and IT teams to define MDM strategies and best practices.\nRequired Skills & Qualifications:\n6+ years of experience in MDM implementation, data governance, and data integration.\nHands-on experience with IBM InfoSphere MDM (Advanced Edition & Standard Edition).\nStrong knowledge of MDM data modeling, data matching, and survivorship rules.\nExperience with Java, SQL, XML, JSON, and web services (REST/SOAP).\nProficiency in IBM MDM APIs, data cleansing, and quality processes.\nFamiliarity with IBM InfoSphere tools (DataStage, Information Analyzer, Governance Catalog).\nExperience in data security, role-based access control (RBAC), and compliance regulations.\nStrong understanding of ETL, data warehousing, and relational databases (DB2, Oracle, SQL Server, PostgreSQL).\nKnowledge of cloud-based MDM solutions and MDM integration with Big Data platforms.\nExcellent problem-solving, debugging, and performance optimization skills.\nPreferred Qualifications:\nIBM Certified MDM Developer or Architect certification.\nExperience with containerized deployments (Docker, Kubernetes) and CI/CD pipelines.\nKnowledge of AI/ML-driven data matching and entity resolution techniques.\nExposure to graph-based MDM solutions (Neo4j, Amazon Neptune, etc.).",Industry Type: Recruitment / Staffing,Department: Engineering - Software & QA,"Employment Type: Full Time, Permanent","['IBM MDM', 'DB2', 'PostgreSQL', 'data warehousing', 'ETL', 'relational databases', 'Oracle', 'SQL']",2025-07-01 05:20:52
SAP MDG Technical Consultant,Apptad,10 - 20 years,Not Disclosed,['Noida'],"company name=Apptad Technologies Pvt Ltd., industry=Employment Firms/Recruitment Services Firms, experience=10 to 71 , jd=\nJob Title:-SAP MDG Technical Consultant\nJob Location:- Bengaluru\nJob Type:- Full Time\n\nJD:-\nJob Summary:\nWe are seeking an experienced SAP MDG Technical Consultant with over 7 years of experience in Master Data Governance development and configuration. The ideal candidate should have strong technical expertise in SAP MDG customizations , data modeling , workflow , and integration with SAP and non-SAP systems. The role involves working closely with business and functional teams to implement robust master data solutions across domains such as Business Partner, Customer, Vendor, and Material Master.\n\nKey Responsibilities:\nLead technical design and development of SAP MDG solutions for Customer, Vendor, Material, and Finance master data.\nCustomize and enhance MDG data models, entity types, UI modeling (FPM), and data replication frameworks.\nDevelop BRF+ rules for validations and derivations.\nDesign and configure workflow templates using SAP Business Workflow and Process Framework.\nIntegrate SAP MDG with ECC, S/4HANA, and non-SAP systems using ALE/IDoc, Web Services, or SAP PI/PO/CPI.\nCreate and maintain data replication models and key mapping (using DRF, SOA, and MDG Consolidation/Mass Processing).\nOptimize performance and ensure data quality across MDG processes.\nCollaborate with functional consultants and data governance teams for requirement gathering, testing, and deployment.\nPrepare technical specifications, solution documents, and participate in code reviews and quality assurance.\n\nRequired Skills and Experience:\n7+ years of technical experience in SAP MDG development and support.\nHands-on expertise in:\nMDG data modeling (custom and standard)\nFPM (Floorplan Manager) UI enhancements\nBRF+ for rules configuration\nSAP MDG Workflow (including rule-based and custom workflows)\nDRF (Data Replication Framework) and SOA services\nStrong ABAP knowledge including Object-Oriented ABAP, enhancements (BADI, user exits), and Web Dynpro.\nExperience with ALE/IDoc, Web Services, and integration tools like SAP PI/PO or SAP CPI.\nFamiliarity with MDG Consolidation and Central Governance frameworks.\nGood understanding of S/4HANA master data architecture is a plus.\n\nPreferred Qualifications:\nSAP MDG Technical Certification.\nExperience in SAP BTP-based MDG extensions or Fiori apps.\nFamiliarity with data migration tools like SAP Data Services or LSMW.\nDomain knowledge in Manufacturing, Retail, or Finance industries.\n, Title=SAP MDG Technical Consultant, ref=6566274",Industry Type: Recruitment / Staffing,Department: Consulting,"Employment Type: Full Time, Permanent","['sap mdg', 'sap', 'sap module', 'mdg', 'abap', 'lsmw', 'web services', 'soa', 'ecc', 'data migration', 'sap s hana', 'data modeling', 'vendor', 'sap data services', 'ale', 'cpi', 'idoc', 'master data', 'software testing', 'sap pi', 'data quality', 'sap cpi', 'data replication', 'sap pi po', 'data governance', 'pi']",2025-07-01 05:20:54
Informatica SaaS MDM Consultant,Hanker Systems (india),6 - 10 years,Not Disclosed,['Bengaluru'],"We are seeking an experienced Informatica SaaS MDM Consultant to design, develop, and manage cloud-based Master Data Management (MDM) solutions using Informatica Intelligent Cloud Services (IICS) and SaaS MDM. The ideal candidate will have expertise in master data modeling, data integration, data governance, and cloud-native MDM implementations. This role involves ensuring data quality, scalability, and compliance across enterprise systems.\n\nKey Responsibilities:\nDesign and implement Informatica SaaS MDM solutions for managing customer, product, and entity master data.\nConfigure MDM data models, business rules, match/merge logic, and survivorship strategies.\nImplement Golden Record creation, data deduplication, and hierarchy management.\nDevelop REST APIs and real-time data synchronization for seamless integration with enterprise applications (ERP, CRM, Cloud Data Warehouses).\nEnsure data quality, profiling, standardization, and enrichment using Informatica Data Quality (IDQ/CDQ).\nWork with IICS (Informatica Intelligent Cloud Services) for cloud-native data management.\nIntegrate MDM with cloud platforms like AWS, Azure, and GCP.\nDefine and enforce data governance, data security, and compliance policies (GDPR, CCPA, HIPAA, etc.).\nOptimize performance, scalability, and data processing workflows.\nWork closely with data architects, data engineers, and business teams to define MDM strategies and best practices.\nProvide training and support to data stewards, analysts, and business users.\nRequired Skills & Qualifications:\n6+ years of experience in MDM, data governance, and data integration.\nStrong hands-on experience with Informatica SaaS MDM / Informatica Intelligent Cloud Services (IICS).\nExpertise in match/merge, survivorship, data deduplication, and data stewardship.\nProficiency in SQL, API-based integrations (REST/SOAP), JSON, and XML.\nExperience with cloud-native MDM architectures and microservices-based deployments.\nStrong knowledge of data quality frameworks, metadata management, and lineage tracking.\nFamiliarity with ETL/ELT tools, cloud storage solutions, and real-time data processing.\nExcellent problem-solving skills and ability to work in Agile/DevOps environments.",Industry Type: Recruitment / Staffing,Department: Engineering - Software & QA,"Employment Type: Full Time, Permanent","['Informatica SaaS MDM', 'MDM data models', 'Azure', 'DevOps', 'GCP', 'data governance', 'Agile', 'MDM architectures', 'ETL', 'AWS', 'Rest APIs', 'SQL']",2025-07-01 05:20:56
SAP MDG Consultant,CARBYNETECH,5 - 10 years,Not Disclosed,['Bengaluru'],"Implement and support SAP Master Data Governance (MDG) solutions, focusing on data consistency and quality across enterprise systems. Key responsibilities include data modeling, UI configuration, workflow customization, and integration with SAP/non-SAP systems. Experience with ALE, IDoc, DRF, and business rule framework required. Strong communication skills and stakeholder coordination are essential.",Industry Type: IT Services & Consulting,Department: Consulting,"Employment Type: Full Time, Permanent","['data modeling', 'ui', 'ale', 'idoc', 'sap mdg', 'webdynpro', 'sap', 'sap fi', 'sap sd', 'data migration', 'webdynpro abap', 'master data management', 'mdg', 'idocs', 'sap master data governance', 'sap mdm', 'brf', 'sapui5', 'sap data services', 'smartforms', 'brf+', 'sap abap', 'sap workflow', 'oo abap']",2025-07-01 05:20:59
IDMC MDM + CDQ Consultant,Hanker Systems (india),6 - 10 years,Not Disclosed,['Bengaluru'],"We are seeking an experienced IDMC MDM + CDQ Consultant to design, develop, and manage Informatica Cloud Master Data Management (MDM) and Cloud Data Quality (CDQ) solutions.\nThe ideal candidate will have expertise in data governance, master data modeling, data quality management, and cloud-based MDM implementations. This role involves working with large-scale datasets, ensuring high-quality master data, and integrating data management solutions across cloud and on-premises environments.\n\nKey Responsibilities:\nDesign and implement Informatica IDMC MDM and CDQ solutions for managing customer, product, and entity master data.\nConfigure MDM data models, hierarchies, business rules, and workflows for data consolidation and governance.\nImplement data matching, survivorship, and golden record creation to ensure high-quality master data.\nDevelop and maintain data quality rules, data cleansing, and profiling processes using Informatica CDQ.\nIntegrate MDM and CDQ with enterprise applications such as ERP, CRM, and cloud data warehouses (Snowflake, Redshift, BigQuery, Synapse, etc.).\nEnsure data lineage, impact analysis, and metadata management for better data governance.\nOptimize MDM/CDQ performance, tuning, and data processing pipelines.\nEnsure compliance with data security, privacy, and regulatory requirements (GDPR, HIPAA, CCPA, etc.).\nCollaborate with data architects, data engineers, and business stakeholders to define MDM and data quality strategies.\nProvide training and support to data stewards, analysts, and business users on MDM/CDQ best practices.\n\nRequired Skills & Qualifications:\n6+ years of experience in Master Data Management (MDM) and Data Quality (DQ) solutions.\nStrong hands-on experience with Informatica IDMC MDM and CDQ.\nExpertise in data modeling, data cleansing, and golden record management.\nProficiency in SQL, API-based integrations (REST/SOAP), and data transformation.\nStrong understanding of data governance, metadata management, and data lineage.\nExperience with cloud platforms (AWS, Azure, GCP) and cloud-based MDM implementations.\nKnowledge of data profiling, standardization, enrichment, and validation techniques.\nFamiliarity with ETL tools, cloud storage solutions, and real-time data processing.\nStrong problem-solving skills and ability to work in Agile/DevOps environments.",Industry Type: Recruitment / Staffing,Department: Engineering - Software & QA,"Employment Type: Full Time, Permanent","['Data Quality', 'IDMC MDM', 'data cleansing', 'Azure', 'BigQuery', 'GCP', 'Snowflake', 'data consolidation', 'API', 'AWS', 'Redshift', 'SQL']",2025-07-01 05:21:02
Senior SAP CO Consultant,Evnek,6 - 11 years,Not Disclosed,['Ahmedabad'],"Job Title: Senior SAP CO Consultant\nExperience: 68 Years\nLocation: Ahmedabad\nNotice Period: Immediate Joiners Only\nJob Summary\nWe are seeking a highly skilled and detail-oriented Senior SAP CO (Controlling) Consultant for a 6-month contractual role\nThe ideal candidate should have in-depth functional expertise in SAP Controlling processes and a successful track record in end-to-end SAP CO implementations, enhancements, and support\nThe consultant will be responsible for delivering efficient and effective CO solutions in collaboration with business stakeholders, functional experts, and technical teams\n\nKey Responsibilities\nEngage with business users to gather and analyze requirements for controlling processes\n\nConfigure and support key SAP CO components, including:\nCost Center Accounting\nProfit Center Accounting\nInternal Orders\nProduct Costing\nProfitability Analysis (CO-PA)\nActual and Planned Costing\nParticipate in blueprinting, gap analysis, and solution design phases\n\nCreate and review functional specifications for custom developments and enhancements\n\nSupport data migration efforts ? mapping, validation, and reconciliation\n\nConduct Unit Testing, Integration Testing, and assist in User Acceptance Testing (UAT)\n\nCollaborate with cross-functional SAP teams (FI, MM, PP, SD) to ensure seamless integration\n\nDeliver post-go-live support and resolve end-user issues efficiently\n\nPrepare user manuals and training materials; lead end-user training sessions\n\nAdhere to project timelines, deliverables, and SAP best practices\n\nRequired Skills & Qualifications\n68 years of hands-on experience in SAP CO configuration and support\n\nExpertise in key SAP CO sub-modules and integration with SAP FI and other SAP modules\n\nExperience in 12 full-cycle SAP implementations\n\nStrong understanding of business processes across manufacturing, services, or similar domains\n\nExcellent analytical, problem-solving, and communication skills\n\nAbility to work independently and within a collaborative team environment\n\nBachelors degree in Finance, Accounting, Engineering, or a related discipline\n\nPreferred Qualifications\nExperience working in an S/4HANA environment\n\nExposure to SAP FICO integration and cross-module collaboration\n\nSAP CO Certification (preferred, not mandatory)",Industry Type: IT Services & Consulting,Department: Consulting,"Employment Type: Full Time, Permanent","['business requirements', 'integration testing', 'configuration', 'sap module', 'sap controlling', 'sap co', 'communication skills']",2025-07-01 05:21:04
SAP ABAP Consultant,CARBYNETECH,4 - 7 years,Not Disclosed,['Bengaluru'],"Develop and maintain SAP applications using ABAP. Work on custom reports, module pools, forms, interfaces, and data migration. Proficient in classical/interactive reports, SmartForms, BAPIs, BADIs, and performance tuning. Knowledge of core SAP modules (MM, SD, FI) is necessary for effective collaboration with functional teams.",Industry Type: IT Services & Consulting,Department: Consulting,"Employment Type: Full Time, Permanent","['interactive reports', 'performance tuning', 'bapis', 'smartforms', 'badis', 'fi', 'adobe forms', 'data migration', 'sd', 'idocs', 'module pool programming', 'bapi', 'sap application', 'alv reports', 'bdcs', 'module pool', 'bdc', 'sap', 'data dictionary', 'sap module', 'alv', 'sap scripts', 'sap abap', 'abap', 'oo abap']",2025-07-01 05:21:06
SAP FICO Consultant,Hanker Systems (india),4 - 7 years,Not Disclosed,"['Pune', 'Chennai', 'Bengaluru']","We are looking for an experienced SAP FICO Consultant who will be responsible for configuring, implementing, and supporting SAP Finance and Controlling (FICO) modules. The ideal candidate should have strong functional knowledge of financial accounting (FI) and controlling (CO) processes and integration with other SAP modules.\n\nKey Responsibilities:\nImplement and configure SAP FICO modules (GL, AP, AR, Asset Accounting, Cost Center Accounting, Profit Center Accounting, Internal Orders, etc.).\nGather business requirements and translate them into SAP FICO solutions.\nProvide functional expertise, guidance, and support in SAP FI (Finance) and CO (Controlling) modules.\nWork closely with business users, technical teams, and stakeholders to ensure SAP solutions align with business needs.\nPerform SAP system enhancements, customizations, and configurations based on business needs.\nConduct unit testing, integration testing, and user acceptance testing (UAT) for SAP FICO implementations.\nSupport data migration, cutover activities, and post-go-live support for SAP FICO.\nIdentify and resolve SAP FICO-related issues and provide end-user training and documentation.\nCollaborate with other SAP module teams (MM, SD, PP, HCM) for cross-functional integration.\nStay updated on SAP S/4HANA Finance trends and best practices.\nRequired Skills & Qualifications:\n4+ years of hands-on experience in SAP FICO module implementation and support.\nStrong functional expertise in Financial Accounting (FI) and Controlling (CO) including:\nGeneral Ledger (GL), Accounts Payable (AP), Accounts Receivable (AR)\nAsset Accounting (AA), Bank Accounting\nCost Center Accounting (CCA), Profit Center Accounting (PCA)\nInternal Orders, Product Costing, COPA (Profitability Analysis)\nExperience with SAP S/4HANA Finance is highly preferred.\nUnderstanding of FI-CO integration with MM, SD, PP, and HR modules.\nKnowledge of taxation, financial reporting, and IFRS/GAAP compliance.\nHands-on experience in configuration, enhancements, and support within SAP FICO.\nStrong problem-solving skills with the ability to troubleshoot and resolve SAP FICO issues.\nKnowledge of ABAP debugging and SAP Tables related to FICO is a plus.\nExcellent communication skills to work with business and IT teams.\nLocation- Remote,Delhi NCR,Bengaluru,Chennai,Pune,Kolkata,Ahmedabad, Mumbai,Hyderabad",Industry Type: Recruitment / Staffing,Department: Consulting,"Employment Type: Full Time, Permanent","['SAP FICO', 'FI-CO integration', 'SAP SD', 'configuration', 'SAP MM', 'SAP PP', 'debugging', 'SAP system', 'ABAP']",2025-07-01 05:21:08
Snowflake Developer _ Reputed US based IT MNC,Reputed IT MNC,6 - 10 years,20-25 Lacs P.A.,"['Hyderabad', 'Chennai', 'Bengaluru']","Snowflake Developer _ Reputed US based IT MNC\n\n\nIf you are a Snowflake Matillion Developer,\nEmail your CV to jagannaath@kamms.net\n\nExperience : 5 Years + (Must be 100% real time experience can apply)\n\nRole : Snowflake Developer\nPreferred : Snowflake certifications (SnowPro Core/Advanced)\nPosition Type: Full time/ Permanent\nLocation : Hyderabad, Bengaluru and Chennai ( Hybrid - local candidates)\nNotice Period: Immediate to 15 Days\nSalary: As per your experience\n\nResponsibilities:\n\n5+ years of experience in data engineering, ETL, and Snowflake development.\nStrong expertise in Snowflake SQL scripting, performance tuning, data warehousing concepts.\nStrong knowledge of cloud platforms (AWS/Azure/GCP) and cloud-based data architecture.\nProficiency in SQL, Python, or scripting languages for automation & transformation.\nExperience with API integrations & data ingestion frameworks.\nUnderstanding of data governance, security policies, and access control in Snowflake.\nExcellent communication skills ability to interact with business and technical stakeholders.\nSelf-starter who can work independently and drive projects to completion",Industry Type: IT Services & Consulting,Department: Engineering - Software & QA,"Employment Type: Full Time, Temporary/Contractual","['Snowflake', 'SQL Server', 'Snowflake Sql', 'Azure', 'GCP', 'Snowsql', 'ETL', 'AWS', 'HYDERBAD', 'Python']",2025-07-01 05:21:11
It Support Analyst,Q2,2 - 5 years,Not Disclosed,['Bengaluru'],"Q2 is seeking an IT Support Analyst to effectively address and manage service requests, incidents, events, and monitor their status through resolution while keeping internal customers up to date with status. This individual will be a part of a highly customer service oriented team responsible for effective provisioning, installation/configuration, operation, and maintenance of workstation hardware, software, and business applications. The ideal candidate will have a diverse technical background and experience supporting a large number of internal customers in a fast paced environment. This individual ensures that the level of customer service, timeliness of service requests and incident resolution, and quality completion of assigned projects adhere to Q2s high standards.\n\nRESPONSIBILITIES:\nProvide excellent first contact customer service to our internal customers\nTroubleshoot and resolve requests for service, incidents, and events within SLA while maintaining a high level of customer satisfaction\nSetup new employee offices and assist with on-boarding of new Q2 employees\nImage, configure, test, and distribute workstations to employees\nCoordinate escalation and resolution of complex issues with the appropriate IT teams\nHelp to maintain a positive and professional work environment\nAssign appropriate permissions to users in Active Directory\nPerform regular file archival and data migrations as necessary\nCollaboratively document, develop, and contribute to Helpdesk continual service improvement\nMaintain inventory of all corporate assets issued to employees\nParticipate in rotating on-call shifts approximately once per month\nProvide support for key IT projects\nResponsible for ensuring that all security, availability, confidentiality and privacy policies and controls are adhered to\nPerform responsibilities within established SOX and security compliance requirements\n2-5 years of technical experience in an IT organization\nAbility to work individually, as a team, and cross-functionally to resolve complex issues\nStrong customer service, written, and oral communication skills\nExperience with Active Directory\nExperience supporting both Windows and Mac workstations\nExperience providing effective support to remote users\nPreferred:\nAdvanced Degree in Information Systems, Computer Science, Engineering or related field\nExperience with Identity Management tools (SSO)\nExperience with Mobile Device Management tools - (MDM)\nExperience with A/V and collaboration tools\nCertification in one or more of the following: MTA, MSCA, Network +, CCENT/CCNA",Industry Type: Banking,Department: IT & Information Security,"Employment Type: Full Time, Permanent","['Jamf', 'Windows Support', 'Intune', 'Mac Support', 'Okta', 'MDM', 'Active Directory']",2025-07-01 05:21:13
Database Developer,Team Computers,3 - 8 years,Not Disclosed,['Gurugram'],"Job Description:\nWe are looking for a highly skilled and experienced Senior SSIS Developer to design, develop, deploy, and maintain ETL solutions using Microsoft SQL Server Integration Services (SSIS). The candidate should have extensive hands-on experience in data migration, data transformation, and integration workflows between multiple systems, including preferred exposure to Oracle Cloud Infrastructure (OCI).\nKey Responsibilities:",,,,"['SSIS', 'Ssis Packages', 'ETL']",2025-07-01 05:21:16
SSAS Developer,Apptad,7 - 8 years,Not Disclosed,['Noida'],"We are looking for a skilled SSAS Developer with strong experience in building OLAP and Tabular models using SQL Server Analysis Services (SSAS). The ideal candidate should have advanced knowledge of ETL processes, particularly with tools such as SSIS, Informatica, or Azure Data Factory. This position requires 7 to 8 years of experience.\n\nRoles and Responsibility\nDesign, develop, and maintain SSAS OLAP cubes and Tabular models.\nCollaborate with business analysts and data architects to gather requirements.\nDevelop complex DAX and MDX queries for reporting and analysis purposes.\nOptimize SSAS models for performance and scalability.\nCreate and maintain ETL workflows and pipelines for data extraction, transformation, and loading from various sources.\nIntegrate data from relational and non-relational data sources.\nImplement best practices in data modeling, version control, and deployment automation.\nTroubleshoot and resolve issues related to data quality, performance, and availability.\nWork with BI tools such as Power BI, Excel, or Tableau for data visualization and dashboarding.\nJob\nStrong hands-on experience with SSAS, both Tabular and Multidimensional models.\nExpertise in writing DAX and MDX queries.\nAdvanced ETL knowledge using tools like SSIS, Informatica, Azure Data Factory, or similar.\nProficient in SQL and performance tuning.\nExperience with dimensional modeling and star schema design.\nFamiliarity with source control tools like Git and CI/CD pipelines for BI projects.\nKnowledge of data warehousing concepts and data governance.\nStrong analytical and problem-solving skills.\nBachelor's degree in Computer Science, Information Systems, or a related field.",Industry Type: Recruitment / Staffing,Department: Engineering - Software & QA,"Employment Type: Full Time, Permanent","['mdx', 'ssas', 'sql', 'olap', 'dax', 'sql server analysis services', 'continuous integration', 'performance tuning', 'power bi', 'data warehousing', 'ci/cd', 'azure data factory', 'sql server', 'tableau', 'git', 'tabular model', 'ssrs', 'ssis', 'etl', 'informatica', 'msbi', 'etl process']",2025-07-01 05:21:18
Oracle Fusion SCM Consultant,Itorizon,2 - 3 years,Not Disclosed,['Bengaluru'],"Oracle Fusion SCM Consultant - Procurement, Inventory Management, Cost Management\nDescription\nAbout ITOrizon: ITOrizon is a fast-growing, innovative technology consulting and services firm specializing in Oracle Cloud, Supply Chain Management, ERP, and Analytics solutions. We partner with our clients to transform their business processes and leverage technology for optimal performance. We are expanding our Oracle Fusion SCM practice and seeking talented individuals to join our dynamic project teams in Bangalore.\nRole Overview: As an Oracle Fusion SCM Consultant at ITOrizon, you will be a key member of our project implementation teams, responsible for delivering robust Oracle Fusion Supply Chain Management solutions for our clients. You will leverage your functional expertise to understand business requirements, configure the system, and ensure successful adoption.\nResponsibilities\nConduct detailed business requirements analysis and translate them into functional specifications for Oracle Fusion SCM modules.\nPerform system configuration, setup, and testing within the specified Oracle SCM modules.\nSupport data migration activities, including data cleansing, mapping, and loading.\nDevelop and deliver end-user training and documentation.\nCollaborate effectively with client stakeholders, business users, technical teams, and other functional consultants.\nIdentify and troubleshoot issues, providing timely and effective solutions.\nAssist in creating test scripts, executing testing cycles (Unit, SIT, UAT), and resolving defects.\nContribute to project documentation, including functional design documents, test plans, and training materials.\nQualifications\nBachelors degree in Supply Chain Management, Business Administration, Information Systems, or a related field.\n2-3 years of relevant experience in Oracle SCM Cloud implementations.\nMust have experience in 1 full life cycle implementation from requirements gathering to go-live and post-production support.\nStrong understanding of core supply chain business processes.\nExcellent analytical, problem-solving, and decision-making abilities.\nAbility to work independently and collaboratively in a team-oriented, client-facing environment.\nStrong written and verbal communication skills.\nProficiency in creating clear and concise documentation.\nDeep functional and configuration expertise in Oracle Fusion Procurement (including Purchasing, Self-Service Procurement, Sourcing, Contracts).\nStrong knowledge of Oracle Fusion Inventory Management (including Item Master, Inventory Transactions, Lot/Serial Control, Cycle Counting).\nSolid understanding and hands-on experience with Oracle Fusion Cost Management (including Costing Methods, Cost Elements, Cost Rollups, Inventory Valuation).\nAbility to understand the integration points between Procurement, Inventory, Cost Management, and other SCM/Finance modules.\nHow to Apply:\nEmail your Resume to engage@itorizon.com\nHiring organization\nEmployment Type\nFull-time\nExperience\n2 to 3 years\nRole Category\nConsultant\nIndustry\nIT-Software Services\nJob Location\nBangalore, India\nDate posted\nJune 27, 2025\nPDF Export\nExport as PDF",Industry Type: IT Services & Consulting,Department: Procurement & Supply Chain,"Employment Type: Full Time, Permanent","['Procurement', 'Supply chain', 'ERP', 'Data migration', 'Supply chain management', 'Costing', 'Production support', 'Test scripts', 'SCM', 'Analytics']",2025-07-01 05:21:20
TOP Urgent - Maximo TL - 3rd Party Payroll/SubContractor,Infosys,4 - 9 years,10-20 Lacs P.A.,"['Hyderabad', 'Chennai', 'Bengaluru']","Payroll - This is a 3rd Party Payroll/Sub Contractor Role with an IT MNC Client of ours. KINDLY APPLY ONLY IF YOU ARE FINE TO WORK ON 3RD PARTY PAYROLL. This is a LONG TERM opportunity which can go up to 1 year+.\nWork Mode - This is a Work from Office role.\nLocation - Person can work from any Development Center of our Client based in all Metro Cities of India.\nStart Date - Maximum 15 Days from Selection\nSalary - No Bar for the right candidate\nAssured Interviews with-in 3-4 working days for the right candidate\n\n\nDescription\nOur MNC IT Consulting Client is seeking Maximo Technology Lead. As a Technology Lead, you will anchor different phases of engagements primarily related IBM Maximo. You will be responsible for technical Solution Design, Development, Testing of Maximo 7.6 with Utility, ACM or other Maximo Addons or Industry solution Implementation Experience, providing technical consultation on the application, Integration and reports of enterprise solution for IBM Maximo implementation with the objective of high-quality & value adding solutions to customer.\nRequired Qualifications:\nBachelors degree or foreign equivalent required from an accredited institution. Will also consider three years of progressive experience in the specialty in lieu of every year of education.\nAt least 6 years of Relevant Information Technology experience.\n\nPreferred Qualifications:\nAt least 6 years of experience in Configuration & Integration, Support and Maintenance in IBM Maximo v7.x\nHand on experience on Following\nApplication design, Automation scripts using Python / Java scripts, Complex maximo configurations.\nExtensive experience on Rest and Json based integration\nMiddleware integrations ex Mulesoft, SAP PI\nMaximo Upgrade/ migration experience with release and deployment management activities\nData migration experience informatica and MIF framework\nExperience in Data modeling for BI reporting and hands on BIRT experience.\nExpertise & working knowledge in Maximo Asset Management (Solution design, development and implementation)\nWorking knowledge of capabilities in the IBM Maximo EAM/APM solution and Maximo Integration Framework\nWork closely with different stakeholders and portfolio leads, business users/client managers/ specialists to understand the requirements / problem statements.\nLeads Supply Planning process and technical design, build, testing and training. Documents all internal and external interface requirements.\nWorks together with various vendor partners for the template design considering best practices, high usage of standard functionality, repeatability with efficiency, scalability, and sustainability\nOther Skills\nExperience with object-oriented programming languages such as Java and C++\nDeep knowledge of Java programming and related technologies\nExperience in JSON, XML, XML parsers, and XSL\nExperience in ETL, Master Data Load and Data Handling (Extraction/Transformation/ Manipulation)\nExperience working with Oracle, DB2 and SQL Server databases: database sizing, troubleshooting, and performance tuning\nConfiguration of Web Server Application like Weblogic/Websphere\n\n\n\nKindly send across your applications to Abhishek.Sharma@ZentekInfosoft.com",Industry Type: IT Services & Consulting,Department: Engineering - Software & QA,"Employment Type: Full Time, Temporary/Contractual","['Maximo Asset Management', 'EAM', 'Maximo', 'Maximo EAM/APM', 'Maximo Integration']",2025-07-01 05:21:22
SQL+ ADF,Apptad,5 - 10 years,Not Disclosed,['Noida'],"company name=Apptad Technologies Pvt Ltd., industry=Employment Firms/Recruitment Services Firms, experience=5 to 10 , jd=\nJob Title:-SQL+ ADF\nJob Location:- Gurgaon\nJob Type:- Full Time\n\nJD:-\nStrong exp in SQL developmentalong with exp in cloud AWS & good exp in ADF\nJob Summary :\nWe are looking for a skilled SQL + Azure Data Factory (ADF) Developer to join our data engineering team. The ideal candidate will have strong experience in writing complex SQL queries, developing ETL pipelines using Azure Data Factory, and integrating data from multiple sources into cloud-based data solutions. This role will support data warehousing, analytics, and business intelligence initiatives.\n\nKey Responsibilities :\nDesign, develop, and maintain data integration pipelines using Azure Data Factory (ADF) .\nWrite optimized and complex SQL queries , stored procedures, and functions for data transformation and reporting.\nExtract data from various structured and unstructured sources and load into Azure-based data platforms (e.g., Azure SQL Database, Azure Data Lake).\nSchedule and monitor ADF pipelines, ensuring data quality, accuracy, and availability.\nCollaborate with data analysts, data architects, and business stakeholders to gather requirements and deliver solutions.\nTroubleshoot data issues and implement corrective actions to resolve pipeline or data quality problems.\nImplement and maintain data lineage, metadata, and documentation for pipelines.\nParticipate in code reviews, performance tuning, and optimization of ETL processes.\nEnsure compliance with data governance, privacy, and security standards.\nHands-on experience with T-SQL / SQL Server .\nExperience working with Azure Data Factory (ADF) and Azure SQL .\nStrong understanding of ETL processes , data warehousing concepts , and cloud data architecture .\nExperience working with Azure services such as Azure Data Lake, Blob Storage, and Azure Synapse Analytics (preferred).\nFamiliarity with Git/DevOps CI/CD pipelines for ADF deployments is a plus.\nExcellent problem-solving, analytical, and communication skills.\n, Title=SQL+ ADF, ref=6566294",Industry Type: Recruitment / Staffing,Department: Engineering - Software & QA,"Employment Type: Full Time, Permanent","['sql queries', 'data architecture', 'sql', 'data warehousing concepts', 'etl process', 'continuous integration', 'azure data lake', 'blob storage', 'azure synapse', 'microsoft azure', 'ci/cd', 'azure data factory', 'warehouse', 'sql server', 'sql azure', 'git', 'devops', 'aws', 'etl', 'ci cd pipeline']",2025-07-01 05:21:24
Sap Ehs Consultant,Deloitte Consulting,3 - 5 years,10-20 Lacs P.A.,"['Hyderabad', 'Bengaluru', 'Mumbai (All Areas)']",Role & responsibilities\nConduct workshops with business stakeholders\nPerform FIT-GAP analysis\nConfigure SAP EHS module\nDevelop custom objects as needed\nSupport testing phases\nAssist in data migration efforts\nMust Have:\n35 years of hands-on experience in SAP EHS module\nStrong understanding of EHS configurations and implementation lifecycle\nGood communication skills for workshop facilitation and client interactions\n\nPreferred candidate profile,Industry Type: IT Services & Consulting,Department: Consulting,"Employment Type: Full Time, Temporary/Contractual","['Fit Gap Analysis', 'SAP EHS', 'Integration', 'Support Phases']",2025-07-01 05:21:26
Pyspark Developer,Rite Software Solutions And Services,5 - 9 years,10-20 Lacs P.A.,"['Hyderabad', 'Chennai', 'Bengaluru']","Role & responsibilities\nMust have excellent knowledge in Apache Spark and Python programming experience\nDeep experience in developing data processing tasks using PySpark such as reading data from external sources, merge data, perform data enrichment and load in to target data destinations.\nExperience in deployment and operationalizing the code, knowledge of scheduling tools like Airflow, Control-M etc. is preferred\nWorking experience on Cloud technology architecture like AWS ecosystem, Google Cloud, BigQuery etc. is an added advantage\nUnderstanding of Unix/Linux + Shell Scripting\nData modelling experience using advanced statistical analysis,unstructured data processing\nExperience with building APIs for provisioning data to downstream systems by leveraging different frameworks.\nHands on project experience on Jupyter notebook/ Zeppelin/ PyCharm etc. IDEs\nHands on experience with AWS S3 Filesystem operations\nGood knowledge of Hadoop, Hive and Cloudera/ Hortonworks Data Platform\nExperience handling CDC operations for huge volume of data\nShould understand and have operating experience with Agile delivery methodologies\nShould have hands-on experience in the following: data validation, writing unit test cases\nShould have experience in integrating PySpark with downstream and upstream applications through a batch/real-time interface\nShould have experience in fine tuning process and troubleshooting performance issues\nShould have demonstrated expertise in development of design documents like HLD, LLD etc.\nShould have experience in leading requirements gathering and developing solution architecture for Data migration/integration initiatives\nShould have experience in handling client interactions at different phases of the projects\nShould have experience in leading a team in a project or a module\nShould be well versed with onsite/offshore model and its challenges.",Industry Type: IT Services & Consulting,Department: Engineering - Software & QA,"Employment Type: Full Time, Permanent","['Pyspark', 'Python', 'Apache Spark', 'AWS', 'Gcp Cloud']",2025-07-01 05:21:28
Technical Marketing Engr,NetApp,3 - 7 years,Not Disclosed,['Bengaluru'],"NetApp Platform Product Team is responsible for building, launching, and managing NetApps core storage and data management products\nThe team builds the foundational product capabilities behind NetApps flagship storage platforms and is at the forefront of driving a transformational journey at NetApp by accelerating innovation across NetApps hybrid cloud portfolio (Public, Private & On-premises)\n\nAI Data platform is a key focus area for the Data Services group and involves the development and alignment of Product, Technical Marketing, GTM strategies, Customer Value Enablement and Lifecycle Management practices across the NetApp product portfolio\nThe goal of the Product Management team is to enable ongoing customer success, increase product adoption and drive customer lifetime value growth across all market segments\n\nThis (TME) role will be responsible for the AI data platform for NetApp ONTAP storage and will work closely with key Field Technical teams, Product Management, Engineering, Product Marketing, and other key partners\nIn this role, you will focus on delivering key technical value propositions to the Field and Customers through the creation of presentations, solution briefs, blogs, technical white papers, conducting proactive Field training/enablement sessions and creating Product-Field cohesion by influencing both Product Development efforts and Field initiatives\nThe successful candidate has a passion for understanding key customer requirements for major customer segments and use cases, identifying key product value drivers and establishing how NetApp delivers differentiated value drivers for driving customer technical and business outcomes\n\nJob Requirements\nGTM Collateral Creation\nCreate competitive collaterals (Why NetApp Storage presentations / videos / blogs / solution briefs, etc\n)\nPre-sales guides and demo narratives to establish technical wins\nTechnical white papers, reference architectures, etc\n\nEstablish demonstration narratives for solutions and products\nPartner integrations and solution validations\nSales Enablement\nConduct periodic sales/partner training and information delivery sessions\nIdentify whats working/not working from a pre-sales perspective and make course corrections in technical messaging\nLaunches and Events\nSupport product launch activities and assist with Trade Shows, Conferences and Technical Sales Training or Channel Partner Training activities\nSales Support\nRespond to customer or field inquiries, assist with Technical RFPs and work with a cross-functional team of PMs, Architects, and Engineers as required\nProduct Development Influence\nInfluence product roadmap and development priorities with outside-in field and customer perspectives\nStay current with trends and competitors to identify improvements or recommend product enhancements\n\nCapabilities\nSME in AI & ML and Knowledge of\nArtificial intelligence concepts including server/storage architecture, batch/stream processing, data warehousing, data lakes, distributed filesystems, OLTP/OLAP databases and data pipelining tools, model training, inferencing as well as RAG workflows\n\nData storage, virtualization, knowledge on hypervisors such as VMware ESX, Linux KVM\nUnix-based operating system kernels and development environments, e\ng\nLinux or FreeBSD\nExperience with the Cloud Hyperscalers and their services (Amazon Web Services, Microsoft Azure, Google Cloud Platform)\nPrior experience with NetApp ONTAP or any other storage is preferred\nExperience in building test environments including compute, storage, networking components & enterprise workloads both in on-prem and in the cloud\n\nExperience in creating content, including but not limited to videos, presentations, blogs, and technical documents\n\nCommunicate in a clear, concise, and professional manner, tailoring the message to the audience, including both verbal and written communications\n\nLead, influence, and work with a global team\n\nEducation\nA minimum of 8 years of relevant experience is required; 10 to 12 years of experience is preferred working in enterprise software and IT infrastructure or technical marketing\n\nA Bachelor of Science/computer or advanced degree in electrical engineering, or computer science or related technical discipline; or equivalent experience is required\n\nDemonstrated ability to have completed multiple, complex technical projects\n\nDemonstrated experience in authoring technical papers, as well as project conceptualization and planning are required\n\nAt NetApp, we embrace a hybrid working environment designed to strengthen connection, collaboration, and culture for all employees\nThis means that most roles will have some level of in-office and/or in-person expectations, which will be shared during the recruitment process\n\nEqual Opportunity Employer\nNetApp is firmly committed to Equal Employment Opportunity (EEO) and to compliance with all laws that prohibit employment discrimination based on age, race, color, gender, sexual orientation, gender identity, national origin, religion, disability or genetic information, pregnancy, and any protected classification",,,,"['technical marketing', 'gcp', 'linux', 'microsoft azure', 'data warehousing', 'it infrastructure', 'unix']",2025-07-01 05:21:31
PLM Enovia Developer - Automotive Only,Top Rated B2C/B2B Auto Components Compan...,5 - 10 years,Not Disclosed,"['Bengaluru( Devanahalli, Yelahanka )']","Job Title: PLM Enovia Developer\nLocation: Bengaluru\nExperience: 5-10 Years\nJob Type: Full-Time\nJob Description:\nAs a PLM Enovia Developer, you will be responsible for the development, customization, and maintenance of the Enovia PLM platform. You will work closely with cross-functional teams to understand business requirements and translate them into technical solutions. Your expertise will be crucial in ensuring the efficient and effective use of the Enovia PLM system.\nKey Responsibilities:\nDevelop and customize Enovia PLM application to meet business requirements.\nCollaborate with business analysts and stakeholders to gather and analyze requirements.\nDesign and implement solutions using Enovia PLM tools and technologies.\nTroubleshoot and resolve technical issues related to the Enovia PLM system.\nEnsure compliance with industry standards and best practices.\nParticipate in code reviews and ensure the quality of deliverables.\nStay updated with the latest Enovia PLM features and enhancements.\nIntegrate and utilize Technia Value components such as TIF, Helium, and TVC to enhance PLM capabilities.\n\nQualifications:\nBachelors degree in Computer Science, Engineering, or a related field.\n6-8 years of experience in PLM Enovia development and customization.\nStrong knowledge of Enovia V6 architecture and data model.\nProficiency in MQL, TCL, Java, and JPO development.\nExperience with Enovia PLM configuration, integration, and data migration.\nFamiliarity with CAD integrations and BOM management.\nExcellent problem-solving and analytical skills.\nStrong communication and interpersonal skills.\nAbility to work independently and as part of a team.\nExperience with Agile development methodologies is a plus.\nExperience with Technical Value components like TIF, Helium, and TVC is highly desirable.",Industry Type: Auto Components,Department: Engineering - Software & QA,"Employment Type: Full Time, Permanent","['PLM', 'Tvc', 'Java', 'ENOVIA', 'TIF', 'CAD', 'Helium', 'Bom Management']",2025-07-01 05:21:33
SAP MDG Consultant,CARBYNETECH,5 - 10 years,Not Disclosed,['Prayagraj'],"Implement and support SAP Master Data Governance (MDG) solutions, focusing on data consistency and quality across enterprise systems. Key responsibilities include data modeling, UI configuration, workflow customization, and integration with SAP/non-SAP systems. Experience with ALE, IDoc, DRF, and business rule framework required. Strong communication skills and stakeholder coordination are essential.",Industry Type: IT Services & Consulting,Department: Consulting,"Employment Type: Full Time, Permanent","['data modeling', 'ui', 'ale', 'idoc', 'sap mdg', 'webdynpro', 'sap', 'sap fi', 'sap sd', 'data migration', 'webdynpro abap', 'master data management', 'mdg', 'idocs', 'sap master data governance', 'sap mdm', 'brf', 'sapui5', 'sap data services', 'smartforms', 'brf+', 'sap abap', 'sap workflow', 'oo abap']",2025-07-01 05:21:35
Sap Fico Functional Consultant,Bonfiglioli Technology Space Private Limited,8 - 13 years,Not Disclosed,['Chennai'],"BONFIGLIOLI TECHNOLOGY SPACE, CHENNAI\nJob Description for SAP FICO Consultant:\nAbout Bonfiglioli:\n\nThe Bonfiglioli Group headquartered at Italy is a 50-year-old organisation with a global presence with more than 18 production facilities and is operating in more than 80 countries thus counting nearly 4700+ employees as a worldwide group.\nBonfiglioli India is a 25-year-old organisation headquartered at Chennai, Tamilnadu with three\nmanufacturing plants in Chennai and Pune. The group has started a Global Capability Center named Bonfiglioli Technology Space in Chennai, India in 2024 and is looking for ambitious engineers for its technology centre.\n\nTo know more about Bonfiglioli, please visit www.bonfiglioli.com/india/en\nRole: SAP FICO Functional Consultant\nEducational Qualification: Recommended to have Professional Degree or masters degree (Commerce Graduate)\nExperience: Should have Min 8 - 12 years of relevant experience in SAP FICO & Integration knowledge with MM, PP, & SD Modules.\nWork Location: Pallavaram, Chennai.\nWork Mode: From Office\nSkill Requirements:\n• Should have Min 8 - 12 years of Experience in SAP FICO.\n• Must to have atleast 2-3 years of domain experience in accounting\n• Must to Have atleast 2-3 End to End Implementation and couple of rollout project Experience in SAP FICO.\n• Must to Have atleast 1-2 End to End Implementation/rollout project Experience in S4\nHANA.\n• Should have strong hands-on Experience in Indian GST & taxation Process.\n• Should have strong hands-on experience in FI General Ledger, Accounts Payable,\nAccounts Receivable and Asset Accounting, In CO Cost center Accounting, Cost element accounting, Internal order Budgeting, Product costing, Profit center accounting, Integration FICO with MM, SD and PP modules.\n• Good exposure in LSMW, ABAP query, Report painter, Validations and substitutions.\n• Good exposure in preparation of functional spec for developing ABAP requirements.\n• Should have Good Knowledge on Interfaces & User Exits.\n• Must have knowledge on the scenarios of procure to pay and order to cash and Production planning.\n• Expertise in the Configuration of Product costing and Asset accounting.\n• Should have Very Good knowledge on Credit management & Material Ledger.\n• Knowledge on IDOC and interfaces\n• Experience in Month end & Year end closing process for European countries, IT, FR, DE etc.\n• Experience in conducting training to key users, end users including sharing best practices process of SAP\n• Experience in Support environment with Global business units around the world is must.\n• Should be able to work independently with minimal supervision.\n• Good verbal and written communication skills and Good presentation skills.\n• Should have good skills for collaboration with onshore colleagues/business.\nMandatory Skills: SAP FICO with core functional & Support knowledge to understand the business requirement.\nPreferred Skills:\n• SAP FICO module\n•Collaboration with other team members, for Integration with cross modules.\nSelection Process: Resume shortlisting followed by Two levels Online Tech interview, followed by one level face to face Technical and Director level Interview.\nRecruiter Contact: Mr Dhanush Kumar; dhanushkumar.k@bonfiglioli.com",Industry Type: Industrial Automation,Department: IT & Information Security,"Employment Type: Full Time, Permanent","['SAP FICO', 'CO-CCA', 'FI-MM', 'FI-SD', 'CO-PCA', 'Product Costing', 'LSMW', 'Data Migration', 'SAP FICO Implementation', 'Cutover', 'Copa', 'IDOC']",2025-07-01 05:21:38
Java Full Stack Developer,Teksystems,7 - 12 years,Not Disclosed,"['Hyderabad', 'Bengaluru']","Role & responsibilities\nPrimary Skills : Java, Spring or Micronaut frameworks , CI/CD, GCP is must, BigQuery, Terraform, Pub/Sub, deploying data processing workflows via Terraform.\n\nJDBC\nExperience in designing and implementing scalable data architecture.\nGood to have knowledge of Cloud SQL, Pub/Sub, and Analytics Hub.\nExperience with BigQuery or similar data warehouse.\nExperience with Java ingestion connectors running on-premises or GCP.\nExtensive knowledge of Terraform deployment.\nProficiency in data processing from Pub/Sub to BigQuery to Analytics Hub.\nDesigning data schemas to align with BigQuery-native structures.\nOptimization or testing for production-level loads.\nPublish transaction data into BigQuery\nDeploying data processing workflows via Terraform.\nIdentifying and mitigating bottlenecks in ingestion and data processing workflows.\nOptimizing ingestion adapters and data processing components for performance and resiliency.\nJava Engineer\nGeneral Java development skills Review / create / update connectors\nSpring / MicroNaut frameworks\nGeneral DevOps skills / tools CI /CD (Jenkins), Cloud Build, Git, GitOps,\nTerraform\nJDBC\n\n7+yrs\nImmediate to 15days\nMok@teksystems.com",Industry Type: IT Services & Consulting,Department: Engineering - Software & QA,"Employment Type: Full Time, Permanent","['Java', 'J2Ee', 'Spring Boot', 'Microservices', 'Rest', 'GCP', 'Bigquery', 'Kafka']",2025-07-01 05:21:40
SAP MDG Consultant,CARBYNETECH,5 - 10 years,Not Disclosed,['Meerut'],"Implement and support SAP Master Data Governance (MDG) solutions, focusing on data consistency and quality across enterprise systems. Key responsibilities include data modeling, UI configuration, workflow customization, and integration with SAP/non-SAP systems. Experience with ALE, IDoc, DRF, and business rule framework required. Strong communication skills and stakeholder coordination are essential.",Industry Type: IT Services & Consulting,Department: Consulting,"Employment Type: Full Time, Permanent","['data modeling', 'ui', 'ale', 'idoc', 'sap mdg', 'webdynpro', 'sap', 'sap fi', 'sap sd', 'data migration', 'webdynpro abap', 'master data management', 'mdg', 'idocs', 'sap master data governance', 'sap mdm', 'brf', 'sapui5', 'sap data services', 'smartforms', 'brf+', 'sap abap', 'sap workflow', 'oo abap']",2025-07-01 05:21:42
ETL Ab Initio Developer,Apptad,7 - 12 years,Not Disclosed,['Noida'],"We are looking for a skilled ETL Ab Initio Developer with 7 to 12 years of hands-on experience in Ab Initio ETL development to join our team for a high-impact mainframe-to-Ab Initio data transformation project. The ideal candidate will have deep technical knowledge and hands-on experience in Ab Initio and will play a critical role in designing, developing, and optimizing complex ETL workflows.\n\nRoles and Responsibility\nLead and contribute to the development of large-scale mainframe-to-Ab Initio transformation projects.\nDesign, develop, and maintain robust ETL workflows using Ab Initio tools for data extraction, transformation, and loading from various structured/unstructured sources to target platforms.\nBuild reusable, generic Ab Initio components and leverage ExpressIt, continuous and batch flows effectively.\nCollaborate with business analysts, data architects, and stakeholders to understand data requirements and translate them into effective ETL solutions.\nPerform performance tuning and optimization of existing Ab Initio graphs to ensure scalability and efficiency.\nImplement complex data cleansing, transformation, and aggregation logic.\nEnsure code quality through unit testing, debugging, and peer code reviews.\nTroubleshoot and resolve production issues with a strong sense of urgency and accountability.\nContinuously seek process improvements and automation opportunities in ETL workflows.\nJob\nMinimum 7 years of hands-on experience in Ab Initio ETL development.\nStrong experience in designing and building modular and reusable Ab Initio components.\nIn-depth knowledge of Ab Initio GDE, EME, ExpressIt, Continuous Flows, and Testing Frameworks.\nSolid understanding of data warehousing concepts, data modeling, and performance tuning.\nExcellent analytical and problem-solving skills with strong attention to detail.\nAbility to work independently with minimal supervision and collaborate in a team setting.\nEffective communication and stakeholder management skills.\nExperience with production support and real-time issue resolution.\nFamiliarity with Agile methodologies and working in Agile/Scrum teams.\nExperience with mainframe data sources and legacy systems integration is preferred.\nPrior experience in large enterprise-scale ETL transformation initiatives is preferred.\nExposure to cloud platforms or data migration to cloud-based data lakes is a plus.",Industry Type: Recruitment / Staffing,Department: Engineering - Software & QA,"Employment Type: Full Time, Permanent","['ab initio', 'performance tuning', 'gde', 'data modeling', 'data warehousing concepts', 'data sources', 'software testing', 'unit testing', 'data warehousing', 'cloud platforms', 'data migration', 'testing frameworks', 'stakeholder management', 'scrum', 'agile', 'eme', 'etl', 'etl development']",2025-07-01 05:21:45
S/4 HANA ABAP Consultant,Acesoft,8 - 12 years,Not Disclosed,['Bengaluru'],"Hi all ,\nWe hiring for the role S/4 HANA ABAP Consultant\nExperience : 8- 12 years\nLocation : Bangalore\nNotice period : immediate - 15 days\nRole & responsibilities\nProject : Support Project\nParticulars\nJob Description\nS/4 HANA ABAP Consultant with 8 ~ 12 years of relevant experience\nTechnical Skill sets : S/4 HANA ABAP\nStrong experience in the following areas: Workflow, Object Oriented programming, Data Dictionary, BAPI, BADI, RFC, ALE/ EDI, IDOC, ALV programming, Classical and Interactive Reporting, BDC, SAP Scripts, Smart Forms, Adobe Forms (offline/ interactive), Enhancements, User Exits, Dialog Programming, Interface/ ABAP Proxy programming, LSMW, BSP, ABAP Web Dynpro, Performance Tuning, Function Module development, AIF, and Spool programming\n• Experience with Core Data Services (CDS) views for data modeling and custom analytics.\n• Knowledge of OData services development for building efficient and standardized APIs.\n• Expertise in ABAP Managed Database Procedures (AMDP) for optimized database operations.\n• Experience with S/4 HANA migration, data migration, and system conversion is desirable.\n• Understanding of SAP functional areas in Finance (FI/ CO), Materials management (MM), and Netweaver Portal Strong knowledge of FI/ CO and MM is mandatory.\n• Other areas are beneficial Demonstrated experience with large Enterprise ERP implementations in the areas of technical design specification, development and performing tuning\n• The candidate should have good client facing qualities and should independently lead a team\n• Should have experience in creating and configuring Web services, Functional testing on SOAP.\n• Implementing enhancements using USER-EXIT and BADI's to suit business requirements\n• Experienced in real time monitoring of SAP ECC applications to support business activities.\n• Experience in developing interfaces between SAP and non-SAP systems using various integration technologies such as IDocs, RFC, SOAP, REST, HTTP, FTP, SFTP, SMTP, JMS, AMQP\n• Knowledge and experience in SAP PI/PO and CPI for interface development and integration, including various protocol interfaces.\n• Design and implement interfaces between SAP S/4HANA and non-SAP systems, ensuring seamless data integration and system interoperability.\nMust Have Skills:\n• Must be expertise in development, support and Migration of Software Applications in SAP R/3\nABAP/4 programming & S/4 HANA.\n• Must have worked on Interfaces using IDOCs, ALE, Proxies, Enhancements, EDI, RFC, CDS & ODATA\n• Must have strong business understanding and suggest SAP solutions for various business\nScenarios\n• Ability to help resolve complex technical issues and independently manage critical/complex\nSituations.\nSpecific knowledge and tools\n• Excellent communication & strong collaboration skills\n• Flexible to adapt to fast changing environment and self-motivated\n• Open minded\n• Creating technical design specifications to ensure compliance with the functional teams and IT Management\n• Analytical thinking, high level of comprehension and independent working style.\n• Familiarity with the IT Service Management (ITSM) framework and processes, including incident management, problem management, change management, and service request management.\n• Seeking candidates who are flexible and willing to work on shifts as required.",Industry Type: IT Services & Consulting,Department: Engineering - Software & QA,"Employment Type: Full Time, Temporary/Contractual","['S/4 HANA ABAP', 'BDC', 'Smart Forms', 'BAPI', 'Dialog Programming', 'ABAP Web Dynpro', 'Interface/ ABAP Proxy programming', 'ALV programming', 'SAP Scripts', 'Performance Tuning', 'IDOC', 'RFC', 'LSMW', 'Classical and Interactive Reporting', 'ALE/ EDI', 'BADI', 'User Exits', 'BSP', 'AIF', 'Function Module development']",2025-07-01 05:21:48
SAP MDG Consultant,CARBYNETECH,5 - 10 years,Not Disclosed,['Kanpur'],"Implement and support SAP Master Data Governance (MDG) solutions, focusing on data consistency and quality across enterprise systems. Key responsibilities include data modeling, UI configuration, workflow customization, and integration with SAP/non-SAP systems. Experience with ALE, IDoc, DRF, and business rule framework required. Strong communication skills and stakeholder coordination are essential.",Industry Type: IT Services & Consulting,Department: Consulting,"Employment Type: Full Time, Permanent","['data modeling', 'ui', 'ale', 'idoc', 'sap mdg', 'webdynpro', 'sap', 'sap fi', 'sap sd', 'data migration', 'webdynpro abap', 'master data management', 'mdg', 'idocs', 'sap master data governance', 'sap mdm', 'brf', 'sapui5', 'sap data services', 'smartforms', 'brf+', 'sap abap', 'sap workflow', 'oo abap']",2025-07-01 05:21:50
Sap Testing Consultant,Onama Consultants,10 - 20 years,Not Disclosed,['Bengaluru'],"Role Summary:\n\n1. Test Strategy and Planning:\n\nDefine and implement test strategies and frameworks tailored to S/4HANA Finance and related modules.\nDevelop test plans for functional, integration, regression, and performance testing across various SAP landscapes.\n\n2. Test Development and Automation:\n\nCreate and execute automated test suites using industryleading tools like CBTA, HP ALM, Worksoft Certify, and Tricentis.\nEnsure comprehensive test coverage for key financial functionalities, including financial closing cockpit (FCC) and consolidation processes.\n\n3. Performance and Validation Testing:\n\nConduct performance testing to validate end-user scenarios and ensure system reliability under load using tools like LoadRunner or JMeter.\nPerform validation testing for SAP system upgrades and data migration processes to ensure seamless transitions.\n\n4. Collaboration and Reporting:\n\nWork closely with cross-functional teams, including developers, business analysts, and functional consultants, to align testing efforts with project goals.\nDesign and maintain test reporting dashboards using tools like Power BI or Tableau to track progress and communicate test results effectively.\n\n5. Compliance with Agile and DevOps Practices:\n\nIntegrate testing strategies into Agile development frameworks and DevOps pipelines, ensuring continuous testing and delivery.\nSupport CI/CD pipelines by automating test processes for faster\ndelivery cycles.\n\nCore Must-Have Skills:\n\nProficiency in SAP testing tools such as CBTA, HP ALM, Worksoft Certify, and Tricentis.\nStrong understanding of SAP-specific functionalities, including financial closing cockpit (FCC) and consolidation processes.\nExpertise in testing for SAP system upgrades, data migration, and validation of financial transactions.\n\nGood-to-Have Skills:\n\nExperience in Agile Testing Frameworks and integrating testing within DevOps environments.\nFamiliarity with test automation scripting using VBScript, Selenium, or Python for custom test scenarios.\nPerformance testing experience with tools like LoadRunner, JMeter, or other comparable solutions.\n\nMarket Standard Expectations:\n\nISTQB certification or an equivalent professional testing certification.\nAdvanced knowledge of SAPs release strategy and new feature validations, ensuring timely updates to test plans.\nExpertise in creating visual test reports and analytics dashboards using tools like Power BI or Tableau.",Industry Type: IT Services & Consulting,Department: Engineering - Software & QA,"Employment Type: Full Time, Permanent","['S4 Hana Finance', 'Sap Automation Testing', 'Performance Testing', 'Uft', 'Cbta', 'Defect Management', 'VB SCRIPT', 'Uft Automation', 'Integration Testing', 'Test Management', 'Test Strategy']",2025-07-01 05:21:53
SAP TAX with Vertex consultant,acesoft,9 - 12 years,Not Disclosed,['Bengaluru'],"Hi all ,\nwe are looking for a role SAP TAX with Vertex consultant \nexperience : 9 - 12 years\nnotice period : Immediate - 15 days\nlocation : Bengaluru\nJob Title\nSAP S/4HANA FI TAX Consultant (with Vertex Expertise)\nLocation : Bangalore and Hybrid \nJob Summary\nSeeking a seasoned SAP S/4HANA FI TAX specialist experienced in both implementations and support, with strong expertise in tax modules (VAT, TDS) and the Vertex tax engine. This role supports both O2C and P2P processes within a fast-paced environment.\nKey Responsibilities\nLead/configure SAP S/4HANA FI TAX in O2C & P2P for external tax calculations.\nPerform SAP VAT configuration: tax procedures, keys, conditions, input/output codes.\nConfigure withholding tax (TDS): codes, types, keys, and master data.\nConduct system reviews and data migration to standardize on SAP.\nIntegrate SAP Pricing with tax procedures for business organizations.\nDevelop & maintain WRICEF documentation per PM methodology.\nCreate support artifacts: process flows, BPPs, FAQs, end-user guides.\nDesign regression tests for iDocs/XML inbound/outbound processes.\nBuild custom reports for tax reconciliation between SAP and Vertex systems.\nWrite functional specs and build custom objects end-to-end.\nManage interfaces with third-party systems.\nVertexSpecific Responsibilities\nMap and configure the Vertex tax engine alongside S/4HANA tax modules.\nImplement Vertex tax calculations and conduct comparative analysis with SAP default tax.\nGuide technical development for excise tax processing, compliance, and reporting.\nRequired Experience & Skills\nImplementation: 1 S/4HANA FI TAX implementation + 2 support projects with tax in O2C & P2P.\nTax Expertise: Strong experience in VAT and withholding tax (TDS).\nTax Configuration: Hands-on configuring tax procedures, keys, codes.\nVertex Knowledge: Experience with tax engine integration and mapping.\nTechnical Skills: Writing functional specs, custom object development, system integration.\nDocumentation Skills: Proficiency in WRICEF, test cases, user guides.\nCommunication: Strong interpersonal, analytical, and collaboration skills.\nWork Style: Selfmotivated, flexible, adaptable to changing environments.\nShifts: Willingness to work nonstandard hours/shifts as required.\nQualifications\nBachelor's degree in Finance, Accounting, Business, IT, or related field.\nProven track record in tax configuration, SAP integration, and third-party systems.\nExcellent written and verbal communication skills.",Industry Type: IT Services & Consulting,Department: Engineering - Software & QA,"Employment Type: Full Time, Permanent","['SAP TAX with Vertex consultant', 'WRICEF', 'O2C', 'VAT', 'iDocs/XML inbound/outbound', 'P2P']",2025-07-01 05:21:55
Database EngineerÂ,Apptad,5 - 10 years,Not Disclosed,['Noida'],"We are looking for a skilled Database Engineer with 5 to 10 years of experience to design, develop, and maintain our database infrastructure. This position is based remotely.\n\nRoles and Responsibility\nDesign, develop, and maintain the database infrastructure to store and manage company data efficiently and securely.\nWork with databases of varying scales, including small-scale and big data processing.\nImplement data security measures to protect sensitive information and comply with relevant regulations.\nOptimize database performance by analyzing query execution plans, implementing indexing strategies, and improving data retrieval and storage mechanisms.\nCollaborate with cross-functional teams to understand data requirements and support the design of the database architecture.\nMigrate data from spreadsheets or other sources to relational database systems or cloud-based solutions like Google BigQuery and AWS.\nDevelop import workflows and scripts to automate data import processes.\nEnsure data integrity and enforce data quality standards, including data validation rules, constraints, and referential integrity.\nMonitor database health and resolve issues, while collaborating with the full-stack web developer to implement efficient data access and retrieval mechanisms.\nDemonstrate creativity in problem-solving and contribute ideas for improving data engineering processes and workflows, exploring third-party technologies as alternatives to legacy approaches for efficient data pipelines.\nEmbrace a learning mindset, staying updated with emerging database technologies, tools, and best practices, and use Python for tasks such as data manipulation, automation, and scripting.\nCollaborate with the Data Research Engineer to estimate development efforts and meet project deadlines, taking accountability for achieving development milestones.\nPrioritize tasks to ensure timely delivery in a fast-paced environment with rapidly changing priorities, while also collaborating with fellow members of the Data Research Engineering Team as required.\nPerform tasks with precision and build reliable systems, leveraging online resources effectively like StackOverflow, ChatGPT, Bard, etc., considering their capabilities and limitations.\nJob\nProficiency in SQL and relational database management systems like PostgreSQL or MySQL, along with database design principles.\nStrong familiarity with Python for scripting and data manipulation tasks, with additional knowledge of Python OOP being advantageous.\nDemonstrated problem-solving skills with a focus on optimizing database performance and automating data import processes.\nKnowledge of cloud-based databases like AWS RDS and Google BigQuery.\nExperience with data warehousing concepts and tools (e.g., Snowflake, Redshift) to support advanced analytics and reporting.\nSkills in working with APIs for data ingestion or connecting third-party systems, which could streamline data acquisition processes.\nProficiency with tools like Prometheus, Grafana, or ELK Stack for real-time database monitoring and health checks beyond basic troubleshooting.\nFamiliarity with continuous integration/continuous deployment (CI/CD) tools (e.g., Jenkins, GitHub Actions).\nDeeper expertise in cloud platforms (e.g., AWS Lambda, GCP Dataflow) for serverless data processing or orchestration.\nKnowledge of database development and administration concepts, especially with relational databases like PostgreSQL and MySQL.\nKnowledge of Python programming, including data manipulation, automation, and object-oriented programming (OOP), with experience in modules such as Pandas, SQLAlchemy, gspread, PyDrive, and PySpark.\nKnowledge of SQL and understanding of database design principles, normalization, and indexing.\nKnowledge of data migration, ETL (Extract, Transform, Load) processes, or integrating data from various sources.\nKnowledge of data security best practices, including access controls, encryption, and compliance standards.\nStrong problem-solving and analytical skills with attention to detail.\nCreative and critical thinking.\nStrong willingness to learn and expand knowledge in data engineering.\nFamiliarity with Agile development methodologies is a plus.\nExperience with version control systems, such as Git, for collaborative development.\nAbility to thrive in a fast-paced environment with rapidly changing priorities.\nAbility to work collaboratively in a team environment.\nGood and effective communication skills.\nComfortable with autonomy and ability to work independently.\nAbout Company\nMarketplace is an experienced team of industry experts dedicated to helping readers make informed decisions and choose the right products with ease. We arm people with trusted advice and guidance, so they can make confident decisions and get back to doing the things they care about most.",Industry Type: Recruitment / Staffing,Department: Engineering - Software & QA,"Employment Type: Full Time, Permanent","['sql', 'prometheus', 'python', 'data manipulation', 'grafana', 'amazon redshift', 'pyspark', 'git', 'postgresql', 'gcp', 'oops', 'jenkins', 'mysql', 'bigquery', 'etl', 'snowflake', 'github', 'cloud platforms', 'amazon rds', 'aws lambda', 'sqlalchemy', 'relational database management system', 'pandas', 'agile', 'aws']",2025-07-01 05:21:58
SQL DBA,Apptad,7 - 10 years,Not Disclosed,['Noida'],"We are looking for a skilled Senior Database Developer with 7 to 10 years of experience, based in Hyderabad. The ideal candidate will have a strong focus on SQL Server and advanced knowledge of Object-Oriented Programming (OOPs) concepts.\n\nRoles and Responsibility\nDesign, develop, and optimize complex SQL Server databases, including schema design, index strategies, performance tuning, and data modeling.\nAuthor, review, and maintain complex stored procedures, functions, triggers, and views for mission-critical applications.\nImplement database best practices for security, integrity, backup/recovery, and high availability.\nCollaborate closely with backend development teams to bridge application and database logic, leveraging solid OOPs knowledge and working comfortably with Java or .NET-based applications as needed.\nParticipate in system design sessions, architecture reviews, and integration discussions to influence application and database design using OOPs principles.\nAnalyze, troubleshoot, and optimize slow-performing queries and processes in high-volume/transactional environments.\nJob\nStrong command of T-SQL, query optimization, and transaction management.\nProven experience in database schema design, normalization/denormalization, indexing, and data integrity enforcement.\nAdvanced understanding of OOPs concepts and practical ability to apply them when integrating with backend applications.\nWorking experience and flexibility in developing/supporting backend logic using either Java or .NET (C#, ASP.NET), or both.\nExposure to ETL processes and data migration, preferably using SSIS or equivalent tools.\nProficient with source control (Git, TFS) and SDLC best practices.\nExcellent analytical, problem-solving, and troubleshooting skills.",Industry Type: Recruitment / Staffing,Department: Engineering - Software & QA,"Employment Type: Full Time, Permanent","['sql server', 'sql', 'query optimization', 'oops', 'sdlc', 'tfs', 'c#', 'sql server database', 'performance tuning', 'transaction management', 't-sql', 'stored procedures', 'database design', 'java', 'git', 'sql dba', 'data modeling', 'asp.net', 'troubleshooting', '.net', 'ssis', 'etl', 'sql database']",2025-07-01 05:22:00
ML-Ops (AI/ML Ops/Kubernetes) Engineer,Apptad,6 - 10 years,Not Disclosed,['Noida'],"We are looking for a skilled ML-Ops (AI/ML Ops/Kubernetes) Engineer with 6 to 10 years of experience. The ideal candidate will have a strong background in machine learning and operations, with expertise in AI/ML ops and Kubernetes.\n\nRoles and Responsibility\nDesign and implement scalable data pipelines using AI/ML techniques.\nCollaborate with cross-functional teams to develop and deploy machine learning models.\nDevelop and maintain large-scale data architectures using Kubernetes.\nEnsure seamless integration of machine learning models into existing systems.\nTroubleshoot and resolve complex technical issues related to AI/ML and Kubernetes.\nImplement automated testing and deployment scripts for efficient workflow management.\nJob\nStrong understanding of machine learning concepts and algorithms.\nExperience with AI/ML frameworks such as TensorFlow or PyTorch.\nProficiency in programming languages such as Python or Java.\nExperience with cloud platforms such as AWS or Azure.\nKnowledge of containerization using Docker and orchestration using Kubernetes.\nExcellent problem-solving skills and attention to detail.\nAbility to work collaboratively in a team environment.\nAbout Company\nApptad Technologies Pvt Ltd. is an employment firm that provides recruitment services to various industries. We focus on matching top talent with the right opportunities, and we are committed to delivering exceptional results.",Industry Type: Recruitment / Staffing,Department: Engineering - Software & QA,"Employment Type: Full Time, Permanent","['algorithms', 'kubernetes', 'python', 'machine learning', 'artificial intelligence', 'c++', 'natural language processing', 'scikit-learn', 'microsoft azure', 'numpy', 'docker', 'sql', 'pandas', 'deep learning', 'tensorflow', 'java', 'data science', 'computer vision', 'pytorch', 'aws', 'opencv', 'ml']",2025-07-01 05:22:03
Windchill Consultant,Apptad,3 - 5 years,Not Disclosed,['Noida'],"company name=Apptad Technologies Pvt Ltd., industry=Employment Firms/Recruitment Services Firms, experience=3 to 5 , jd=\nJob Title:- Windchill Consultant\n\nJob Location:-Bangalore / Mumbai / Kolkata / Pune / Gurugram\n\nJob Type:- Full time\n\n:- Apptad is looking for a Windchill Consultant profile.\n\nExperience in design & development/customization of Windchill 10.x & above.\nExcellent knowledge of Java J2EE technologies. Knowledge of Spring, hibernate & frameworks. Well versed with Webservices.\nUnderstanding of applications development environment, database, data management and infrastructure capabilities and constraints.\nAbility to write SQL queries, database procedures\nUnderstanding of database administration, database design. Software programming skills necessary to create and maintain host based and/or web-based applications.\nKnowledge of quality processes and their implementation. Strong interpersonal and analytical skills.\nExcellent knowledge of Windchill PDMLink, ProjectLink, PartsLink\nExperience in Windchill Configuration and Customizations\nVery good understanding of Windchill Part Management, Change Management and Workflow modules\nExperience in large Windchill Implementation and Migration projects\nExperience with PTC Creo and other PTC software will be an advantage\nKnowledge of Windchill Bulk Migration (Data Migration)\nStrong debugging skills\nGood communication skills and interpersonal skills\n, Title=Windchill Consultant, ref=6566582",Industry Type: Recruitment / Staffing,Department: Engineering - Software & QA,"Employment Type: Full Time, Permanent","['web services', 'java', 'pdm link', 'windchill', 'j2ee technologies', 'data migration', 'hibernate', 'ptc creo', 'design engineering', 'autocad', 'change management', 'catia', 'spring', 'solid works', 'j2ee', 'debugging', 'pro-e', 'gd', 'ptc', 'sql queries', 'database administration', 'javascript', 'plm', 'creo', 'pdm']",2025-07-01 05:22:05
Oracle Hcm Consultant,Valueverse Consulting,4 - 8 years,Not Disclosed,['New Delhi'],"Key Responsibilities:\nAssist in configuring and implementing Oracle HCM Cloud modules such as Core HR, Talent Management, Payroll, Absence Management, and Recruiting.\n\nSupport functional documentation, testing activities (SIT/UAT), and data migration tasks.\n\nParticipate in requirements gathering sessions and help translate business needs into system functionality.\n\nCollaborate with internal teams and clients to support project deliverables.\n\nConduct research on Oracle HCM best practices and new product features.\n\nHelp with report development and dashboards using OTBI and BI Publisher.\n\nIdentify issues, document solutions, and escalate to senior consultants as needed.",Industry Type: IT Services & Consulting,Department: Engineering - Software & QA,"Employment Type: Full Time, Permanent","['oracle hcm', 'bi', 'oracle fusion', 'hcm', 'payroll', 'oracle payroll', 'bi publisher', 'oracle', 'oracle core hr', 'oracle hcm cloud', 'oracle apps technical', 'core hr', 'plsql', 'sql', 'fusion', 'talent management', 'attendance management', 'xml publisher reports', 'oracle hrms']",2025-07-01 05:22:08
SAP Analytics Cloud,Apptad,5 - 10 years,Not Disclosed,['Noida'],"We are looking for a skilled SAP Analytics Cloud professional with 5 to 12 years of experience. The ideal candidate will have a strong background in analytics and cloud computing, with expertise in SAP Analytics Cloud.\n\nRoles and Responsibility\nDesign and implement SAP Analytics Cloud solutions to meet business requirements.\nDevelop and maintain complex data models and reports using SAP Analytics Cloud tools.\nCollaborate with cross-functional teams to identify business needs and develop solutions.\nProvide technical support and training to end-users on SAP Analytics Cloud applications.\nAnalyze business problems and develop innovative solutions using SAP Analytics Cloud capabilities.\nEnsure data quality and integrity by implementing data validation and testing procedures.\nJob\nStrong knowledge of SAP Analytics Cloud architecture and functionality.\nExperience with data modeling and reporting tools such as BEx Analyzer.\nExcellent analytical and problem-solving skills, with the ability to interpret complex data sets.\nStrong communication and collaboration skills, with the ability to work effectively with stakeholders.\nAbility to design and implement scalable and secure data architectures.\nStrong understanding of cloud computing concepts and technologies such as AWS or Azure.\nAbout Company\nApptad Technologies Pvt Ltd. is an employment firm that provides recruitment services to various industries. We focus on providing top talent to leading companies, ensuring their staffing needs are met.",Industry Type: Recruitment / Staffing,Department: Engineering - Software & QA,"Employment Type: Full Time, Permanent","['microsoft azure', 'sap analytics cloud', 'cloud architecture', 'cloud computing', 'aws', 'sap bi', 'webi', 'sap', 'sap business intelligence', 'solution development', 'sap bo', 'data quality', 'data modeling', 'bex', 'sap bw', 'business objects', 'bex analyzer', 'sap hana', 'web intelligence', 'sap abap']",2025-07-01 05:22:10
SAP HCM Organizational Management,Apptad,3 - 7 years,Not Disclosed,['Noida'],"company name=Apptad Technologies Pvt Ltd., industry=Employment Firms/Recruitment Services Firms, experience=3 to 7 , jd=\nJob Title:-SAP HCM Organizational ManagementJob Location:- BangaloreJob Type:- Full-Time:- Apptad is looking for SAP HCM Organizational ManagementProfile. It is a full-time/long-term job opportunity with us.\n\nRoles & Responsibilities:\n- Expected to perform independently and become an SME.\n- Required active participation/contribution in team discussions.\n- Contribute in providing solutions to work-related problems.\n- Develop and implement SAP HCM Organizational Management solutions.\n- Collaborate with stakeholders to gather requirements and design solutions.\n- Conduct testing and debugging of applications.- Provide technical support and troubleshooting for application issues.\n- Stay updated on industry trends and best practices.\n\nProfessional & Technical\n\nSkills:\n\n- Must To Have\n\nSkills:\nProficiency in SAP HCM Organizational Management.\n- Strong understanding of SAP HCM modules and integration with other SAP modules.\n- Experience in SAP implementation projects.\n- Knowledge of ABAP programming language.\n- Experience in SAP data migration and system integration., Title=SAP HCM Organizational Management, ref=6566225",Industry Type: Recruitment / Staffing,Department: Consulting,"Employment Type: Full Time, Permanent","['sap', 'sap module', 'organizational management', 'hcm modules', 'sap hcm', 'sap data migration', 'sap implementation', 'aspnet programming languages', 'technical support', 'hcm', 'system integration', 'solution design', 'abap programming', 'bapi', 'troubleshooting', 'smartforms', 'sap abap', 'abap']",2025-07-01 05:22:13
Informatica MDM,Apptad,5 - 7 years,Not Disclosed,['Noida'],"We are looking for a skilled Informatica MDM professional with 5 to 7 years of experience. The ideal candidate will have expertise in defining data models and architectures, configuring MDM solutions, and designing and developing BES UI.\n\nRoles and Responsibility\nDefine data models and architecture for MDM solutions.\nConfigure MDM (Base Objects, Stg tables, Match & Merge rules, Hierarchies, Relationship objects).\nDesign and develop BES UI.\nDesign and develop C360 applications for data stewards according to client needs.\nDefine data migration processes from legacy systems during M&A activities to MDM systems.\nSupport and maintain MDM applications.\nJob\nMinimum 5 years of experience in Informatica MDM.\nStrong knowledge of data modeling and architecture.\nExperience in configuring MDM solutions and designing BES UI.\nAbility to define data migration processes.\nStrong understanding of data stewardship concepts.\nExcellent problem-solving skills and attention to detail.",Industry Type: Recruitment / Staffing,Department: Engineering - Software & QA,"Employment Type: Full Time, Permanent","['configuring', 'data stewardship', 'data modeling', 'mdm', 'informatica mdm', 'data analysis', 'data management', 'data analytics', 'oracle', 'talend', 'data warehousing', 'data migration', 'sql', 'data cleansing', 'data quality', 'tableau', 'ui', 'data governance', 'etl', 'informatica', 'data profiling']",2025-07-01 05:22:15
Oracle HCM Consultant ( Payroll or OTL ),Valueverse Consulting,4 - 8 years,Not Disclosed,['Mohali'],"Key Responsibilities:\nSupport the configuration and testing of Oracle HCM Cloud Payroll or Time and Labor (OTL) modules.\n\nAssist in gathering client requirements and translating them into system configurations and business process flows.\n\nHelp in preparing functional documentation, test scripts (SIT & UAT), and user guides.\n\nParticipate in payroll/OTL setup activities such as element creation, time entry rules, fast formulas, and validation rules.\n\nAnalyze time and attendance or payroll processing scenarios and support issue resolution.\n\nPerform data validation and assist in data migration from legacy systems.\n\nCollaborate with cross-functional teams including HR, Finance, and IT.",Industry Type: IT Services & Consulting,Department: Engineering - Software & QA,"Employment Type: Full Time, Permanent","['Oracle HCM Cloud', 'oracle payroll', 'bi publisher', 'otl', 'oracle fusion hcm', 'oracle apps technical', 'core hr', 'oracle fusion', 'plsql', 'sql', 'talent management', 'payroll', 'oracle hrms', 'sshr']",2025-07-01 05:22:18
SAP S4 Hana Consultant,Apptad,5 - 10 years,Not Disclosed,['Noida'],"company name=Apptad Technologies Pvt Ltd., industry=Employment Firms/Recruitment Services Firms, experience=5 to 10 , jd=\nWe have a very brief JD and no other details. Please share only 5+ years experienced profiles.\n\n\nData Migration in SAP S4 HANA\nData Field Mapping into SAP S4 HANA from another application like Netsuite for example\nData Cleansing and Analysis\nExperience in Data Migration Cockpit (former LTMC)\nExperience in Data Migration Cockpit (former LTMC) Load Templates\nExperience with Finance data objects (Cost Center, GL /Chart of Accounts, etc.)\nExperience with Material Master or Product data\n, Title=SAP S4 Hana Consultant, ref=6566350",Industry Type: Recruitment / Staffing,Department: Engineering - Software & QA,"Employment Type: Full Time, Permanent","['sap', 'gl', 'data migration', 'netsuite', 'sap s hana', 'accounts receivable', 'accounts payable', 'erp', 'sap fi', 'sap sd', 'sap implementation', 'accounting', 'general ledger', 'javascript', 'sap fiori', 'sap basis', 'sap fico', 'asset accounting', 'sap mm', 'html', 'sap hana']",2025-07-01 05:22:20
SAP MDG Consultant,CARBYNETECH,5 - 10 years,Not Disclosed,['Chandigarh'],"Implement and support SAP Master Data Governance (MDG) solutions, focusing on data consistency and quality across enterprise systems. Key responsibilities include data modeling, UI configuration, workflow customization, and integration with SAP/non-SAP systems. Experience with ALE, IDoc, DRF, and business rule framework required. Strong communication skills and stakeholder coordination are essential.",Industry Type: IT Services & Consulting,Department: Consulting,"Employment Type: Full Time, Permanent","['data modeling', 'ui', 'ale', 'idoc', 'sap mdg', 'webdynpro', 'sap', 'sap fi', 'sap sd', 'data migration', 'webdynpro abap', 'master data management', 'mdg', 'idocs', 'sap master data governance', 'sap mdm', 'brf', 'sapui5', 'sap data services', 'smartforms', 'brf+', 'sap abap', 'sap workflow', 'oo abap']",2025-07-01 05:22:22
SAP MDG Consultant,CARBYNETECH,5 - 10 years,Not Disclosed,['Varanasi'],"Implement and support SAP Master Data Governance (MDG) solutions, focusing on data consistency and quality across enterprise systems. Key responsibilities include data modeling, UI configuration, workflow customization, and integration with SAP/non-SAP systems. Experience with ALE, IDoc, DRF, and business rule framework required. Strong communication skills and stakeholder coordination are essential.",Industry Type: IT Services & Consulting,Department: Consulting,"Employment Type: Full Time, Permanent","['data modeling', 'ui', 'ale', 'idoc', 'sap mdg', 'webdynpro', 'sap', 'sap fi', 'sap sd', 'data migration', 'webdynpro abap', 'master data management', 'mdg', 'idocs', 'sap master data governance', 'sap mdm', 'brf', 'sapui5', 'sap data services', 'smartforms', 'brf+', 'sap abap', 'sap workflow', 'oo abap']",2025-07-01 05:22:25
SAP MDG Consultant,CARBYNETECH,5 - 10 years,Not Disclosed,['Agra'],"Implement and support SAP Master Data Governance (MDG) solutions, focusing on data consistency and quality across enterprise systems. Key responsibilities include data modeling, UI configuration, workflow customization, and integration with SAP/non-SAP systems. Experience with ALE, IDoc, DRF, and business rule framework required. Strong communication skills and stakeholder coordination are essential.",Industry Type: IT Services & Consulting,Department: Consulting,"Employment Type: Full Time, Permanent","['data modeling', 'ui', 'ale', 'idoc', 'sap mdg', 'webdynpro', 'sap', 'sap fi', 'sap sd', 'data migration', 'webdynpro abap', 'master data management', 'mdg', 'idocs', 'sap master data governance', 'sap mdm', 'brf', 'sapui5', 'sap data services', 'smartforms', 'brf+', 'sap abap', 'sap workflow', 'oo abap']",2025-07-01 05:22:27
SAP MDG Consultant,CARBYNETECH,5 - 10 years,Not Disclosed,['Ludhiana'],"Implement and support SAP Master Data Governance (MDG) solutions, focusing on data consistency and quality across enterprise systems. Key responsibilities include data modeling, UI configuration, workflow customization, and integration with SAP/non-SAP systems. Experience with ALE, IDoc, DRF, and business rule framework required. Strong communication skills and stakeholder coordination are essential.",Industry Type: IT Services & Consulting,Department: Consulting,"Employment Type: Full Time, Permanent","['data modeling', 'ui', 'ale', 'idoc', 'sap mdg', 'webdynpro', 'sap', 'sap fi', 'sap sd', 'data migration', 'webdynpro abap', 'master data management', 'mdg', 'idocs', 'sap master data governance', 'sap mdm', 'brf', 'sapui5', 'sap data services', 'smartforms', 'brf+', 'sap abap', 'sap workflow', 'oo abap']",2025-07-01 05:22:29
SAP ABAP Consultant,CARBYNETECH,4 - 7 years,Not Disclosed,['Chandigarh'],"Develop and maintain SAP applications using ABAP. Work on custom reports, module pools, forms, interfaces, and data migration. Proficient in classical/interactive reports, SmartForms, BAPIs, BADIs, and performance tuning. Knowledge of core SAP modules (MM, SD, FI) is necessary for effective collaboration with functional teams.",Industry Type: IT Services & Consulting,Department: Consulting,"Employment Type: Full Time, Permanent","['interactive reports', 'performance tuning', 'bapis', 'smartforms', 'badis', 'fi', 'adobe forms', 'data migration', 'sd', 'idocs', 'module pool programming', 'bapi', 'sap application', 'alv reports', 'bdcs', 'module pool', 'bdc', 'sap', 'data dictionary', 'sap module', 'alv', 'sap scripts', 'sap abap', 'abap', 'oo abap']",2025-07-01 05:22:32
SAP ABAP Consultant,CARBYNETECH,4 - 7 years,Not Disclosed,['Ludhiana'],"Develop and maintain SAP applications using ABAP. Work on custom reports, module pools, forms, interfaces, and data migration. Proficient in classical/interactive reports, SmartForms, BAPIs, BADIs, and performance tuning. Knowledge of core SAP modules (MM, SD, FI) is necessary for effective collaboration with functional teams.",Industry Type: IT Services & Consulting,Department: Consulting,"Employment Type: Full Time, Permanent","['interactive reports', 'performance tuning', 'bapis', 'smartforms', 'badis', 'fi', 'adobe forms', 'data migration', 'sd', 'idocs', 'module pool programming', 'bapi', 'sap application', 'alv reports', 'bdcs', 'module pool', 'bdc', 'sap', 'data dictionary', 'sap module', 'alv', 'sap scripts', 'sap abap', 'abap', 'oo abap']",2025-07-01 05:22:34
SAP ABAP Consultant,CARBYNETECH,6 - 7 years,Not Disclosed,['New Delhi'],"Develop and maintain SAP applications using ABAP. Work on custom reports, module pools, forms, interfaces, and data migration. Proficient in classical/interactive reports, SmartForms, BAPIs, BADIs, and performance tuning. Knowledge of core SAP modules (MM, SD, FI) is necessary for effective collaboration with functional teams.",Industry Type: IT Services & Consulting,Department: Consulting,"Employment Type: Full Time, Permanent","['interactive reports', 'performance tuning', 'bapis', 'smartforms', 'badis', 'fi', 'adobe forms', 'data migration', 'sd', 'idocs', 'module pool programming', 'bapi', 'sap application', 'alv reports', 'bdcs', 'module pool', 'bdc', 'sap', 'data dictionary', 'sap module', 'alv', 'sap scripts', 'sap abap', 'abap', 'oo abap']",2025-07-01 05:22:37
SAP ABAP Consultant,CARBYNETECH,6 - 8 years,Not Disclosed,['Lucknow'],"Develop and maintain SAP applications using ABAP. Work on custom reports, module pools, forms, interfaces, and data migration. Proficient in classical/interactive reports, SmartForms, BAPIs, BADIs, and performance tuning. Knowledge of core SAP modules (MM, SD, FI) is necessary for effective collaboration with functional teams.",Industry Type: IT Services & Consulting,Department: Consulting,"Employment Type: Full Time, Permanent","['interactive reports', 'performance tuning', 'bapis', 'smartforms', 'badis', 'fi', 'adobe forms', 'data migration', 'sd', 'idocs', 'module pool programming', 'bapi', 'sap application', 'alv reports', 'bdcs', 'module pool', 'bdc', 'sap', 'data dictionary', 'sap module', 'alv', 'sap scripts', 'sap abap', 'abap', 'oo abap']",2025-07-01 05:22:39
SAP FICO Consultant,Hanker Systems (india),5 - 10 years,Not Disclosed,"['Hyderabad', 'Pune', 'Gurugram']","We are seeking a highly skilled Senior SAP Finance & Controlling (FICO) Consultant with a deep expertise in Product Costing and hands-on experience in S/4HANA migration projects. The ideal candidate will play a key role in designing, configuring, and implementing SAP FICO solutions, particularly focusing on product costing, financial reporting, and controlling processes.\nYou will collaborate closely with cross-functional teams and stakeholders to drive process improvements and ensure the successful migration to SAP S/4HANA.The ideal candidate would help support and build the Interim state key financial processes in a complex environment during the Transition/migration from SAP ECC to SAP S/4HANA.Highly skilled in cross-module integrations involving SD (Sales & Distribution), MM (Materials Management), and PP (Production Planning) alongside strong knowledge of AR, AP, GL, Asset accounting, Tax (Direct & Indirect), and Consolidation. Should have significant experience in manufacturing industry-specific costing process. This role requires deep functional expertise and configuration ability to design and build business-critical processes through SAP FICO.\n\nExperience on complex cross-system integrations, including FP&A systems like Snowflake, SAC or Adaptive (for planning and forecasting), SAP Revenue Accounting and Reporting (RAR), Vertex and other external systems such as Concur, Blackline, Bloomberg, and others.\n\nKey Responsibilities:\n- SAP ECC to S/4HANA Migration:\nPlan, design, and execute the migration from SAP ECC to S/4HANA, focusing on FICO processes.\nAssess current ECC system configurations, business processes, and financial data to develop migration strategies.\nDrive and manage full-cycle SAP S/4HANA migration projects, from system conversion to new implementations.\nIdentify and manage gaps, changes, and enhancements between ECC and S/4HANA functionalities.\nOwn data migration efforts, including data extraction, transformation, and loading (ETL) to ensure data accuracy and integrity.\nAnalyze business requirements and provide functional expertise, guidance, and solutions aligned with SAP best practices in finance and controlling processes.\n- Financial Modules Configuration:\nLead the design, configuration, and implementation of SAP FICO modules, with a particular focus on Product Costing (CO-PC) and Cost Object Controlling (CO-OM).\nReconfigure or optimize FICO modules (AR, AP, GL, asset accounting, tax, etc.) to bridge the gap between ECC and S/4 environment.\nWork with technical teams to manage adaptations for Business Processes, reporting, workflows, and analytics in cross systems environment.\n- Process Optimization and Design:\nAnalyze and optimize financial processes during the migration to align with the new capabilities of S/4HANA.\nSupport change management initiatives, ensuring minimal disruption during S/4HANA migration and go-live phases.\nStay updated on the latest SAP technologies and trends, providing recommendations for continuous improvement in financial processes.\n- Cross-Module Integrations:\nEnsure seamless integration of FICO modules with other key modules such as SD (Sales & Distribution), MM (Materials Management), and PP (Production Planning).\nCollaborate with business process owners, IT teams, and external vendors to ensure seamless integration between finance, controlling, and other SAP modules (e.g., MM, SD, PP).\n- Data Migration and Validation:\nWork closely with the data migration process teams for all financial and controlling data from ECC to S/4HANA.\nValidate and reconcile migrated data to ensure accuracy and compliance with business requirements.\nTroubleshoot and resolve any issues arising from data migration or system inconsistencies.\n- Stakeholder Management and Collaboration:\nWork closely with business leaders, finance, and IT teams to gather requirements, define solutions, and manage expectations throughout the migration project.\n- Training, Testing and Documentation:\nDevelop and execute test cases for financial processes to validate system functionality in synchronization with ECC and S/4HANA.\nDocument all configurations, process changes, and new functionalities to ensure alignment and future reference.\nConduct workshops and training sessions to enhance user adoption and understanding of new systems and process\n\nSkills:\n- Ability to integrate and streamline multi-system landscapes. This role requires both deep technical and functional expertise.\n- Expertise in SAP FICO modules (AR, AP, GL, tax, asset accounting, consolidation, FSCM Credit Management, Bank account Management) with deep integration knowledge of SD, MM, and PP.\n- Advanced skills in manufacturing industry costing and controlling processes.\n- Strong knowledge of S/4HANA functionalities, Universal Journal, New Asset Accounting, and FIORI.\n- Excellent problem-solving skills and the ability to support complex, cross-functional processes.\n- Strong communication skills and the ability to work with stakeholders at all levels.\nPreferred:\n- SAP certification in FICO and/or S/4HANA is highly desirable.\n- Experience in global SAP implementations or rollouts, with complex multi-system interfaces.\n- Knowledge of cloud-based and on-premises integration technologies (e.g., SAP Cloud Platform Integration, SAP Data Services, Migration Cockpit).\n\nQualifications:\n- Education: Bachelors degree in finance, Accounting, IT, or a related field. SAP FICO certification is preferred.\n- Experience: Minimum 8 years of experience in SAP FICO in ECC and S/4HANA.\n- Strong knowledge of finance and accounting principles combined with deep SAP technical expertise.\n- Familiarity with SAP Fiori and user experience improvements.\n- Strong understanding of taxation and compliance within an SAP environment.",Industry Type: Recruitment / Staffing,Department: Consulting,"Employment Type: Full Time, Permanent","['SAP FICO', 'SAP ECC', 'SAP Data Services', 'SAP implementations', 'S/4HANA Migration']",2025-07-01 05:22:42
SAP SD,Apptad,5 - 10 years,Not Disclosed,['Noida'],"We are looking for a skilled SAP SD professional with 5 to 10 years of experience to join our team at Apptad Technologies Pvt Ltd. The ideal candidate will have a strong background in SAP SD and excellent problem-solving skills.\n\nRoles and Responsibility\nManage and implement SAP SD modules, including sales order processing and customer management.\nCollaborate with cross-functional teams to identify and prioritize project requirements.\nDevelop and maintain technical documentation for SAP SD implementations.\nProvide training and support to end-users on SAP SD functionality.\nTroubleshoot and resolve issues related to SAP SD data migration and integration.\nEnsure compliance with industry standards and best practices for SAP SD implementation.\nJob\nStrong knowledge of SAP SD module and its applications.\nExperience with SAP SD configuration, testing, and deployment.\nExcellent problem-solving skills and attention to detail.\nAbility to work collaboratively in a team environment.\nStrong communication and interpersonal skills.\nFamiliarity with industry-specific regulations and standards.\nRef6566564",Industry Type: Recruitment / Staffing,Department: Consulting,"Employment Type: Full Time, Permanent","['sap', 'sap sd', 'sales order processing', 'sd', 'sd module', 'software testing', 'purchase', 'logistics', 'data migration', 'sap s hana', 'material management', 'procurement', 'supply chain management', 'sap mm', 'mm module', 'technical documentation', 'sap hana', 'sap abap', 'inventory management']",2025-07-01 05:22:44
Business Central (BC) Technical Consultant,Vaco Enterprise,5 - 10 years,Not Disclosed,[],"Role: Business Central (BC) Technical Consultant\nDuration: one month contract\nNotice: Immediate\nShift: 2 pm to 11 pm\nLocation: 100% remote\n\nSummary:\nSeeking a highly motivated Business Central (BC) Technical Consultant. Consultant will be responsible for customizing, integrating and supporting solutions within Dynamics 365 Business Central\n\nResponsibilities:\nDesign, develop, and customize new/existing modules, workflows and analytics requirements in D365 BC\nWork on integrations between Dynamics 365 Business Central and other enterprise systems, including ERP, CRM, and external data sources\nProvide technical troubleshooting and support for existing implementations\nConduct unit testing, assist with user acceptance testing (UAT), and ensure thorough documentation of all developments\nImplement and manage system updates, upgrades, and patches\nAnalyze and optimize the performance of existing Dynamics 365 Business Central setups, ensuring systems run smoothly and efficiently\n\nRequirements:\nBachelors degree (B.Tech/B.E/BCA) or Masters degree (MCA).\n5+ years of hands-on experience with Microsoft Dynamics BC\nStrong knowledge of Microsoft Dynamics 365 Business Central, SQL Server, PowerShell, and other technical tools to manage data and integrations.\nProven experience with AL, C/AL, and other development languages used in Business Central.\nExperience with extensions, API integration, and web services in Dynamics 365 Business Central.\nExperience with data migration tools and techniques\nFamiliarity with Microsoft Power Platform (PowerApps, Power Automate, etc.).\nUnderstanding of ERP business processes, especially in core finance.\nExperience with GIT/Azure DevOps deployment tools.\nStrong knowledge of Agile SCRUM practices.",Industry Type: IT Services & Consulting,Department: Engineering - Software & QA,"Employment Type: Part Time, Temporary/Contractual","['Powershell', 'Business Central', 'API', 'Microsoft Dynamics', 'Navision', 'SQL']",2025-07-01 05:22:46
Test Engineer,Jet2 Travel Technologies,3 - 5 years,Not Disclosed,['Pune'],"We, at Jet2 (UK’s third largest airlines and the second largest tour operator), have set up a state-of-the-art Technology and Innovation Centre in Pune, India.  We are setting up a brand-new Data Engineering program with an aim to make the data assets high quality & available for scientific study leading higher monetization in terms of increased revenue, improved operational efficiency and high-quality service. We are looking for a Test Engineer to join our Data Engineering practice and help us fulfil our aspiration and journey to become a data first organization\nThe successful candidate will play a big role in the success of the new Data Engineering program, the incumbent would work closely with Data Engineering team to build automated testing frameworks for the Data Lake and Data Warehouse environments of Jet2 to ensure high quality certified data available in the platform for consumption. The incumbent will be working under the supervision of Senior Test Engineer and Data Engineering team to deliver testing projects.\n\nRoles and Responsibilities\n  The successful candidate will work independently on test engineering projects with zero or minimal guidance and mentor/guide junior members in the team, the incumbent is expected to operate out of Pune location and collaborate with various stakeholders in Pune, Leeds and Sheffield.\nPartner with Data Engineering team to define quality and ensure that data product meets or exceeds the quality standards\nReview requirements, specifications and technical design documents to provide timely and meaningful feedback\nDevelop software quality assurance (SQA) test plans, write test cases for the given functional requirement, and determine product quality or release readiness\nDevelop and maintain testing framework and automation for Data Engineering pipeline testing and Data Warehouse model testing\nDevelop, prioritize, plan and coordinate testing activities\nDesign, develop and execute automation scripts\nLead and drive Quality Engineering initiatives\nIdentify, record, document bugs and maintain issue tracking system\nPerform functional and integration testing to assure data quality\nDesign and apply data quality assurance practices, processes and standards\nDesign and develop actionable reports and dashboards for continuous improvements\nEnsure tracking, reporting and resolution of issues in a timely manner\nCoordinate and collaborate with broader Data team including Data Architects, Data Scientists, Other Data Engineering Teams, Business Intelligence and Visualisation Teams\n    Technical Skills & Knowledge\nStrong understanding of testing methodologies\nWork experience with testing RDBMS databases\nExpert knowledge of SQL is desired\nHands on experience in working with ETL Testing\nExperience of automated testing tools and frameworks\nHands-on experience of test engineering work in Cloud environment (GCP - preferred, AWS, Azure)\nGood understanding of DevOps/CICD processes and tools\nTest cases creation and management experience\nStrong understanding of APIs and working knowledge on testing APIs.\nExperience of non-functional testing including security and performance testing processes and tools (desirable)\nExperience with source control tools such as Git\\TFS\nTesting and Quality Assurance experience of Data Warehouse environments (Snowflake Cloud Data Warehouse desirable)\n  Soft Skills\nGood communication skill – Written & Verbal\nAbility build strong relationship with people across teams\nExperience of working with people from different geographies particularly UK & US\nAbility to negotiate on project timelines, efforts and resources for win-win situation\nExceptional presentation skill to an ability to do storytelling to create maximum impact of the proposal or final solution\n  Leadership & Organizational Skill\nCollaborate with broader Data team including Data Architects, Data Scientists, Other Data Engineering Teams, Business Intelligence and Visualisation Teams\nWork closely with Senior Test Engineer and Data Engineering Team Lead to help them build Test Engineering Centre of Excellence",Industry Type: Aviation,Department: Engineering - Software & QA,"Employment Type: Full Time, Permanent","['snowflake', 'python', 'rdbms', 'software testing', 'presentation skills', 'verbal communication', 'microsoft azure', 'data warehousing', 'ci/cd', 'sql', 'etl testing', 'git', 'bug life cycle', 'gcp', 'devops', 'writing', 'bug reporting', 'testing methodologies', 'api', 'aws', 'testing concepts', 'communication skills']",2025-07-01 05:22:49
IICS +Snowflake +API,Service based company,5 - 10 years,Not Disclosed,"['Hyderabad', 'Pune']","Job Overview:\nWe are seeking an experienced IICS (Informatica Intelligent Cloud Services) Developer with hands-on experience in the IICS platform. The ideal candidate must have strong knowledge of Snowflake and be proficient in building and managing integrations between different systems and databases. The role will involve working with cloud-based integration solutions, ensuring data flows seamlessly across platforms, and optimizing performance for large-scale data processes.\nKey Responsibilities:\nDesign, develop, and implement data integration solutions using IICS (Informatica Intelligent Cloud Services).\nWork with Snowflake data warehouse solutions, including data loading, transformation, and querying.\nBuild, monitor, and maintain efficient data pipelines between cloud-based systems and Snowflake.\nTroubleshoot and resolve integration issues within the IICS platform and Snowflake.\nEnsure optimal data processing performance and manage data flow between various cloud applications and databases.\nCollaborate with data architects, analysts, and stakeholders to gather requirements and design integration solutions.\nImplement best practices for data governance, security, and data quality within the integration solutions.\nPerform unit testing and debugging of IICS data integration tasks.\nOptimize integration workflows to ensure they meet performance and scalability needs.\nKey Skills:\nHands-on experience with IICS (Informatica Intelligent Cloud Services).\nStrong knowledge and experience working with Snowflake as a cloud data warehouse.\nProficient in building ETL/ELT workflows, including integration of various data sources into Snowflake.\nExperience with SQL and writing complex queries for data transformation and manipulation.\nFamiliarity with data integration techniques and best practices for cloud-based platforms.\nExperience with cloud integration platforms and working with RESTful APIs and other integration protocols.\nAbility to troubleshoot, optimize, and maintain data pipelines effectively.\nKnowledge of data governance, security principles, and data quality standards.\nQualifications:\nBachelors degree in Computer Science, Information Technology, or a related field (or equivalent experience).\nMinimum of 5 years of experience in data integration development.\nProficiency in Snowflake and cloud-based data solutions.\nStrong understanding of ETL/ELT processes and integration design principles.\nExperience working in Agile or similar development methodologies.",Industry Type: IT Services & Consulting,Department: Other,"Employment Type: Full Time, Permanent","['Informatica Intelligent Cloud Services', 'Snowflake', 'API', 'Iics']",2025-07-01 05:22:51
Oracle HCM Consultant (Payroll or OTL),Valueverse Consulting,4 - 8 years,Not Disclosed,['Amritsar'],"Key Responsibilities:\nSupport the configuration and testing of Oracle HCM Cloud Payroll or Time and Labor (OTL) modules.\n\nAssist in gathering client requirements and translating them into system configurations and business process flows.\n\nHelp in preparing functional documentation, test scripts (SIT & UAT), and user guides.\n\nParticipate in payroll/OTL setup activities such as element creation, time entry rules, fast formulas, and validation rules.\n\nAnalyze time and attendance or payroll processing scenarios and support issue resolution.\n\nPerform data validation and assist in data migration from legacy systems.\n\nCollaborate with cross-functional teams including HR, Finance, and IT.",Industry Type: IT Services & Consulting,Department: Engineering - Software & QA,"Employment Type: Full Time, Permanent","['Oracle HCM', 'Oracle HCM Cloud Payroll', 'payroll processing', 'data validation', 'OTL', 'UAT', 'data migration', 'Time and Labor modules', 'SIT']",2025-07-01 05:22:53
Oracle HCM Consultant (Payroll or OTL),Valueverse Consulting,4 - 8 years,Not Disclosed,['Panchkula'],"Key Responsibilities:\nSupport the configuration and testing of Oracle HCM Cloud Payroll or Time and Labor (OTL) modules.\n\nAssist in gathering client requirements and translating them into system configurations and business process flows.\n\nHelp in preparing functional documentation, test scripts (SIT & UAT), and user guides.\n\nParticipate in payroll/OTL setup activities such as element creation, time entry rules, fast formulas, and validation rules.\n\nAnalyze time and attendance or payroll processing scenarios and support issue resolution.\n\nPerform data validation and assist in data migration from legacy systems.\n\nCollaborate with cross-functional teams including HR, Finance, and IT.",Industry Type: IT Services & Consulting,Department: Engineering - Software & QA,"Employment Type: Full Time, Permanent","['otl', 'oracle hcm', 'oracle hcm cloud', 'hcm', 'payroll', 'oracle payroll', 'bi publisher', 'oracle', 'oracle core hr', 'oracle fusion hcm', 'oracle apps technical', 'core hr', 'oracle fusion', 'plsql', 'sql', 'talent management', 'hdl', 'fast formula', 'hcm extracts', 'oracle hrms', 'sshr', 'oracle apps']",2025-07-01 05:22:55
Oracle HCM Consultant (Payroll or OTL),Valueverse Consulting,4 - 8 years,Not Disclosed,['Ludhiana'],"Key Responsibilities:\nSupport the configuration and testing of Oracle HCM Cloud Payroll or Time and Labor (OTL) modules.\n\nAssist in gathering client requirements and translating them into system configurations and business process flows.\n\nHelp in preparing functional documentation, test scripts (SIT & UAT), and user guides.\n\nParticipate in payroll/OTL setup activities such as element creation, time entry rules, fast formulas, and validation rules.\n\nAnalyze time and attendance or payroll processing scenarios and support issue resolution.\n\nPerform data validation and assist in data migration from legacy systems.\n\nCollaborate with cross-functional teams including HR, Finance, and IT.",Industry Type: IT Services & Consulting,Department: Engineering - Software & QA,"Employment Type: Full Time, Permanent","['Oracle HCM', 'Oracle HCM Cloud Payroll', 'payroll processing', 'data validation', 'OTL', 'UAT', 'data migration', 'Time and Labor modules', 'SIT']",2025-07-01 05:22:58
Oracle HCM Consultant (Payroll or OTL),Valueverse Consulting,4 - 8 years,Not Disclosed,['Faridabad'],"Key Responsibilities:\nSupport the configuration and testing of Oracle HCM Cloud Payroll or Time and Labor (OTL) modules.\n\nAssist in gathering client requirements and translating them into system configurations and business process flows.\n\nHelp in preparing functional documentation, test scripts (SIT & UAT), and user guides.\n\nParticipate in payroll/OTL setup activities such as element creation, time entry rules, fast formulas, and validation rules.\n\nAnalyze time and attendance or payroll processing scenarios and support issue resolution.\n\nPerform data validation and assist in data migration from legacy systems.\n\nCollaborate with cross-functional teams including HR, Finance, and IT.",Industry Type: IT Services & Consulting,Department: Engineering - Software & QA,"Employment Type: Full Time, Permanent","['Oracle HCM', 'oracle payroll', 'bi publisher', 'oracle', 'oracle core hr', 'otl', 'oracle fusion hcm', 'oracle hcm cloud', 'oracle apps technical', 'core hr', 'oracle fusion', 'plsql', 'sql', 'talent management', 'hdl', 'hcm', 'fast formula', 'hcm extracts', 'payroll', 'oracle hrms', 'sshr', 'oracle apps']",2025-07-01 05:23:00
Oracle HCM Consultant (Payroll or OTL),Valueverse Consulting,4 - 8 years,Not Disclosed,['Noida'],"Key Responsibilities:\nSupport the configuration and testing of Oracle HCM Cloud Payroll or Time and Labor (OTL) modules.\n\nAssist in gathering client requirements and translating them into system configurations and business process flows.\n\nHelp in preparing functional documentation, test scripts (SIT & UAT), and user guides.\n\nParticipate in payroll/OTL setup activities such as element creation, time entry rules, fast formulas, and validation rules.\n\nAnalyze time and attendance or payroll processing scenarios and support issue resolution.\n\nPerform data validation and assist in data migration from legacy systems.\n\nCollaborate with cross-functional teams including HR, Finance, and IT.",Industry Type: IT Services & Consulting,Department: Engineering - Software & QA,"Employment Type: Full Time, Permanent","['Oracle HCM', 'Oracle HCM Cloud Payroll', 'payroll processing', 'data validation', 'OTL', 'UAT', 'data migration', 'Time and Labor modules', 'SIT']",2025-07-01 05:23:03
SAP MDG Consultant,CARBYNETECH,5 - 10 years,Not Disclosed,['Vijayawada'],"Implement and support SAP Master Data Governance (MDG) solutions, focusing on data consistency and quality across enterprise systems. Key responsibilities include data modeling, UI configuration, workflow customization, and integration with SAP/non-SAP systems. Experience with ALE, IDoc, DRF, and business rule framework required. Strong communication skills and stakeholder coordination are essential.",Industry Type: IT Services & Consulting,Department: Consulting,"Employment Type: Full Time, Permanent","['data modeling', 'ui', 'ale', 'idoc', 'sap mdg', 'webdynpro', 'sap', 'sap fi', 'sap sd', 'data migration', 'webdynpro abap', 'master data management', 'mdg', 'idocs', 'sap master data governance', 'sap mdm', 'brf', 'sapui5', 'sap data services', 'smartforms', 'brf+', 'sap abap', 'sap workflow', 'oo abap']",2025-07-01 05:23:05
SAP MDG Consultant,CARBYNETECH,5 - 10 years,Not Disclosed,['Gwalior'],"Implement and support SAP Master Data Governance (MDG) solutions, focusing on data consistency and quality across enterprise systems. Key responsibilities include data modeling, UI configuration, workflow customization, and integration with SAP/non-SAP systems. Experience with ALE, IDoc, DRF, and business rule framework required. Strong communication skills and stakeholder coordination are essential.",Industry Type: IT Services & Consulting,Department: Consulting,"Employment Type: Full Time, Permanent","['data modeling', 'ui', 'ale', 'idoc', 'sap mdg', 'webdynpro', 'sap', 'sap fi', 'sap sd', 'data migration', 'webdynpro abap', 'master data management', 'mdg', 'idocs', 'sap master data governance', 'sap mdm', 'brf', 'sapui5', 'sap data services', 'smartforms', 'brf+', 'sap abap', 'sap workflow', 'oo abap']",2025-07-01 05:23:08
SAP MDG Consultant,CARBYNETECH,5 - 10 years,Not Disclosed,['Salem'],"Implement and support SAP Master Data Governance (MDG) solutions, focusing on data consistency and quality across enterprise systems. Key responsibilities include data modeling, UI configuration, workflow customization, and integration with SAP/non-SAP systems. Experience with ALE, IDoc, DRF, and business rule framework required. Strong communication skills and stakeholder coordination are essential.",Industry Type: IT Services & Consulting,Department: Consulting,"Employment Type: Full Time, Permanent","['data modeling', 'ui', 'ale', 'idoc', 'sap mdg', 'webdynpro', 'sap', 'sap fi', 'sap sd', 'data migration', 'webdynpro abap', 'master data management', 'mdg', 'idocs', 'sap master data governance', 'sap mdm', 'brf', 'sapui5', 'sap data services', 'smartforms', 'brf+', 'sap abap', 'sap workflow', 'oo abap']",2025-07-01 05:23:10
SAP MDG Consultant,CARBYNETECH,5 - 10 years,Not Disclosed,['Ahmedabad'],"Implement and support SAP Master Data Governance (MDG) solutions, focusing on data consistency and quality across enterprise systems. Key responsibilities include data modeling, UI configuration, workflow customization, and integration with SAP/non-SAP systems. Experience with ALE, IDoc, DRF, and business rule framework required. Strong communication skills and stakeholder coordination are essential.",Industry Type: IT Services & Consulting,Department: Consulting,"Employment Type: Full Time, Permanent","['data modeling', 'ui', 'ale', 'idoc', 'sap mdg', 'webdynpro', 'sap', 'sap fi', 'sap sd', 'data migration', 'webdynpro abap', 'master data management', 'mdg', 'idocs', 'sap master data governance', 'sap mdm', 'brf', 'sapui5', 'sap data services', 'smartforms', 'brf+', 'sap abap', 'sap workflow', 'oo abap']",2025-07-01 05:23:12
SAP MDG Consultant,CARBYNETECH,5 - 10 years,Not Disclosed,['Jodhpur'],"Implement and support SAP Master Data Governance (MDG) solutions, focusing on data consistency and quality across enterprise systems. Key responsibilities include data modeling, UI configuration, workflow customization, and integration with SAP/non-SAP systems. Experience with ALE, IDoc, DRF, and business rule framework required. Strong communication skills and stakeholder coordination are essential.",Industry Type: IT Services & Consulting,Department: Consulting,"Employment Type: Full Time, Permanent","['data modeling', 'ui', 'ale', 'idoc', 'sap mdg', 'webdynpro', 'sap', 'sap fi', 'sap sd', 'data migration', 'webdynpro abap', 'master data management', 'mdg', 'idocs', 'sap master data governance', 'sap mdm', 'brf', 'sapui5', 'sap data services', 'smartforms', 'brf+', 'sap abap', 'sap workflow', 'oo abap']",2025-07-01 05:23:15
SAP MDG Consultant,CARBYNETECH,5 - 10 years,Not Disclosed,['Ranchi'],"Implement and support SAP Master Data Governance (MDG) solutions, focusing on data consistency and quality across enterprise systems. Key responsibilities include data modeling, UI configuration, workflow customization, and integration with SAP/non-SAP systems. Experience with ALE, IDoc, DRF, and business rule framework required. Strong communication skills and stakeholder coordination are essential.",Industry Type: IT Services & Consulting,Department: Consulting,"Employment Type: Full Time, Permanent","['data modeling', 'ui', 'ale', 'idoc', 'sap mdg', 'webdynpro', 'sap', 'sap fi', 'sap sd', 'data migration', 'webdynpro abap', 'master data management', 'mdg', 'idocs', 'sap master data governance', 'sap mdm', 'brf', 'sapui5', 'sap data services', 'smartforms', 'brf+', 'sap abap', 'sap workflow', 'oo abap']",2025-07-01 05:23:18
SAP MDG Consultant,CARBYNETECH,5 - 10 years,Not Disclosed,['Patna'],"Implement and support SAP Master Data Governance (MDG) solutions, focusing on data consistency and quality across enterprise systems. Key responsibilities include data modeling, UI configuration, workflow customization, and integration with SAP/non-SAP systems. Experience with ALE, IDoc, DRF, and business rule framework required. Strong communication skills and stakeholder coordination are essential.",Industry Type: IT Services & Consulting,Department: Consulting,"Employment Type: Full Time, Permanent","['data modeling', 'ui', 'ale', 'idoc', 'sap mdg', 'webdynpro', 'sap', 'sap fi', 'sap sd', 'data migration', 'webdynpro abap', 'master data management', 'mdg', 'idocs', 'sap master data governance', 'sap mdm', 'brf', 'sapui5', 'sap data services', 'smartforms', 'brf+', 'sap abap', 'sap workflow', 'oo abap']",2025-07-01 05:23:20
SAP MDG Consultant,CARBYNETECH,5 - 10 years,Not Disclosed,['Kolkata'],"Implement and support SAP Master Data Governance (MDG) solutions, focusing on data consistency and quality across enterprise systems. Key responsibilities include data modeling, UI configuration, workflow customization, and integration with SAP/non-SAP systems. Experience with ALE, IDoc, DRF, and business rule framework required. Strong communication skills and stakeholder coordination are essential.",Industry Type: IT Services & Consulting,Department: Consulting,"Employment Type: Full Time, Permanent","['data modeling', 'ui', 'ale', 'idoc', 'sap mdg', 'webdynpro', 'sap', 'sap fi', 'sap sd', 'data migration', 'webdynpro abap', 'master data management', 'mdg', 'idocs', 'sap master data governance', 'sap mdm', 'brf', 'sapui5', 'sap data services', 'smartforms', 'brf+', 'sap abap', 'sap workflow', 'oo abap']",2025-07-01 05:23:23
SAP ABAP Consultant,CARBYNETECH,4 - 7 years,Not Disclosed,['Pune'],"Develop and maintain SAP applications using ABAP. Work on custom reports, module pools, forms, interfaces, and data migration. Proficient in classical/interactive reports, SmartForms, BAPIs, BADIs, and performance tuning. Knowledge of core SAP modules (MM, SD, FI) is necessary for effective collaboration with functional teams.",Industry Type: IT Services & Consulting,Department: Consulting,"Employment Type: Full Time, Permanent","['interactive reports', 'performance tuning', 'bapis', 'smartforms', 'badis', 'fi', 'adobe forms', 'data migration', 'sd', 'idocs', 'module pool programming', 'bapi', 'sap application', 'alv reports', 'bdcs', 'module pool', 'bdc', 'sap', 'data dictionary', 'sap module', 'alv', 'sap scripts', 'sap abap', 'abap', 'oo abap']",2025-07-01 05:23:26
SAP ABAP Consultant,CARBYNETECH,4 - 7 years,Not Disclosed,['Mumbai'],"Develop and maintain SAP applications using ABAP. Work on custom reports, module pools, forms, interfaces, and data migration. Proficient in classical/interactive reports, SmartForms, BAPIs, BADIs, and performance tuning. Knowledge of core SAP modules (MM, SD, FI) is necessary for effective collaboration with functional teams.",Industry Type: IT Services & Consulting,Department: Consulting,"Employment Type: Full Time, Permanent","['interactive reports', 'performance tuning', 'bapis', 'smartforms', 'badis', 'fi', 'adobe forms', 'data migration', 'sd', 'idocs', 'module pool programming', 'bapi', 'sap application', 'alv reports', 'bdcs', 'module pool', 'bdc', 'sap', 'data dictionary', 'sap module', 'alv', 'sap scripts', 'sap abap', 'abap', 'oo abap']",2025-07-01 05:23:28
SAP ABAP Consultant,CARBYNETECH,4 - 7 years,Not Disclosed,['Ahmedabad'],"Develop and maintain SAP applications using ABAP. Work on custom reports, module pools, forms, interfaces, and data migration. Proficient in classical/interactive reports, SmartForms, BAPIs, BADIs, and performance tuning. Knowledge of core SAP modules (MM, SD, FI) is necessary for effective collaboration with functional teams.",Industry Type: IT Services & Consulting,Department: Consulting,"Employment Type: Full Time, Permanent","['interactive reports', 'performance tuning', 'bapis', 'smartforms', 'badis', 'fi', 'adobe forms', 'data migration', 'sd', 'idocs', 'module pool programming', 'bapi', 'sap application', 'alv reports', 'bdcs', 'module pool', 'bdc', 'sap', 'data dictionary', 'sap module', 'alv', 'sap scripts', 'sap abap', 'abap', 'oo abap']",2025-07-01 05:23:31
SAP ABAP Consultant,CARBYNETECH,4 - 7 years,Not Disclosed,['Bhubaneswar'],"Develop and maintain SAP applications using ABAP. Work on custom reports, module pools, forms, interfaces, and data migration. Proficient in classical/interactive reports, SmartForms, BAPIs, BADIs, and performance tuning. Knowledge of core SAP modules (MM, SD, FI) is necessary for effective collaboration with functional teams.",Industry Type: IT Services & Consulting,Department: Consulting,"Employment Type: Full Time, Permanent","['interactive reports', 'performance tuning', 'bapis', 'smartforms', 'badis', 'fi', 'adobe forms', 'data migration', 'sd', 'idocs', 'module pool programming', 'bapi', 'sap application', 'alv reports', 'bdcs', 'module pool', 'bdc', 'sap', 'data dictionary', 'sap module', 'alv', 'sap scripts', 'sap abap', 'abap', 'oo abap']",2025-07-01 05:23:33
SAP MDG Consultant,CARBYNETECH,5 - 10 years,Not Disclosed,['Jaipur'],"Implement and support SAP Master Data Governance (MDG) solutions, focusing on data consistency and quality across enterprise systems. Key responsibilities include data modeling, UI configuration, workflow customization, and integration with SAP/non-SAP systems. Experience with ALE, IDoc, DRF, and business rule framework required. Strong communication skills and stakeholder coordination are essential.",Industry Type: IT Services & Consulting,Department: Consulting,"Employment Type: Full Time, Permanent","['data modeling', 'ui', 'ale', 'idoc', 'sap mdg', 'webdynpro', 'sap', 'sap fi', 'sap sd', 'data migration', 'webdynpro abap', 'master data management', 'mdg', 'idocs', 'sap master data governance', 'sap mdm', 'brf', 'sapui5', 'sap data services', 'smartforms', 'brf+', 'sap abap', 'sap workflow', 'oo abap']",2025-07-01 05:23:36
SAP MDG Consultant,CARBYNETECH,5 - 10 years,Not Disclosed,['Thiruvananthapuram'],"Implement and support SAP Master Data Governance (MDG) solutions, focusing on data consistency and quality across enterprise systems. Key responsibilities include data modeling, UI configuration, workflow customization, and integration with SAP/non-SAP systems. Experience with ALE, IDoc, DRF, and business rule framework required. Strong communication skills and stakeholder coordination are essential.",Industry Type: IT Services & Consulting,Department: Consulting,"Employment Type: Full Time, Permanent","['data modeling', 'ui', 'ale', 'idoc', 'sap mdg', 'webdynpro', 'sap', 'sap fi', 'sap sd', 'data migration', 'webdynpro abap', 'master data management', 'mdg', 'idocs', 'sap master data governance', 'sap mdm', 'brf', 'sapui5', 'sap data services', 'smartforms', 'brf+', 'sap abap', 'sap workflow', 'oo abap']",2025-07-01 05:23:38
SAP MDG Consultant,CARBYNETECH,5 - 10 years,Not Disclosed,['Surat'],"Implement and support SAP Master Data Governance (MDG) solutions, focusing on data consistency and quality across enterprise systems. Key responsibilities include data modeling, UI configuration, workflow customization, and integration with SAP/non-SAP systems. Experience with ALE, IDoc, DRF, and business rule framework required. Strong communication skills and stakeholder coordination are essential.",Industry Type: IT Services & Consulting,Department: Consulting,"Employment Type: Full Time, Permanent","['data modeling', 'ui', 'ale', 'idoc', 'sap mdg', 'webdynpro', 'sap', 'sap fi', 'sap sd', 'data migration', 'webdynpro abap', 'master data management', 'mdg', 'idocs', 'sap master data governance', 'sap mdm', 'brf', 'sapui5', 'sap data services', 'smartforms', 'brf+', 'sap abap', 'sap workflow', 'oo abap']",2025-07-01 05:23:41
SAP MDG Consultant,CARBYNETECH,5 - 10 years,Not Disclosed,['Vadodara'],"Implement and support SAP Master Data Governance (MDG) solutions, focusing on data consistency and quality across enterprise systems. Key responsibilities include data modeling, UI configuration, workflow customization, and integration with SAP/non-SAP systems. Experience with ALE, IDoc, DRF, and business rule framework required. Strong communication skills and stakeholder coordination are essential.",Industry Type: IT Services & Consulting,Department: Consulting,"Employment Type: Full Time, Permanent","['data modeling', 'ui', 'ale', 'idoc', 'sap mdg', 'webdynpro', 'sap', 'sap fi', 'sap sd', 'data migration', 'webdynpro abap', 'master data management', 'mdg', 'idocs', 'sap master data governance', 'sap mdm', 'brf', 'sapui5', 'sap data services', 'smartforms', 'brf+', 'sap abap', 'sap workflow', 'oo abap']",2025-07-01 05:23:43
SAP MDG Consultant,CARBYNETECH,5 - 10 years,Not Disclosed,['Visakhapatnam'],"Implement and support SAP Master Data Governance (MDG) solutions, focusing on data consistency and quality across enterprise systems. Key responsibilities include data modeling, UI configuration, workflow customization, and integration with SAP/non-SAP systems. Experience with ALE, IDoc, DRF, and business rule framework required. Strong communication skills and stakeholder coordination are essential.",Industry Type: IT Services & Consulting,Department: Consulting,"Employment Type: Full Time, Permanent","['data modeling', 'ui', 'ale', 'idoc', 'sap mdg', 'webdynpro', 'sap', 'sap fi', 'sap sd', 'data migration', 'webdynpro abap', 'master data management', 'mdg', 'idocs', 'sap master data governance', 'sap mdm', 'brf', 'sapui5', 'sap data services', 'smartforms', 'brf+', 'sap abap', 'sap workflow', 'oo abap']",2025-07-01 05:23:45
SAP MDG Consultant,CARBYNETECH,5 - 10 years,Not Disclosed,['Chennai'],"Implement and support SAP Master Data Governance (MDG) solutions, focusing on data consistency and quality across enterprise systems. Key responsibilities include data modeling, UI configuration, workflow customization, and integration with SAP/non-SAP systems. Experience with ALE, IDoc, DRF, and business rule framework required. Strong communication skills and stakeholder coordination are essential.",Industry Type: IT Services & Consulting,Department: Consulting,"Employment Type: Full Time, Permanent","['data modeling', 'ui', 'ale', 'idoc', 'sap mdg', 'webdynpro', 'sap', 'sap fi', 'sap sd', 'data migration', 'webdynpro abap', 'master data management', 'mdg', 'idocs', 'sap master data governance', 'sap mdm', 'brf', 'sapui5', 'sap data services', 'smartforms', 'brf+', 'sap abap', 'sap workflow', 'oo abap']",2025-07-01 05:23:48
SAP MDG Consultant,CARBYNETECH,5 - 10 years,Not Disclosed,['Hyderabad'],"Implement and support SAP Master Data Governance (MDG) solutions, focusing on data consistency and quality across enterprise systems. Key responsibilities include data modeling, UI configuration, workflow customization, and integration with SAP/non-SAP systems. Experience with ALE, IDoc, DRF, and business rule framework required. Strong communication skills and stakeholder coordination are essential.",Industry Type: IT Services & Consulting,Department: Consulting,"Employment Type: Full Time, Permanent","['data modeling', 'ui', 'ale', 'idoc', 'sap mdg', 'webdynpro', 'sap', 'sap fi', 'sap sd', 'data migration', 'webdynpro abap', 'master data management', 'mdg', 'idocs', 'sap master data governance', 'sap mdm', 'brf', 'sapui5', 'sap data services', 'smartforms', 'brf+', 'sap abap', 'sap workflow', 'oo abap']",2025-07-01 05:23:50
SAP MDG Consultant,CARBYNETECH,5 - 10 years,Not Disclosed,['Jamshedpur'],"Implement and support SAP Master Data Governance (MDG) solutions, focusing on data consistency and quality across enterprise systems. Key responsibilities include data modeling, UI configuration, workflow customization, and integration with SAP/non-SAP systems. Experience with ALE, IDoc, DRF, and business rule framework required. Strong communication skills and stakeholder coordination are essential.",Industry Type: IT Services & Consulting,Department: Consulting,"Employment Type: Full Time, Permanent","['data modeling', 'ui', 'ale', 'idoc', 'sap mdg', 'webdynpro', 'sap', 'sap fi', 'sap sd', 'data migration', 'webdynpro abap', 'master data management', 'mdg', 'idocs', 'sap master data governance', 'sap mdm', 'brf', 'sapui5', 'sap data services', 'smartforms', 'brf+', 'sap abap', 'sap workflow', 'oo abap']",2025-07-01 05:23:52
SAP ABAP Consultant,CARBYNETECH,4 - 7 years,Not Disclosed,['Surat'],"Develop and maintain SAP applications using ABAP. Work on custom reports, module pools, forms, interfaces, and data migration. Proficient in classical/interactive reports, SmartForms, BAPIs, BADIs, and performance tuning. Knowledge of core SAP modules (MM, SD, FI) is necessary for effective collaboration with functional teams.",Industry Type: IT Services & Consulting,Department: Consulting,"Employment Type: Full Time, Permanent","['interactive reports', 'performance tuning', 'bapis', 'smartforms', 'badis', 'fi', 'adobe forms', 'data migration', 'sd', 'idocs', 'module pool programming', 'bapi', 'sap application', 'alv reports', 'bdcs', 'module pool', 'bdc', 'sap', 'data dictionary', 'sap module', 'alv', 'sap scripts', 'sap abap', 'abap', 'oo abap']",2025-07-01 05:23:55
SAP ABAP Consultant,CARBYNETECH,8 - 9 years,Not Disclosed,['Coimbatore'],"Develop and maintain SAP applications using ABAP. Work on custom reports, module pools, forms, interfaces, and data migration. Proficient in classical/interactive reports, SmartForms, BAPIs, BADIs, and performance tuning. Knowledge of core SAP modules (MM, SD, FI) is necessary for effective collaboration with functional teams.",Industry Type: IT Services & Consulting,Department: Consulting,"Employment Type: Full Time, Permanent","['interactive reports', 'performance tuning', 'bapis', 'smartforms', 'badis', 'fi', 'adobe forms', 'data migration', 'sd', 'idocs', 'module pool programming', 'bapi', 'sap application', 'alv reports', 'bdcs', 'module pool', 'bdc', 'sap', 'data dictionary', 'sap module', 'alv', 'sap scripts', 'sap abap', 'abap', 'oo abap']",2025-07-01 05:23:57
SAP MDG Consultant,CARBYNETECH,5 - 10 years,Not Disclosed,['Mumbai'],"Implement and support SAP Master Data Governance (MDG) solutions, focusing on data consistency and quality across enterprise systems. Key responsibilities include data modeling, UI configuration, workflow customization, and integration with SAP/non-SAP systems. Experience with ALE, IDoc, DRF, and business rule framework required. Strong communication skills and stakeholder coordination are essential.",Industry Type: IT Services & Consulting,Department: Consulting,"Employment Type: Full Time, Permanent","['data modeling', 'ui', 'ale', 'idoc', 'sap mdg', 'webdynpro', 'sap', 'sap fi', 'sap sd', 'data migration', 'webdynpro abap', 'master data management', 'mdg', 'idocs', 'sap master data governance', 'sap mdm', 'brf', 'sapui5', 'sap data services', 'smartforms', 'brf+', 'sap abap', 'sap workflow', 'oo abap']",2025-07-01 05:24:00
SAP MDG Consultant,CARBYNETECH,5 - 10 years,Not Disclosed,['Indore'],"Implement and support SAP Master Data Governance (MDG) solutions, focusing on data consistency and quality across enterprise systems. Key responsibilities include data modeling, UI configuration, workflow customization, and integration with SAP/non-SAP systems. Experience with ALE, IDoc, DRF, and business rule framework required. Strong communication skills and stakeholder coordination are essential.",Industry Type: IT Services & Consulting,Department: Consulting,"Employment Type: Full Time, Permanent","['data modeling', 'ui', 'ale', 'idoc', 'sap mdg', 'webdynpro', 'sap', 'sap fi', 'sap sd', 'data migration', 'webdynpro abap', 'master data management', 'mdg', 'idocs', 'sap master data governance', 'sap mdm', 'brf', 'sapui5', 'sap data services', 'smartforms', 'brf+', 'sap abap', 'sap workflow', 'oo abap']",2025-07-01 05:24:02
SAP MDG Consultant,CARBYNETECH,5 - 10 years,Not Disclosed,['Aurangabad'],"Implement and support SAP Master Data Governance (MDG) solutions, focusing on data consistency and quality across enterprise systems. Key responsibilities include data modeling, UI configuration, workflow customization, and integration with SAP/non-SAP systems. Experience with ALE, IDoc, DRF, and business rule framework required. Strong communication skills and stakeholder coordination are essential.",Industry Type: IT Services & Consulting,Department: Consulting,"Employment Type: Full Time, Permanent","['data modeling', 'ui', 'ale', 'idoc', 'sap mdg', 'webdynpro', 'sap', 'sap fi', 'sap sd', 'data migration', 'webdynpro abap', 'master data management', 'mdg', 'idocs', 'sap master data governance', 'sap mdm', 'brf', 'sapui5', 'sap data services', 'smartforms', 'brf+', 'sap abap', 'sap workflow', 'oo abap']",2025-07-01 05:24:04
SAP MDG Consultant,CARBYNETECH,5 - 10 years,Not Disclosed,['Nagpur'],"Implement and support SAP Master Data Governance (MDG) solutions, focusing on data consistency and quality across enterprise systems. Key responsibilities include data modeling, UI configuration, workflow customization, and integration with SAP/non-SAP systems. Experience with ALE, IDoc, DRF, and business rule framework required. Strong communication skills and stakeholder coordination are essential.",Industry Type: IT Services & Consulting,Department: Consulting,"Employment Type: Full Time, Permanent","['data modeling', 'ui', 'ale', 'idoc', 'sap mdg', 'webdynpro', 'sap', 'sap fi', 'sap sd', 'data migration', 'webdynpro abap', 'master data management', 'mdg', 'idocs', 'sap master data governance', 'sap mdm', 'brf', 'sapui5', 'sap data services', 'smartforms', 'brf+', 'sap abap', 'sap workflow', 'oo abap']",2025-07-01 05:24:07
SAP ABAP Consultant,CARBYNETECH,4 - 7 years,Not Disclosed,['Hyderabad'],"Develop and maintain SAP applications using ABAP. Work on custom reports, module pools, forms, interfaces, and data migration. Proficient in classical/interactive reports, SmartForms, BAPIs, BADIs, and performance tuning. Knowledge of core SAP modules (MM, SD, FI) is necessary for effective collaboration with functional teams.",Industry Type: IT Services & Consulting,Department: Consulting,"Employment Type: Full Time, Permanent","['interactive reports', 'performance tuning', 'bapis', 'smartforms', 'badis', 'fi', 'adobe forms', 'data migration', 'sd', 'idocs', 'module pool programming', 'bapi', 'sap application', 'alv reports', 'bdcs', 'module pool', 'bdc', 'sap', 'data dictionary', 'sap module', 'alv', 'sap scripts', 'sap abap', 'abap', 'oo abap']",2025-07-01 05:24:09
SAP ABAP Consultant,CARBYNETECH,4 - 7 years,Not Disclosed,['Jaipur'],"Develop and maintain SAP applications using ABAP. Work on custom reports, module pools, forms, interfaces, and data migration. Proficient in classical/interactive reports, SmartForms, BAPIs, BADIs, and performance tuning. Knowledge of core SAP modules (MM, SD, FI) is necessary for effective collaboration with functional teams.",Industry Type: IT Services & Consulting,Department: Consulting,"Employment Type: Full Time, Permanent","['interactive reports', 'performance tuning', 'bapis', 'smartforms', 'badis', 'fi', 'adobe forms', 'data migration', 'sd', 'idocs', 'module pool programming', 'bapi', 'sap application', 'alv reports', 'bdcs', 'module pool', 'bdc', 'sap', 'data dictionary', 'sap module', 'alv', 'sap scripts', 'sap abap', 'abap', 'oo abap']",2025-07-01 05:24:12
SAP ABAP Consultant,CARBYNETECH,4 - 7 years,Not Disclosed,['Chennai'],"Develop and maintain SAP applications using ABAP. Work on custom reports, module pools, forms, interfaces, and data migration. Proficient in classical/interactive reports, SmartForms, BAPIs, BADIs, and performance tuning. Knowledge of core SAP modules (MM, SD, FI) is necessary for effective collaboration with functional teams.",Industry Type: IT Services & Consulting,Department: Consulting,"Employment Type: Full Time, Permanent","['interactive reports', 'performance tuning', 'bapis', 'smartforms', 'badis', 'fi', 'adobe forms', 'data migration', 'sd', 'idocs', 'module pool programming', 'bapi', 'sap application', 'alv reports', 'bdcs', 'module pool', 'bdc', 'sap', 'data dictionary', 'sap module', 'alv', 'sap scripts', 'sap abap', 'abap', 'oo abap']",2025-07-01 05:24:14
SAP ABAP Consultant,CARBYNETECH,4 - 7 years,Not Disclosed,['Visakhapatnam'],"Develop and maintain SAP applications using ABAP. Work on custom reports, module pools, forms, interfaces, and data migration. Proficient in classical/interactive reports, SmartForms, BAPIs, BADIs, and performance tuning. Knowledge of core SAP modules (MM, SD, FI) is necessary for effective collaboration with functional teams.",Industry Type: IT Services & Consulting,Department: Consulting,"Employment Type: Full Time, Permanent","['interactive reports', 'performance tuning', 'bapis', 'smartforms', 'badis', 'fi', 'adobe forms', 'data migration', 'sd', 'idocs', 'module pool programming', 'bapi', 'sap application', 'alv reports', 'bdcs', 'module pool', 'bdc', 'sap', 'data dictionary', 'sap module', 'alv', 'sap scripts', 'sap abap', 'abap', 'oo abap']",2025-07-01 05:24:17
SAP ABAP Consultant,CARBYNETECH,4 - 7 years,Not Disclosed,['Bhopal'],"Develop and maintain SAP applications using ABAP. Work on custom reports, module pools, forms, interfaces, and data migration. Proficient in classical/interactive reports, SmartForms, BAPIs, BADIs, and performance tuning. Knowledge of core SAP modules (MM, SD, FI) is necessary for effective collaboration with functional teams.",Industry Type: IT Services & Consulting,Department: Consulting,"Employment Type: Full Time, Permanent","['interactive reports', 'performance tuning', 'bapis', 'smartforms', 'badis', 'fi', 'adobe forms', 'data migration', 'sd', 'idocs', 'module pool programming', 'bapi', 'sap application', 'alv reports', 'bdcs', 'module pool', 'bdc', 'sap', 'data dictionary', 'sap module', 'alv', 'sap scripts', 'sap abap', 'abap', 'oo abap']",2025-07-01 05:24:20
SAP ABAP Consultant,CARBYNETECH,4 - 7 years,Not Disclosed,['Nagpur'],"Develop and maintain SAP applications using ABAP. Work on custom reports, module pools, forms, interfaces, and data migration. Proficient in classical/interactive reports, SmartForms, BAPIs, BADIs, and performance tuning. Knowledge of core SAP modules (MM, SD, FI) is necessary for effective collaboration with functional teams.",Industry Type: IT Services & Consulting,Department: Consulting,"Employment Type: Full Time, Permanent","['interactive reports', 'performance tuning', 'bapis', 'smartforms', 'badis', 'fi', 'adobe forms', 'data migration', 'sd', 'idocs', 'module pool programming', 'bapi', 'sap application', 'alv reports', 'bdcs', 'module pool', 'bdc', 'sap', 'data dictionary', 'sap module', 'alv', 'sap scripts', 'sap abap', 'abap', 'oo abap']",2025-07-01 05:24:22
Database Engineer,Stayahead,0 - 2 years,Not Disclosed,['Coimbatore'],"Job Summary:\nWe are seeking a skilled and detail-oriented Database Developer/Engineer with strong experience in DB scripting and working knowledge of Oracle, MySQL, and MongoDB. The ideal candidate will be responsible for designing, developing, and maintaining database systems to ensure data integrity, performance, and security.\nKey Responsibilities:\nWrite efficient and reusable SQL scripts, stored procedures, functions, and triggers.\nDesign, implement, and maintain relational and NoSQL databases (Oracle, MySQL, MongoDB).\nPerform database tuning, optimization, and performance analysis.\nEnsure high availability and reliability of database systems.\nCollaborate with application developers to design and implement data models.\nManage and monitor backups, restores, and database recovery plans.\nAnalyze complex data requirements and transform them into effective database structures.\nRequired Skills & Qualifications:\nBachelors degree in Computer Science, Information Technology, or related field.\n1-3 years of experience in:\no DB Scripting (PL/SQL, T-SQL, or equivalent).\no Oracle database administration and development.\no MySQL development and tuning.\no MongoDB document-based data modeling and query design.\nStrong understanding of database design, normalization, and indexing.\nGood analytical and problem-solving skills.\nExperience with database tools and performance tuning techniques.\nNice to Have:\nExperience in data migration and ETL processes.\nFamiliarity with cloud databases (e.g., AWS RDS, MongoDB Atlas).\nExposure to DevOps tools and CI/CD pipelines for DB deployment.",Industry Type: IT Services & Consulting,Department: Engineering - Software & QA,"Employment Type: Full Time, Permanent","['Database Engineering', 'T-SQL', 'PL/SQL', 'MySQL', 'MongoDB', 'database tuning', 'Oracle', 'ETL', 'stored procedure']",2025-07-01 05:24:25
Database Administrator AWS RDS Specialist,Apptad,4 - 9 years,Not Disclosed,['Hyderabad'],"We are looking for a skilled Database Administrator with expertise in AWS RDS to manage, optimize, and secure our database systems. The ideal candidate will have 4 to 9 years of experience in database management, performance tuning, and cloud-based solutions.\n\nRoles and Responsibility\nAdminister and maintain AWS RDS databases, including PostgreSQL, MySQL, and other supported engines.\nMonitor database performance and optimize queries, indexes, and overall system efficiency.\nDesign and implement backup and recovery strategies to ensure data integrity and minimize downtime.\nPerform data migrations to AWS RDS ensuring seamless transitions and data accuracy.\nSet up and maintain database replication for high availability and disaster recovery.\nEstablish and enforce database security measures, including access controls and encryption.\nUtilize AWS CloudWatch and other monitoring tools to ensure database health and automate scaling.\nTroubleshoot and resolve database issues, including performance bottlenecks and replication errors.\nCollaborate with cross-functional teams to support DevOps and CI/CD pipelines.\nJob\nBachelor's degree in Computer Science, Information Technology, or a related field.\nMinimum 4 years of experience in database administration, with at least 2 years specializing in AWS RDS.\nProficiency in database engines like PostgreSQL, MySQL, and SQL Server.\nHands-on experience with AWS services such as CloudWatch, IAM, and VPC.\nStrong knowledge of database security, failover, and recovery techniques.\nFamiliarity with Infrastructure as Code (IaC) tools like Terraform or CloudFormation.\nExcellent problem-solving skills and the ability to work in a fast-paced environment.\nPreferred Skills:\nAWS Certified Database Specialty or Solutions Architect certification, experience with multiregion database setups and high availability configurations, knowledge of scripting languages like Python or Bash for automation.",Industry Type: Recruitment / Staffing,Department: Engineering - Software & QA,"Employment Type: Full Time, Permanent","['database security', 'recovery', 'amazon rds', 'database administration', 'failover', 'python', 'performance tuning', 'aws cloudformation', 'sql server', 'database management', 'sql dba', 'postgresql', 'iam', 'terraform', 'bash', 'mysql', 'log shipping', 'clustering', 'aws', 'mirroring', 'amazon cloudwatch']",2025-07-01 05:24:27
SAP Project / Program Manager,Suzva Software Technologies,10 - 15 years,Not Disclosed,['Mumbai'],"(Work from Office 5 Days/Week)\nNotice Period: Immediate to 15 Days Maximum\n\nKey Criteria:\nMinimum 10+ years of SAP Project/Program Management experience\n\nLed 2+ end-to-end implementations of SAP S/4HANA Public Cloud\n\nAt least 1 implementation in EPC (Engineering, Procurement & Construction) domain\n\nPreferred Certifications: PMP, Prince2, or Agile\n\nStrong leadership, stakeholder engagement, and team coordination skills\n\nMust be Mumbai-based or willing to relocate\n\nPrimary Skills Required:\nSAP S/4HANA Public Cloud Project Management\n\nSAP Activate Methodology\n\nStrong Communication & Risk Management\n\nEPC Domain Understanding\n\nStakeholder Management\n\nProject Planning & Budgeting\n\nCutover & UAT Oversight\n\nHyper-care & Post-Go-Live Support\n\nChange Management\n\nTeam Leadership\n\nKey Responsibilities:\nLead and manage end-to-end SAP S/4HANA Public Cloud implementation\n\nDefine and execute project scope, timeline, deliverables, and milestones\n\nLiaise with business, internal IT, and external SAP partners\n\nDrive SAP Activate methodology across the implementation lifecycle\n\nManage risk logs, issues, change requests, and project escalations\n\nEnsure delivery within defined timelines and budget\n\nFacilitate data migration, cutover activities, UAT coordination, and hyper-care\n\nPromote adoption of SAP best practices and manage regular cloud release cycles\n\nThis is a high-impact leadership role with strategic visibility, and the client is looking to onboard qualified professionals immediately. Let me know if you want help screening candidates or preparing interview questions.",Industry Type: IT Services & Consulting,Department: Project & Program Management,"Employment Type: Full Time, Permanent","['SAP', 'Program Management', 'PMP', 'Project Management', 'SAP Activate Methodology', 'data migration', 'Project Planning', 'Prince2']",2025-07-01 05:24:29
Oracle HCM Consultant ( Payroll or OTL ),Valueverse Consulting,4 - 8 years,Not Disclosed,['Indore'],"Key Responsibilities:\nSupport the configuration and testing of Oracle HCM Cloud Payroll or Time and Labor (OTL) modules.\n\nAssist in gathering client requirements and translating them into system configurations and business process flows.\n\nHelp in preparing functional documentation, test scripts (SIT & UAT), and user guides.\n\nParticipate in payroll/OTL setup activities such as element creation, time entry rules, fast formulas, and validation rules.\n\nAnalyze time and attendance or payroll processing scenarios and support issue resolution.\n\nPerform data validation and assist in data migration from legacy systems.\n\nCollaborate with cross-functional teams including HR, Finance, and IT.",Industry Type: IT Services & Consulting,Department: Engineering - Software & QA,"Employment Type: Full Time, Permanent","['Oracle HCM Cloud', 'oracle payroll', 'bi publisher', 'otl', 'oracle fusion hcm', 'oracle apps technical', 'core hr', 'oracle fusion', 'plsql', 'sql', 'talent management', 'payroll', 'oracle hrms', 'sshr']",2025-07-01 05:24:31
Oracle HCM Consultant ( Payroll or OTL ),Valueverse Consulting,4 - 8 years,Not Disclosed,['Bhopal'],"Key Responsibilities:\nSupport the configuration and testing of Oracle HCM Cloud Payroll or Time and Labor (OTL) modules.\n\nAssist in gathering client requirements and translating them into system configurations and business process flows.\n\nHelp in preparing functional documentation, test scripts (SIT & UAT), and user guides.\n\nParticipate in payroll/OTL setup activities such as element creation, time entry rules, fast formulas, and validation rules.\n\nAnalyze time and attendance or payroll processing scenarios and support issue resolution.\n\nPerform data validation and assist in data migration from legacy systems.\n\nCollaborate with cross-functional teams including HR, Finance, and IT.",Industry Type: IT Services & Consulting,Department: Engineering - Software & QA,"Employment Type: Full Time, Permanent","['Oracle HCM Cloud', 'oracle payroll', 'bi publisher', 'otl', 'oracle fusion hcm', 'oracle apps technical', 'core hr', 'oracle fusion', 'plsql', 'sql', 'talent management', 'payroll', 'oracle hrms', 'sshr']",2025-07-01 05:24:34
Oracle HCM Consultant ( Payroll or OTL ),Valueverse Consulting,4 - 8 years,Not Disclosed,['Ranchi'],"Key Responsibilities:\nSupport the configuration and testing of Oracle HCM Cloud Payroll or Time and Labor (OTL) modules.\n\nAssist in gathering client requirements and translating them into system configurations and business process flows.\n\nHelp in preparing functional documentation, test scripts (SIT & UAT), and user guides.\n\nParticipate in payroll/OTL setup activities such as element creation, time entry rules, fast formulas, and validation rules.\n\nAnalyze time and attendance or payroll processing scenarios and support issue resolution.\n\nPerform data validation and assist in data migration from legacy systems.\n\nCollaborate with cross-functional teams including HR, Finance, and IT.",Industry Type: IT Services & Consulting,Department: Engineering - Software & QA,"Employment Type: Full Time, Permanent","['Oracle HCM Cloud', 'oracle payroll', 'bi publisher', 'otl', 'oracle fusion hcm', 'oracle apps technical', 'core hr', 'oracle fusion', 'plsql', 'sql', 'talent management', 'payroll', 'oracle hrms', 'sshr']",2025-07-01 05:24:36
Oracle HCM Consultant ( Payroll or OTL ),Valueverse Consulting,4 - 8 years,Not Disclosed,['Vadodara'],"Key Responsibilities:\nSupport the configuration and testing of Oracle HCM Cloud Payroll or Time and Labor (OTL) modules.\n\nAssist in gathering client requirements and translating them into system configurations and business process flows.\n\nHelp in preparing functional documentation, test scripts (SIT & UAT), and user guides.\n\nParticipate in payroll/OTL setup activities such as element creation, time entry rules, fast formulas, and validation rules.\n\nAnalyze time and attendance or payroll processing scenarios and support issue resolution.\n\nPerform data validation and assist in data migration from legacy systems.\n\nCollaborate with cross-functional teams including HR, Finance, and IT.",Industry Type: IT Services & Consulting,Department: Engineering - Software & QA,"Employment Type: Full Time, Permanent","['Oracle HCM Cloud', 'oracle payroll', 'bi publisher', 'otl', 'oracle fusion hcm', 'oracle apps technical', 'core hr', 'oracle fusion', 'plsql', 'sql', 'talent management', 'payroll', 'oracle hrms', 'sshr']",2025-07-01 05:24:38
Oracle HCM Consultant ( Payroll or OTL ),Valueverse Consulting,4 - 8 years,Not Disclosed,['Miraj'],"Key Responsibilities:\nSupport the configuration and testing of Oracle HCM Cloud Payroll or Time and Labor (OTL) modules.\n\nAssist in gathering client requirements and translating them into system configurations and business process flows.\n\nHelp in preparing functional documentation, test scripts (SIT & UAT), and user guides.\n\nParticipate in payroll/OTL setup activities such as element creation, time entry rules, fast formulas, and validation rules.\n\nAnalyze time and attendance or payroll processing scenarios and support issue resolution.\n\nPerform data validation and assist in data migration from legacy systems.\n\nCollaborate with cross-functional teams including HR, Finance, and IT.",Industry Type: IT Services & Consulting,Department: Engineering - Software & QA,"Employment Type: Full Time, Permanent","['Oracle HCM Cloud', 'oracle payroll', 'bi publisher', 'otl', 'oracle fusion hcm', 'oracle apps technical', 'core hr', 'oracle fusion', 'plsql', 'sql', 'talent management', 'payroll', 'oracle hrms', 'sshr']",2025-07-01 05:24:40
Oracle HCM Consultant ( Payroll or OTL ),Valueverse Consulting,4 - 8 years,Not Disclosed,['Tamil Nadu'],"Key Responsibilities:\nSupport the configuration and testing of Oracle HCM Cloud Payroll or Time and Labor (OTL) modules.\n\nAssist in gathering client requirements and translating them into system configurations and business process flows.\n\nHelp in preparing functional documentation, test scripts (SIT & UAT), and user guides.\n\nParticipate in payroll/OTL setup activities such as element creation, time entry rules, fast formulas, and validation rules.\n\nAnalyze time and attendance or payroll processing scenarios and support issue resolution.\n\nPerform data validation and assist in data migration from legacy systems.\n\nCollaborate with cross-functional teams including HR, Finance, and IT.",Industry Type: IT Services & Consulting,Department: Engineering - Software & QA,"Employment Type: Full Time, Permanent","['Oracle HCM Cloud', 'oracle payroll', 'bi publisher', 'otl', 'oracle fusion hcm', 'oracle apps technical', 'core hr', 'oracle fusion', 'plsql', 'sql', 'talent management', 'payroll', 'oracle hrms', 'sshr']",2025-07-01 05:24:43
SAP MDG Consultant,CARBYNETECH,5 - 10 years,Not Disclosed,['Madurai'],"Implement and support SAP Master Data Governance (MDG) solutions, focusing on data consistency and quality across enterprise systems. Key responsibilities include data modeling, UI configuration, workflow customization, and integration with SAP/non-SAP systems. Experience with ALE, IDoc, DRF, and business rule framework required. Strong communication skills and stakeholder coordination are essential.",Industry Type: IT Services & Consulting,Department: Consulting,"Employment Type: Full Time, Permanent","['data modeling', 'ui', 'ale', 'idoc', 'sap mdg', 'webdynpro', 'sap', 'sap fi', 'sap sd', 'data migration', 'webdynpro abap', 'master data management', 'mdg', 'idocs', 'sap master data governance', 'sap mdm', 'brf', 'sapui5', 'sap data services', 'smartforms', 'brf+', 'sap abap', 'sap workflow', 'oo abap']",2025-07-01 05:24:45
Oracle HCM Consultant ( Payroll or OTL),Valueverse Consulting,4 - 8 years,Not Disclosed,['Samdari'],"Key Responsibilities:\nSupport the configuration and testing of Oracle HCM Cloud Payroll or Time and Labor (OTL) modules.\n\nAssist in gathering client requirements and translating them into system configurations and business process flows.\n\nHelp in preparing functional documentation, test scripts (SIT & UAT), and user guides.\n\nParticipate in payroll/OTL setup activities such as element creation, time entry rules, fast formulas, and validation rules.\n\nAnalyze time and attendance or payroll processing scenarios and support issue resolution.\n\nPerform data validation and assist in data migration from legacy systems.\n\nCollaborate with cross-functional teams including HR, Finance, and IT.",Industry Type: IT Services & Consulting,Department: Engineering - Software & QA,"Employment Type: Full Time, Permanent","['Oracle HCM', 'Payroll management', 'OTL', 'Oracle HCM Cloud', 'data migration', 'Oracle HCM Consultant']",2025-07-01 05:24:47
SAP MDG Consultant,CARBYNETECH,5 - 10 years,Not Disclosed,['Hubli'],"Implement and support SAP Master Data Governance (MDG) solutions, focusing on data consistency and quality across enterprise systems. Key responsibilities include data modeling, UI configuration, workflow customization, and integration with SAP/non-SAP systems. Experience with ALE, IDoc, DRF, and business rule framework required. Strong communication skills and stakeholder coordination are essential.",Industry Type: IT Services & Consulting,Department: Consulting,"Employment Type: Full Time, Permanent","['data modeling', 'ui', 'ale', 'idoc', 'sap mdg', 'webdynpro', 'sap', 'sap fi', 'sap sd', 'data migration', 'webdynpro abap', 'master data management', 'mdg', 'idocs', 'sap master data governance', 'sap mdm', 'brf', 'sapui5', 'sap data services', 'smartforms', 'brf+', 'sap abap', 'sap workflow', 'oo abap']",2025-07-01 05:24:49
SAP MDG Consultant,CARBYNETECH,5 - 10 years,Not Disclosed,['Guwahati'],"Implement and support SAP Master Data Governance (MDG) solutions, focusing on data consistency and quality across enterprise systems. Key responsibilities include data modeling, UI configuration, workflow customization, and integration with SAP/non-SAP systems. Experience with ALE, IDoc, DRF, and business rule framework required. Strong communication skills and stakeholder coordination are essential.",Industry Type: IT Services & Consulting,Department: Consulting,"Employment Type: Full Time, Permanent","['data modeling', 'ui', 'ale', 'idoc', 'sap mdg', 'webdynpro', 'sap', 'sap fi', 'sap sd', 'data migration', 'webdynpro abap', 'master data management', 'mdg', 'idocs', 'sap master data governance', 'sap mdm', 'brf', 'sapui5', 'sap data services', 'smartforms', 'brf+', 'sap abap', 'sap workflow', 'oo abap']",2025-07-01 05:24:52
SAP MDG Consultant,CARBYNETECH,5 - 10 years,Not Disclosed,['Nashik'],"Implement and support SAP Master Data Governance (MDG) solutions, focusing on data consistency and quality across enterprise systems. Key responsibilities include data modeling, UI configuration, workflow customization, and integration with SAP/non-SAP systems. Experience with ALE, IDoc, DRF, and business rule framework required. Strong communication skills and stakeholder coordination are essential.",Industry Type: IT Services & Consulting,Department: Consulting,"Employment Type: Full Time, Permanent","['data modeling', 'ui', 'ale', 'idoc', 'sap mdg', 'webdynpro', 'sap', 'sap fi', 'sap sd', 'data migration', 'webdynpro abap', 'master data management', 'mdg', 'idocs', 'sap master data governance', 'sap mdm', 'brf', 'sapui5', 'sap data services', 'smartforms', 'brf+', 'sap abap', 'sap workflow', 'oo abap']",2025-07-01 05:24:54
SAP MDG Consultant,CARBYNETECH,5 - 10 years,Not Disclosed,['Bhubaneswar'],"Implement and support SAP Master Data Governance (MDG) solutions, focusing on data consistency and quality across enterprise systems. Key responsibilities include data modeling, UI configuration, workflow customization, and integration with SAP/non-SAP systems. Experience with ALE, IDoc, DRF, and business rule framework required. Strong communication skills and stakeholder coordination are essential.",Industry Type: IT Services & Consulting,Department: Consulting,"Employment Type: Full Time, Permanent","['data modeling', 'ui', 'ale', 'idoc', 'sap mdg', 'webdynpro', 'sap', 'sap fi', 'sap sd', 'data migration', 'webdynpro abap', 'master data management', 'mdg', 'idocs', 'sap master data governance', 'sap mdm', 'brf', 'sapui5', 'sap data services', 'smartforms', 'brf+', 'sap abap', 'sap workflow', 'oo abap']",2025-07-01 05:24:56
SAP MDG Consultant,CARBYNETECH,5 - 10 years,Not Disclosed,['Bhopal'],"Implement and support SAP Master Data Governance (MDG) solutions, focusing on data consistency and quality across enterprise systems. Key responsibilities include data modeling, UI configuration, workflow customization, and integration with SAP/non-SAP systems. Experience with ALE, IDoc, DRF, and business rule framework required. Strong communication skills and stakeholder coordination are essential.",Industry Type: IT Services & Consulting,Department: Consulting,"Employment Type: Full Time, Permanent","['data modeling', 'ui', 'ale', 'idoc', 'sap mdg', 'webdynpro', 'sap', 'sap fi', 'sap sd', 'data migration', 'webdynpro abap', 'master data management', 'mdg', 'idocs', 'sap master data governance', 'sap mdm', 'brf', 'sapui5', 'sap data services', 'smartforms', 'brf+', 'sap abap', 'sap workflow', 'oo abap']",2025-07-01 05:24:59
SAP MDG Consultant,CARBYNETECH,5 - 10 years,Not Disclosed,['Pune'],"Implement and support SAP Master Data Governance (MDG) solutions, focusing on data consistency and quality across enterprise systems. Key responsibilities include data modeling, UI configuration, workflow customization, and integration with SAP/non-SAP systems. Experience with ALE, IDoc, DRF, and business rule framework required. Strong communication skills and stakeholder coordination are essential.",Industry Type: IT Services & Consulting,Department: Consulting,"Employment Type: Full Time, Permanent","['data modeling', 'ui', 'ale', 'idoc', 'sap mdg', 'webdynpro', 'sap', 'sap fi', 'sap sd', 'data migration', 'webdynpro abap', 'master data management', 'mdg', 'idocs', 'sap master data governance', 'sap mdm', 'brf', 'sapui5', 'sap data services', 'smartforms', 'brf+', 'sap abap', 'sap workflow', 'oo abap']",2025-07-01 05:25:01
Veeva CRM -Salesforce,Apptad,7 - 11 years,Not Disclosed,['Chennai'],"We are looking for a skilled professional with 7 to 11 years of experience in Salesforce development and architecture, focusing on Veeva CRM. The ideal candidate will have a strong background in designing and architecting Veeva CRM and Salesforce solutions.\n\nRoles and Responsibility\nLead the design and architecture of Veeva CRM and Salesforce solutions, aligning with business objectives and industry best practices.\nOversee the implementation of Salesforce features and Veeva CRM configurations, including workflow automation, data integration, and user interfaces.\nCollaborate with business stakeholders to gather requirements and translate them into technical specifications and scalable solutions.\nDevelop and maintain custom applications and integrations using Salesforce technologies such as Apex, Visualforce, Lightning Components, and API integrations.\nProvide technical leadership and mentorship to junior developers, guiding them in developing robust and efficient solutions.\nConduct code reviews to ensure adherence to coding standards, security guidelines, and performance optimization.\nTroubleshoot complex technical issues and provide timely resolutions to ensure seamless product performance.\nManage and ensure data integrity within Salesforce and Veeva CRM systems, implementing best practices for data management.\nCollaborate with IT and other departments to integrate Salesforce with other business systems and data sources.\nJob\nAt least 7-11 years of experience in Salesforce development and architecture, with a strong focus on Veeva CRM.\nProficiency with Salesforce development tools, including Apex, Visualforce, Lightning Web Components, and Data Loader.\nExperience with Veeva CRM configurations and customizations.\nExcellent understanding of Salesforce security, scalability, and performance methods.\nStrong skills in API integration, data migration, and release management.\nKnowledge of integrating with external systems using REST/SOAP APIs, middleware, and other integration technologies.\nExperience with data management, including data modeling, data cleansing, and data governance.\nSalesforce certifications are highly desirable.\nAbility to work effectively in a fast-paced and dynamic environment with shifting priorities.\nExcellent problem-solving skills and high attention to detail.\nStrong communication skills to effectively articulate complex concepts to both technical and non-technical audiences.",Industry Type: Recruitment / Staffing,Department: Engineering - Software & QA,"Employment Type: Full Time, Permanent","['release management', 'api integration', 'veeva crm', 'data migration', 'salesforce', 'visualforce', 'rest', 'customer relationship', 'sfdc', 'data integrity', 'salesforce security model', 'apex', 'veeva', 'sales force development', 'data cleansing', 'data loader', 'soap', 'middleware', 'crm']",2025-07-01 05:25:04
SAP ABAP Consultant,CARBYNETECH,4 - 7 years,Not Disclosed,['Patna'],"Develop and maintain SAP applications using ABAP. Work on custom reports, module pools, forms, interfaces, and data migration. Proficient in classical/interactive reports, SmartForms, BAPIs, BADIs, and performance tuning. Knowledge of core SAP modules (MM, SD, FI) is necessary for effective collaboration with functional teams.",Industry Type: IT Services & Consulting,Department: Consulting,"Employment Type: Full Time, Permanent","['interactive reports', 'performance tuning', 'bapis', 'smartforms', 'badis', 'fi', 'adobe forms', 'data migration', 'sd', 'idocs', 'module pool programming', 'bapi', 'sap application', 'alv reports', 'bdcs', 'module pool', 'bdc', 'sap', 'data dictionary', 'sap module', 'alv', 'sap scripts', 'sap abap', 'abap', 'oo abap']",2025-07-01 05:25:07
SAP ABAP Consultant,CARBYNETECH,4 - 7 years,Not Disclosed,['Kolkata'],"Develop and maintain SAP applications using ABAP. Work on custom reports, module pools, forms, interfaces, and data migration. Proficient in classical/interactive reports, SmartForms, BAPIs, BADIs, and performance tuning. Knowledge of core SAP modules (MM, SD, FI) is necessary for effective collaboration with functional teams.",Industry Type: IT Services & Consulting,Department: Consulting,"Employment Type: Full Time, Permanent","['interactive reports', 'performance tuning', 'bapis', 'smartforms', 'badis', 'fi', 'adobe forms', 'data migration', 'sd', 'idocs', 'module pool programming', 'bapi', 'sap application', 'alv reports', 'bdcs', 'module pool', 'bdc', 'sap', 'data dictionary', 'sap module', 'alv', 'sap scripts', 'sap abap', 'abap', 'oo abap']",2025-07-01 05:25:09
AWS Kubernetes Engineer,Arohak Technologies,8 - 13 years,15-30 Lacs P.A.,['Hyderabad( HITEC City )'],"AWS Kubernetes Engineer\nJob Summary:\nThe AWS Kubernetes Engineer will be responsible for designing, implementing, and managing highly scalable, reliable, and secure cloud-native applications and infrastructure on Amazon Web Services (AWS) using Kubernetes. This role requires deep expertise in containerization, orchestration, cloud computing, and DevOps practices to build and maintain automated, production-grade environments for critical applications.\nKey Responsibilities:\nKubernetes Cluster Management & Orchestration:\nDesign, deploy, and manage highly available and fault-tolerant Kubernetes clusters on AWS using services like Amazon Elastic Kubernetes Service (EKS) or self-managed Kubernetes.\nImplement and optimize container orchestration strategies, including deployment management, scaling, auto-healing, and resource allocation.\nManage Kubernetes components such as API server, scheduler, controller manager, kubelet, and etcd, ensuring their health and performance.\nUtilize Kubernetes networking (CNI, service mesh like Istio or App Mesh) and storage solutions (CSI, EBS, EFS) for containerized applications.\nAWS Cloud Infrastructure Development:\nProvision, configure, and manage AWS cloud resources (e.g., EC2, VPC, ALB, RDS, S3, IAM, CloudWatch) to support Kubernetes deployments and application infrastructure.\nImplement Infrastructure as Code (IaC) using tools like Terraform or AWS CloudFormation to automate the provisioning and management of cloud resources.\nEnsure secure and compliant cloud environments by implementing best practices for network security, access control, and data encryption.\nCI/CD & DevOps Automation:\nDesign, implement, and maintain robust Continuous Integration and Continuous Delivery (CI/CD) pipelines for containerized applications using tools like Jenkins, GitLab CI/CD, GitHub Actions, or AWS CodePipeline/CodeBuild.\nAutomate deployment, testing, and release processes to ensure rapid and reliable software delivery.\nDevelop and maintain scripts (e.g., Python, Bash) and automation tools to streamline operational tasks and improve efficiency.\nMonitoring, Logging & Troubleshooting:\nImplement comprehensive monitoring and alerting solutions for Kubernetes clusters and applications using tools such as Prometheus, Grafana, Datadog, or AWS CloudWatch Container Insights.\nEstablish centralized logging solutions (e.g., ELK Stack, Fluentd, Sumo Logic) for effective troubleshooting and operational visibility.\nProactively identify and resolve complex infrastructure and application issues within Kubernetes and AWS environments, including performance bottlenecks and stability concerns.\nSecurity & Compliance:\nImplement security best practices for Kubernetes (e.g., network policies, RBAC, pod security policies, secrets management with AWS Secrets Manager or Vault).\nEnsure compliance with industry standards and internal security policies.\nConduct regular security audits and vulnerability assessments of the containerized environment.\nCollaborate with security teams to integrate security into the CI/CD pipeline.\nRequired Qualifications:\nBachelor's degree in Computer Science, Software Engineering, or a closely related field.\n6 to 8 years of progressive experience in DevOps, Cloud Engineering, or Infrastructure Engineering roles.\nAt least 3 years of hands-on experience with Kubernetes, including cluster deployment, management, and troubleshooting.\nStrong experience with Amazon Web Services (AWS), including foundational services (EC2, VPC, S3, IAM) and container services (EKS, ECS).\nProficiency in scripting languages such as Python or Bash.\nExperience with Infrastructure as Code (IaC) tools like Terraform or AWS CloudFormation.\nSolid understanding of CI/CD principles and experience with relevant tools.\nFamiliarity with monitoring and logging tools for distributed systems.\nStrong understanding of networking concepts (TCP/IP, DNS, Load Balancing) and their application in cloud and container environments.\nExcellent problem-solving, analytical, and communication skills.",Industry Type: IT Services & Consulting,Department: Engineering - Software & QA,"Employment Type: Full Time, Permanent","['Terraform', 'Iac', 'AWS', 'Devops', 'Kubernetes']",2025-07-01 05:25:12
ETL Test Engineer,Micro1,2 - 5 years,Not Disclosed,['Pune'],"Job Title: ETL Tester\nJob Type: Full-time\nLocation: On-site Hyderabad, Pune or New Delhi\nJob Summary:\nJoin our customers team as a dedicated ETL Tester where your expertise will drive the quality and reliability of crucial business data solutions\nAs an integral part of our testing group, you will focus on ETL Testing while engaging in automation, API, and MDM testing to support robust, end-to-end data validation and integration\nWe value professionals who demonstrate strong written and verbal communication and a passion for delivering high-quality solutions\n\nKey Responsibilities:\nDesign, develop, and execute comprehensive ETL test cases, scenarios, and scripts to validate data extraction, transformation, and loading processes\n\nCollaborate with data engineers, business analysts, and QA peers to clarify requirements and ensure accurate data mapping, lineage, and transformations\n\nPerform functional, automation, API, and MDM testing to support a holistic approach to quality assurance\n\nUtilize tools such as Selenium to drive automation efforts for repeatable and scalable ETL testing processes\n\nIdentify, document, and track defects while proactively communicating risks and issues to stakeholders with clarity and detail\n\nWork on continuous improvement initiatives to enhance test coverage, efficiency, and effectiveness within the ETL testing framework\n\nCreate and maintain detailed documentation for test processes and outcomes, supporting both internal knowledge sharing and compliance requirements\n\nRequired Skills and Qualifications:\nStrong hands-on experience in ETL testing, including understanding of ETL tools and processes\n\nProficiency in automation testing using Selenium or similar frameworks\n\nExperience in API testing, functional testing, and MDM testing\n\nExcellent written and verbal communication skills, with an ability to articulate technical concepts clearly to diverse audiences\n\nSolid analytical and problem-solving abilities to troubleshoot data and process issues\n\nAttention to detail and a commitment to high-quality deliverables\n\nAbility to thrive in a collaborative, fast-paced team environment on-site at Hyderabad\n\nPreferred Qualifications:\nPrior experience working in large-scale data environments or within MDM projects\n\nFamiliarity with data warehousing concepts, SQL, and data migration best practices\n\nISTQB or related QA/testing certification",Industry Type: IT Services & Consulting,Department: Engineering - Software & QA,"Employment Type: Full Time, Permanent","['etl testing', 'functional testing', 'automation testing', 'mdm testing', 'writing', 'etl', 'api testing']",2025-07-01 05:25:14
SAP Project/ Program Manager,Suzva Software Technologies,10 - 15 years,Not Disclosed,['Mumbai'],"Relevant SAP Project Management Experience\n\nWillingness to work from Mumbai office\n\nKey Criteria:\nMinimum 10+ years of SAP Project/Program Management experience\n\nLed 2+ end-to-end implementations of SAP S/4HANA Public Cloud\n\nAt least 1 implementation in EPC (Engineering, Procurement & Construction) domain\n\nPreferred Certifications: PMP, Prince2, or Agile\n\nStrong leadership, stakeholder engagement, and team coordination skills\n\nMust be Mumbai-based or willing to relocate\n\nPrimary Skills Required:\nSAP S/4HANA Public Cloud Project Management\n\nSAP Activate Methodology\n\nStrong Communication & Risk Management\n\nEPC Domain Understanding\n\nStakeholder Management\n\nProject Planning & Budgeting\n\nCutover & UAT Oversight\n\nHyper-care & Post-Go-Live Support\n\nChange Management\n\nTeam Leadership\n\nKey Responsibilities:\nLead and manage end-to-end SAP S/4HANA Public Cloud implementation\n\nDefine and execute project scope, timeline, deliverables, and milestones\n\nLiaise with business, internal IT, and external SAP partners\n\nDrive SAP Activate methodology across the implementation lifecycle\n\nManage risk logs, issues, change requests, and project escalations\n\nEnsure delivery within defined timelines and budget\n\nFacilitate data migration, cutover activities, UAT coordination, and hyper-care\n\nPromote adoption of SAP best practices and manage regular cloud release cycles\n\nThis is a high-impact leadership role with strategic visibility, and the client is looking to onboard qualified professionals immediately. Let me know if you want help screening candidates or preparing interview questions.",Industry Type: IT Services & Consulting,Department: Project & Program Management,"Employment Type: Full Time, Permanent","['Program Management', 'SAP Project', 'SAP', 'Project Management', 'SAP Project Management', 'SAP S/4HANA', 'Risk Management']",2025-07-01 05:25:16
Oracle HCM Consultant (Payroll or OTL),Valueverse Consulting,4 - 8 years,Not Disclosed,['Narala'],"Key Responsibilities:\nSupport the configuration and testing of Oracle HCM Cloud Payroll or Time and Labor (OTL) modules.\n\nAssist in gathering client requirements and translating them into system configurations and business process flows.\n\nHelp in preparing functional documentation, test scripts (SIT & UAT), and user guides.\n\nParticipate in payroll/OTL setup activities such as element creation, time entry rules, fast formulas, and validation rules.\n\nAnalyze time and attendance or payroll processing scenarios and support issue resolution.\n\nPerform data validation and assist in data migration from legacy systems.\n\nCollaborate with cross-functional teams including HR, Finance, and IT.",Industry Type: IT Services & Consulting,Department: Engineering - Software & QA,"Employment Type: Full Time, Permanent","['otl', 'oracle hcm', 'oracle hcm cloud', 'hcm', 'payroll', 'oracle payroll', 'bi publisher', 'oracle', 'oracle core hr', 'oracle fusion hcm', 'oracle apps technical', 'core hr', 'oracle fusion', 'plsql', 'sql', 'talent management', 'hdl', 'fast formula', 'hcm extracts', 'oracle hrms', 'sshr', 'oracle apps']",2025-07-01 05:25:19
Oracle HCM Consultant ( Payroll or OTL),Valueverse Consulting,4 - 8 years,Not Disclosed,['Madurai'],"Key Responsibilities:\nSupport the configuration and testing of Oracle HCM Cloud Payroll or Time and Labor (OTL) modules.\n\nAssist in gathering client requirements and translating them into system configurations and business process flows.\n\nHelp in preparing functional documentation, test scripts (SIT & UAT), and user guides.\n\nParticipate in payroll/OTL setup activities such as element creation, time entry rules, fast formulas, and validation rules.\n\nAnalyze time and attendance or payroll processing scenarios and support issue resolution.\n\nPerform data validation and assist in data migration from legacy systems.\n\nCollaborate with cross-functional teams including HR, Finance, and IT.",Industry Type: IT Services & Consulting,Department: Engineering - Software & QA,"Employment Type: Full Time, Permanent","['Oracle HCM', 'Payroll management', 'OTL', 'Oracle HCM Cloud', 'data migration', 'Oracle HCM Consultant']",2025-07-01 05:25:21
Oracle HCM Consultant ( Payroll or OTL),Valueverse Consulting,4 - 8 years,Not Disclosed,['Kadapa'],"Key Responsibilities:\nSupport the configuration and testing of Oracle HCM Cloud Payroll or Time and Labor (OTL) modules.\n\nAssist in gathering client requirements and translating them into system configurations and business process flows.\n\nHelp in preparing functional documentation, test scripts (SIT & UAT), and user guides.\n\nParticipate in payroll/OTL setup activities such as element creation, time entry rules, fast formulas, and validation rules.\n\nAnalyze time and attendance or payroll processing scenarios and support issue resolution.\n\nPerform data validation and assist in data migration from legacy systems.\n\nCollaborate with cross-functional teams including HR, Finance, and IT.",Industry Type: IT Services & Consulting,Department: Engineering - Software & QA,"Employment Type: Full Time, Permanent","['Oracle HCM', 'Payroll management', 'OTL', 'Oracle HCM Cloud', 'data migration', 'Oracle HCM Consultant']",2025-07-01 05:25:23
Oracle HCM Consultant (Payroll or OTL),Valueverse Consulting,4 - 8 years,Not Disclosed,['Patna'],"Key Responsibilities:\nSupport the configuration and testing of Oracle HCM Cloud Payroll or Time and Labor (OTL) modules.\n\nAssist in gathering client requirements and translating them into system configurations and business process flows.\n\nHelp in preparing functional documentation, test scripts (SIT & UAT), and user guides.\n\nParticipate in payroll/OTL setup activities such as element creation, time entry rules, fast formulas, and validation rules.\n\nAnalyze time and attendance or payroll processing scenarios and support issue resolution.\n\nPerform data validation and assist in data migration from legacy systems.\n\nCollaborate with cross-functional teams including HR, Finance, and IT.",Industry Type: IT Services & Consulting,Department: Engineering - Software & QA,"Employment Type: Full Time, Permanent","['otl', 'oracle hcm', 'oracle hcm cloud', 'hcm', 'payroll', 'oracle payroll', 'bi publisher', 'oracle', 'oracle core hr', 'oracle fusion hcm', 'oracle apps technical', 'core hr', 'oracle fusion', 'plsql', 'sql', 'talent management', 'hdl', 'fast formula', 'hcm extracts', 'oracle hrms', 'sshr', 'oracle apps']",2025-07-01 05:25:26
Oracle HCM Consultant (Payroll or OTL),Valueverse Consulting,4 - 8 years,Not Disclosed,['Dombivli'],"Key Responsibilities:\nSupport the configuration and testing of Oracle HCM Cloud Payroll or Time and Labor (OTL) modules.\n\nAssist in gathering client requirements and translating them into system configurations and business process flows.\n\nHelp in preparing functional documentation, test scripts (SIT & UAT), and user guides.\n\nParticipate in payroll/OTL setup activities such as element creation, time entry rules, fast formulas, and validation rules.\n\nAnalyze time and attendance or payroll processing scenarios and support issue resolution.\n\nPerform data validation and assist in data migration from legacy systems.\n\nCollaborate with cross-functional teams including HR, Finance, and IT.",Industry Type: IT Services & Consulting,Department: Engineering - Software & QA,"Employment Type: Full Time, Permanent","['otl', 'oracle hcm', 'oracle hcm cloud', 'hcm', 'payroll', 'oracle payroll', 'bi publisher', 'oracle', 'oracle core hr', 'oracle fusion hcm', 'oracle apps technical', 'core hr', 'oracle fusion', 'plsql', 'sql', 'talent management', 'hdl', 'fast formula', 'hcm extracts', 'oracle hrms', 'sshr', 'oracle apps']",2025-07-01 05:25:28
Oracle HCM Consultant ( Payroll or OTL),Valueverse Consulting,4 - 8 years,Not Disclosed,['Vapi'],"Key Responsibilities:\nSupport the configuration and testing of Oracle HCM Cloud Payroll or Time and Labor (OTL) modules.\n\nAssist in gathering client requirements and translating them into system configurations and business process flows.\n\nHelp in preparing functional documentation, test scripts (SIT & UAT), and user guides.\n\nParticipate in payroll/OTL setup activities such as element creation, time entry rules, fast formulas, and validation rules.\n\nAnalyze time and attendance or payroll processing scenarios and support issue resolution.\n\nPerform data validation and assist in data migration from legacy systems.\n\nCollaborate with cross-functional teams including HR, Finance, and IT.",Industry Type: IT Services & Consulting,Department: Engineering - Software & QA,"Employment Type: Full Time, Permanent","['Oracle HCM', 'Payroll management', 'OTL', 'Oracle HCM Cloud', 'data migration', 'Oracle HCM Consultant']",2025-07-01 05:25:31
Oracle HCM Consultant ( Payroll or OTL),Valueverse Consulting,4 - 8 years,Not Disclosed,['Raipura'],"Key Responsibilities:\nSupport the configuration and testing of Oracle HCM Cloud Payroll or Time and Labor (OTL) modules.\n\nAssist in gathering client requirements and translating them into system configurations and business process flows.\n\nHelp in preparing functional documentation, test scripts (SIT & UAT), and user guides.\n\nParticipate in payroll/OTL setup activities such as element creation, time entry rules, fast formulas, and validation rules.\n\nAnalyze time and attendance or payroll processing scenarios and support issue resolution.\n\nPerform data validation and assist in data migration from legacy systems.\n\nCollaborate with cross-functional teams including HR, Finance, and IT.",Industry Type: IT Services & Consulting,Department: Engineering - Software & QA,"Employment Type: Full Time, Permanent","['Oracle HCM', 'Payroll management', 'OTL', 'Oracle HCM Cloud', 'data migration', 'Oracle HCM Consultant']",2025-07-01 05:25:33
Oracle HCM Consultant (Payroll or OTL),Valueverse Consulting,4 - 8 years,Not Disclosed,['Belgaum'],"Key Responsibilities:\nSupport the configuration and testing of Oracle HCM Cloud Payroll or Time and Labor (OTL) modules.\n\nAssist in gathering client requirements and translating them into system configurations and business process flows.\n\nHelp in preparing functional documentation, test scripts (SIT & UAT), and user guides.\n\nParticipate in payroll/OTL setup activities such as element creation, time entry rules, fast formulas, and validation rules.\n\nAnalyze time and attendance or payroll processing scenarios and support issue resolution.\n\nPerform data validation and assist in data migration from legacy systems.\n\nCollaborate with cross-functional teams including HR, Finance, and IT.",Industry Type: IT Services & Consulting,Department: Engineering - Software & QA,"Employment Type: Full Time, Permanent","['Oracle HCM', 'Oracle HCM Cloud Payroll', 'payroll processing', 'data validation', 'OTL', 'UAT', 'data migration', 'Time and Labor modules', 'SIT']",2025-07-01 05:25:35
Oracle HCM Consultant (Payroll or OTL),Valueverse Consulting,4 - 8 years,Not Disclosed,['Ernakulam'],"Key Responsibilities:\nSupport the configuration and testing of Oracle HCM Cloud Payroll or Time and Labor (OTL) modules.\n\nAssist in gathering client requirements and translating them into system configurations and business process flows.\n\nHelp in preparing functional documentation, test scripts (SIT & UAT), and user guides.\n\nParticipate in payroll/OTL setup activities such as element creation, time entry rules, fast formulas, and validation rules.\n\nAnalyze time and attendance or payroll processing scenarios and support issue resolution.\n\nPerform data validation and assist in data migration from legacy systems.\n\nCollaborate with cross-functional teams including HR, Finance, and IT.",Industry Type: IT Services & Consulting,Department: Engineering - Software & QA,"Employment Type: Full Time, Permanent","['Oracle HCM', 'Oracle HCM Cloud Payroll', 'payroll processing', 'data validation', 'OTL', 'UAT', 'data migration', 'Time and Labor modules', 'SIT']",2025-07-01 05:25:37
Oracle HCM Consultant (Payroll or OTL),Valueverse Consulting,4 - 8 years,Not Disclosed,['Rajasthan'],"Key Responsibilities:\nSupport the configuration and testing of Oracle HCM Cloud Payroll or Time and Labor (OTL) modules.\n\nAssist in gathering client requirements and translating them into system configurations and business process flows.\n\nHelp in preparing functional documentation, test scripts (SIT & UAT), and user guides.\n\nParticipate in payroll/OTL setup activities such as element creation, time entry rules, fast formulas, and validation rules.\n\nAnalyze time and attendance or payroll processing scenarios and support issue resolution.\n\nPerform data validation and assist in data migration from legacy systems.\n\nCollaborate with cross-functional teams including HR, Finance, and IT.",Industry Type: IT Services & Consulting,Department: Engineering - Software & QA,"Employment Type: Full Time, Permanent","['otl', 'oracle hcm', 'oracle hcm cloud', 'hcm', 'payroll', 'oracle payroll', 'bi publisher', 'oracle', 'oracle core hr', 'oracle fusion hcm', 'oracle apps technical', 'core hr', 'oracle fusion', 'plsql', 'sql', 'talent management', 'hdl', 'fast formula', 'hcm extracts', 'oracle hrms', 'sshr', 'oracle apps']",2025-07-01 05:25:40
Oracle HCM Consultant ( Payroll or OTL),Valueverse Consulting,4 - 8 years,Not Disclosed,['Andhra Pradesh'],"Key Responsibilities:\nSupport the configuration and testing of Oracle HCM Cloud Payroll or Time and Labor (OTL) modules.\n\nAssist in gathering client requirements and translating them into system configurations and business process flows.\n\nHelp in preparing functional documentation, test scripts (SIT & UAT), and user guides.\n\nParticipate in payroll/OTL setup activities such as element creation, time entry rules, fast formulas, and validation rules.\n\nAnalyze time and attendance or payroll processing scenarios and support issue resolution.\n\nPerform data validation and assist in data migration from legacy systems.\n\nCollaborate with cross-functional teams including HR, Finance, and IT.",Industry Type: IT Services & Consulting,Department: Engineering - Software & QA,"Employment Type: Full Time, Permanent","['Oracle HCM', 'Payroll management', 'OTL', 'Oracle HCM Cloud', 'data migration', 'Oracle HCM Consultant']",2025-07-01 05:25:42
Oracle HCM Consultant (Payroll or OTL),Valueverse Consulting,4 - 8 years,Not Disclosed,['Guwahati'],"Key Responsibilities:\nSupport the configuration and testing of Oracle HCM Cloud Payroll or Time and Labor (OTL) modules.\n\nAssist in gathering client requirements and translating them into system configurations and business process flows.\n\nHelp in preparing functional documentation, test scripts (SIT & UAT), and user guides.\n\nParticipate in payroll/OTL setup activities such as element creation, time entry rules, fast formulas, and validation rules.\n\nAnalyze time and attendance or payroll processing scenarios and support issue resolution.\n\nPerform data validation and assist in data migration from legacy systems.\n\nCollaborate with cross-functional teams including HR, Finance, and IT.",Industry Type: IT Services & Consulting,Department: Engineering - Software & QA,"Employment Type: Full Time, Permanent","['Oracle HCM', 'Oracle HCM Cloud Payroll', 'payroll processing', 'data validation', 'OTL', 'UAT', 'data migration', 'Time and Labor modules', 'SIT']",2025-07-01 05:25:44
Oracle HCM Consultant (Payroll or OTL),Valueverse Consulting,4 - 8 years,Not Disclosed,['Uttar Pradesh'],"Key Responsibilities:\nSupport the configuration and testing of Oracle HCM Cloud Payroll or Time and Labor (OTL) modules.\n\nAssist in gathering client requirements and translating them into system configurations and business process flows.\n\nHelp in preparing functional documentation, test scripts (SIT & UAT), and user guides.\n\nParticipate in payroll/OTL setup activities such as element creation, time entry rules, fast formulas, and validation rules.\n\nAnalyze time and attendance or payroll processing scenarios and support issue resolution.\n\nPerform data validation and assist in data migration from legacy systems.\n\nCollaborate with cross-functional teams including HR, Finance, and IT.",Industry Type: IT Services & Consulting,Department: Engineering - Software & QA,"Employment Type: Full Time, Permanent","['otl', 'oracle hcm', 'oracle hcm cloud', 'hcm', 'payroll', 'oracle payroll', 'bi publisher', 'oracle', 'oracle core hr', 'oracle fusion hcm', 'oracle apps technical', 'core hr', 'oracle fusion', 'plsql', 'sql', 'talent management', 'hdl', 'fast formula', 'hcm extracts', 'oracle hrms', 'sshr', 'oracle apps']",2025-07-01 05:25:46
Oracle HCM Consultant (Payroll or OTL),Valueverse Consulting,4 - 8 years,Not Disclosed,['Navi Mumbai'],"Key Responsibilities:\nSupport the configuration and testing of Oracle HCM Cloud Payroll or Time and Labor (OTL) modules.\n\nAssist in gathering client requirements and translating them into system configurations and business process flows.\n\nHelp in preparing functional documentation, test scripts (SIT & UAT), and user guides.\n\nParticipate in payroll/OTL setup activities such as element creation, time entry rules, fast formulas, and validation rules.\n\nAnalyze time and attendance or payroll processing scenarios and support issue resolution.\n\nPerform data validation and assist in data migration from legacy systems.\n\nCollaborate with cross-functional teams including HR, Finance, and IT.",Industry Type: IT Services & Consulting,Department: Engineering - Software & QA,"Employment Type: Full Time, Permanent","['otl', 'oracle hcm', 'oracle hcm cloud', 'hcm', 'payroll', 'oracle payroll', 'bi publisher', 'oracle', 'oracle core hr', 'oracle fusion hcm', 'oracle apps technical', 'core hr', 'oracle fusion', 'plsql', 'sql', 'talent management', 'hdl', 'fast formula', 'hcm extracts', 'oracle hrms', 'sshr', 'oracle apps']",2025-07-01 05:25:49
Oracle HCM Consultant ( Payroll or OTL),Valueverse Consulting,4 - 8 years,Not Disclosed,['Mumbai'],"Key Responsibilities:\nSupport the configuration and testing of Oracle HCM Cloud Payroll or Time and Labor (OTL) modules.\n\nAssist in gathering client requirements and translating them into system configurations and business process flows.\n\nHelp in preparing functional documentation, test scripts (SIT & UAT), and user guides.\n\nParticipate in payroll/OTL setup activities such as element creation, time entry rules, fast formulas, and validation rules.\n\nAnalyze time and attendance or payroll processing scenarios and support issue resolution.\n\nPerform data validation and assist in data migration from legacy systems.\n\nCollaborate with cross-functional teams including HR, Finance, and IT.",Industry Type: IT Services & Consulting,Department: Engineering - Software & QA,"Employment Type: Full Time, Permanent","['Oracle HCM', 'Payroll management', 'OTL', 'Oracle HCM Cloud', 'data migration', 'Oracle HCM Consultant']",2025-07-01 05:25:51
D365 Finance & Operations Project Management Functional Consultant,Apptad,8 - 12 years,Not Disclosed,['Navi Mumbai'],"company name=Apptad Technologies Pvt Ltd., industry=Employment Firms/Recruitment Services Firms, experience=8 to 12 , jd=\nD365 Finance Operations Project Management Functional Consultant\n\nExperience of minimum 23 full lifecycle implementations using MS Dynamics D365 FO Project Management Solution\n\nGathering understanding analysing client business processes to reengineerdesign the solution improving operational efficiency\n\nPerforming functional support tasks for D365 FO application maintenance and operations\n\nHaving a good knowledge of D365 FO Project Management module\n\nSet up configure Project Management module\n\nImplementation of Project Management module\n\nknowledge of Production Engineering and Trade Logistics is added advantage\n\nInvestigates problems to establish real or hidden causes\n\nDrive FitGap analysis Conference Room Pilot CRP\n\nCollaborate with business users to understand problem statement and providing implementing best suitable solution\n\nIdentifying opportunities to improve the solution tightening the interfaces and enhancing the Dynamics 365 FO features\n\nSolution Testing for business acceptance and accuracy\n\nCommunicating issues and project tasks to team in appropriate forum\n\nProviding general usability guidance and preparation reference material for key or end users\n\nProviding detailed utilization and work status report\n\nUse common functionality and implementation tools\n\nConfigure security processes and options\n\nPerform data mapping and assist in data migration\n\nValidate and support the solution\n\nExcellent communication skill both written verbal\n\nMust have ability to work and interact with international customers independently\n\nMust have good analytical and logical thinking\n\nSolution Testing Unit Testing for business acceptance and accuracy\n\nActively work with all involved to mitigate risks\n\nActive involvement in Master Data validation cutover and Go live activities\n\nOpen for travel\n, Title=D365 Finance & Operations Project Management Functional Consultant, ref=6566483",Industry Type: Recruitment / Staffing,Department: Project & Program Management,"Employment Type: Full Time, Permanent","['project management', 'logistics', 'data migration', 'trade', 'production engineering', 'master data', 'erp', 'sap', 'data analysis', 'erp implementation', 'sap sd', 'business analysis', 'data mapping', 'functional support', 'sql', 'end user', 'material management', 'procurement', 'sap mm', 'sap pm']",2025-07-01 05:25:53
SAP CPI Professional,Leading Client,4 - 7 years,Not Disclosed,"['Kolkata', 'Coimbatore']","Your key responsibilities Gathers specifications from the business and functional departments and deliver the solution that meets the needs presented Interprets business and functional requirements and develops technical specifications documentation Must be able to work on custom integration as well as standard integration packages Must have knowledge of SAP Cloud Connector and CPI cockpit Should have worked on Java and Groovy scripting Must be aware of SAP CPI support activities Must be able to perform root cause analysis of any re-occurring or critical issues and proposing solutions for them Performs Unit, System and Integration testing at the various phases of the project lifecycle and document the results of the testing process Skills and attributes for success Experience with business process orchestration products like Hana Cloud Integration (HCI), Cloud Platform Integration (CPI), Dell Boomi, SAP Process Integration (PI) / Process Orchestration (PO).\nExperience to deliver projects for customers, including requirement gathering, analysis of system landscape, technical design, and development of interface\nExperience to build Integration Strategy for customers having on premise and cloud application systems (SuccessFactors) with an expertise on data architecture, governance and pre-packaged cloud integration\nExposure to various business scenarios (A2A and B2B) and experience in working on all major adapters like SFTP, SOAP, REST, IDOC, ODATA, JDBC, SuccessFactors etc\nClarity of security concepts - SSL and PGP encryptions etc\nPrefer to have experience in Groovy scripts\nSAP CPI with S4 Hana or SF(Success factor) are mandatory with minimum 2 implementation and relevant 3+ yrs experience Below combinations are Good to have\nSAP CPI with API-M OR APIM (API management) SAP CPI TPM/EDI profiles SAP CPI Event Mesh/ Advanced Event MeshTo qualify for the role, you must have College degree in related technology field (Computer, Engineering, Science, etc) or comparable job experiences Approximately 4-7 years of experience in a development role\nAble to exhibit a progression of increasingly complex job responsibilities during the period SAP certification is a plus Ideally, youll also have Should have understanding and experience of integration best practices Excellent business communication skills Excellent leadership skills\nLocation - Coimbatore, Kolkata, Kerala(Kochi & Trivandrum), Bangalore, Chennai, Hyderabad, Pune and Noida",Industry Type: IT Services & Consulting,Department: Engineering - Software & QA,"Employment Type: Full Time, Permanent","['SAP CPI', 'ODATA', 'SuccessFactors', 'REST', 'SFTP', 'JDBC', 'SOAP', 'IDOC']",2025-07-01 05:25:56
Head of Business & Analytics Intelligence,Deepak Chem Tech,10 - 15 years,Not Disclosed,['Vadodara'],"Position Overview:\n\nWe are seeking a seasoned professional to lead our enterprise-wide Business Intelligence (BI) and Artificial Intelligence (AI) strategy. This role demands a visionary leader with deep technical expertise in data architecture, AI/ML, ETL, dashboarding, and emerging technologies like Generative AI and Agentic AI. The ideal candidate will drive innovation and data-driven decision-making across all business functions including R&D, production, supply chain, sales, marketing, finance, HR, and compliance.\n\nKey Responsibilities:\n\nStrategic Leadership:\nDefine and execute the BI and AI roadmap aligned with business goals and digital transformation.\nLead the Analytics and AI team and foster a data-driven culture.\n\nTechnical Execution:\nDesign and maintain a centralized data lake ensuring scalability, security, and accessibility.\nDevelop and manage interactive dashboards and predictive models for all functions.\nSpearhead AI and GenAI initiatives including LLM deployment and RAG models.\n\nCross-Functional Enablement:\nIdentify and implement AI use cases across departments (e.g., predictive maintenance, market demand forecasting).\nCollaborate with stakeholders to translate business needs into actionable insights.\n\nGovernance & Quality:\nEnsure best practices in data governance, security, and quality management.\n\nRequired Qualifications:\n\nBachelors or Masters in Computer Science, Data Science, Statistics, or related field (PhD is a plus).\nMinimum 10 years of experience in analytics, data architecture, or related roles.\nStrong knowledge of data modeling techniques and data science tools (SQL, Python, R).\nExperience with cloud platforms (AWS, GCP, Azure).\n\nTechnical Competencies:\n\nHands-on experience with:\nData lakes, ETL pipelines, and orchestration tools (Airflow, DBT)\nBI tools: Power BI, Tableau\nData warehousing: Snowflake, BigQuery, Redshift\nAI/ML technologies including LLMs and GenAI tools\n\nProven track record in:\nImplementing enterprise analytics solutions\nPredictive modeling at scale\nIntegrating analytics with manufacturing processes\n\nBehavioral Competencies:\n\nStrong leadership and team management skills\nExcellent communication and stakeholder engagement\nHigh initiative and problem-solving ability\nAbility to manage multiple priorities under pressure",Industry Type: Chemicals,Department: Data Science & Analytics,"Employment Type: Full Time, Permanent","['Modern Data Warehousing', 'AI/ML & Generative AI', 'Analytics & Visualization Tools', 'Data Architecture & Engineering', 'Programming & Data Science']",2025-07-01 05:25:58
Global SAP Program Director and Head of SAP Platform,Amneal Pharmaceuticals,12 - 22 years,25-40 Lacs P.A.,['Ahmedabad( Prahlad Nagar )'],"We are hiring for :\nGlobal SAP Program Director & Head of SAP Platform\nThis role will lead the global SAP S/4HANA implementation and transition post go-live into owning SAP as a platform and leading the SAP CoE for continuous improvement and global rollout support.\nPosition Overview:\nThe Global SAP Program Director will lead the successful implementation of SAP S/4HANA across all regions (U.S., India, Ireland), serving as the single point of accountability for program delivery, scope, schedule, budget, and quality. This is a multi-year, enterprise-scale transformation involving finance, supply chain, manufacturing, quality, compliance, and commercial operations.\nUpon successful go-live, the role will transition to become the Global Head of SAP Platform, responsible for overseeing the SAP Center of Excellence (CoE), ensuring the stability, scalability, and strategic evolution of SAP as the digital backbone of the enterprise.\nKey Responsibilities:\nPhase 1: Implementation Leadership\nOwn the global SAP S/4HANA program end-to-end: strategy, execution, issue resolution, and stakeholder alignment.\nLead a cross-functional, cross-regional team of internal and external resources (including SI partners, integration partners, and business leads).\nEnsure successful design, testing, data migration, training, cutover, and hypercare for all program phases.\nEstablish and chair program governance structures (Steering Committees, Design Authorities, etc.).\nMonitor and report program KPIs, risks, mitigations, and readiness metrics to senior leadership.\nCoordinate change management and communication in partnership with functional leaders and HR.\nPhase 2: SAP Platform Ownership\nTransition into leading the SAP CoE post go-live.\nBuild and lead a team of SAP functional, technical, and support resources to stabilize and evolve the platform.\nDefine and drive the roadmap for enhancements, integrations, and new module rollouts.\nEnsure strong alignment with business process owners across Finance, Supply Chain, Manufacturing, Quality, and Commercial.\nDrive continuous improvement, user adoption, and value realization from the SAP investment.\nCollaborate with cybersecurity, infrastructure, and data teams to ensure compliance, performance, and data integrity.\nOrganizational Alignment:\nThis position will report directly to the Global CIO and act as the single point of accountability for SAP globally.\nWill collaborate closely with the AVP of India IT and VP of U.S. IT for regional execution.\nWill manage internal SAP leads and partner teams to ensure delivery and post-go-live platform success.\nQualifications:\n20+ years of experience in IT or ERP leadership, with 10+ years leading large-scale SAP programs.\nProven track record delivering complex, multi-region ERP transformations (ideally in pharma, life sciences, or manufacturing).\nMust understand U.S. GAAP and Sarbanes-Oxley controls and compliance requirements.\nPrior leadership experience in a regulated industry (GxP). Familiarity with validated systems and CSV processes.\nStrong understanding of SAP S/4HANA core modules (FICO, MM, SD, PP, QM) and integration platforms (e.g., Boomi, CPI).\nDemonstrated ability to manage vendors, budgets, timelines, and executive stakeholders under pressure.\nExperience building and leading ERP teams, including functional analysts, architects, developers, and support staff.\nExposure to enterprise data strategy, master data governance, and business transformation.\nExcellent communication, influence, and executive presentation skills.",Industry Type: Pharmaceutical & Life Sciences,Department: IT & Information Security,"Employment Type: Full Time, Permanent","['SAP', 'CSV', 'SOX']",2025-07-01 05:26:00
Sql Developer,Winjit Technologies,5 - 10 years,Not Disclosed,"['Nashik', 'Pune']",Were looking for a skilled SQL Developer with hands-on experience in Azure SQL to join our dynamic team!\n\nLocation: Pune/Nashik\nExperience: 5-10 Years\nNotice Period: Immediate / 15days\n\nKey Skills:\n\nStrong SQL query development and optimization\nExpertise in Azure SQL Database and Azure Data Services\nPerformance tuning & stored procedures\nData migration & integration on Azure cloud\nGood to Have:\nKnowledge of Azure Data Factory.,Industry Type: IT Services & Consulting,Department: Project & Program Management,"Employment Type: Full Time, Permanent","['Query', 'Azure Cloud', 'SQL Development']",2025-07-01 05:26:02
Liquibase Administration,Ltimindtree,6 - 8 years,Not Disclosed,"['Kolkata', 'Hyderabad', 'Chennai']",Hiring for Devops Engineer\n\nExperience : 6 to 8\n\nNotice : 0 to 30 days\n\nLocation: ALL LTIM Locations\n\n\nSkills Category\nMust Have\nLiquibase\nCICD/Jenkins\nGitHub\n\n\nDocker\nJob Description-\nWe are seeking a highly skilled and motivated Liquibase Administrator to join our team As a Liquibase Administrator you will be responsible for\nInstalling and maintaining Liquibase software across the teams Liquibase SRE\nManaging and maintaining database changes and deployments across multiple platforms while seamlessly integrating with complex CICD setups and resolve any issues by troubleshooting on Liquibase configurations and provides best suites solutions to different teams by integrating different features of Liquibase Liquibase SME\nResponsibilities\nInstall configure and manage Liquibase for database change management across multiple environments\nDesign create and manage database change scripts using Liquibase encompassing table modifications data migrations and stored procedure updates\nConfigure and maintain Liquibase settings and properties for various environments including connection details versioning strategies and rollback plans\nIntegrate Liquibase with diverse platforms such as OnPrem AWS etc ensuring compatibility and optimal utilization of platform specific database management services servers\nCollaborate with infrastructure teams to provision and configure databases for different platforms optimizing performance security and scalability\nWork closely with different teams to seamlessly integrate Liquibase into complex CICD pipelines leveraging automation scripts version control system hooks and build release management tools eg Jenkins GitHub Actions IBM Udeploy etc\nIntegrate Liquibase with version control systems eg Git SVN to ensure proper tracking and versioning of database changes ensuring proper organization labeling and storage in a version control system by providing best suited solutions eg GitHub\nhas context menu,Industry Type: IT Services & Consulting,Department: Engineering - Software & QA,"Employment Type: Full Time, Permanent","['Liquibase', 'Github', 'Cicd Pipeline', 'Devops']",2025-07-01 05:26:04
Aws Cloud Administrator,Vantageiq Technologies Opc,5 - 8 years,Not Disclosed,['Pune'],"*****AWS Cloud Admin*****\n*****Pune (Maharashtra)*****\n*****Work From Office*****\n*****Early Joiner Preferred*****\n*****AWS Certification is Mandatory*****\n\n\nWe are hiring for a leading Fintech company that specializes in consumer lending solutions in India.\n\nRequirements:\nMinimum 4 Years experience with cloud platform Amazon Web Services (AWS). Knowledge\nof Google Cloud Platform (GCP) would be nice to have.\nExperience with Linux/Unix operating systems, web and application servers like Apache, Tomcat and Nginx.\nKnowledge of scripting languages such as Python, Shell/Bash scripting.\nKnowledge of SQL, PostGres, and Mongo databases is a must.\nMonitoring and alerting based on Grafana and Prometheus\nShould be able to write Automation scripts using Python SDK for AWS services.\nPrevious working experience with a Startup environment is a plus.\nA person with excellent communication skills and coordination with a team to expedite the tasks on time.\nShould have worked on at least one cost optimization project on AWS and should come up\nWith ideas and optimization plans and duly take responsibility for their executions.\nExperience with the orchestration of containers using Kubernetes is a Plus. Using services\nlike EKS, ECR and EKS.\nShould be an avid learner and a self-starter. Should be able to take up new implementations\nand ideas as a challenge and should be open to learning something new all the time.\n\n\nAWS cloud engineer responsibilities:\nDesigning and implementing secure network solutions that meet business requirements.\nCreating and configuring virtualized systems in the AWS environment.\nPerforming infrastructure upgrades and updates to maximize system efficiency while\nminimizing downtime.\nDeploying applications in AWS using EC2, AWS Lambda and AWS Fargate using ECS and\nECR.\nCreating blueprints using Cloud Formation templates for common workloads.\nMaintaining, testing and implementing disaster recovery procedures.\nImplementing automation using scripting languages (e.g., Python) to manage AWS services.\nBuilding tools for deployment, monitoring, and troubleshooting of system resources in an\nAWS environment.\nDeveloping software components in Python or any other high-level language that interacts\nwith AWS cloud services by leveraging the AWS APIs\nGraduation in B.Tech, MCA, and BSc in Computer Science with certifications in AWS.",Industry Type: IT Services & Consulting,Department: IT & Information Security,"Employment Type: Full Time, Permanent","['Aws Cloud', 'Shell Scripting', 'SQL', 'Linux', 'Aws Certified', 'Amazon Ec2', 'Bash Scripting', 'Postgresql', 'Bash', 'Cloud Administration', 'Aws Administration', 'MongoDB', 'Python', 'Kubernetes']",2025-07-01 05:26:07
Oracle EBS & Cloud Apps Technical Lead,CES LTD,12 - 20 years,Not Disclosed,['Hyderabad'],"Job Title:\nOracle EBS & Oracle Cloud Technical Consultant 12+ Years Experience\n\nJob Summary:\nWe are looking for a highly experienced Oracle Technical Consultant with 12+ years of experience in Oracle E-Business Suite (EBS) and Oracle Cloud Applications (Fusion). The ideal candidate will have deep hands-on experience in technical implementations, reporting tools, APIs, and end-to-end project delivery across Financial modules.",,,,"['Oracle Apps Technical', 'Financial modules', 'RTF', 'GL', 'Sql Plsql', 'Oracle EBS & Cloud apps technical', 'Ap', 'AR', 'R12', 'Oracle Apps', 'Oracle Financials', 'Rdf', 'OAF', 'EBS', 'E Business Suite', 'Oracle Reports']",2025-07-01 05:26:09
Aws Cloud Engineer,Vantageiq Technologies Opc,5 - 8 years,Not Disclosed,['Pune'],"*****AWS Cloud Admin*****\n*****Pune (Maharashtra)*****\n*****Work From Office*****\n*****Early Joiner Preferred*****\n*****AWS Certification is Mandatory*****\n\n\nWe are hiring for a leading Fintech company that specializes in consumer lending solutions in India.\n\nRequirements:\nMinimum 4 Years experience with cloud platform Amazon Web Services (AWS). Knowledge\nof Google Cloud Platform (GCP) would be nice to have.\nExperience with Linux/Unix operating systems, web and application servers like Apache, Tomcat and Nginx.\nKnowledge of scripting languages such as Python, Shell/Bash scripting.\nKnowledge of SQL, PostGres, and Mongo databases is a must.\nMonitoring and alerting based on Grafana and Prometheus\nShould be able to write Automation scripts using Python SDK for AWS services.\nPrevious working experience with a Startup environment is a plus.\nA person with excellent communication skills and coordination with a team to expedite the tasks on time.\nShould have worked on at least one cost optimization project on AWS and should come up\nWith ideas and optimization plans and duly take responsibility for their executions.\nExperience with the orchestration of containers using Kubernetes is a Plus. Using services\nlike EKS, ECR and EKS.\nShould be an avid learner and a self-starter. Should be able to take up new implementations\nand ideas as a challenge and should be open to learning something new all the time.\n\n\nAWS cloud engineer responsibilities:\nDesigning and implementing secure network solutions that meet business requirements.\nCreating and configuring virtualized systems in the AWS environment.\nPerforming infrastructure upgrades and updates to maximize system efficiency while\nminimizing downtime.\nDeploying applications in AWS using EC2, AWS Lambda and AWS Fargate using ECS and\nECR.\nCreating blueprints using Cloud Formation templates for common workloads.\nMaintaining, testing and implementing disaster recovery procedures.\nImplementing automation using scripting languages (e.g., Python) to manage AWS services.\nBuilding tools for deployment, monitoring, and troubleshooting of system resources in an\nAWS environment.\nDeveloping software components in Python or any other high-level language that interacts\nwith AWS cloud services by leveraging the AWS APIs\nGraduation in B.Tech, MCA, and BSc in Computer Science with certifications in AWS.",Industry Type: IT Services & Consulting,Department: IT & Information Security,"Employment Type: Full Time, Permanent","['Aws Cloud', 'Shell Scripting', 'SQL', 'Linux', 'Aws Certified', 'Amazon Ec2', 'Bash Scripting', 'Postgresql', 'Bash', 'Cloud Administration', 'Aws Administration', 'MongoDB', 'Python', 'Kubernetes']",2025-07-01 05:26:12
Database Administrator,Prudent Globaltech Solutions,7 - 12 years,Not Disclosed,['Hyderabad'],"DBA\nCreate and maintain optimal data pipeline architecture.\nAssemble large, complex data sets that meet functional/non-functional business requirements.\nIdentify, design, and implement internal process improvements: automating manual processes, optimizing data delivery, re-designing infrastructure for greater scalability, etc. using Python/open source technologies.",,,,"['Database Administration', 'Postgresql', 'Cloud', 'ETL', 'OLTP']",2025-07-01 05:26:15
Zoho Systems and Integration Specialist (Contract To hire),EC Council,3 - 8 years,Not Disclosed,['Mumbai (All Areas)'],"Job Overview\nWe are seeking a technically sound and process-driven professional to take ownership of\nour Zoho CRM environment, support integrations across multiple systems, and drive the\nZoho-to-Salesforce migration. The role involves end-to-end understanding and handling\nof data flows, automation, marketing and payment integrations, and third-party\nplatforms like PowerBI and Zapier. This is a mission-critical role requiring independent\nownership, documentation discipline, and a sharp eye for detail.\nResponsibilities and Duties:\n• Capture, summarize, and document business requirements provided via meetings,\ncalls, or informal communication.\n• Manage the current Zoho CRM ecosystem including modules, workflows, automation\nrules, and custom functions.\n• Maintain and troubleshoot integrations with third-party systems like Salesforce, SAP,\nPowerBI, Payment Gateways, and internal tools (ECL, BFF)\n• Develop and support Zapier workflows and API-based connections for data sync.\n• Extract, transform, and deliver data to PowerBI team or act as backup when\nconnections fail.\n• Lead the documentation of business processes, data mappings, API endpoints, and\nsystem interconnectivity.\n• Support ongoing Salesforce migration including field mapping, data migration, UAT\ncoordination, and parallel run management.\n• Proactively identify risks, inconsistencies, or gaps in data and workflows, and drive\nresolution.\n• Leverage Zoho Campaigns, SalesIQ, Forms, and Flow to manage marketing lifecycle,\nlead capture, and workflow automation.\n• Design and manage Deluge scripts, validation logic, and Zoho Creator apps (if used)\nfor extending CRM functionalities.\n• Ensure CRM hygiene through lead import governance, data deduplication, and\nstructured record layouts.\n\nQualifications:\n• Bachelor's Degree in Computer Science, Information Systems, or related field\n• Minimum 3 years of hands-on experience with Zoho CRM including custom\nworkflows, automation, and scripting (Deluge)\n• Demonstrated expertise in integrating Zoho with external systems via REST APIs,\nwebhooks, and tools like Zapier.\n• Familiarity with marketing and data reporting tools such as Zoho Campaigns,\nZoho Analytics, and SalesIQ.\n• Experience supporting CRM transitions (Zoho to Salesforce) including schema\nmapping and migration support.\n• Experience with CRM data governance, lead lifecycle management, and reporting.\n• Strong communication skills and ability to operate independently in high-\nownership roles.\n• Exceptional written and verbal communication skills in English.\n• Ability to interact professionally with diverse groups including executives,\nmanagers, and subject matter experts.\n• Ability to prioritize tasks independently and manage multiple assignments\nsimultaneously.\n• Knowledge of Shopify, e-commerce processes, or web development projects will\nbe an added advantage.",Industry Type: IT Services & Consulting,Department: Project & Program Management,"Employment Type: Full Time, Permanent","['rest api', 'Migration', 'Zoho Crm', 'salesiq', 'Automation', 'Zoho Analytics', 'Transition', 'Zoho Campaigns', 'Scripting']",2025-07-01 05:26:17
Database Administrator,Rabbit And Tortoise Technology Solutions,4 - 7 years,Not Disclosed,['Pune'],"Role & responsibilities:\nLead the design, setup, and configuration of Azure PostgreSQL Flexible Servers for enterprise applications.\nManage Cassandra database clusters hosted on VMs, including setup, configuration, tuning, and lifecycle operations.\nLead and execute database migration projects:\no PostgreSQL migration from AWS RDS to Azure PostgreSQL Flexible Server.\no Cassandra data migration from AWS-hosted clusters to Azure VM clusters.\nPerform regular performance tuning, query optimization, and capacity planning.\nDesign and implement high availability, disaster recovery, and backup/restore strategies.\nAutomate operational tasks using Jenkins, Terraform, and scripting languages (e.g., Bash, Python).\nImplement and monitor robust logging and alerting for proactive issue detection and resolution.\nEnsure database security and compliance through proper access control, encryption, and auditing.\nCollaborate with development and application teams to provide expert advice on performance tuning and query optimization.\nPerform zero-downtime upgrades and migrations with minimal impact to application availability.\nAct as a single point of contact (SPOC) for all database-related concerns, guiding stakeholders and driving database excellence.\nManage large-scale databases supporting high-throughput, high-availability enterprise systems.\nPreferred candidate profile:\nProven expertise in Azure PostgreSQL Flexible Server: setup, configuration, performance tuning, administration, and lifecycle management.\nHands-on experience managing Cassandra clusters on virtual machines.\nIn-depth understanding of backup/restore strategies, replication, disaster recovery planning, and migration techniques.\nStrong proficiency in database automation using tools such as Jenkins, Terraform, and scripting.\nExperience with database security, cloud security, including authentication, authorization, encryption, and auditing.\nAbility to handle enterprise-scale database environments with high reliability and availability requirements.\nExcellent troubleshooting, communication, and collaboration skills.\nDemonstrated ability to manage zero-downtime upgrades and maintenance activities.\nHands-on experience in cloud database migrations, especially will be an added advantage.\no From AWS RDS PostgreSQL to Azure PostgreSQL Flexible Server.\no From AWS-hosted Cassandra to Azure-based Cassandra clusters.\nPreferred Qualifications:\n• Cloud certifications (e.g., Microsoft Certified: Azure Database Administrator, AWS Certified Database Specialty).",Industry Type: IT Services & Consulting,Department: Engineering - Software & QA,"Employment Type: Full Time, Permanent","['Azure Database', 'AWS', 'Jenkins', 'Postgres Database', 'Terraform', 'Bash Scripting', 'Python Scripting', 'Postgresql']",2025-07-01 05:26:19
CRM Technical professional,big 4,6 - 11 years,Not Disclosed,['Hyderabad'],"Job Summary\n1.1 CRM Technical\n1.1.1 Must Have\nDesign, develop, and implement Microsoft Dynamics 365 solutions to meet business requirements.\nKnowledge of minimum two D365 CRM modules like Sales, Service, Field Service and Customer Insights\nCustomize and configure D365 applications, including workflows, plugins, and integrations.\nStrong technical skills in Power Pages, PowerApps, Power Automate, and related technologies\nExperience with CanvasApp development\nKnowledge of form script using JS, Business Process Flow, Business Rules\nKnowledge of solution deployment, solution management\nKnowledge of Integrations WebAPI\nExperience with development tools like Visual Studio, XRMToolBox, Postman etc\nDevelop and maintain technical documentation for D365 solutions.\nMicrosoft Certification\n1.1.2 Good To have:\n(Must meet 50% for Con level, above 70% match for Sr. Con and above)\nProficiency in programming languages such as C#, .NET, JavaScript, and SQL.\nExperience with D365 integrations using APIs and web services.\nKnowledge of CI/CD pipeline configuration for deployment\nDevelopment knowledge on PCF Controls for both canvas and model driven apps\nAbility to create custom connectors for Power Automate\nExperience with SharePoint integration scenarios with Power Apps and D365\nExperience with Azure platform including functions, LogicApps, ServiceBus, KeyVault\nPowerBI report development Connecting data sources, importing data, and transforming data for Business intelligence.\nExperience with Large enterprise level data migration using Azure Data Factory, Kingsway soft\nKnowledge of CoPilot configuration\n1.1.3 Power Pages:\nDesign, develop, and implement web applications using Microsoft Power Pages.\nCustomize and configure Power Pages to meet business requirements.\nKnowledge of Table Permission, Forms, Lists configuration\nKnowledge of HTML, JS and Liquid for Web Template configuration\nExperience with Power Pages Design Studio and its features",Industry Type: IT Services & Consulting,Department: Engineering - Software & QA,"Employment Type: Full Time, Permanent","['Power apps', 'Microsoft Dynamics 365', 'Power Pages', 'CanvasApp development', 'Microsoft Certification', 'XRMToolBox', 'Power Automate', 'Visual Studio', 'Postman', 'Integrations WebAPI']",2025-07-01 05:26:21
Aws Certified JAVA Developer,Ezinformatics Solutions,7 - 10 years,15-30 Lacs P.A.,['Kolkata'],"8+ yrs of experience in architectural microservices-based applications using JAVA. AWS services, EKS, Lambda, S3, RDS, DynamoDB,Cloud Formation.Proficiency in Java programming with Spring Boot\nAWS Certified Solutions Architect is mandatory.",Industry Type: IT Services & Consulting,Department: Engineering - Software & QA,"Employment Type: Full Time, Permanent","['Java', 'Aws Lambda', 'Aws Certified', 'Spring Boot', 'Microservices', 'Aws Java', 'Amazon Ec2', 'Amazon Web Services Ec2', 'Cloud Formation Aws', 'Dynamo Db', 'AWS']",2025-07-01 05:26:23
Sap B1 Functional Consultant,Leading Company in Food Processing Domai...,3 - 8 years,12-15 Lacs P.A.,['Ahmedabad'],"Role & responsibilities\n\nOversee and maintain SAP systems to guarantee peak availability and performance.\nOversee SAP migration initiatives, such as cloud migrations, database migrations, and system upgrades.\nWork together with functional teams to comprehend system requirements and create successful migration plans.\nInstall, configure, and upgrade systems in a variety of SAP settings, such as S/4HANA and ECC.\nTroubleshoot and resolve complex SAP issues, providing high-level technical support.\nTo save downtime, track system performance and troubleshoot problems.\nCreate and keep up-to-date system documentation, including best practices, processes, and migration plans.\nAssure data security and integrity throughout the moving process.\nAssist team members and stakeholders with technical help and direction.\nTo improve system performance, keep up with the most recent developments in SAP technology and trends.\n\n\nPreferred candidate profile\n\nA bachelor's degree in information technology, computer science, or similar discipline.\nShow expertise in managing SAP Basis, with an emphasis on migration initiatives.\nStrong familiarity with SAP system setups and landscape architecture.\nfamiliarity with database management platforms, such as SQL Server and HANA.\nKnowledgeable about data migration tools and techniques (such as SAP S/4HANA Migration Cockpit).\nknowledge of networking technologies and operating platforms (Windows, Linux).\nOutstanding ability to analyze and solve problems.\nStrong interpersonal and communication skills.",Industry Type: FMCG,Department: IT & Information Security,"Employment Type: Full Time, Permanent","['SAP functional Consultant', 'SAP S/4 Hana', 'SAP B1', 'SAP Business One']",2025-07-01 05:26:25
Salesforce Revenue Cloud Developer,Forsys,5 - 8 years,12-22 Lacs P.A.,['Hyderabad'],"Sr. Salesforce Revenue Cloud Developer:\n\nWere seeking an experienced Sr Salesforce Revenue Cloud Developer with deep experience in CPQ, Billing, and the Revenue Cloud ecosystem. This role will be responsible for designing, developing, and supporting scalable quote-to-cash solutions using Salesforce Revenue Cloud, including CPQ, Billing, and integrations with ERP/Payment platforms.\n\nResponsibilities:",,,,"['Salesforce cpq', 'Billing', 'Revenue cloud']",2025-07-01 05:26:27
Medidata Platform Configuration Subject Matter Expert,Siro Clinpharm,4 - 6 years,20-30 Lacs P.A.,[],"About the Role:\n\nWe are seeking an experienced Medidata Platform Configuration Subject Matter Expert (SME) to lead and support the migration of Clinical Monitoring Library (CML) and electronic Trial Master File (eTMF) systems. The ideal candidate will act as a Migration Systems Analyst and Solution Architect, providing deep technical and functional expertise in Medidata platforms, ensuring seamless migration, system integration, and optimal configuration aligned with business objectives and regulatory requirements.\n\nKey Responsibilities:\n\nLead the analysis, design, and implementation of Medidata platform configurations specifically for CML and eTMF migrations.\nAct as the primary SME on Medidata platform architecture, configuration best practices, and migration strategy.\nCollaborate with cross-functional teams (clinical operations, IT, vendors, and project management) to gather requirements and translate business needs into technical solutions.\nAnalyze current system landscapes, perform gap analysis, and design scalable migration solutions ensuring data integrity and compliance.\nDevelop and document detailed migration plans, workflows, and architecture diagrams.\nProvide technical guidance on system integration, data mapping, validation, and testing for migration activities.\nIdentify risks, issues, and mitigation strategies throughout the migration lifecycle.\nSupport system validation and ensure compliance with industry standards (e.g., FDA 21 CFR Part 11).\nFacilitate workshops and training sessions for stakeholders on new configurations and migration processes.\nContinuously assess platform capabilities and recommend improvements for operational efficiency.\nMaintain strong knowledge of Medidata Rave, CML, eTMF modules, and related clinical trial technologies.\n\nRequired Skills and Qualifications:\n\nBachelors degree in Computer Science, Life Sciences, Engineering, or related field.\n5+ years of experience with Medidata Clinical Cloud platforms, including hands-on configuration experience.\nStrong expertise in Medidata CML and eTMF modules.\nProven experience in system migration projects within clinical trial environments.\nSolid understanding of clinical trial workflows, regulatory requirements, and compliance standards.\nExperience as a Systems Analyst or Solution Architect in clinical data management or clinical operations.\nStrong analytical and problem-solving skills with attention to detail.\nExcellent communication and stakeholder management skills.\nAbility to translate complex business requirements into technical solutions.\nExperience with data migration tools, ETL processes, and validation methodologies.\nKnowledge of GxP regulations and electronic records compliance (e.g., 21 CFR Part 11).\nFamiliarity with cloud-based platforms and SaaS deployments.",Industry Type: Pharmaceutical & Life Sciences,Department: Consulting,"Employment Type: Full Time, Permanent","['Data Migration', 'Clinical Monitoring', 'Solution Architecting', 'System Analysis', 'Etmf', 'ETL', 'Data Mapping']",2025-07-01 05:26:29
Laravel Developer,Ithink Logistics,2 - 4 years,Not Disclosed,"['Mumbai', 'Goregaon']","BOUT JOB ROLE:\nWe are looking for a dedicated Laravel PHP Developer to join our development team. The ideal candidate will have a passion for coding, a strong foundation in PHP, and hands-on experience with the Laravel framework.\nThis role is perfect for someone who loves building scalable and secure web applications.\n\n\nLocation : Goregaon East, Mumbai (Onsite)\n\n\nREQUIREMENTS :\nProficient in PHP and the Laravel framework.\nMinimum of [2.5] years of experience in Laravel and PHP development.\nStrong understanding of OOP, MVC architecture, and design patterns.\nKnowledge of database design, query optimization, and tools like MySQL/PostgreSQL.\n(Vue.js/React is a plus).\nFamiliarity with RESTful APIs, authentication (OAuth2, JWT), and third-party integrations.\nHands-on experience with version control systems (Git/GitHub/GitLab).\nExperience with front-end technologies such as HTML, CSS, JavaScript, and frameworks\nStrong problem-solving skills and attention to detail.\nExcellent verbal and written communication skills.\nAbility to work independently and collaboratively in a team environment.\n\nJOB ROLE AND RESPONSIBILITIES :\nDesign, develop, and maintain web applications using the Laravel framework.\nWrite clean, efficient, and scalable code adhering to best practices and coding standards.\nBuild APIs (RESTful or GraphQL) for seamless integration with front-end systems and third-party services.\nDesign and optimize database schemas and queries, ensuring data security and consistency.\nPerform data migrations and seeding.\nDebug and resolve application issues promptly while ensuring application reliability through unit and feature tests.\nCollaborate with cross-functional teams, including front-end developers, designers, and project managers, to deliver seamless user experiences.\nMonitor application performance and implement caching strategies to ensure scalability and optimal performance.\nMaintain comprehensive documentation for code, processes, and system architecture.\n\nGREAT TO HAVE (requirements) :\nFamiliarity with cloud platforms (AWS, Google Cloud, Azure).\nExperience with containerization tools like Docker.\nExposure to Agile/Scrum methodologies.\nKnowledge of CI/CD pipelines and deployment processes.\n\n\n\nLIFE AT ITHINK LOGISTICS :\nWorking at ITL goes far beyond just having a job to make ends meet. As an ITL team member, you may do what you love, be yourself, and make a difference in people's lives. We embody #squadgoals; our team takes pleasure in having a ""curious attitude"" that encourages cooperation and progress without regard for seniority. You will make new friends and be inspired to bring yours too.\n\n\n\nWHAT IS IN IT FOR YOU ?\nStructured career development with opportunities for growth.\nPaid leaves, restricted holidays, and maternity/paternity leaves.\nComprehensive health insurance.\nFlexible working hours.\nTraining and development programs for personal and professional growth.\n\n\nInterested candidates may share their CVs at ichinmay@ithinklogistics.com",Industry Type: IT Services & Consulting,Department: Engineering - Software & QA,"Employment Type: Full Time, Permanent","['Laravel Php Framework', 'MySQL', 'Php Laravel', 'Laravel', 'Restful Web Api Development']",2025-07-01 05:26:32
React Native Developer,Anandpushp Technologies,2 - 5 years,2-6 Lacs P.A.,['Kolkata'],"Designation: Mobile Application developer (React Native)-Kolkata\nYears of Experience: 2-5 years\nIndustry: IT\n\nJob Description:• Own the iOS and/ or Android app development of the company.• Work directly with developers and product manager to conceptualize, build, test, and realize products.•\nDeliver across the entire app life cycle build, deploy, test, release to app stores, and support.• Responsible for code and data architecture, and timely delivery of releases.• Experience in building Android and iOS apps using React Native.•\nCreate compelling device specific user interfaces and experiences.• Excellent working experience in front-end/mobile frameworks and well versed with iOS and Android clean code and security standards.•\nFamiliarity with RESTful APIs for mobile applications to back-end services communication.• Responsible for creating scalable system architecture & infrastructure.• Experience in developing secure apps, handling payments.•\nHands-on coding of individual product modules and integrations.•\nExperience in seamless deployment of apps to Play Store and App Store and knowledge of respective developer guidelines.•\nOwn the codebase, identify code optimization opportunities, maintain error free code and code documentation.•\nSetup and manage back-end infrastructure/services.•\nResearch new technologies that have potential to improve the product.•\nConduct detailed code reviews, create test cases and conduct alpha, beta testing, conduct QA testing with help from QA engineers.•\nAbility to redesign architecture around new feature requests or bugs.• Experience in leading a team of mobile app developers and QA engineers.•\nA keen interest in new technologies and best practices.•\nExperience in managing development tasks/timelines for a team (e.g. by holding daily scrums).• Experience with performance testing & tuning, scaling and optimization of high-load applications.•\nProject planning, timelines and milestones for execution and deliverables.\n\nRequired competencies:\nGood knowledge of the SQLite database and the Google Play Services using GCM for Push Notifications\nStrong mobile UI design (multi-screen resolutions), coding, support and maintenance.\nKnowledge of HTML5, JavaScript, and the third-party API like Facebook, Google, and Social media integration etc. will be required.\nExperience with third-party library files like Facebook SDK etc.\nProficient iOS and Android mobile app experience is a must.",Industry Type: IT Services & Consulting,Department: Engineering - Software & QA,"Employment Type: Full Time, Permanent","['React Native', 'Redux', 'Mobile Application Development']",2025-07-01 05:26:34
Integration Engineer - SAP CPI DS,E.L.F BEAUTY INDIA PRIVATE LIMITED,2 - 5 years,Not Disclosed,['Ahmedabad'],"About the Company\n\ne.l.f. Beauty, Inc. stands with every eye, lip, face and paw. Our deep commitment to clean, cruelty free beauty at an incredible value has fueled the success of our flagship brand e.l.f. Cosmetics since 2004 and driven our portfolio expansion. Today, our multi-brand portfolio includes e.l.f. Cosmetics, e.l.f. SKIN, pioneering clean beauty brand Well People, Keys Soulcare, a groundbreaking lifestyle beauty brand created with Alicia Keys and Naturium, high-performance, biocompatible, clinically-effective and accessible skincare.\n\nIn our Fiscal year 24, we had net sales of $1 Billion and our business performance has been nothing short of extraordinary with 24 consecutive quarters of net sales growth. We are the #2 mass cosmetics brand in the US and are the fastest growing mass cosmetics brand among the top 5. Our total compensation philosophy offers every full-time new hire competitive pay and benefits, bonus eligibility (200% of target over the last four fiscal years), equity, flexible time off, year-round half-day Fridays, and a hybrid 3 day in office, 2 day at home work environment. We believe the combination of our unique culture, total compensation, workplace flexibility and care for the team is unmatched across not just beauty but any industry.\n\nVisit our Career Page to learn more about our team: https://www.elfbeauty.com/work-with-us\n\nPosition Summary\nWe are seeking a highly skilled Integration Engineer - SAP CPI DS to lead the design, development, and execution of complex data integration and ETL solutions using SAP Cloud Platform Integration (CPI) and SAP Data Services (DS). This is a senior-level, hands-on technical role that requires deep expertise in building robust, scalable integration frameworks across SAP S/4HANA and non-SAP systems.\n  The ideal candidate will have experience in SAP integration, with a strong command of iFlow development, API integrations, and ETL design using SAP DS. You will be responsible for independently managing end-to-end integration projects, ensuring performance, data integrity, and security. A proactive approach to troubleshooting, performance tuning, and system optimization is critical to success in this role.\n\nThis role offers the opportunity to work on mission-critical integration solutions in a cloud-first, fast-paced environment while collaborating with cross-functional teams and driving innovation in data and system connectivity.\nResponsibilities\nLead the design and development of SAP CPI and SAP Data Services integration solutions with minimal guidance, ensuring alignment with business requirements and technical specifications.\nDevelop, configure, and deploy iFlows within SAP Cloud Platform Integration (CPI) to support business processes and data transformations across SAP and third-party systems.\nDesign and implement ETL (Extract, Transform, Load) processes using SAP Data Services for data migration, integration, and transformation across heterogeneous environments.\nTake full ownership of integration solutions, ensuring that data flows are optimized, secure, and reliable, with attention to scalability and performance.\nTroubleshoot, diagnose, and resolve complex issues independently, ensuring continuous uptime and performance optimization of integration processes.\nEnsure best practices are followed for integration design, coding standards, and error handling across SAP CPI and SAP Data Services.\nCollaborate with cross-functional teams (e.g., business analysts, functional consultants, and system architects) to define integration requirements, ensuring seamless and efficient business process automation.\nIndependently manage and execute complex integrations for SAP S/4HANA and non-SAP systems with minimal oversight.\nMonitor and optimize integration solutions for performance, scalability, and reliability, ensuring timely resolution of integration issues.\nContinuously explore and recommend new tools and techniques for enhancing SAP CPI and DS integration solutions and improving overall system performance.\nCreate comprehensive technical documentation for integration processes, including architecture diagrams, detailed specifications, troubleshooting guides, and knowledge transfer materials.\nEnsure compliance with organizational security and governance standards, particularly regarding data integrity, privacy, and security in integration scenarios.\nQualifications:\nBachelor’s or Master’s degree in Computer Science, Information Technology, or a related field.\n12+ years of experience in SAP integration development, including extensive hands-on experience with SAP Cloud Platform Integration (CPI) and SAP Data Services (DS).\nProven track record of independently managing end-to-end integration projects with SAP CPI and SAP Data Services.\nStrong expertise in developing iFlows, API integration, and handling various integration protocols (SOAP, REST, OData, IDocs, XML, JSON).\nDeep knowledge of SAP Data Services, including ETL processes, job design, and performance optimization.\nExperience with SAP S/4HANA integrations.\nAbility to work independently and take ownership of integration solutions with little to no supervision.\nExpertise in troubleshooting and resolving complex integration issues, identifying bottlenecks, and ensuring smooth operation.\nStrong understanding of cloud architecture and integration patterns, particularly within the SAP Cloud Platform ecosystem.\nProven ability to deliver integration solutions in a timely and efficient manner, while maintaining high quality and reliability.\nExcellent problem-solving skills with the ability to navigate complex technical challenges autonomously.\nStrong communication skills, with the ability to interact effectively with business stakeholders, technical teams, and management.\nPreferred Skills:\nCertification in SAP Cloud Platform Integration (CPI) or SAP Data Services.\nHands-on experience with SAP Integration Suite (API Management, Open Connectors, etc.).\nFamiliarity with SAP Business Technology Platform (BTP) and Cloud Foundry.\nExperience with API management and containerized deployments (e.g., Kubernetes, Docker).\nKnowledge of advanced integration tools and frameworks for large-scale enterprise environments.\nMinimum experience\n12\nMaximum experience\n18\nThis job description is intended to describe the general nature and level of work being performed in this position. It also reflects the general details considered necessary to describe the principal functions of the job identified, and shall not be considered, as detailed description of all the work required inherent in the job. It is not an exhaustive list of responsibilities, and it is subject to changes and exceptions at the supervisors’ discretion.\n\ne.l.f. Beauty respects your privacy. Please see our Job Applicant Privacy Notice (www.elfbeauty.com/us-job-applicant-privacy-notice) for how your personal information is used and shared.",Industry Type: IT Services & Consulting,Department: Engineering - Software & QA,"Employment Type: Full Time, Permanent","['kubernetes', 'api integration', 'integration framework', 'api management', 'docker', 'ds', 'sap s hana', 'odata', 'idocs', 'xml', 'sap data services', 'sap integration', 'json', 'etl', 'cpi', 'communication skills', 'rest', 'development', 'sap', 'saps', 'designing etl', 'sap cpi', 'cloud architecture', 'troubleshooting', 'soap', 'etl process']",2025-07-01 05:26:36
SAP SD Lead,ASV Consulting Services,6 - 11 years,11-21 Lacs P.A.,['Pune'],"We are seeking an experienced SAP SD Consultant the consultant will be\nresponsible for the implementation, customization, and maintenance of SAP SD modules within\nour SAP ECC environment, specifically tailored for the oil and gas industry.\nKey Responsibilities:\n1. SAP SD Configuration: Configure and maintain the SAP SD module, ensuring\nits alignment with business processes in the oil and gas industry.\n2. IS-Oil Functionality (Good to have): Implement and customize IS-Oil specific\nfunctionalities such as Hydrocarbon Product Management, Exchange Agreement,\nand TSW (Trader's and Scheduler's Workbench).\n3. Integration: Collaborate with other SAP modules like MM, FI/CO, and PP to\nensure seamless integration.\n4. Custom Development: Work with the development team to design and\nimplement custom solutions as required.\n5. Data Migration and Testing: Assist in data migration from legacy systems and\nconduct thorough testing of the SAP SD functionalities.\n6. Training and Support: Provide training to end-users and offer ongoing support\nand troubleshooting.\n7. Project Management: Manage project timelines, deliverables, and\ndocumentation.\n8. Continuous Improvement: Identify opportunities for process optimization and\nimplement best practices.\nKey Responsibilities: For E invoice project specific:\nImplement and configure SAP SD module with a focus on e-invoicing solutions.\nEnsure compliance with global e-invoicing regulations (e.g., India, Europe, etc.).\nIntegrate SAP with government tax portals for real-time invoice validation and\ncompliance reporting.\nWork with SAP eDocument Framework and SAP Document Compliance (e.g., GST,\nVAT, CFDI, etc.).\nTroubleshoot and resolve issues related to e-invoicing and electronic document\nprocessing.\nCollaborate with cross-functional teams (FI, MM, and ABAP) to ensure seamless\ninvoicing workflows.\nPerform system testing, UAT, and go-live support for SAP SD e-invoicing solutions.\nMonitor legal and regulatory changes and adapt SAP e-invoicing solutions accordingly.",Industry Type: IT Services & Consulting,Department: Consulting,"Employment Type: Full Time, Permanent","['End To End Implementation', 'SAP SD', 'Team Leading', 'SD Module', 'SAP Implementation', 'Sales And Distribution', 'SAP Support', 'Sap Sales And Distribution']",2025-07-01 05:26:38
Sap Sd Consultant,ASV Consulting Services,4 - 9 years,5-15 Lacs P.A.,['Pune'],"Key Responsibilities:\n\n1. SAP SD Configuration: Configure and maintain the SAP SD module, ensuring\nits alignment with business processes in the oil and gas industry.\n2. IS-Oil Functionality (Good to have): Implement and customize IS-Oil specific\nfunctionalities such as Hydrocarbon Product Management, Exchange Agreement,\nand TSW (Trader's and Scheduler's Workbench).\n3. Integration: Collaborate with other SAP modules like MM, FI/CO, and PP to\nensure seamless integration.\n4. Custom Development: Work with the development team to design and\nimplement custom solutions as required.\n5. Data Migration and Testing: Assist in data migration from legacy systems and\nconduct thorough testing of the SAP SD functionalities.\n6. Training and Support: Provide training to end-users and offer ongoing support\nand troubleshooting.\n7. Project Management: Manage project timelines, deliverables, and\ndocumentation.\n8. Continuous Improvement: Identify opportunities for process optimization and\nimplement best practices.\nKey Responsibilities: For E invoice project specific:\nImplement and configure SAP SD module with a focus on e-invoicing solutions.\nEnsure compliance with global e-invoicing regulations (e.g., India, Europe, etc.).\nIntegrate SAP with government tax portals for real-time invoice validation and\ncompliance reporting.\nWork with SAP eDocument Framework and SAP Document Compliance (e.g., GST,\nVAT, CFDI, etc.).\nTroubleshoot and resolve issues related to e-invoicing and electronic document\nprocessing.\nCollaborate with cross-functional teams (FI, MM, and ABAP) to ensure seamless\ninvoicing workflows.\nPerform system testing, UAT, and go-live support for SAP SD e-invoicing solutions.\nMonitor legal and regulatory changes and adapt SAP e-invoicing solutions accordingly",Industry Type: IT Services & Consulting,Department: Consulting,"Employment Type: Full Time, Permanent","['SAP SD', 'Invoicing', 'SAP SD', 'Billing', 'Sap S Hana', 'SD Module', 'Sales And Distribution', 'Sap Sales And Distribution']",2025-07-01 05:26:41
Java Full Stack Developer,Prudent Globaltech Solutions,7 - 12 years,Not Disclosed,['Hyderabad'],"We are looking for a senior java developer to play a key role in the development and support of our company's application. This includes designing, developing, consulting, and mentoring developers/business partners regarding real estate application voucher/deal/invoice implementation. As a member of our development team, your communication and analytical skills are essential to this role.\nJOB DESCRIPTION\nOverall 10+ of experience, 7+ years programming as a software developer\n2-3 years of hands-on with SQL",,,,"['Ci/Cd', 'Java Fullstack', 'Microservices', 'Angular', 'Java', 'Spring Boot', 'azure']",2025-07-01 05:26:43
Salesforce Developer,Prudent Globaltech Solutions,7 - 12 years,Not Disclosed,['Hyderabad'],"Requirement\n6+ years of technical expertise on Salesforce.com, using Force.com Apex, Visual Force, JavaScript, HTML5, CSS, Ant, and the use of these tools with Salesforce.com\nAt least 1.5 years of experience in Salesforce LWC (Lightning Web Components)\nHands-on experience with customization (Apex Triggers, Classes, Visual Force & Flows)\nStrong with configuration, customization, programming with Apex APIs, Apex Triggers, Flows, Workflows with actions, Approval Processes, Reports & Dashboards\nExperience in org/data migration projects from legacy systems to Salesforce\nExpertise in data migration tools and techniques\nFamiliarity with Salesforce.com best practices, support mechanisms, procedures and limitations are required\nPlans, designs, develops and maintains multiple complex salesforce implementations\nCollaborate across multiple scrum teams; Follow development, testing, and deployment practices that are leading edge on the Salesforce platform\nAnalyzes problems, conducts root cause analysis, helps in the resolution of problems using defined problem management procedure, and helps in application support and maintenance of customer applications\nExperience with at least full life cycle implementations on Salesforce.com with 500+ user licenses\nStrong knowledge of Agile Software development methodologies, design, and architectural patterns\nWork closely with QA to review test plans and test cases and ensure the quality of deliverables from the team\nExperience with MuleSoft is preferred\nExcellent written and verbal communication skills\nCertifications:\nSalesforce Platform Developer II (PDII) certification is required",Industry Type: IT Services & Consulting,Department: Engineering - Software & QA,"Employment Type: Full Time, Permanent","['Apex Programming', 'Lwc', 'Soql', 'Sosl', 'Salesforce Lightning', 'Salesforce Integration']",2025-07-01 05:26:46
