title,company,experience,salary,location,description,industry,skills,scraped_at
Data Engineer,Virtusa,6-12 Years,,Hyderabad,"Job Title: Senior Data Engineer\nLocation\nHyderabad, Telangana, India\nKey Responsibilities\nAs a Senior Data Engineer, you will:\nData Pipeline Development: Design, build, and maintain scalable data pipelines using PySpark and Python.\nAWS Cloud Integration: Work with AWS cloud services (S3, Lambda, Glue, EMR, Redshift) for data ingestion, processing, and storage.\nETL Workflow Management: Implement and maintain ETL workflows using DBT and orchestration tools (e.g., Airflow).\nData Warehousing: Design and manage data models in Snowflake, ensuring performance and reliability.\nSQL Optimization: Utilize SQL for querying and optimizing datasets across different databases.\nData Integration: Integrate and manage data from MongoDB, Kafka, and other streaming or NoSQL sources.\nCollaboration & Support: Collaborate with data scientists, analysts, and other engineers to support advanced analytics and Machine Learning (ML) initiatives.\nData Quality & Governance: Ensure data quality, lineage, and governance through best practices and tools.\nMandatory Skills & Experience\nStrong programming skills in Python and PySpark.\nHands-on experience with AWS data services (S3, Lambda, Glue, EMR, Redshift).\nProficiency in SQL and experience with DBT for data transformation.\nExperience with Snowflake for data warehousing.\nKnowledge of MongoDB, Kafka, and data streaming concepts.\nGood understanding of data architecture, data modeling, and data governance.\nFamiliarity with large-scale data platforms.\nEssential Professional Skills\nExcellent problem-solving skills.\nAbility to work independently or as part of a team.\nExperience with CI/CD and DevOps practices in a data engineering environment (Plus).\nQualifications\nProven hands-on experience working with large-scale data platforms.\nStrong background in Python, PySpark, AWS, and modern data warehousing tools such as Snowflake and DBT.\nFamiliarity with NoSQL databases like MongoDB and real-time streaming platforms like Kafka.",Information Technology,"['Sql', 'Apache Spark', 'Big Data', 'AWS', 'Data Modeling', 'Kafka']",2025-06-12 15:17:13
Data Engineer,Virtusa,6-12 Years,,Chennai,"Job Title: Senior Data Engineer\nLocation\nHyderabad, Telangana, India\nKey Responsibilities\nAs a Senior Data Engineer, you will:\nData Pipeline Development: Design, build, and maintain scalable data pipelines using PySpark and Python.\nAWS Cloud Integration: Work with AWS cloud services (S3, Lambda, Glue, EMR, Redshift) for data ingestion, processing, and storage.\nETL Workflow Management: Implement and maintain ETL workflows using DBT and orchestration tools (e.g., Airflow).\nData Warehousing: Design and manage data models in Snowflake, ensuring performance and reliability.\nSQL Optimization: Utilize SQL for querying and optimizing datasets across different databases.\nData Integration: Integrate and manage data from MongoDB, Kafka, and other streaming or NoSQL sources.\nCollaboration & Support: Collaborate with data scientists, analysts, and other engineers to support advanced analytics and Machine Learning (ML) initiatives.\nData Quality & Governance: Ensure data quality, lineage, and governance through best practices and tools.\nMandatory Skills & Experience\nStrong programming skills in Python and PySpark.\nHands-on experience with AWS data services (S3, Lambda, Glue, EMR, Redshift).\nProficiency in SQL and experience with DBT for data transformation.\nExperience with Snowflake for data warehousing.\nKnowledge of MongoDB, Kafka, and data streaming concepts.\nGood understanding of data architecture, data modeling, and data governance.\nFamiliarity with large-scale data platforms.\nEssential Professional Skills\nExcellent problem-solving skills.\nAbility to work independently or as part of a team.\nExperience with CI/CD and DevOps practices in a data engineering environment (Plus).\nQualifications\nProven hands-on experience working with large-scale data platforms.\nStrong background in Python, PySpark, AWS, and modern data warehousing tools such as Snowflake and DBT.\nFamiliarity with NoSQL databases like MongoDB and real-time streaming platforms like Kafka.",Information Technology,"['Sql', 'Apache Spark', 'Big Data', 'AWS', 'Data Modeling', 'Kafka']",2025-06-12 15:17:16
Data Engineer,Virtusa,6-12 Years,,Chennai,"Job Title: Senior Data Engineer\nLocation\nHyderabad, Telangana, India\nKey Responsibilities\nAs a Senior Data Engineer, you will:\nData Pipeline Development: Design, build, and maintain scalable data pipelines using PySpark and Python.\nAWS Cloud Integration: Work with AWS cloud services (S3, Lambda, Glue, EMR, Redshift) for data ingestion, processing, and storage.\nETL Workflow Management: Implement and maintain ETL workflows using DBT and orchestration tools (e.g., Airflow).\nData Warehousing: Design and manage data models in Snowflake, ensuring performance and reliability.\nSQL Optimization: Utilize SQL for querying and optimizing datasets across different databases.\nData Integration: Integrate and manage data from MongoDB, Kafka, and other streaming or NoSQL sources.\nCollaboration & Support: Collaborate with data scientists, analysts, and other engineers to support advanced analytics and Machine Learning (ML) initiatives.\nData Quality & Governance: Ensure data quality, lineage, and governance through best practices and tools.\nMandatory Skills & Experience\nStrong programming skills in Python and PySpark.\nHands-on experience with AWS data services (S3, Lambda, Glue, EMR, Redshift).\nProficiency in SQL and experience with DBT for data transformation.\nExperience with Snowflake for data warehousing.\nKnowledge of MongoDB, Kafka, and data streaming concepts.\nGood understanding of data architecture, data modeling, and data governance.\nFamiliarity with large-scale data platforms.\nEssential Professional Skills\nExcellent problem-solving skills.\nAbility to work independently or as part of a team.\nExperience with CI/CD and DevOps practices in a data engineering environment (Plus).\nQualifications\nProven hands-on experience working with large-scale data platforms.\nStrong background in Python, PySpark, AWS, and modern data warehousing tools such as Snowflake and DBT.\nFamiliarity with NoSQL databases like MongoDB and real-time streaming platforms like Kafka.",Information Technology,"['Sql', 'Apache Spark', 'Big Data', 'AWS', 'Data Modeling', 'Kafka']",2025-06-12 15:17:16
Data Engineer,Virtusa,2-4 Years,,Hyderabad,"Key Responsibilities:\nDesign, develop, and maintain ETL/ELT pipelines to move and transform data from various sources.\nBuild and optimize data warehouses, data lakes, and structured/unstructured storage solutions.\nEnsure data quality, integrity, and consistency across systems.\nCollaborate with data analysts and scientists to understand data needs and optimize performance.\nIntegrate APIs, third-party data sources, and internal systems to build robust datasets.\nMonitor and troubleshoot pipeline performance and resolve data-related issues.\nImplement data security, governance, and compliance best practices.\nRequired Skills & Qualifications:\nBachelor's degree in Computer Science, Engineering, Information Systems, or a related field.\n25 years of experience as a Data Engineer or in a related role.\nStrong programming skills in Python, SQL, and optionally Scala or Java.\nExperience with big data tools such as Spark, Hadoop, or Kafka.\nHands-on experience with cloud platforms (e.g., AWS, GCP, or Azure) and services like S3, Redshift, BigQuery, or Snowflake.\nProficiency with data modeling, schema design, and working with relational and NoSQL databases.\nFamiliarity with workflow orchestration tools like Airflow, Luigi, or Prefect.\nStrong understanding of data warehousing concepts and performance optimization.",Information Technology,"['AWS', 'Gcp', 'Azure', 'Redshift', 'BigQuery']",2025-06-12 15:17:17
Data Engineer,Virtusa,2-4 Years,,Hyderabad,"We are seeking a skilled Data Engineer to join our dynamic team in India. The ideal candidate will have experience in building and managing data pipelines, ensuring data quality, and optimizing our data infrastructure to support analytics and business intelligence initiatives.\nResponsibilities\nDesign, construct, install, and maintain large-scale processing systems and data pipelines.\nDevelop and optimize ETL processes to ensure smooth data integration and transformation.\nCollaborate with data scientists and analysts to understand data requirements and deliver solutions that meet their needs.\nImplement data quality checks and ensure data integrity throughout the data lifecycle.\nMonitor performance and troubleshoot data-related issues, enhancing system efficiency and reliability.\nSkills and Qualifications\nBachelor's degree in Computer Science, Engineering, or a related field.\n2-4 years of experience in data engineering or a similar role.\nProficiency in programming languages such as Python, Java, or Scala.\nStrong knowledge of SQL and experience with database management systems (e.g., MySQL, PostgreSQL, MongoDB).\nExperience with big data technologies such as Hadoop, Spark, or Kafka.\nFamiliarity with cloud platforms like AWS, Azure, or Google Cloud for data storage and processing.\nUnderstanding of data modeling concepts and data warehousing principles.\nAbility to work collaboratively in a team environment and communicate effectively with stakeholders.",Information Technology,"['Sql', 'Apache Spark', 'Big Data', 'AWS', 'Data Modeling', 'Kafka']",2025-06-12 15:17:18
Data Engineer,Virtusa,2-4 Years,,Hyderabad,"We are seeking a skilled Data Engineer to join our dynamic team in India. The ideal candidate will have experience in building and managing data pipelines, ensuring data quality, and optimizing our data infrastructure to support analytics and business intelligence initiatives.\nResponsibilities\nDesign, construct, install, and maintain large-scale processing systems and data pipelines.\nDevelop and optimize ETL processes to ensure smooth data integration and transformation.\nCollaborate with data scientists and analysts to understand data requirements and deliver solutions that meet their needs.\nImplement data quality checks and ensure data integrity throughout the data lifecycle.\nMonitor performance and troubleshoot data-related issues, enhancing system efficiency and reliability.\nSkills and Qualifications\nBachelor's degree in Computer Science, Engineering, or a related field.\n2-4 years of experience in data engineering or a similar role.\nProficiency in programming languages such as Python, Java, or Scala.\nStrong knowledge of SQL and experience with database management systems (e.g., MySQL, PostgreSQL, MongoDB).\nExperience with big data technologies such as Hadoop, Spark, or Kafka.\nFamiliarity with cloud platforms like AWS, Azure, or Google Cloud for data storage and processing.\nUnderstanding of data modeling concepts and data warehousing principles.\nAbility to work collaboratively in a team environment and communicate effectively with stakeholders.",Information Technology,"['Sql', 'Apache Spark', 'Big Data', 'AWS', 'Data Modeling', 'Kafka']",2025-06-12 15:17:20
AWS Data Engineer,Virtusa,5-10 Years,,Chennai,"Key Responsibilities\nAs a Senior Data Engineer, you will:\nData Pipeline Development: Design, build, and maintain scalable data pipelines using PySpark and Python.\nAWS Cloud Integration: Work with AWS cloud services (S3, Lambda, Glue, EMR, Redshift) for data ingestion, processing, and storage.\nETL Workflow Management: Implement and maintain ETL workflows using DBT and orchestration tools (e.g., Airflow).\nData Warehousing: Design and manage data models in Snowflake, ensuring performance and reliability.\nSQL Optimization: Utilize SQL for querying and optimizing datasets across different databases.\nData Integration: Integrate and manage data from MongoDB, Kafka, and other streaming or NoSQL sources.\nCollaboration & Support: Collaborate with data scientists, analysts, and other engineers to support advanced analytics and Machine Learning (ML) initiatives.\nData Quality & Governance: Ensure data quality, lineage, and governance through best practices and tools.\nMandatory Skills & Experience\nStrong programming skills in Python and PySpark.\nHands-on experience with AWS data services (S3, Lambda, Glue, EMR, Redshift).\nProficiency in SQL and experience with DBT for data transformation.\nExperience with Snowflake for data warehousing.\nKnowledge of MongoDB, Kafka, and data streaming concepts.\nGood understanding of data architecture, data modeling, and data governance.\nFamiliarity with large-scale data platforms.\nEssential Professional Skills\nExcellent problem-solving skills.\nAbility to work independently or as part of a team.\nExperience with CI/CD and DevOps practices in a data engineering environment (Plus).\nQualifications\nProven hands-on experience working with large-scale data platforms.\nStrong background in Python, PySpark, AWS, and modern data warehousing tools such as Snowflake and DBT.\nFamiliarity with NoSQL databases like MongoDB and real-time streaming platforms like Kafka.",Information Technology,"['AWS data services', 'dbt', 'snowflake', 'Python', 'Pyspark', 'Sql']",2025-06-12 15:17:21
Data Engineer-Data Platforms,IBM,5-8 Years,,Navi Mumbai,"In this role, you'll work in one of our IBM Consulting Client Innovation Centers (Delivery Centers), where we deliver deep technical and industry expertise to a wide range of public and private sector clients around the world. Our delivery centers offer our clients locally based skills and technical expertise to drive innovation and adoption of new technology.\nYour role and responsibilities\nAs a Big Data Engineer, you will develop, maintain, evaluate, and test big data solutions.\nYou will be involved in data engineering activities like creating pipelines/workflows for Source to Target and implementing solutions that tackle the clients needs.\nYour primary responsibilities include:\nDesign, build, optimize and support new and existing data models and ETL processes based on our clients business requirements.\nBuild, deploy and manage data infrastructure that can adequately handle the needs of a rapidly growing data driven organization.\nCoordinate data access and security to enable data scientists and analysts to easily access to data whenever they need too\nRequired education\nBachelor's Degree\nPreferred education\nMaster's Degree\nRequired technical and professional expertise\nMust have 5+ years exp in Big Data -Hadoop Spark -Scala ,Python\nHbase, Hive Good to have Aws -S3,\nathena ,Dynomo DB, Lambda, Jenkins GIT\nDeveloped Python and pyspark programs for data analysis.. Good working experience with python to develop Custom Framework for generating of rules (just like rules engine).\nDeveloped Python code to gather the data from HBase and designs the solution to implement using Pyspark. Apache Spark DataFrames/RDD's were used to apply business transformations and utilized Hive Context objects to perform read/write operations\nPreferred technical and professional experience\nUnderstanding of Devops.\nExperience in building scalable end-to-end data ingestion and processing solutions\nExperience with object-oriented and/or functional programming languages, such as Python, Java and Scala",Software,"['Big Data', 'Hadoop', 'Spark', 'Python', 'Scala', 'Pyspark']",2025-06-12 15:17:22
Data Engineer-Data Platforms-Google,IBM,5-10 Years,,Gurugram,"Your role and responsibilities :\nAs an Associate Software Developer at IBM you will harness the power of data to unveil captivating stories and intricate patterns. You'll contribute to data gathering, storage, and both batch and real-time processing.\nCollaborating closely with diverse teams, you'll play an important role in deciding the most suitable data management systems and identifying the crucial data required for insightful analysis.\nAs a Data Engineer, you'll tackle obstacles related to database integration and untangle complex, unstructured data sets.\nIn this role, your responsibilities may include:\nImplementing and validating predictive models as well as creating and maintain statistical models with a focus on big data, incorporating a variety of statistical and machine learning techniques\nDesigning and implementing various enterprise search applications such as Elasticsearch and Splunk for client requirements\nWork in an Agile, collaborative environment, partnering with other scientists, engineers, consultants and database administrators of all backgrounds and disciplines to bring analytical rigor and statistical methods to the challenges of predicting behaviors.\nBuild teams or writing programs to cleanse and integrate data in an efficient and reusablemanner, developing predictive or prescriptive models, and evaluating modelling results\nRequired technical and professional expertise\nDevelop/Convert the database (Hadoop to GCP) of the specific objects (tables, views, procedures, functions, triggers, etc.) from one database to another database platform Implementation of a specific Data Replication mechanism (CDC, file data transfer, bulk data transfer, etc.).\nExpose data as API Participation in modernization roadmap journey Analyze discovery and analysis outcomes Lead discovery and analysis workshops/playbacks Identification of the applications dependencies, source, and target database incompatibilities.\nAnalyze the non-functional requirements (security, HA, RTO/RPO, storage, compute, network, performance bench, etc.).\nPrepare the effort estimates, WBS, staffing plan, RACI, RAID etc. .\nLeads the team to adopt right tools for various migration and modernization method\nPreferred technical and professional experience:\nYou thrive on teamwork and have excellent verbal and written communication skills.\nAbility to communicate with internal and external clients to understand and define business needs, providing analytical solutions\nAbility to communicate results to technical and non-technical audiences",Information Technology,"['Communication Skills', 'Data Replication mechanism', 'staffing plan', 'RACI', 'Data Engineer', 'Api']",2025-06-12 15:17:23
Data Engineer-Data Platforms-Google,IBM,5-10 Years,,Gurugram,"Your role and responsibilities :\nAs an Associate Software Developer at IBM you will harness the power of data to unveil captivating stories and intricate patterns. You'll contribute to data gathering, storage, and both batch and real-time processing.\nCollaborating closely with diverse teams, you'll play an important role in deciding the most suitable data management systems and identifying the crucial data required for insightful analysis.\nAs a Data Engineer, you'll tackle obstacles related to database integration and untangle complex, unstructured data sets.\nIn this role, your responsibilities may include:\nImplementing and validating predictive models as well as creating and maintain statistical models with a focus on big data, incorporating a variety of statistical and machine learning techniques\nDesigning and implementing various enterprise search applications such as Elasticsearch and Splunk for client requirements\nWork in an Agile, collaborative environment, partnering with other scientists, engineers, consultants and database administrators of all backgrounds and disciplines to bring analytical rigor and statistical methods to the challenges of predicting behaviors.\nBuild teams or writing programs to cleanse and integrate data in an efficient and reusablemanner, developing predictive or prescriptive models, and evaluating modelling results\nRequired technical and professional expertise\nDevelop/Convert the database (Hadoop to GCP) of the specific objects (tables, views, procedures, functions, triggers, etc.) from one database to another database platform Implementation of a specific Data Replication mechanism (CDC, file data transfer, bulk data transfer, etc.).\nExpose data as API Participation in modernization roadmap journey Analyze discovery and analysis outcomes Lead discovery and analysis workshops/playbacks Identification of the applications dependencies, source, and target database incompatibilities.\nAnalyze the non-functional requirements (security, HA, RTO/RPO, storage, compute, network, performance bench, etc.).\nPrepare the effort estimates, WBS, staffing plan, RACI, RAID etc. .\nLeads the team to adopt right tools for various migration and modernization method\nPreferred technical and professional experience:\nYou thrive on teamwork and have excellent verbal and written communication skills.\nAbility to communicate with internal and external clients to understand and define business needs, providing analytical solutions\nAbility to communicate results to technical and non-technical audiences",Information Technology,"['Communication Skills', 'Data Replication mechanism', 'staffing plan', 'RACI', 'Data Engineer', 'Api']",2025-06-12 15:17:24
AWS Data Engineer,Virtusa,5-10 Years,,Chennai,"Job Title: Senior Data Engineer\n\nKey Responsibilities\nAs a Senior Data Engineer, you will:\nData Pipeline Development: Design, build, and maintain scalable data pipelines using PySpark and Python.\nAWS Cloud Integration: Work with AWS cloud services (S3, Lambda, Glue, EMR, Redshift) for data ingestion, processing, and storage.\nETL Workflow Management: Implement and maintain ETL workflows using DBT and orchestration tools (e.g., Airflow).\nData Warehousing: Design and manage data models in Snowflake, ensuring performance and reliability.\nSQL Optimization: Utilize SQL for querying and optimizing datasets across different databases.\nData Integration: Integrate and manage data from MongoDB, Kafka, and other streaming or NoSQL sources.\nCollaboration & Support: Collaborate with data scientists, analysts, and other engineers to support advanced analytics and Machine Learning (ML) initiatives.\nData Quality & Governance: Ensure data quality, lineage, and governance through best practices and tools.\nMandatory Skills & Experience\nStrong programming skills in Python and PySpark.\nHands-on experience with AWS data services (S3, Lambda, Glue, EMR, Redshift).\nProficiency in SQL and experience with DBT for data transformation.\nExperience with Snowflake for data warehousing.\nKnowledge of MongoDB, Kafka, and data streaming concepts.\nGood understanding of data architecture, data modeling, and data governance.\nFamiliarity with large-scale data platforms.\nEssential Professional Skills\nExcellent problem-solving skills.\nAbility to work independently or as part of a team.\nExperience with CI/CD and DevOps practices in a data engineering environment (Plus).\nQualifications\nProven hands-on experience working with large-scale data platforms.\nStrong background in Python, PySpark, AWS, and modern data warehousing tools such as Snowflake and DBT.\nFamiliarity with NoSQL databases like MongoDB and real-time streaming platforms like Kafka.",Information Technology,"['AWS data services', 'dbt', 'snowflake', 'Python', 'Pyspark', 'Sql']",2025-06-12 15:17:25
AWS Data Engineer,Virtusa,5-10 Years,,Chennai,"Job Title: Senior Data Engineer\n\nKey Responsibilities\nAs a Senior Data Engineer, you will:\nData Pipeline Development: Design, build, and maintain scalable data pipelines using PySpark and Python.\nAWS Cloud Integration: Work with AWS cloud services (S3, Lambda, Glue, EMR, Redshift) for data ingestion, processing, and storage.\nETL Workflow Management: Implement and maintain ETL workflows using DBT and orchestration tools (e.g., Airflow).\nData Warehousing: Design and manage data models in Snowflake, ensuring performance and reliability.\nSQL Optimization: Utilize SQL for querying and optimizing datasets across different databases.\nData Integration: Integrate and manage data from MongoDB, Kafka, and other streaming or NoSQL sources.\nCollaboration & Support: Collaborate with data scientists, analysts, and other engineers to support advanced analytics and Machine Learning (ML) initiatives.\nData Quality & Governance: Ensure data quality, lineage, and governance through best practices and tools.\nMandatory Skills & Experience\nStrong programming skills in Python and PySpark.\nHands-on experience with AWS data services (S3, Lambda, Glue, EMR, Redshift).\nProficiency in SQL and experience with DBT for data transformation.\nExperience with Snowflake for data warehousing.\nKnowledge of MongoDB, Kafka, and data streaming concepts.\nGood understanding of data architecture, data modeling, and data governance.\nFamiliarity with large-scale data platforms.\nEssential Professional Skills\nExcellent problem-solving skills.\nAbility to work independently or as part of a team.\nExperience with CI/CD and DevOps practices in a data engineering environment (Plus).\nQualifications\nProven hands-on experience working with large-scale data platforms.\nStrong background in Python, PySpark, AWS, and modern data warehousing tools such as Snowflake and DBT.\nFamiliarity with NoSQL databases like MongoDB and real-time streaming platforms like Kafka.",Information Technology,"['AWS data services', 'dbt', 'snowflake', 'Python', 'Pyspark', 'Sql']",2025-06-12 15:17:26
Senior Data Engineer,Virtusa,8-10 Years,,Mumbai,"Sr Developer with special emphasis and experience of 8 to 10 years on Python and Pyspark along with hands on experience on AWS Data components like AWS Glue, Athena etc.,. Also have good knowledge on Data ware house tools to understand the existing system. Candidate should also have experience on Datalake, Teradata and Snowflake. Should be good at terraform.\n8-10 years of experience in designing and developing Python and Pyspark applications\nCreating or maintaining data lake solutions using Snowflake,taradata and other dataware house tools.\nShould have good knowledge and hands on experience on AWS Glue , Athena etc.,\nSound Knowledge on all Data lake concepts and able to work on data migration projects.\nProviding ongoing support and maintenance for applications, including troubleshooting and resolving issues.\nExpertise in practices like Agile, Peer reviews and CICD Pipelines.",Information Technology,"['Athena', 'snowflake', 'Python', 'Pyspark', 'AWS Glue', 'Terraform']",2025-06-12 15:17:28
AWS Data Engineer,Virtusa,6-8 Years,,Chennai,"Sr. AWS Data Engineer\nP3 C3 TSTS\nPrimary Skills\nExperience in data engineering, with a proven focus on data ingestion and extraction using Python/PySpark.\nExtensive AWS experience is mandatory, with proficiency in Glue, Lambda, SQS, SNS, AWS IAM, AWS Step Functions, S3, and RDS (Oracle, Aurora Postgres).\n4+ years of experience working with both relational and non-relational/NoSQL databases is required.\nStrong SQL experience is necessary, demonstrating the ability to write complex queries from scratch. Also, experience in Redshift is required along with other SQL DB experience.\nStrong scripting experience with the ability to build intricate data pipelines using AWS serverless architecture.\nUnderstanding of building an end-to-end Data pipeline.\nSecondary Skills\nStrong understanding of Kinesis, Kafka, CDK. Experience with Kafka and ECS is also required.\nStrong understanding of data concepts related to data warehousing, business intelligence (BI), data security, data quality, and data profiling is required.\nExperience in Node Js and CDK.\nJD\nResponsibilities\nLead the architectural design and development of a scalable, reliable, and flexible metadata-driven data ingestion and extraction framework on AWS using Python/PySpark.\nDesign and implement a customizable data processing framework using Python/PySpark. This framework should be capable of handling diverse scenarios and evolving data processing requirements.\nImplement data pipeline for data ingestion, transformation, and extraction leveraging the AWS Cloud Services.\nSeamlessly integrate a variety of AWS services, including S3, Glue, Kafka, Lambda, SQL, SNS, Athena, EC2, RDS (Oracle, Postgres, MySQL), AWS Crawler to construct a highly scalable and reliable data ingestion and extraction pipeline.\nFacilitate configuration and extensibility of the framework to adapt to evolving data needs and processing scenarios.\nDevelop and maintain rigorous data quality checks and validation processes to safeguard the integrity of ingested data.\nImplement robust error handling, logging, monitoring, and alerting mechanisms to ensure the reliability of the entire data pipeline.\nQualifications\nMust Have\nOver 6 years of hands-on experience in data engineering, with a proven focus on data ingestion and extraction using Python/PySpark.\nExtensive AWS experience is mandatory, with proficiency in Glue, Lambda, SQS, SNS, AWS IAM, AWS Step Functions, S3, and RDS (Oracle, Aurora Postgres).\n4+ years of experience working with both relational and non-relational/NoSQL databases is required.\nStrong SQL experience is necessary, demonstrating the ability to write complex queries from scratch.\nStrong working experience in Redshift is required along with other SQL DB experience.\nStrong scripting experience with the ability to build intricate data pipelines using AWS serverless architecture.\nComplete understanding of building an end-to-end Data pipeline.\nNice to have\nStrong understanding of Kinesis, Kafka, CDK.\nA strong understanding of data concepts related to data warehousing, business intelligence (BI), data security, data quality, and data profiling is required.\nExperience in Node Js and CDK.\nExperience with Kafka and ECS is also required.\nQualification\nAWS Data Engineer\nWorkmode: Hybrid\nWork location: PAN INDIA\nWork Timing: 2 PM to 11 PM\nPrimary Skill: Data Engineer\nExperience in data engineering, with a proven focus on data ingestion and extraction using Python/PySpark.\nExtensive AWS experience is mandatory, with proficiency in Glue, Lambda, SQS, SNS, AWS IAM, AWS Step Functions, S3, and RDS (Oracle, Aurora Postgres).\n4+ years of experience working with both relational and non-relational/NoSQL databases is required.\nStrong SQL experience is necessary, demonstrating the ability to write complex queries from scratch. Also, experience in Redshift is required along with other SQL DB experience.\nStrong scripting experience with the ability to build intricate data pipelines using AWS serverless architecture.\nUnderstanding of building an end-to-end Data pipeline.\nSecondary Skills\nStrong understanding of Kinesis, Kafka, CDK. Experience with Kafka and ECS is also required.\nStrong understanding of data concepts related to data warehousing, business intelligence (BI), data security, data quality, and data profiling is required.\nExperience in Node Js and CDK.\nJD Responsibilities\nLead the architectural design and development of a scalable, reliable, and flexible metadata-driven data ingestion and extraction framework on AWS using Python/PySpark.\nDesign and implement a customizable data processing framework using Python/PySpark. This framework should be capable of handling diverse scenarios and evolving data processing requirements.\nImplement data pipeline for data ingestion, transformation, and extraction leveraging the AWS Cloud Services.\nSeamlessly integrate a variety of AWS services, including S3, Glue, Kafka, Lambda, SQL, SNS, Athena, EC2, RDS (Oracle, Postgres, MySQL), AWS Crawler to construct a highly scalable and reliable data ingestion and extraction pipeline.\nFacilitate configuration and extensibility of the framework to adapt to evolving data needs and processing scenarios.\nDevelop and maintain rigorous data quality checks and validation processes to safeguard the integrity of ingested data.\nImplement robust error handling, logging, monitoring, and alerting mechanisms to ensure the reliability of the entire data pipeline.\nQualifications\nMust Have\nOver 6 years of hands-on experience in data engineering, with a proven focus on data ingestion and extraction using Python/PySpark.\nExtensive AWS experience is mandatory, with proficiency in Glue, Lambda, SQS, SNS, AWS IAM, AWS Step Functions, S3, and RDS (Oracle, Aurora Postgres).\n4+ years of experience working with both relational and non-relational/NoSQL databases is required.\nStrong SQL experience is necessary, demonstrating the ability to write complex queries from scratch.\nStrong working experience in Redshift is required along with other SQL DB experience.\nStrong scripting experience with the ability to build intricate data pipelines using AWS serverless architecture.\nComplete understanding of building an end-to-end Data pipeline.\nNice to have\nStrong understanding of Kinesis, Kafka, CDK.\nA strong understanding of data concepts related to data warehousing, business intelligence (BI), data security, data quality, and data profiling is required.\nExperience in Node Js and CDK.\nExperience with Kafka and ECS is also required.",Information Technology,"['aws glue', 'Pyspark', 'Redshift', 'Sql', 'Lambda', 'Kafka']",2025-06-12 15:17:29
AWS Data Engineer,Virtusa,5-10 Years,,Chennai,"Job Title: Senior Data Engineer\n\nKey Responsibilities\nAs a Senior Data Engineer, you will:\nData Pipeline Development: Design, build, and maintain scalable data pipelines using PySpark and Python.\nAWS Cloud Integration: Work with AWS cloud services (S3, Lambda, Glue, EMR, Redshift) for data ingestion, processing, and storage.\nETL Workflow Management: Implement and maintain ETL workflows using DBT and orchestration tools (e.g., Airflow).\nData Warehousing: Design and manage data models in Snowflake, ensuring performance and reliability.\nSQL Optimization: Utilize SQL for querying and optimizing datasets across different databases.\nData Integration: Integrate and manage data from MongoDB, Kafka, and other streaming or NoSQL sources.\nCollaboration & Support: Collaborate with data scientists, analysts, and other engineers to support advanced analytics and Machine Learning (ML) initiatives.\nData Quality & Governance: Ensure data quality, lineage, and governance through best practices and tools.\nMandatory Skills & Experience\nStrong programming skills in Python and PySpark.\nHands-on experience with AWS data services (S3, Lambda, Glue, EMR, Redshift).\nProficiency in SQL and experience with DBT for data transformation.\nExperience with Snowflake for data warehousing.\nKnowledge of MongoDB, Kafka, and data streaming concepts.\nGood understanding of data architecture, data modeling, and data governance.\nFamiliarity with large-scale data platforms.\nEssential Professional Skills\nExcellent problem-solving skills.\nAbility to work independently or as part of a team.\nExperience with CI/CD and DevOps practices in a data engineering environment (Plus).\nQualifications\nProven hands-on experience working with large-scale data platforms.\nStrong background in Python, PySpark, AWS, and modern data warehousing tools such as Snowflake and DBT.\nFamiliarity with NoSQL databases like MongoDB and real-time streaming platforms like Kafka.",Information Technology,"['AWS data services', 'dbt', 'snowflake', 'Python', 'Pyspark', 'Sql']",2025-06-12 15:17:30
AWS Data Engineer,Virtusa,5-10 Years,,Chennai,"Job Title: Senior Data Engineer\n\nKey Responsibilities\nAs a Senior Data Engineer, you will:\nData Pipeline Development: Design, build, and maintain scalable data pipelines using PySpark and Python.\nAWS Cloud Integration: Work with AWS cloud services (S3, Lambda, Glue, EMR, Redshift) for data ingestion, processing, and storage.\nETL Workflow Management: Implement and maintain ETL workflows using DBT and orchestration tools (e.g., Airflow).\nData Warehousing: Design and manage data models in Snowflake, ensuring performance and reliability.\nSQL Optimization: Utilize SQL for querying and optimizing datasets across different databases.\nData Integration: Integrate and manage data from MongoDB, Kafka, and other streaming or NoSQL sources.\nCollaboration & Support: Collaborate with data scientists, analysts, and other engineers to support advanced analytics and Machine Learning (ML) initiatives.\nData Quality & Governance: Ensure data quality, lineage, and governance through best practices and tools.\nMandatory Skills & Experience\nStrong programming skills in Python and PySpark.\nHands-on experience with AWS data services (S3, Lambda, Glue, EMR, Redshift).\nProficiency in SQL and experience with DBT for data transformation.\nExperience with Snowflake for data warehousing.\nKnowledge of MongoDB, Kafka, and data streaming concepts.\nGood understanding of data architecture, data modeling, and data governance.\nFamiliarity with large-scale data platforms.\nEssential Professional Skills\nExcellent problem-solving skills.\nAbility to work independently or as part of a team.\nExperience with CI/CD and DevOps practices in a data engineering environment (Plus).\nQualifications\nProven hands-on experience working with large-scale data platforms.\nStrong background in Python, PySpark, AWS, and modern data warehousing tools such as Snowflake and DBT.\nFamiliarity with NoSQL databases like MongoDB and real-time streaming platforms like Kafka.",Information Technology,"['AWS data services', 'dbt', 'snowflake', 'Python', 'Pyspark', 'Sql']",2025-06-12 15:17:39
AWS Data Engineer,Virtusa,5-10 Years,,Chennai,"Job Title: Senior Data Engineer\n\nKey Responsibilities\nAs a Senior Data Engineer, you will:\nData Pipeline Development: Design, build, and maintain scalable data pipelines using PySpark and Python.\nAWS Cloud Integration: Work with AWS cloud services (S3, Lambda, Glue, EMR, Redshift) for data ingestion, processing, and storage.\nETL Workflow Management: Implement and maintain ETL workflows using DBT and orchestration tools (e.g., Airflow).\nData Warehousing: Design and manage data models in Snowflake, ensuring performance and reliability.\nSQL Optimization: Utilize SQL for querying and optimizing datasets across different databases.\nData Integration: Integrate and manage data from MongoDB, Kafka, and other streaming or NoSQL sources.\nCollaboration & Support: Collaborate with data scientists, analysts, and other engineers to support advanced analytics and Machine Learning (ML) initiatives.\nData Quality & Governance: Ensure data quality, lineage, and governance through best practices and tools.\nMandatory Skills & Experience\nStrong programming skills in Python and PySpark.\nHands-on experience with AWS data services (S3, Lambda, Glue, EMR, Redshift).\nProficiency in SQL and experience with DBT for data transformation.\nExperience with Snowflake for data warehousing.\nKnowledge of MongoDB, Kafka, and data streaming concepts.\nGood understanding of data architecture, data modeling, and data governance.\nFamiliarity with large-scale data platforms.\nEssential Professional Skills\nExcellent problem-solving skills.\nAbility to work independently or as part of a team.\nExperience with CI/CD and DevOps practices in a data engineering environment (Plus).\nQualifications\nProven hands-on experience working with large-scale data platforms.\nStrong background in Python, PySpark, AWS, and modern data warehousing tools such as Snowflake and DBT.\nFamiliarity with NoSQL databases like MongoDB and real-time streaming platforms like Kafka.",Information Technology,"['AWS data services', 'dbt', 'snowflake', 'Python', 'Pyspark', 'Sql']",2025-06-12 15:17:44
AWS Data Engineer,Virtusa,5-10 Years,,Chennai,"Job Title: Senior Data Engineer\n\nKey Responsibilities\nAs a Senior Data Engineer, you will:\nData Pipeline Development: Design, build, and maintain scalable data pipelines using PySpark and Python.\nAWS Cloud Integration: Work with AWS cloud services (S3, Lambda, Glue, EMR, Redshift) for data ingestion, processing, and storage.\nETL Workflow Management: Implement and maintain ETL workflows using DBT and orchestration tools (e.g., Airflow).\nData Warehousing: Design and manage data models in Snowflake, ensuring performance and reliability.\nSQL Optimization: Utilize SQL for querying and optimizing datasets across different databases.\nData Integration: Integrate and manage data from MongoDB, Kafka, and other streaming or NoSQL sources.\nCollaboration & Support: Collaborate with data scientists, analysts, and other engineers to support advanced analytics and Machine Learning (ML) initiatives.\nData Quality & Governance: Ensure data quality, lineage, and governance through best practices and tools.\nMandatory Skills & Experience\nStrong programming skills in Python and PySpark.\nHands-on experience with AWS data services (S3, Lambda, Glue, EMR, Redshift).\nProficiency in SQL and experience with DBT for data transformation.\nExperience with Snowflake for data warehousing.\nKnowledge of MongoDB, Kafka, and data streaming concepts.\nGood understanding of data architecture, data modeling, and data governance.\nFamiliarity with large-scale data platforms.\nEssential Professional Skills\nExcellent problem-solving skills.\nAbility to work independently or as part of a team.\nExperience with CI/CD and DevOps practices in a data engineering environment (Plus).\nQualifications\nProven hands-on experience working with large-scale data platforms.\nStrong background in Python, PySpark, AWS, and modern data warehousing tools such as Snowflake and DBT.\nFamiliarity with NoSQL databases like MongoDB and real-time streaming platforms like Kafka.",Information Technology,"['AWS data services', 'dbt', 'snowflake', 'Python', 'Pyspark', 'Sql']",2025-06-12 15:17:46
Senior Data Engineer,Virtusa,8-10 Years,,Mumbai,"Sr Developer with special emphasis and experience of 8 to 10 years on Python and Pyspark along with hands on experience on AWS Data components like AWS Glue, Athena etc.,. Also have good knowledge on Data ware house tools to understand the existing system. Candidate should also have experience on Datalake, Teradata and Snowflake. Should be good at terraform.\n8-10 years of experience in designing and developing Python and Pyspark applications\nCreating or maintaining data lake solutions using Snowflake,taradata and other dataware house tools.\nShould have good knowledge and hands on experience on AWS Glue , Athena etc.,\nSound Knowledge on all Data lake concepts and able to work on data migration projects.\nProviding ongoing support and maintenance for applications, including troubleshooting and resolving issues.\nExpertise in practices like Agile, Peer reviews and CICD Pipelines.",Information Technology,"['Athena', 'snowflake', 'Python', 'Pyspark', 'AWS Glue', 'Terraform']",2025-06-12 15:17:48
Data Engineer-Data Platforms-Google,IBM,5-10 Years,,Gurugram,"Your role and responsibilities :\nAs an Associate Software Developer at IBM you will harness the power of data to unveil captivating stories and intricate patterns. You'll contribute to data gathering, storage, and both batch and real-time processing.\nCollaborating closely with diverse teams, you'll play an important role in deciding the most suitable data management systems and identifying the crucial data required for insightful analysis.\nAs a Data Engineer, you'll tackle obstacles related to database integration and untangle complex, unstructured data sets.\nIn this role, your responsibilities may include:\nImplementing and validating predictive models as well as creating and maintain statistical models with a focus on big data, incorporating a variety of statistical and machine learning techniques\nDesigning and implementing various enterprise search applications such as Elasticsearch and Splunk for client requirements\nWork in an Agile, collaborative environment, partnering with other scientists, engineers, consultants and database administrators of all backgrounds and disciplines to bring analytical rigor and statistical methods to the challenges of predicting behaviors.\nBuild teams or writing programs to cleanse and integrate data in an efficient and reusablemanner, developing predictive or prescriptive models, and evaluating modelling results\nRequired technical and professional expertise\nDevelop/Convert the database (Hadoop to GCP) of the specific objects (tables, views, procedures, functions, triggers, etc.) from one database to another database platform Implementation of a specific Data Replication mechanism (CDC, file data transfer, bulk data transfer, etc.).\nExpose data as API Participation in modernization roadmap journey Analyze discovery and analysis outcomes Lead discovery and analysis workshops/playbacks Identification of the applications dependencies, source, and target database incompatibilities.\nAnalyze the non-functional requirements (security, HA, RTO/RPO, storage, compute, network, performance bench, etc.).\nPrepare the effort estimates, WBS, staffing plan, RACI, RAID etc. .\nLeads the team to adopt right tools for various migration and modernization method\nPreferred technical and professional experience:\nYou thrive on teamwork and have excellent verbal and written communication skills.\nAbility to communicate with internal and external clients to understand and define business needs, providing analytical solutions\nAbility to communicate results to technical and non-technical audiences",Information Technology,"['Communication Skills', 'Data Replication mechanism', 'staffing plan', 'RACI', 'Data Engineer', 'Api']",2025-06-12 15:17:49
AWS Data Engineer,Virtusa,6-8 Years,,Chennai,"Sr. AWS Data Engineer\nP3 C3 TSTS\nPrimary Skills\nExperience in data engineering, with a proven focus on data ingestion and extraction using Python/PySpark.\nExtensive AWS experience is mandatory, with proficiency in Glue, Lambda, SQS, SNS, AWS IAM, AWS Step Functions, S3, and RDS (Oracle, Aurora Postgres).\n4+ years of experience working with both relational and non-relational/NoSQL databases is required.\nStrong SQL experience is necessary, demonstrating the ability to write complex queries from scratch. Also, experience in Redshift is required along with other SQL DB experience.\nStrong scripting experience with the ability to build intricate data pipelines using AWS serverless architecture.\nUnderstanding of building an end-to-end Data pipeline.\nSecondary Skills\nStrong understanding of Kinesis, Kafka, CDK. Experience with Kafka and ECS is also required.\nStrong understanding of data concepts related to data warehousing, business intelligence (BI), data security, data quality, and data profiling is required.\nExperience in Node Js and CDK.\nJD\nResponsibilities\nLead the architectural design and development of a scalable, reliable, and flexible metadata-driven data ingestion and extraction framework on AWS using Python/PySpark.\nDesign and implement a customizable data processing framework using Python/PySpark. This framework should be capable of handling diverse scenarios and evolving data processing requirements.\nImplement data pipeline for data ingestion, transformation, and extraction leveraging the AWS Cloud Services.\nSeamlessly integrate a variety of AWS services, including S3, Glue, Kafka, Lambda, SQL, SNS, Athena, EC2, RDS (Oracle, Postgres, MySQL), AWS Crawler to construct a highly scalable and reliable data ingestion and extraction pipeline.\nFacilitate configuration and extensibility of the framework to adapt to evolving data needs and processing scenarios.\nDevelop and maintain rigorous data quality checks and validation processes to safeguard the integrity of ingested data.\nImplement robust error handling, logging, monitoring, and alerting mechanisms to ensure the reliability of the entire data pipeline.\nQualifications\nMust Have\nOver 6 years of hands-on experience in data engineering, with a proven focus on data ingestion and extraction using Python/PySpark.\nExtensive AWS experience is mandatory, with proficiency in Glue, Lambda, SQS, SNS, AWS IAM, AWS Step Functions, S3, and RDS (Oracle, Aurora Postgres).\n4+ years of experience working with both relational and non-relational/NoSQL databases is required.\nStrong SQL experience is necessary, demonstrating the ability to write complex queries from scratch.\nStrong working experience in Redshift is required along with other SQL DB experience.\nStrong scripting experience with the ability to build intricate data pipelines using AWS serverless architecture.\nComplete understanding of building an end-to-end Data pipeline.\nNice to have\nStrong understanding of Kinesis, Kafka, CDK.\nA strong understanding of data concepts related to data warehousing, business intelligence (BI), data security, data quality, and data profiling is required.\nExperience in Node Js and CDK.\nExperience with Kafka and ECS is also required.\nQualification\nAWS Data Engineer\nWorkmode: Hybrid\nWork location: PAN INDIA\nWork Timing: 2 PM to 11 PM\nPrimary Skill: Data Engineer\nExperience in data engineering, with a proven focus on data ingestion and extraction using Python/PySpark.\nExtensive AWS experience is mandatory, with proficiency in Glue, Lambda, SQS, SNS, AWS IAM, AWS Step Functions, S3, and RDS (Oracle, Aurora Postgres).\n4+ years of experience working with both relational and non-relational/NoSQL databases is required.\nStrong SQL experience is necessary, demonstrating the ability to write complex queries from scratch. Also, experience in Redshift is required along with other SQL DB experience.\nStrong scripting experience with the ability to build intricate data pipelines using AWS serverless architecture.\nUnderstanding of building an end-to-end Data pipeline.\nSecondary Skills\nStrong understanding of Kinesis, Kafka, CDK. Experience with Kafka and ECS is also required.\nStrong understanding of data concepts related to data warehousing, business intelligence (BI), data security, data quality, and data profiling is required.\nExperience in Node Js and CDK.\nJD Responsibilities\nLead the architectural design and development of a scalable, reliable, and flexible metadata-driven data ingestion and extraction framework on AWS using Python/PySpark.\nDesign and implement a customizable data processing framework using Python/PySpark. This framework should be capable of handling diverse scenarios and evolving data processing requirements.\nImplement data pipeline for data ingestion, transformation, and extraction leveraging the AWS Cloud Services.\nSeamlessly integrate a variety of AWS services, including S3, Glue, Kafka, Lambda, SQL, SNS, Athena, EC2, RDS (Oracle, Postgres, MySQL), AWS Crawler to construct a highly scalable and reliable data ingestion and extraction pipeline.\nFacilitate configuration and extensibility of the framework to adapt to evolving data needs and processing scenarios.\nDevelop and maintain rigorous data quality checks and validation processes to safeguard the integrity of ingested data.\nImplement robust error handling, logging, monitoring, and alerting mechanisms to ensure the reliability of the entire data pipeline.\nQualifications\nMust Have\nOver 6 years of hands-on experience in data engineering, with a proven focus on data ingestion and extraction using Python/PySpark.\nExtensive AWS experience is mandatory, with proficiency in Glue, Lambda, SQS, SNS, AWS IAM, AWS Step Functions, S3, and RDS (Oracle, Aurora Postgres).\n4+ years of experience working with both relational and non-relational/NoSQL databases is required.\nStrong SQL experience is necessary, demonstrating the ability to write complex queries from scratch.\nStrong working experience in Redshift is required along with other SQL DB experience.\nStrong scripting experience with the ability to build intricate data pipelines using AWS serverless architecture.\nComplete understanding of building an end-to-end Data pipeline.\nNice to have\nStrong understanding of Kinesis, Kafka, CDK.\nA strong understanding of data concepts related to data warehousing, business intelligence (BI), data security, data quality, and data profiling is required.\nExperience in Node Js and CDK.\nExperience with Kafka and ECS is also required.",Information Technology,"['aws glue', 'Pyspark', 'Redshift', 'Sql', 'Lambda', 'Kafka']",2025-06-12 15:17:50
AWS Data Engineer,Virtusa,5-10 Years,,Chennai,"Job Title: Senior Data Engineer\n\nKey Responsibilities\nAs a Senior Data Engineer, you will:\nData Pipeline Development: Design, build, and maintain scalable data pipelines using PySpark and Python.\nAWS Cloud Integration: Work with AWS cloud services (S3, Lambda, Glue, EMR, Redshift) for data ingestion, processing, and storage.\nETL Workflow Management: Implement and maintain ETL workflows using DBT and orchestration tools (e.g., Airflow).\nData Warehousing: Design and manage data models in Snowflake, ensuring performance and reliability.\nSQL Optimization: Utilize SQL for querying and optimizing datasets across different databases.\nData Integration: Integrate and manage data from MongoDB, Kafka, and other streaming or NoSQL sources.\nCollaboration & Support: Collaborate with data scientists, analysts, and other engineers to support advanced analytics and Machine Learning (ML) initiatives.\nData Quality & Governance: Ensure data quality, lineage, and governance through best practices and tools.\nMandatory Skills & Experience\nStrong programming skills in Python and PySpark.\nHands-on experience with AWS data services (S3, Lambda, Glue, EMR, Redshift).\nProficiency in SQL and experience with DBT for data transformation.\nExperience with Snowflake for data warehousing.\nKnowledge of MongoDB, Kafka, and data streaming concepts.\nGood understanding of data architecture, data modeling, and data governance.\nFamiliarity with large-scale data platforms.\nEssential Professional Skills\nExcellent problem-solving skills.\nAbility to work independently or as part of a team.\nExperience with CI/CD and DevOps practices in a data engineering environment (Plus).\nQualifications\nProven hands-on experience working with large-scale data platforms.\nStrong background in Python, PySpark, AWS, and modern data warehousing tools such as Snowflake and DBT.\nFamiliarity with NoSQL databases like MongoDB and real-time streaming platforms like Kafka.",Information Technology,"['AWS data services', 'dbt', 'snowflake', 'Python', 'Pyspark', 'Sql']",2025-06-12 15:17:51
AWS Data Engineer,Virtusa,5-10 Years,,Chennai,"Job Title: Senior Data Engineer\n\nKey Responsibilities\nAs a Senior Data Engineer, you will:\nData Pipeline Development: Design, build, and maintain scalable data pipelines using PySpark and Python.\nAWS Cloud Integration: Work with AWS cloud services (S3, Lambda, Glue, EMR, Redshift) for data ingestion, processing, and storage.\nETL Workflow Management: Implement and maintain ETL workflows using DBT and orchestration tools (e.g., Airflow).\nData Warehousing: Design and manage data models in Snowflake, ensuring performance and reliability.\nSQL Optimization: Utilize SQL for querying and optimizing datasets across different databases.\nData Integration: Integrate and manage data from MongoDB, Kafka, and other streaming or NoSQL sources.\nCollaboration & Support: Collaborate with data scientists, analysts, and other engineers to support advanced analytics and Machine Learning (ML) initiatives.\nData Quality & Governance: Ensure data quality, lineage, and governance through best practices and tools.\nMandatory Skills & Experience\nStrong programming skills in Python and PySpark.\nHands-on experience with AWS data services (S3, Lambda, Glue, EMR, Redshift).\nProficiency in SQL and experience with DBT for data transformation.\nExperience with Snowflake for data warehousing.\nKnowledge of MongoDB, Kafka, and data streaming concepts.\nGood understanding of data architecture, data modeling, and data governance.\nFamiliarity with large-scale data platforms.\nEssential Professional Skills\nExcellent problem-solving skills.\nAbility to work independently or as part of a team.\nExperience with CI/CD and DevOps practices in a data engineering environment (Plus).\nQualifications\nProven hands-on experience working with large-scale data platforms.\nStrong background in Python, PySpark, AWS, and modern data warehousing tools such as Snowflake and DBT.\nFamiliarity with NoSQL databases like MongoDB and real-time streaming platforms like Kafka.",Information Technology,"['AWS data services', 'dbt', 'snowflake', 'Python', 'Pyspark', 'Sql']",2025-06-12 15:17:52
AWS Data Engineer,Virtusa,5-10 Years,,Chennai,"Key Responsibilities\nAs a Senior Data Engineer, you will:\nData Pipeline Development: Design, build, and maintain scalable data pipelines using PySpark and Python.\nAWS Cloud Integration: Work with AWS cloud services (S3, Lambda, Glue, EMR, Redshift) for data ingestion, processing, and storage.\nETL Workflow Management: Implement and maintain ETL workflows using DBT and orchestration tools (e.g., Airflow).\nData Warehousing: Design and manage data models in Snowflake, ensuring performance and reliability.\nSQL Optimization: Utilize SQL for querying and optimizing datasets across different databases.\nData Integration: Integrate and manage data from MongoDB, Kafka, and other streaming or NoSQL sources.\nCollaboration & Support: Collaborate with data scientists, analysts, and other engineers to support advanced analytics and Machine Learning (ML) initiatives.\nData Quality & Governance: Ensure data quality, lineage, and governance through best practices and tools.\nMandatory Skills & Experience\nStrong programming skills in Python and PySpark.\nHands-on experience with AWS data services (S3, Lambda, Glue, EMR, Redshift).\nProficiency in SQL and experience with DBT for data transformation.\nExperience with Snowflake for data warehousing.\nKnowledge of MongoDB, Kafka, and data streaming concepts.\nGood understanding of data architecture, data modeling, and data governance.\nFamiliarity with large-scale data platforms.\nEssential Professional Skills\nExcellent problem-solving skills.\nAbility to work independently or as part of a team.\nExperience with CI/CD and DevOps practices in a data engineering environment (Plus).\nQualifications\nProven hands-on experience working with large-scale data platforms.\nStrong background in Python, PySpark, AWS, and modern data warehousing tools such as Snowflake and DBT.\nFamiliarity with NoSQL databases like MongoDB and real-time streaming platforms like Kafka.",Information Technology,"['AWS data services', 'dbt', 'snowflake', 'Python', 'Pyspark', 'Sql']",2025-06-12 15:17:54
Data Engineer-Data Platforms,IBM,5-8 Years,,Navi Mumbai,"In this role, you'll work in one of our IBM Consulting Client Innovation Centers (Delivery Centers), where we deliver deep technical and industry expertise to a wide range of public and private sector clients around the world. Our delivery centers offer our clients locally based skills and technical expertise to drive innovation and adoption of new technology.\nYour role and responsibilities\nAs a Big Data Engineer, you will develop, maintain, evaluate, and test big data solutions.\nYou will be involved in data engineering activities like creating pipelines/workflows for Source to Target and implementing solutions that tackle the clients needs.\nYour primary responsibilities include:\nDesign, build, optimize and support new and existing data models and ETL processes based on our clients business requirements.\nBuild, deploy and manage data infrastructure that can adequately handle the needs of a rapidly growing data driven organization.\nCoordinate data access and security to enable data scientists and analysts to easily access to data whenever they need too\nRequired education\nBachelor's Degree\nPreferred education\nMaster's Degree\nRequired technical and professional expertise\nMust have 5+ years exp in Big Data -Hadoop Spark -Scala ,Python\nHbase, Hive Good to have Aws -S3,\nathena ,Dynomo DB, Lambda, Jenkins GIT\nDeveloped Python and pyspark programs for data analysis.. Good working experience with python to develop Custom Framework for generating of rules (just like rules engine).\nDeveloped Python code to gather the data from HBase and designs the solution to implement using Pyspark. Apache Spark DataFrames/RDD's were used to apply business transformations and utilized Hive Context objects to perform read/write operations\nPreferred technical and professional experience\nUnderstanding of Devops.\nExperience in building scalable end-to-end data ingestion and processing solutions\nExperience with object-oriented and/or functional programming languages, such as Python, Java and Scala",Software,"['Big Data', 'Hadoop', 'Spark', 'Python', 'Scala', 'Pyspark']",2025-06-12 15:17:56
AWS Data Engineer,Virtusa,6-8 Years,,Chennai,"Sr. AWS Data Engineer\nP3 C3 TSTS\nPrimary Skills\nExperience in data engineering, with a proven focus on data ingestion and extraction using Python/PySpark.\nExtensive AWS experience is mandatory, with proficiency in Glue, Lambda, SQS, SNS, AWS IAM, AWS Step Functions, S3, and RDS (Oracle, Aurora Postgres).\n4+ years of experience working with both relational and non-relational/NoSQL databases is required.\nStrong SQL experience is necessary, demonstrating the ability to write complex queries from scratch. Also, experience in Redshift is required along with other SQL DB experience.\nStrong scripting experience with the ability to build intricate data pipelines using AWS serverless architecture.\nUnderstanding of building an end-to-end Data pipeline.\nSecondary Skills\nStrong understanding of Kinesis, Kafka, CDK. Experience with Kafka and ECS is also required.\nStrong understanding of data concepts related to data warehousing, business intelligence (BI), data security, data quality, and data profiling is required.\nExperience in Node Js and CDK.\nJD\nResponsibilities\nLead the architectural design and development of a scalable, reliable, and flexible metadata-driven data ingestion and extraction framework on AWS using Python/PySpark.\nDesign and implement a customizable data processing framework using Python/PySpark. This framework should be capable of handling diverse scenarios and evolving data processing requirements.\nImplement data pipeline for data ingestion, transformation, and extraction leveraging the AWS Cloud Services.\nSeamlessly integrate a variety of AWS services, including S3, Glue, Kafka, Lambda, SQL, SNS, Athena, EC2, RDS (Oracle, Postgres, MySQL), AWS Crawler to construct a highly scalable and reliable data ingestion and extraction pipeline.\nFacilitate configuration and extensibility of the framework to adapt to evolving data needs and processing scenarios.\nDevelop and maintain rigorous data quality checks and validation processes to safeguard the integrity of ingested data.\nImplement robust error handling, logging, monitoring, and alerting mechanisms to ensure the reliability of the entire data pipeline.\nQualifications\nMust Have\nOver 6 years of hands-on experience in data engineering, with a proven focus on data ingestion and extraction using Python/PySpark.\nExtensive AWS experience is mandatory, with proficiency in Glue, Lambda, SQS, SNS, AWS IAM, AWS Step Functions, S3, and RDS (Oracle, Aurora Postgres).\n4+ years of experience working with both relational and non-relational/NoSQL databases is required.\nStrong SQL experience is necessary, demonstrating the ability to write complex queries from scratch.\nStrong working experience in Redshift is required along with other SQL DB experience.\nStrong scripting experience with the ability to build intricate data pipelines using AWS serverless architecture.\nComplete understanding of building an end-to-end Data pipeline.\nNice to have\nStrong understanding of Kinesis, Kafka, CDK.\nA strong understanding of data concepts related to data warehousing, business intelligence (BI), data security, data quality, and data profiling is required.\nExperience in Node Js and CDK.\nExperience with Kafka and ECS is also required.\nQualification\nAWS Data Engineer\nWorkmode: Hybrid\nWork location: PAN INDIA\nWork Timing: 2 PM to 11 PM\nPrimary Skill: Data Engineer\nExperience in data engineering, with a proven focus on data ingestion and extraction using Python/PySpark.\nExtensive AWS experience is mandatory, with proficiency in Glue, Lambda, SQS, SNS, AWS IAM, AWS Step Functions, S3, and RDS (Oracle, Aurora Postgres).\n4+ years of experience working with both relational and non-relational/NoSQL databases is required.\nStrong SQL experience is necessary, demonstrating the ability to write complex queries from scratch. Also, experience in Redshift is required along with other SQL DB experience.\nStrong scripting experience with the ability to build intricate data pipelines using AWS serverless architecture.\nUnderstanding of building an end-to-end Data pipeline.\nSecondary Skills\nStrong understanding of Kinesis, Kafka, CDK. Experience with Kafka and ECS is also required.\nStrong understanding of data concepts related to data warehousing, business intelligence (BI), data security, data quality, and data profiling is required.\nExperience in Node Js and CDK.\nJD Responsibilities\nLead the architectural design and development of a scalable, reliable, and flexible metadata-driven data ingestion and extraction framework on AWS using Python/PySpark.\nDesign and implement a customizable data processing framework using Python/PySpark. This framework should be capable of handling diverse scenarios and evolving data processing requirements.\nImplement data pipeline for data ingestion, transformation, and extraction leveraging the AWS Cloud Services.\nSeamlessly integrate a variety of AWS services, including S3, Glue, Kafka, Lambda, SQL, SNS, Athena, EC2, RDS (Oracle, Postgres, MySQL), AWS Crawler to construct a highly scalable and reliable data ingestion and extraction pipeline.\nFacilitate configuration and extensibility of the framework to adapt to evolving data needs and processing scenarios.\nDevelop and maintain rigorous data quality checks and validation processes to safeguard the integrity of ingested data.\nImplement robust error handling, logging, monitoring, and alerting mechanisms to ensure the reliability of the entire data pipeline.\nQualifications\nMust Have\nOver 6 years of hands-on experience in data engineering, with a proven focus on data ingestion and extraction using Python/PySpark.\nExtensive AWS experience is mandatory, with proficiency in Glue, Lambda, SQS, SNS, AWS IAM, AWS Step Functions, S3, and RDS (Oracle, Aurora Postgres).\n4+ years of experience working with both relational and non-relational/NoSQL databases is required.\nStrong SQL experience is necessary, demonstrating the ability to write complex queries from scratch.\nStrong working experience in Redshift is required along with other SQL DB experience.\nStrong scripting experience with the ability to build intricate data pipelines using AWS serverless architecture.\nComplete understanding of building an end-to-end Data pipeline.\nNice to have\nStrong understanding of Kinesis, Kafka, CDK.\nA strong understanding of data concepts related to data warehousing, business intelligence (BI), data security, data quality, and data profiling is required.\nExperience in Node Js and CDK.\nExperience with Kafka and ECS is also required.",Information Technology,"['aws glue', 'Pyspark', 'Redshift', 'Sql', 'Lambda', 'Kafka']",2025-06-12 15:17:57
AWS Data Engineer,Virtusa,5-10 Years,,Chennai,"Job Title: Senior Data Engineer\n\nKey Responsibilities\nAs a Senior Data Engineer, you will:\nData Pipeline Development: Design, build, and maintain scalable data pipelines using PySpark and Python.\nAWS Cloud Integration: Work with AWS cloud services (S3, Lambda, Glue, EMR, Redshift) for data ingestion, processing, and storage.\nETL Workflow Management: Implement and maintain ETL workflows using DBT and orchestration tools (e.g., Airflow).\nData Warehousing: Design and manage data models in Snowflake, ensuring performance and reliability.\nSQL Optimization: Utilize SQL for querying and optimizing datasets across different databases.\nData Integration: Integrate and manage data from MongoDB, Kafka, and other streaming or NoSQL sources.\nCollaboration & Support: Collaborate with data scientists, analysts, and other engineers to support advanced analytics and Machine Learning (ML) initiatives.\nData Quality & Governance: Ensure data quality, lineage, and governance through best practices and tools.\nMandatory Skills & Experience\nStrong programming skills in Python and PySpark.\nHands-on experience with AWS data services (S3, Lambda, Glue, EMR, Redshift).\nProficiency in SQL and experience with DBT for data transformation.\nExperience with Snowflake for data warehousing.\nKnowledge of MongoDB, Kafka, and data streaming concepts.\nGood understanding of data architecture, data modeling, and data governance.\nFamiliarity with large-scale data platforms.\nEssential Professional Skills\nExcellent problem-solving skills.\nAbility to work independently or as part of a team.\nExperience with CI/CD and DevOps practices in a data engineering environment (Plus).\nQualifications\nProven hands-on experience working with large-scale data platforms.\nStrong background in Python, PySpark, AWS, and modern data warehousing tools such as Snowflake and DBT.\nFamiliarity with NoSQL databases like MongoDB and real-time streaming platforms like Kafka.",Information Technology,"['AWS data services', 'dbt', 'snowflake', 'Python', 'Pyspark', 'Sql']",2025-06-12 15:17:58
AWS Data Engineer,Virtusa,5-10 Years,,Chennai,"Key Responsibilities\nAs a Senior Data Engineer, you will:\nData Pipeline Development: Design, build, and maintain scalable data pipelines using PySpark and Python.\nAWS Cloud Integration: Work with AWS cloud services (S3, Lambda, Glue, EMR, Redshift) for data ingestion, processing, and storage.\nETL Workflow Management: Implement and maintain ETL workflows using DBT and orchestration tools (e.g., Airflow).\nData Warehousing: Design and manage data models in Snowflake, ensuring performance and reliability.\nSQL Optimization: Utilize SQL for querying and optimizing datasets across different databases.\nData Integration: Integrate and manage data from MongoDB, Kafka, and other streaming or NoSQL sources.\nCollaboration & Support: Collaborate with data scientists, analysts, and other engineers to support advanced analytics and Machine Learning (ML) initiatives.\nData Quality & Governance: Ensure data quality, lineage, and governance through best practices and tools.\nMandatory Skills & Experience\nStrong programming skills in Python and PySpark.\nHands-on experience with AWS data services (S3, Lambda, Glue, EMR, Redshift).\nProficiency in SQL and experience with DBT for data transformation.\nExperience with Snowflake for data warehousing.\nKnowledge of MongoDB, Kafka, and data streaming concepts.\nGood understanding of data architecture, data modeling, and data governance.\nFamiliarity with large-scale data platforms.\nEssential Professional Skills\nExcellent problem-solving skills.\nAbility to work independently or as part of a team.\nExperience with CI/CD and DevOps practices in a data engineering environment (Plus).\nQualifications\nProven hands-on experience working with large-scale data platforms.\nStrong background in Python, PySpark, AWS, and modern data warehousing tools such as Snowflake and DBT.\nFamiliarity with NoSQL databases like MongoDB and real-time streaming platforms like Kafka.",Information Technology,"['AWS data services', 'dbt', 'snowflake', 'Python', 'Pyspark', 'Sql']",2025-06-12 15:18:00
Data Engineer-Data Platforms,IBM,0-5 Years,,Bengaluru,"In this role, you'll work in one of our IBM Consulting Client Innovation Centers (Delivery Centers), where we deliver deep technical and industry expertise to a wide range of public and private sector clients around the world. Our delivery centers offer our clients locally based skills and technical expertise to drive innovation and adoption of new technology.\nYour role and responsibilities\nAs a Big Data Engineer at IBM you will harness the power of data to unveil captivating stories and intricate patterns.\nYou'll contribute to data gathering, storage, and both batch and real-time processing.\nCollaborating closely with diverse teams, you'll play an important role in deciding the most suitable data management systems and identifying the crucial data required for insightful analysis.\nAs a Data Engineer, you'll tackle obstacles related to database integration and untangle complex, unstructured data sets.\nIn this role, your responsibilities may include:\nAs a Big Data Engineer, you will develop, maintain, evaluate, and test big data solutions.\nYou will be involved in data engineering activities like creating pipelines/workflows for Source to Target and implementing solutions that tackle the clients needs\nRequired education\nBachelor's Degree\nPreferred education\nMaster's Degree\nRequired technical and professional expertise\nBig Data Developer, Hadoop, Hive, Spark, PySpark, Strong SQL.\nAbility to incorporate a variety of statistical and machine learning techniques. Basic understanding of Cloud (AWS,Azure, etc).\nAbility to use programming languages like Java, Python, Scala, etc., to build pipelines to extract and transform data from a repository to a data consumer\nAbility to use Extract, Transform, and Load (ETL) tools and/or data integration, or federation tools to prepare and transform data as needed.\nAbility to use leading edge tools such as Linux, SQL, Python, Spark, Hadoop and Java\nPreferred technical and professional experience\nBasic understanding or experience with predictive/prescriptive modeling skills\nYou thrive on teamwork and have excellent verbal and written communication skills.\nAbility to communicate with internal and external clients to understand and define business needs, providing analytical solutions",Software,"['Hadoop Spark', 'Data Pipelines', 'Big Data', 'Pyspark', 'Sql Programming', 'Etl Tools']",2025-06-12 15:18:01
Data Engineer-Data Integration,IBM,0-5 Years,,Pune,"In this role, you'll work in one of our IBM Consulting Client Innovation Centers (Delivery Centers), where we deliver deep technical and industry expertise to a wide range of public and private sector clients around the world. Our delivery centers offer our clients locally based skills and technical expertise to drive innovation and adoption of new technology.\nYour role and responsibilities\nAs Data Engineer at IBM you will harness the power of data to unveil captivating stories and intricate patterns. You'll contribute to data gathering, storage, and both batch and real-time processing.\nCollaborating closely with diverse teams, you'll play an important role in deciding the most suitable data management systems and identifying the crucial data required for insightful analysis. As a Data Engineer, you'll tackle obstacles related to database integration and untangle complex, unstructured data sets.\nIn this role, your responsibilities may include:\nImplementing and validating predictive models as well as creating and maintain statistical models with a focus on big data, incorporating a variety of statistical and machine learning techniques\nDesigning and implementing various enterprise search applications such as Elasticsearch and Splunk for client requirements\nWork in an Agile, collaborative environment, partnering with other scientists, engineers, consultants and database administrators of all backgrounds and disciplines to bring analytical rigor and statistical methods to the challenges of predicting behaviour's.\nBuild teams or writing programs to cleanse and integrate data in an efficient and reusable manner, developing predictive or prescriptive models, and evaluating modelling results\nRequired education\nBachelor's Degree\nPreferred education\nMaster's Degree\nRequired technical and professional expertise\nExpertise in designing and implementing scalable data warehouse solutions on Snowflake, including schema design, performance tuning, and query optimization.\nStrong experience in building data ingestion and transformation pipelines using Talend to process structured and unstructured data from various sources.\nProficiency in integrating data from cloud platforms into Snowflake using Talend and native Snowflake capabilities.\nHands-on experience with dimensional and relational data modelling techniques to support analytics and reporting requirements\nPreferred technical and professional experience\nUnderstanding of optimizing Snowflake workloads, including clustering keys, caching strategies, and query profiling.\nAbility to implement robust data validation, cleansing, and governance frameworks within ETL processes.\nProficiency in SQL and/or Shell scripting for custom transformations and automation tasks",Software,"['snowflake', 'Data Pipelines', 'Talend', 'Data Modeling', 'Sql', 'Etl']",2025-06-12 15:18:02
Data Engineer,Virtusa,4-6 Years,,Bengaluru,"Seeking a skilled Data Engineer to work on cloud-based data pipelines and analytics platforms. The ideal candidate will have hands-on experience in PySpark and AWS, with proficiency in designing Data Lakes and working with modern data orchestration tools.\nData Engineer to work on cloud-based data pipelines and analytics platforms\nPySpark and AWS, with proficiency in designing Data Lakes\nworking with modern data orchestration tools\nQualification\nSeeking a skilled Data Engineer to work on cloud-based data pipelines and analytics platforms. The ideal candidate will have hands-on experience in PySpark and AWS, with proficiency in designing Data Lakes and working with modern data orchestration tools.\nData Engineer to work on cloud-based data pipelines and analytics platforms\nPySpark and AWS, with proficiency in designing Data Lakes\nworking with modern data orchestration tools.",Information Technology,"['CI & CD', 'Cloudera Data platform', 'Jenkins', 'Devops', 'Cloudformation', 'Docker']",2025-06-12 15:18:09
Data Engineer,Virtusa,5-8 Years,,Chennai,8 Years overall IT experience with minimum 5 years of work experience in below tech skills\nStrong experience in Python Scripting and PySpark for data processing\nProficiency in SQL dealing with big data over Informatica ETL\nProven experience in Data quality and data optimization of data lake in Iceberg format with strong understanding of architecture\nExperience in AWS Glue jobs\nExperience in AWS cloud platform and its data services S3 Redshift Lambda EMR Airflow Postgres SNS Event bridge\nExpertise in BASH Shell scripting\nStrong understanding of healthcare data systems and experience leading data engineering teams\nExperience in Agile environments\nExcellent problem solving skills and attention to detail\nEffective communication and collaboration skills\nResponsibilities\nLeads development of data pipelines and architectures that handle large scale data sets\nDesigns constructs and tests data architecture aligned with business requirements\nProvides technical leadership for data projects ensuring best practices and high quality data solutions\nCollaborates with product finance and other business units to ensure data pipelines meet business requirements\nWork with DBT Data Build Tool for transforming raw data into actionable insights\nOversees development of data solutions that enable predictive and prescriptive analytics\nEnsures the technical quality of solutions managing data as it moves across environments\nAligns data architecture to Healthfirst solution architecture,Information Technology,"['Iceberg', 'Python', 'Pyspark', 'Sql', 'AWS Glue', 'Informatica']",2025-06-12 15:18:11
Data Engineer,Virtusa,5-8 Years,,Chennai,8 Years overall IT experience with minimum 5 years of work experience in below tech skills\nStrong experience in Python Scripting and PySpark for data processing\nProficiency in SQL dealing with big data over Informatica ETL\nProven experience in Data quality and data optimization of data lake in Iceberg format with strong understanding of architecture\nExperience in AWS Glue jobs\nExperience in AWS cloud platform and its data services S3 Redshift Lambda EMR Airflow Postgres SNS Event bridge\nExpertise in BASH Shell scripting\nStrong understanding of healthcare data systems and experience leading data engineering teams\nExperience in Agile environments\nExcellent problem solving skills and attention to detail\nEffective communication and collaboration skills\nResponsibilities\nLeads development of data pipelines and architectures that handle large scale data sets\nDesigns constructs and tests data architecture aligned with business requirements\nProvides technical leadership for data projects ensuring best practices and high quality data solutions\nCollaborates with product finance and other business units to ensure data pipelines meet business requirements\nWork with DBT Data Build Tool for transforming raw data into actionable insights\nOversees development of data solutions that enable predictive and prescriptive analytics\nEnsures the technical quality of solutions managing data as it moves across environments\nAligns data architecture to Healthfirst solution architecture,Information Technology,"['Iceberg', 'Python', 'Pyspark', 'Sql', 'AWS Glue', 'Informatica']",2025-06-12 15:18:12
Data Engineer,Virtusa,8-12 Years,,Hyderabad,"Experience:\n8+ years of experience in data engineering, specifically in cloud environments like AWS.\nProficiency in PySpark for distributed data processing and transformation.\nSolid experience with AWS Glue for ETL jobs and managing data workflows.\nHands-on experience with AWS Data Pipeline (DPL) for workflow orchestration.\nStrong experience with AWS services such as S3, Lambda, Redshift, RDS, and EC2.\nTechnical Skills:\nProficiency in Python and PySpark for data processing and transformation tasks.\nDeep understanding of ETL concepts and best practices.\nFamiliarity with AWS Glue (ETL jobs, Data Catalog, and Crawlers).\nExperience building and maintaining data pipelines with AWS Data Pipeline or similar orchestration tools.\nFamiliarity with AWS S3 for data storage and management, including file formats (CSV, Parquet, Avro).\nStrong knowledge of SQL for querying and manipulating relational and semi-structured data.\nExperience with Data Warehousing and Big Data technologies, specifically within AWS.\nAdditional Skills:\nExperience with AWS Lambda for serverless data processing and orchestration.\nUnderstanding of AWS Redshift for data warehousing and analytics.\nFamiliarity with Data Lakes, Amazon EMR, and Kinesis for streaming data processing.\nKnowledge of data governance practices, including data lineage and auditing.\nFamiliarity with CI/CD pipelines and Git for version control.\nExperience with Docker and containerization for building and deploying applications.\nDesign and Build Data Pipelines: Design, implement, and optimize data pipelines on AWS using PySpark, AWS Glue, and AWS Data Pipeline to automate data integration, transformation, and storage processes.\nETL Development: Develop and maintain Extract, Transform, and Load (ETL) processes using AWS Glue and PySpark to efficiently process large datasets.\nData Workflow Automation: Build and manage automated data workflows using AWS Data Pipeline, ensuring seamless scheduling, monitoring, and management of data jobs.\nData Integration: Work with different AWS data storage services (e.g., S3, Redshift, RDS) to ensure smooth integration and movement of data across platforms.\nOptimization and Scaling: Optimize and scale data pipelines for high performance and cost efficiency, utilizing AWS services like Lambda, S3, and EC2.",Information Technology,"['Snowflake design', 'ETL/ELT', 'Python', 'Sql', 'Data Warehousing', 'cloud platform']",2025-06-12 15:18:14
Data Engineer,Accenture India,5-10 Years,,Jaipur,"Job Description: Data Engineer\nProject Role: Data Engineer\nProject Role Description: Design, develop, and maintain data solutions for data generation, collection, and processing. Create data pipelines, ensure data quality, and implement ETL (extract, transform, and load) processes to migrate and deploy data across systems.\nMust-Have Skills: SAP HCM On Premise ABAP\nGood-to-Have Skills: SAP HCM Organizational Management\nExperience Required: Minimum 5 years\nEducational Qualification: 15 years full-time education\nJob Summary:\nAs a Data Engineer, your main responsibility will be to design, develop, and maintain data solutions for generating, collecting, and processing data. You'll work on creating data pipelines, ensuring data quality, and implementing ETL processes to move and deploy data across systems. Your role will be crucial in managing and analyzing data to support business decisions and provide data-driven insights.\nRoles & Responsibilities:\nSubject Matter Expert (SME): Expected to be an SME, collaborate and manage the team to deliver results. Responsible for making key team decisions.\nCollaboration & Teamwork: Work closely with multiple teams and contribute to important decisions and problem-solving efforts.\nData Solutions: Design, develop, and maintain data solutions that support data generation, collection, and processing.\nData Pipelines: Create and manage data pipelines to extract, transform, and load data (ETL processes) across systems.\nData Quality & Integrity: Ensure data quality and integrity throughout the data lifecycle.\nETL Processes: Implement and optimize ETL processes to efficiently migrate and deploy data across systems and platforms.\nProfessional & Technical Skills:\nMust-Have Skills:\nStrong proficiency in SAP HCM On Premise ABAP.\nExperience with data modeling and database design.\nFamiliarity with ETL tools and processes.\nExpertise in programming languages such as ABAP, SQL, and Python.\nGood-to-Have Skills:\nExperience with SAP HCM Organizational Management.\nStrong understanding of data engineering principles and best practices.\nAdditional Information:\nExperience Required: A minimum of 5 years of experience in SAP HCM On Premise ABAP.\nEducational Requirement: The candidate should have a minimum of 15 years of full-time education.","Consulting, Information Services","['Sql', 'Python', 'Abap']",2025-06-12 15:18:15
Data Engineer,Virtusa,10-12 Years,,Bengaluru,"Requirements\n10+ years of strong experience with data transformation & ETL on large data sets\nExperience with designing customer centric datasets (i.e., CRM, Call Center, Marketing, Offline, Point of\nSale etc.)\n5+ years of Data Modeling experience (i.e., Relational, Dimensional, Columnar, Big Data)\n5+ years of complex SQL or NoSQL experience\nExperience in advanced Data Warehouse concepts\nExperience in industry ETL tools (i.e., Informatica, Unifi)\nExperience with Business Requirements definition and management, structured analysis, process\ndesign, use case documentation\nExperience with Reporting Technologies (i.e., Tableau, PowerBI)\nexperience in professional software development\nDemonstrate exceptional organizational skills and ability to multi-task simultaneous different customer\nprojects\nStrong verbal & written communication skills to interface with Sales team & lead customers to\nsuccessful outcome\nMust be self-managed, proactive and customer focused\nDegree in Computer Science, Information Systems, Data Science, or related field",Information Technology,"['Python', 'Sql', 'Etl', 'BigQuery']",2025-06-12 15:18:16
Data Engineer,Virtusa,8-9 Years,,Bengaluru,"Proficiency in PySpark for distributed data processing and transformation.\nSolid experience with AWS Glue for ETL jobs and managing data workflows.\nHands-on experience with AWS Data Pipeline (DPL) for workflow orchestration.\nStrong experience with AWS services such as S3, Lambda, Redshift, RDS, and EC2.\nTechnical Skills:\nProficiency in Python and PySpark for data processing and transformation tasks.\nDeep understanding of ETL concepts and best practices.\nFamiliarity with AWS Glue (ETL jobs, Data Catalog, and Crawlers).\nExperience building and maintaining data pipelines with AWS Data Pipeline or similar orchestration tools.\nFamiliarity with AWS S3 for data storage and management, including file formats (CSV, Parquet, Avro).\nStrong knowledge of SQL for querying and manipulating relational and semi-structured data.\nExperience with Data Warehousing and Big Data technologies, specifically within AWS.\nAdditional Skills:\nExperience with AWS Lambda for serverless data processing and orchestration.\nUnderstanding of AWS Redshift for data warehousing and analytics.\nFamiliarity with Data Lakes, Amazon EMR, and Kinesis for streaming data processing.\nKnowledge of data governance practices, including data lineage and auditing.\nFamiliarity with CI/CD pipelines and Git for version control.\nExperience with Docker and containerization for building and deploying applications.\nDesign and Build Data Pipelines: Design, implement, and optimize data pipelines on AWS using PySpark, AWS Glue, and AWS Data Pipeline to automate data integration, transformation, and storage processes.\nETL Development: Develop and maintain Extract, Transform, and Load (ETL) processes using AWS Glue and PySpark to efficiently process large datasets.\nData Workflow Automation: Build and manage automated data workflows using AWS Data Pipeline, ensuring seamless scheduling, monitoring, and management of data jobs.\nData Integration: Work with different AWS data storage services (e.g., S3, Redshift, RDS) to ensure smooth integration and movement of data across platforms.\nOptimization and Scaling: Optimize and scale data pipelines for high performance and cost efficiency, utilizing AWS services like Lambda, S3, and EC2.",Information Technology,"['CI & CD', 'Cloudera Data platform', 'Jenkins', 'Devops', 'Cloudformation', 'Docker']",2025-06-12 15:18:17
Data Engineer,Synechron Technologies Private Limited,6-8 Years,,Gurugram,"Job Profile : Data and analytics expert with 6-8 years of experience, proficient in big data technologies, data architecture, and customer-focused solutions.\nTechnology\nIn addition, you'll bring a selection of the following technical skills with an experience around 6-8 years.\nResponsibilities:\nDesign and implement data pipelines, data lakes, and visualization solutions to create business value.\nDevelop and maintain big data solutions using technologies like AWS Redshift, Kubernetes, Spark, Python, SQL, DBT, and Dataiku.\nApply best practices in data architecture, modeling, and metadata management.\nAnalyze and troubleshoot complex data issues, ensuring timely resolution..\nPrimary Skills:\n6-8 years of experience in data and analytics.\nProficiency in big data technologies: AWS Redshift, Kubernetes, Spark, Python, complex SQL, DBT, and Dataiku.\nStrong understanding of data architecture, modeling, and metadata management.\nExcellent data analytical and troubleshooting skills.\nStrong communication skills and a customer-focused approach\nGood to have:\nExperience with other data-related tools and platforms.\nKnowledge of emerging trends in data and analytics\nExperience: 6 to 8 years",Software Engineering,"['Aws Redshift', 'Spark', 'Kubernetes', 'Sql', 'Python']",2025-06-12 15:18:18
Data Engineer,Virtusa,7-12 Years,,Chennai,"Job Title: Data Engineer\n\nExperience Level\n6+ years in Data Engineering\nKey Responsibilities\nAs a Data Engineer, you will:\nData Engineering: Apply expertise in Snowflake, DBT, and Python to develop and manage data solutions.\nCloud Integration: Utilize AWS Cloud services, specifically AWS S3 and Lambda, for data operations.\nSQL Development: Leverage strong SQL knowledge for data manipulation and querying.\nMandatory Skills & Experience\nTechnical Proficiency:\nSQL: Strong knowledge in SQL.\nData Warehousing & Transformation: Expertise in Snowflake and DBT (minimum 2+ years of experience).\nProgramming: Expertise in Python (minimum 2+ years of experience).\nCloud Platform: Knowledge in AWS Cloud (specifically AWS S3 & Lambda).\nETL/ELT Tools (Desirable): Knowledge of SnapLogic or Fivetran tools is an added advantage.\nExperience & Qualifications:\n6+ years of experience in data engineering.",Information Technology,"['Snowflake design', 'ETL/ELT', 'Python', 'Sql', 'Data Warehousing', 'cloud platform']",2025-06-12 15:18:19
Data Engineer,Virtusa,7-12 Years,,Chennai,"Job Title: Data Engineer\n\nExperience Level\n6+ years in Data Engineering\nKey Responsibilities\nAs a Data Engineer, you will:\nData Engineering: Apply expertise in Snowflake, DBT, and Python to develop and manage data solutions.\nCloud Integration: Utilize AWS Cloud services, specifically AWS S3 and Lambda, for data operations.\nSQL Development: Leverage strong SQL knowledge for data manipulation and querying.\nMandatory Skills & Experience\nTechnical Proficiency:\nSQL: Strong knowledge in SQL.\nData Warehousing & Transformation: Expertise in Snowflake and DBT (minimum 2+ years of experience).\nProgramming: Expertise in Python (minimum 2+ years of experience).\nCloud Platform: Knowledge in AWS Cloud (specifically AWS S3 & Lambda).\nETL/ELT Tools (Desirable): Knowledge of SnapLogic or Fivetran tools is an added advantage.\nExperience & Qualifications:\n6+ years of experience in data engineering.",Information Technology,"['Snowflake design', 'ETL/ELT', 'Python', 'Sql', 'Data Warehousing', 'cloud platform']",2025-06-12 15:18:20
Data Engineer,Virtusa,5-8 Years,,Chennai,8 Years overall IT experience with minimum 5 years of work experience in below tech skills\nStrong experience in Python Scripting and PySpark for data processing\nProficiency in SQL dealing with big data over Informatica ETL\nProven experience in Data quality and data optimization of data lake in Iceberg format with strong understanding of architecture\nExperience in AWS Glue jobs\nExperience in AWS cloud platform and its data services S3 Redshift Lambda EMR Airflow Postgres SNS Event bridge\nExpertise in BASH Shell scripting\nStrong understanding of healthcare data systems and experience leading data engineering teams\nExperience in Agile environments\nExcellent problem solving skills and attention to detail\nEffective communication and collaboration skills\nResponsibilities\nLeads development of data pipelines and architectures that handle large scale data sets\nDesigns constructs and tests data architecture aligned with business requirements\nProvides technical leadership for data projects ensuring best practices and high quality data solutions\nCollaborates with product finance and other business units to ensure data pipelines meet business requirements\nWork with DBT Data Build Tool for transforming raw data into actionable insights\nOversees development of data solutions that enable predictive and prescriptive analytics\nEnsures the technical quality of solutions managing data as it moves across environments\nAligns data architecture to Healthfirst solution architecture,Information Technology,"['Iceberg', 'Python', 'Pyspark', 'Sql', 'AWS Glue', 'Informatica']",2025-06-12 15:18:21
Data Engineer,Virtusa,6-8 Years,,Bengaluru,"Seeking a skilled Data Engineer to work on cloud-based data pipelines and analytics platforms. The ideal candidate will have hands-on experience in PySpark and AWS, with proficiency in designing Data Lakes and working with modern data orchestration tools.\nData Engineer to work on cloud-based data pipelines and analytics platforms\nPySpark and AWS, with proficiency in designing Data Lakes\nWorking with modern data orchestration tools\nQualification\nSeeking a skilled Data Engineer to work on cloud-based data pipelines and analytics platforms. The ideal candidate will have hands-on experience in PySpark and AWS, with proficiency in designing Data Lakes and working with modern data orchestration tools.\nData Engineer to work on cloud-based data pipelines and analytics platforms\nPySpark and AWS, with proficiency in designing Data Lakes\nworking with modern data orchestration tools",Information Technology,"['CI & CD', 'Cloudera Data platform', 'Terraform', 'Jenkins', 'Devops', 'Cloudformation', 'Docker', 'Pyspark']",2025-06-12 15:18:23
Data Engineer,Virtusa,6-10 Years,,Bengaluru,"Seeking a skilled Data Engineer to work on cloud-based data pipelines and analytics platforms. The ideal candidate will have hands-on experience in PySpark and AWS, with proficiency in designing Data Lakes and working with modern data orchestration tools.\nData Engineer to work on cloud-based data pipelines and analytics platforms\nPySpark and AWS, with proficiency in designing Data Lakes\nworking with modern data orchestration tools\nQualification\nSeeking a skilled Data Engineer to work on cloud-based data pipelines and analytics platforms. The ideal candidate will have hands-on experience in PySpark and AWS, with proficiency in designing Data Lakes and working with modern data orchestration tools.\nData Engineer to work on cloud-based data pipelines and analytics platforms\nPySpark and AWS, with proficiency in designing Data Lakes\nworking with modern data orchestration tools",Information Technology,"['CI & CD', 'Cloudera Data platform', 'Terraform', 'Jenkins', 'Devops', 'Cloudformation', 'Docker', 'Pyspark', 'Aws']",2025-06-12 15:18:24
Data Engineer-Data Warehouse,IBM,5-8 Years,,Bengaluru,"IBM Consulting Overview In this role, you'll work in one of our IBM Consulting Client Innovation Centers (Delivery Centers), where we deliver deep technical and industry expertise to a wide range of public and private sector clients around the world. Our delivery centers offer locally based skills and technical expertise to drive innovation and adoption of new technology.\nYour Role and Responsibilities As an Associate Software Developer at IBM, you will harness the power of data to unveil captivating stories and intricate patterns. You'll contribute to data gathering, storage, and both batch and real-time processing.\nCollaborating closely with diverse teams, you'll play an important role in selecting the most suitable data management systems and identifying the crucial data required for insightful analysis. As a Data Engineer, you'll tackle challenges related to database integration and work with complex, unstructured data sets.\nPrimary Responsibilities:\nImplement and validate predictive models, as well as create and maintain statistical models with a focus on big data, incorporating various machine learning techniques.\nDesign and implement enterprise search applications such as Elasticsearch and Splunk for client requirements.\nWork in an Agile, collaborative environment, partnering with scientists, engineers, consultants, and database administrators across disciplines to apply analytical rigor to predictive modeling challenges.\nDevelop teams or write programs to cleanse and integrate data efficiently and develop predictive or prescriptive models.\nEvaluate modeling results to ensure accuracy and effectiveness.\nRequired Education\nBachelor's Degree\nPreferred Education\nMaster's Degree\nRequired Technical and Professional Expertise\nStrong experience in SQL.\nStrong experience in DBT (Data Build Tool).\nStrong understanding of Data Warehousing concepts.\nStrong experience in AWS or other cloud platforms.\nRedshift experience is a plus.\nPreferred Technical and Professional Experience\nAbility to thrive in teamwork settings with excellent verbal and written communication skills.\nCapability to communicate with internal and external clients to understand business needs and provide analytical solutions.\nAbility to present results to both technical and non-technical audiences effectively.",Information Technology,"['dbt', 'Cloud Knowledge', 'Sql', 'Data Warehousing', 'AWS', 'Redshift']",2025-06-12 15:18:25
Data Engineer,Accenture India,5-10 Years,,Ahmedabad,"Project Role: Data Engineer\nProject Role Description:\nAs a Data Engineer, you will design, develop, and maintain data solutions for data generation, collection, and processing. Your typical day will involve creating data pipelines, ensuring data quality, and implementing ETL (Extract, Transform, Load) processes to migrate and deploy data across systems.\nMust Have Skills:\nProficiency in Data Engineering\nGood to Have Skills:\nN/A\nMinimum Experience Required:\n5 years\nEducational Qualification:\n15 years of full-time education\nSummary:\nYou will play a crucial role in managing and optimizing data infrastructure to support the organization's data needs.\nRoles & Responsibilities:\nExpected to be a Subject Matter Expert (SME) and collaborate with the team.\nResponsible for making team decisions and engaging with multiple teams to contribute to key decisions.\nProvide solutions to problems for your immediate team and across multiple teams.\nDevelop and maintain data pipelines for efficient data processing.\nEnsure data quality and integrity throughout the data lifecycle.\nImplement ETL processes to migrate and deploy data across systems.\nOptimize data infrastructure to support the organization's data needs.\nProfessional & Technical Skills:\nStrong understanding of data generation, collection, and processing.\nExperience in designing and implementing data pipelines.\nKnowledge of ETL processes.\nFamiliarity with data quality assurance and data governance practices.\nAdditional Information:\nThe candidate should have a minimum of 5 years of experience in Data Engineering.\nThis position is based at our Ahmedabad office.\nA 15 years full-time education is required.","Consulting, Information Services","['Nosql', 'Sql', 'Etl']",2025-06-12 15:18:26
Data Engineer,Virtusa,7-12 Years,,Chennai,"Job Title: Data Engineer\n\nExperience Level\n6+ years in Data Engineering\nKey Responsibilities\nAs a Data Engineer, you will:\nData Engineering: Apply expertise in Snowflake, DBT, and Python to develop and manage data solutions.\nCloud Integration: Utilize AWS Cloud services, specifically AWS S3 and Lambda, for data operations.\nSQL Development: Leverage strong SQL knowledge for data manipulation and querying.\nMandatory Skills & Experience\nTechnical Proficiency:\nSQL: Strong knowledge in SQL.\nData Warehousing & Transformation: Expertise in Snowflake and DBT (minimum 2+ years of experience).\nProgramming: Expertise in Python (minimum 2+ years of experience).\nCloud Platform: Knowledge in AWS Cloud (specifically AWS S3 & Lambda).\nETL/ELT Tools (Desirable): Knowledge of SnapLogic or Fivetran tools is an added advantage.\nExperience & Qualifications:\n6+ years of experience in data engineering.",Information Technology,"['Snowflake design', 'ETL/ELT', 'Python', 'Sql', 'Data Warehousing', 'cloud platform']",2025-06-12 15:18:35
Data Engineer,IBM,3-10 Years,,"Navi Mumbai, Mumbai City, Mumbai","Role Overview:\nAs a Big Data Engineer, you'll design and build robust data pipelines on Cloudera using Spark (Scala/PySpark) for ingestion, transformation, and processing of high-volume data from banking systems.\nKey Responsibilities:\nBuild scalable batch and real-time ETL pipelines using Spark and Hive\nIntegrate structured and unstructured data sources\nPerform performance tuning and code optimization\nSupport orchestration and job scheduling (NiFi, Airflow)\nRequired education\nBachelor's Degree\nPreferred education\nMaster's Degree\nRequired technical and professional expertise\nExperience: 315 years\nProficiency in PySpark/Scala with Hive/Impala\nExperience with data partitioning, bucketing, and optimization\nFamiliarity with Kafka, Iceberg, NiFi is a must\nKnowledge of banking or financial datasets is a plus",Information Technology,"['Sql', 'Python', 'Hadoop', 'Etl', 'Data Warehousing', 'Nosql', 'Cloud Computing', 'Data Modeling']",2025-06-12 15:18:40
Data Engineer,IBM,3-10 Years,,"Navi Mumbai, Mumbai City, Mumbai","Role Overview:\nAs a Big Data Engineer, you'll design and build robust data pipelines on Cloudera using Spark (Scala/PySpark) for ingestion, transformation, and processing of high-volume data from banking systems.\nKey Responsibilities:\nBuild scalable batch and real-time ETL pipelines using Spark and Hive\nIntegrate structured and unstructured data sources\nPerform performance tuning and code optimization\nSupport orchestration and job scheduling (NiFi, Airflow)\nRequired education\nBachelor's Degree\nPreferred education\nMaster's Degree\nRequired technical and professional expertise\nExperience: 315 years\nProficiency in PySpark/Scala with Hive/Impala\nExperience with data partitioning, bucketing, and optimization\nFamiliarity with Kafka, Iceberg, NiFi is a must\nKnowledge of banking or financial datasets is a plus",Information Technology,"['Sql', 'Python', 'Hadoop', 'Etl', 'Data Warehousing', 'Nosql', 'Cloud Computing', 'Data Modeling']",2025-06-12 15:18:41
Data Engineer,Accenture India,0-2 Years,,Ahmedabad,"Project Role: Data Engineer\nProject Role Description:\nAs a Data Engineer, you will design, develop, and maintain data solutions for data generation, collection, and processing. Your typical day will involve creating data pipelines, ensuring data quality, and implementing ETL (Extract, Transform, Load) processes to migrate and deploy data across systems.\nMust Have Skills:\nProficiency in Data Engineering\nGood to Have Skills:\nExperience with big data technologies (Hadoop, Spark)\nMinimum Experience Required:\n0-2 years\nEducational Qualification:\n15 years of full-time education\nSummary:\nIn this role, you will manage and optimize data infrastructure to support the organization's data needs, ensuring data integrity and quality throughout the processes.\nRoles & Responsibilities:\nBuild knowledge and support the team.\nParticipate in problem-solving discussions.\nDesign and develop data pipelines to extract, transform, and load data from various sources.\nEnsure data quality and integrity by implementing data validation and cleansing processes.\nCollaborate with cross-functional teams to understand data requirements and design efficient data solutions.\nOptimize and tune data pipelines for performance and scalability.\nTroubleshoot and resolve data-related issues and incidents.\nStay updated with the latest trends and technologies in data engineering and recommend improvements to existing processes.\nMentor and guide junior professionals in data engineering best practices.\nProfessional & Technical Skills:\nStrong understanding of data modeling and database design principles.\nExperience with ETL tools (Apache NiFi, Talend).\nFamiliarity with cloud platforms (AWS, Azure).\nKnowledge of data warehousing concepts and techniques.\nExperience with SQL and NoSQL databases.\nSolid understanding of data governance and security principles.\nAdditional Information:\nThe candidate should have a minimum of 0-2 years of experience in Data Engineering.\nThis position is based at our Ahmedabad office.\nA 15 years full-time education is required.","Consulting, Information Services","['Sql', 'Nosql', 'Etl']",2025-06-12 15:18:42
Data Engineer,Virtusa,6-8 Years,,Hyderabad,"Seeking a skilled Data Engineer to work on cloud-based data pipelines and analytics platforms. The ideal candidate will have hands-on experience in PySpark and AWS, with proficiency in designing Data Lakes and working with modern data orchestration tools.\nData Engineer to work on cloud-based data pipelines and analytics platforms\nPySpark and AWS, with proficiency in designing Data Lakes\nWorking with modern data orchestration tools\nQualification\nSeeking a skilled Data Engineer to work on cloud-based data pipelines and analytics platforms. The ideal candidate will have hands-on experience in PySpark and AWS, with proficiency in designing Data Lakes and working with modern data orchestration tools.\nData Engineer to work on cloud-based data pipelines and analytics platforms\nPySpark and AWS, with proficiency in designing Data Lakes\nworking with modern data orchestration tools",Information Technology,"['CI & CD', 'Cloudera Data platform', 'Terraform', 'Jenkins', 'Devops', 'Cloudformation', 'Docker', 'Pyspark']",2025-06-12 15:18:44
Data Engineer,Virtusa,7-12 Years,,Chennai,"Job Title: Data Engineer\n\nExperience Level\n6+ years in Data Engineering\nKey Responsibilities\nAs a Data Engineer, you will:\nData Engineering: Apply expertise in Snowflake, DBT, and Python to develop and manage data solutions.\nCloud Integration: Utilize AWS Cloud services, specifically AWS S3 and Lambda, for data operations.\nSQL Development: Leverage strong SQL knowledge for data manipulation and querying.\nMandatory Skills & Experience\nTechnical Proficiency:\nSQL: Strong knowledge in SQL.\nData Warehousing & Transformation: Expertise in Snowflake and DBT (minimum 2+ years of experience).\nProgramming: Expertise in Python (minimum 2+ years of experience).\nCloud Platform: Knowledge in AWS Cloud (specifically AWS S3 & Lambda).\nETL/ELT Tools (Desirable): Knowledge of SnapLogic or Fivetran tools is an added advantage.\nExperience & Qualifications:\n6+ years of experience in data engineering.",Information Technology,"['Snowflake design', 'ETL/ELT', 'Python', 'Sql', 'Data Warehousing', 'cloud platform']",2025-06-12 15:18:45
Data Engineer,Virtusa,6-10 Years,,Bengaluru,"Seeking a skilled Data Engineer to work on cloud-based data pipelines and analytics platforms. The ideal candidate will have hands-on experience in PySpark and AWS, with proficiency in designing Data Lakes and working with modern data orchestration tools.\nData Engineer to work on cloud-based data pipelines and analytics platforms\nPySpark and AWS, with proficiency in designing Data Lakes\nworking with modern data orchestration tools\nQualification\nSeeking a skilled Data Engineer to work on cloud-based data pipelines and analytics platforms. The ideal candidate will have hands-on experience in PySpark and AWS, with proficiency in designing Data Lakes and working with modern data orchestration tools.\nData Engineer to work on cloud-based data pipelines and analytics platforms\nPySpark and AWS, with proficiency in designing Data Lakes\nworking with modern data orchestration tools",Information Technology,"['CI & CD', 'Cloudera Data platform', 'Terraform', 'Jenkins', 'Devops', 'Cloudformation', 'Docker', 'Pyspark', 'Aws']",2025-06-12 15:18:47
Data Engineer,Virtusa,6-8 Years,,Bengaluru,"Seeking a skilled Data Engineer to work on cloud-based data pipelines and analytics platforms. The ideal candidate will have hands-on experience in PySpark and AWS, with proficiency in designing Data Lakes and working with modern data orchestration tools.\nData Engineer to work on cloud-based data pipelines and analytics platforms\nPySpark and AWS, with proficiency in designing Data Lakes\nWorking with modern data orchestration tools\nQualification\nSeeking a skilled Data Engineer to work on cloud-based data pipelines and analytics platforms. The ideal candidate will have hands-on experience in PySpark and AWS, with proficiency in designing Data Lakes and working with modern data orchestration tools.\nData Engineer to work on cloud-based data pipelines and analytics platforms\nPySpark and AWS, with proficiency in designing Data Lakes\nworking with modern data orchestration tools",Information Technology,"['CI & CD', 'Cloudera Data platform', 'Terraform', 'Jenkins', 'Devops', 'Cloudformation', 'Docker', 'Pyspark']",2025-06-12 15:18:48
Data Engineer-Data Warehouse,IBM,2-6 Years,,Pune,"Required technical and professional expertise\nDesign and implement efficient database schemas and data models using Teradata.\nOptimize SQL queries and stored procedures for performance.\nPerform database administration tasks including installation, configuration, and maintenance of Teradata systems\nPreferred technical and professional experience\nYou thrive on teamwork and have excellent verbal and written communication skills.\nAbility to communicate with internal and external clients to understand and define business needs, providing analytical solutions\nAbility to communicate results to technical and non-technical audiences",Information Technology,"['Linux', 'Sql', 'Python', 'Spark', 'Hadoop', 'Java']",2025-06-12 15:18:49
Data Engineer-Data Warehouse,IBM,2-6 Years,,Bengaluru,"Introduction\nIn this role, you'll work in one of our IBM Consulting Client Innovation Centers (Delivery Centers), where we deliver deep technical and industry expertise to a wide range of public and private sector clients around the world. Our delivery centers offer our clients locally based skills and technical expertise to drive innovation and adoption of new technology.\nA career in IBM Consulting is rooted by long-term relationships and close collaboration with clients across the globe.\nYou'll work with visionaries across multiple industries to improve the hybrid cloud and AI journey for the most innovative and valuable companies in the world. Your ability to accelerate impact and make meaningful change for your clients is enabled by our strategic partner ecosystem and our robust technology platforms across the IBM portfolio; including Software and Red Hat.\nCuriosity and a constant quest for knowledge serve as the foundation to success in IBM Consulting. In your role, you'll be encouraged to challenge the norm, investigate ideas outside of your role, and come up with creative solutions resulting in ground breaking impact for a wide network of clients. Our culture of evolution and empathy centers on long-term career growth and development opportunities in an environment that embraces your unique skills and experience.\nIn this role, you'll work in one of our IBM Consulting Client Innovation Centers (Delivery Centers), where we deliver deep technical and industry expertise to a wide range of public and private sector clients around the world. Our delivery centers offer our clients locally based skills and technical expertise to drive innovation and adoption of new technology.\nYour role and responsibilities\nAs an Data Engineer at IBM you will harness the power of data to unveil captivating stories and intricate patterns. You'll contribute to data gathering, storage, and both batch and real-time processing.\nCollaborating closely with diverse teams, you'll play an important role in deciding the most suitable data management systems and identifying the crucial data required for insightful analysis. As a Data Engineer, you'll tackle obstacles related to database integration and untangle complex, unstructured data sets.\nIn this role, your responsibilities may include:\nImplementing and validating predictive models as well as creating and maintain statistical models with a focus on big data, incorporating a variety of statistical and machine learning techniques\nDesigning and implementing various enterprise search applications such as Elasticsearch and Splunk for client requirements\nWork in an Agile, collaborative environment, partnering with other scientists, engineers, consultants and database administrators of all backgrounds and disciplines to bring analytical rigor and statistical methods to the challenges of predicting behaviours.\nBuild teams or writing programs to cleanse and integrate data in an efficient and reusable manner, developing predictive or prescriptive models, and evaluating modelling results\nRequired education\nBachelor's Degree\nPreferred education\nMaster's Degree\nRequired technical and professional expertise\nGood Hands on experience in DBT is required.\nETL Datastage and snowflake preferred.\nAbility to use programming languages like Java, Python, Scala, etc., to build pipelines to extract and transform data from a repository to a data consumer\nAbility to use Extract, Transform, and Load (ETL) tools and/or data integration, or federation tools to prepare and transform data as needed.\nAbility to use leading edge tools such as Linux, SQL, Python, Spark, Hadoop and Java\nPreferred technical and professional experience\nYou thrive on teamwork and have excellent verbal and written communication skills.\nAbility to communicate with internal and external clients to understand and define business needs, providing analytical solutions\nAbility to communicate results to technical and non-technical audiences",Information Technology,"['Linux', 'Sql', 'Python', 'Spark', 'Hadoop', 'Java']",2025-06-12 15:18:51
Data Engineer-Data Warehouse,IBM,2-6 Years,,Pune,"Introduction\nIn this role, you'll work in one of our IBM Consulting Client Innovation Centers (Delivery Centers), where we deliver deep technical and industry expertise to a wide range of public and private sector clients around the world. Our delivery centers offer our clients locally based skills and technical expertise to drive innovation and adoption of new technology.\nA career in IBM Consulting is rooted by long-term relationships and close collaboration with clients across the globe.\nYou'll work with visionaries across multiple industries to improve the hybrid cloud and AI journey for the most innovative and valuable companies in the world. Your ability to accelerate impact and make meaningful change for your clients is enabled by our strategic partner ecosystem and our robust technology platforms across the IBM portfolio; including Software and Red Hat.\nCuriosity and a constant quest for knowledge serve as the foundation to success in IBM Consulting. In your role, you'll be encouraged to challenge the norm, investigate ideas outside of your role, and come up with creative solutions resulting in ground breaking impact for a wide network of clients. Our culture of evolution and empathy centers on long-term career growth and development opportunities in an environment that embraces your unique skills and experience.\nIn this role, you'll work in one of our IBM Consulting Client Innovation Centers (Delivery Centers), where we deliver deep technical and industry expertise to a wide range of public and private sector clients around the world. Our delivery centers offer our clients locally based skills and technical expertise to drive innovation and adoption of new technology.\nYour role and responsibilities\nAs an Data Engineer at IBM you will harness the power of data to unveil captivating stories and intricate patterns. You'll contribute to data gathering, storage, and both batch and real-time processing.\nCollaborating closely with diverse teams, you'll play an important role in deciding the most suitable data management systems and identifying the crucial data required for insightful analysis. As a Data Engineer, you'll tackle obstacles related to database integration and untangle complex, unstructured data sets.\nIn this role, your responsibilities may include:\nImplementing and validating predictive models as well as creating and maintain statistical models with a focus on big data, incorporating a variety of statistical and machine learning techniques\nDesigning and implementing various enterprise search applications such as Elasticsearch and Splunk for client requirements\nWork in an Agile, collaborative environment, partnering with other scientists, engineers, consultants and database administrators of all backgrounds and disciplines to bring analytical rigor and statistical methods to the challenges of predicting behaviours.\nBuild teams or writing programs to cleanse and integrate data in an efficient and reusable manner, developing predictive or prescriptive models, and evaluating modelling results\nRequired education\nBachelor's Degree\nPreferred education\nMaster's Degree\nRequired technical and professional expertise\nGood Hands on experience in DBT is required.\nETL Datastage and snowflake preferred.\nAbility to use programming languages like Java, Python, Scala, etc., to build pipelines to extract and transform data from a repository to a data consumer\nAbility to use Extract, Transform, and Load (ETL) tools and/or data integration, or federation tools to prepare and transform data as needed.\nAbility to use leading edge tools such as Linux, SQL, Python, Spark, Hadoop and Java\nPreferred technical and professional experience\nYou thrive on teamwork and have excellent verbal and written communication skills.\nAbility to communicate with internal and external clients to understand and define business needs, providing analytical solutions\nAbility to communicate results to technical and non-technical audiences",Information Technology,"['Linux', 'Sql', 'Python', 'Spark', 'Hadoop', 'Java']",2025-06-12 15:18:52
Data Engineer-Data Warehouse,IBM,5-8 Years,,Bengaluru,"IBM Consulting Overview In this role, you'll work in one of our IBM Consulting Client Innovation Centers (Delivery Centers), where we deliver deep technical and industry expertise to a wide range of public and private sector clients around the world. Our delivery centers offer locally based skills and technical expertise to drive innovation and adoption of new technology.\nYour Role and Responsibilities As an Associate Software Developer at IBM, you will harness the power of data to unveil captivating stories and intricate patterns. You'll contribute to data gathering, storage, and both batch and real-time processing.\nCollaborating closely with diverse teams, you'll play an important role in selecting the most suitable data management systems and identifying the crucial data required for insightful analysis. As a Data Engineer, you'll tackle challenges related to database integration and work with complex, unstructured data sets.\nPrimary Responsibilities:\nImplement and validate predictive models, as well as create and maintain statistical models with a focus on big data, incorporating various machine learning techniques.\nDesign and implement enterprise search applications such as Elasticsearch and Splunk for client requirements.\nWork in an Agile, collaborative environment, partnering with scientists, engineers, consultants, and database administrators across disciplines to apply analytical rigor to predictive modeling challenges.\nDevelop teams or write programs to cleanse and integrate data efficiently and develop predictive or prescriptive models.\nEvaluate modeling results to ensure accuracy and effectiveness.\nRequired Education\nBachelor's Degree\nPreferred Education\nMaster's Degree\nRequired Technical and Professional Expertise\nStrong experience in SQL.\nStrong experience in DBT (Data Build Tool).\nStrong understanding of Data Warehousing concepts.\nStrong experience in AWS or other cloud platforms.\nRedshift experience is a plus.\nPreferred Technical and Professional Experience\nAbility to thrive in teamwork settings with excellent verbal and written communication skills.\nCapability to communicate with internal and external clients to understand business needs and provide analytical solutions.\nAbility to present results to both technical and non-technical audiences effectively.",Information Technology,"['dbt', 'Cloud Knowledge', 'Sql', 'Data Warehousing', 'AWS', 'Redshift']",2025-06-12 15:18:53
Data Engineer-Data Warehouse,IBM,5-8 Years,,Cochin / Kochi / Ernakulam,"Introduction\nIn this role, you'll work in one of our IBM Consulting Client Innovation Centers (Delivery Centers), where we deliver deep technical and industry expertise to a wide range of public and private sector clients around the world. Our delivery centers offer our clients locally based skills and technical expertise to drive innovation and adoption of new technology.\nIn this role, you'll work in one of our IBM Consulting Client Innovation Centers (Delivery Centers), where we deliver deep technical and industry expertise to a wide range of public and private sector clients around the world. Our delivery centers offer our clients locally based skills and technical expertise to drive innovation and adoption of new technology.\nYour role and responsibilities\nResponsible to develop triggers, functions, stored procedures to support this effort\nAssist with impact analysis of changing upstream processes to Data Warehouse and Reporting systems.\nAssist with design, testing, support, and debugging of new and existing ETL and reporting processes.\nPerform data profiling and analysis using a variety of tools. Troubleshoot and support production processes. Create and maintain documentation\nRequired education\nBachelor's Degree\nPreferred education\nMaster's Degree\nRequired technical and professional expertise\nBE / B Tech in any stream, M.Sc. (Computer Science/IT) / M.C.A, with Minimum 5 plus years of experience\nMust Have : Snowflake, AWS, Complex SQL\nExperience with software architecture in cloud-based infrastructures\nExperience in ETL processes and data modelling techniques\nExperience in designing and managing large scale data warehouses\nPreferred technical and professional experience\nGood to have in addition to Must haves: DBT, Tableau, python, JavaScript\nDevelop complex SQL queries for data analytics and business intelligence.\nBackground working with data analytics, business intelligence, or related fields",Information Technology,"['dbt', 'Tableau', 'Python', 'Javascript', 'Data Analytics', 'Data Warehousing']",2025-06-12 15:18:55
Data Engineer-Data Warehouse,IBM,2-6 Years,,Cochin / Kochi / Ernakulam,"Introduction\nIn this role, you'll work in one of our IBM Consulting Client Innovation Centers (Delivery Centers), where we deliver deep technical and industry expertise to a wide range of public and private sector clients around the world. Our delivery centers offer our clients locally based skills and technical expertise to drive innovation and adoption of new technology.\nA career in IBM Consulting is rooted by long-term relationships and close collaboration with clients across the globe.\nYou'll work with visionaries across multiple industries to improve the hybrid cloud and AI journey for the most innovative and valuable companies in the world. Your ability to accelerate impact and make meaningful change for your clients is enabled by our strategic partner ecosystem and our robust technology platforms across the IBM portfolio; including Software and Red Hat.\nCuriosity and a constant quest for knowledge serve as the foundation to success in IBM Consulting. In your role, you'll be encouraged to challenge the norm, investigate ideas outside of your role, and come up with creative solutions resulting in ground breaking impact for a wide network of clients. Our culture of evolution and empathy centers on long-term career growth and development opportunities in an environment that embraces your unique skills and experience.\nIn this role, you'll work in one of our IBM Consulting Client Innovation Centers (Delivery Centers), where we deliver deep technical and industry expertise to a wide range of public and private sector clients around the world. Our delivery centers offer our clients locally based skills and technical expertise to drive innovation and adoption of new technology.\nYour role and responsibilities\nAs an Data Engineer at IBM you will harness the power of data to unveil captivating stories and intricate patterns. You'll contribute to data gathering, storage, and both batch and real-time processing.\nCollaborating closely with diverse teams, you'll play an important role in deciding the most suitable data management systems and identifying the crucial data required for insightful analysis. As a Data Engineer, you'll tackle obstacles related to database integration and untangle complex, unstructured data sets.\nIn this role, your responsibilities may include:\nImplementing and validating predictive models as well as creating and maintain statistical models with a focus on big data, incorporating a variety of statistical and machine learning techniques\nDesigning and implementing various enterprise search applications such as Elasticsearch and Splunk for client requirements\nWork in an Agile, collaborative environment, partnering with other scientists, engineers, consultants and database administrators of all backgrounds and disciplines to bring analytical rigor and statistical methods to the challenges of predicting behaviours.\nBuild teams or writing programs to cleanse and integrate data in an efficient and reusable manner, developing predictive or prescriptive models, and evaluating modelling results\nRequired education\nBachelor's Degree\nPreferred education\nMaster's Degree\nRequired technical and professional expertise\nGood Hands on experience in DBT is required.\nETL Datastage and snowflake preferred.\nAbility to use programming languages like Java, Python, Scala, etc., to build pipelines to extract and transform data from a repository to a data consumer\nAbility to use Extract, Transform, and Load (ETL) tools and/or data integration, or federation tools to prepare and transform data as needed.\nAbility to use leading edge tools such as Linux, SQL, Python, Spark, Hadoop and Java\nPreferred technical and professional experience\nYou thrive on teamwork and have excellent verbal and written communication skills.\nAbility to communicate with internal and external clients to understand and define business needs, providing analytical solutions\nAbility to communicate results to technical and non-technical audiences",Information Technology,"['Linux', 'Sql', 'Python', 'Spark', 'Hadoop', 'Java']",2025-06-12 15:18:56
Data Engineer-Data Warehouse,IBM,2-6 Years,,Pune,"Introduction\nIn this role, you'll work in one of our IBM Consulting Client Innovation Centers (Delivery Centers), where we deliver deep technical and industry expertise to a wide range of public and private sector clients around the world. Our delivery centers offer our clients locally based skills and technical expertise to drive innovation and adoption of new technology.\nA career in IBM Consulting is rooted by long-term relationships and close collaboration with clients across the globe.\nYou'll work with visionaries across multiple industries to improve the hybrid cloud and AI journey for the most innovative and valuable companies in the world. Your ability to accelerate impact and make meaningful change for your clients is enabled by our strategic partner ecosystem and our robust technology platforms across the IBM portfolio; including Software and Red Hat.\nCuriosity and a constant quest for knowledge serve as the foundation to success in IBM Consulting. In your role, you'll be encouraged to challenge the norm, investigate ideas outside of your role, and come up with creative solutions resulting in ground breaking impact for a wide network of clients. Our culture of evolution and empathy centers on long-term career growth and development opportunities in an environment that embraces your unique skills and experience.\nIn this role, you'll work in one of our IBM Consulting Client Innovation Centers (Delivery Centers), where we deliver deep technical and industry expertise to a wide range of public and private sector clients around the world. Our delivery centers offer our clients locally based skills and technical expertise to drive innovation and adoption of new technology.\nYour role and responsibilities\nAs an Data Engineer at IBM you will harness the power of data to unveil captivating stories and intricate patterns. You'll contribute to data gathering, storage, and both batch and real-time processing.\nCollaborating closely with diverse teams, you'll play an important role in deciding the most suitable data management systems and identifying the crucial data required for insightful analysis. As a Data Engineer, you'll tackle obstacles related to database integration and untangle complex, unstructured data sets.\nIn this role, your responsibilities may include:\nImplementing and validating predictive models as well as creating and maintain statistical models with a focus on big data, incorporating a variety of statistical and machine learning techniques\nDesigning and implementing various enterprise search applications such as Elasticsearch and Splunk for client requirements\nWork in an Agile, collaborative environment, partnering with other scientists, engineers, consultants and database administrators of all backgrounds and disciplines to bring analytical rigor and statistical methods to the challenges of predicting behaviours.\nBuild teams or writing programs to cleanse and integrate data in an efficient and reusable manner, developing predictive or prescriptive models, and evaluating modelling results\nRequired education\nBachelor's Degree\nPreferred education\nMaster's Degree\nRequired technical and professional expertise\nGood Hands on experience in DBT is required.\nETL Datastage and snowflake preferred.\nAbility to use programming languages like Java, Python, Scala, etc., to build pipelines to extract and transform data from a repository to a data consumer\nAbility to use Extract, Transform, and Load (ETL) tools and/or data integration, or federation tools to prepare and transform data as needed.\nAbility to use leading edge tools such as Linux, SQL, Python, Spark, Hadoop and Java\nPreferred technical and professional experience\nYou thrive on teamwork and have excellent verbal and written communication skills.\nAbility to communicate with internal and external clients to understand and define business needs, providing analytical solutions\nAbility to communicate results to technical and non-technical audiences",Information Technology,"['Linux', 'Sql', 'Python', 'Spark', 'Hadoop', 'Java']",2025-06-12 15:18:57
Data Engineer-Data Platforms,IBM,4-5 Years,,Mumbai,"Your role and responsibilities\nAs a Data Engineer at IBM, you'll play a vital role in the development, design of application, provide regular support/guidance to project teams on complex coding, issue resolution and execution.\nYour primary responsibilities include:\nLead the design and construction of new solutions using the latest technologies, always looking to add business value and meet user requirements.\nStrive for continuous improvements by testing the build solution and working under an agile framework.\nDiscover and implement the latest technologies trends to maximize and build creative solutions\nRequired education\nBachelor's Degree\nPreferred education\nMaster's Degree\nRequired technical and professional expertise\nExperience with Apache Spark (PySpark): In-depth knowledge of Spark's architecture, core APIs, and PySpark for distributed data processing.\nBig Data Technologies: Familiarity with Hadoop, HDFS, Kafka, and other big data tools. Data Engineering Skills: Strong understanding of ETL pipelines, data modeling, and data warehousing concepts.\nStrong proficiency in Python: Expertise in Python programming with a focus on data processing and manipulation. Data Processing Frameworks: Knowledge of data processing libraries such as Pandas, NumPy.\nSQL Proficiency: Experience writing optimized SQL queries for large-scale data analysis and transformation.\nCloud Platforms: Experience working with cloud platforms like AWS, Azure, or GCP, including using cloud storage systems\nPreferred technical and professional experience\nDefine, drive, and implement an architecture strategy and standards for end-to-end monitoring.\nPartner with the rest of the technology teams including application development, enterprise architecture, testing services, network engineering,\nGood to have detection and prevention tools for Company products and Platform and customer-facing",Information Technology,"['Sql', 'Python', 'Etl', 'Data Warehousing', 'Spark', 'Cloud Computing', 'Data Modeling']",2025-06-12 15:19:07
Data Engineer,Cybage Software Private Limited,6-11 Years,,Pune,"The DevOps Engineer supports the Cloud Platforms Manager by delivering and supporting Cloud Platform, Infrastructure and CICD services.This role involves designing, coding, test and, deploying infrastructure as code. The engineer oversees the full life cycle of Infrastructure as Code (IaC) activities related to systems and subscriptions for cloud environments, including computing, storage, network, connectivity, and security.\nRequired Skills and Qualifications:\nAt least 2-3 years experience working with Cloud technologies\nAt least 1 years experience working in DevOps and automation environments\nExperience in Financial Service (highly desirable).\nExperience in assisting organisation in developing key cloud adoption strategies.\nFamiliarity with Terraform\nAZ-204 Microsoft Certified: Azure Developer Associate highly desirable.\nResponsibilities\nDesign, code, test, deploy, and manage scalable and secure cloud infrastructure.\nImplement automation for cloud infrastructure provisioning and maintenance.\nMonitor and optimise cloud resource utilisation and costs.\nDevelop and maintain continuous integration and continuous deployment (CI/CD) pipelines.\nEnsure smooth and reliable deployment of applications and updates.\nProvide training and support to development teams on DevOps tools and processes.\nMaintain and improve infrastructure-as-code (IaC) practices using tools like Terraform or Bicep.\nProduce and maintain detailed technical documentation.\nPrioritise workload and manage numerous initiatives at once.\nPrioritise system and configuration changes, making informed decisions based on business, compliance, and risk requirements.\nEnable the delivery of system changes through co-ordination & adoption of Angle Finances IT Change Management framework.",Software,"['CI/CD', 'Data Engineer', 'Azure']",2025-06-14 06:34:49
Cybage is hiring For Data Engineer,Cybage Software Private Limited,12-15 Years,,Pune,"The Data Engineer will be responsible for designing, developing, and maintaining robust data pipelines and ETL processes to support data analytics and reporting initiatives. This role requires strong expertise in SQL Server 2017, Python, and Power BI along with handson experience in Master Data Management/Services (MDM) and API integrations. The successful candidate will collaborate with cross-functional teams to ensure high-quality, reliable data delivery and maintain excellent communication with both technical and non-technical stakeholders.\nKey Responsibilities\nData Pipeline & ETL Development:\nDesign, develop, and maintain ETL processes that extract, transform, and load data from various sources.\nEnsure data quality, consistency, and integrity across all systems.\nDatabase & MDM Management:\nManage and optimize SQL Server 2017 databases and Master Data Management/Services (MDM).\nImplement advanced SQL programming techniques to support complex data queries and transformations.\nIntegration & API Management:\nDevelop and maintain integrations using REST and/or SOAP APIs.\nCollaborate with development teams to support API-driven data exchange.\nData Analytics & Reporting:\nLeverage Power BI to build insightful dashboards and reports that support business decision-making.\nWork with business analysts and data scientists to understand analytical requirements.\nCollaboration & Communication:\nLiaise with stakeholders across different teams to gather requirements and communicate project updates.\nDocument processes, technical specifications, and system integrations.\nQuality & Continuous Improvement:\nMonitor and troubleshoot production issues to ensure minimal downtime.\nEvaluate and implement process improvements to enhance data processing efficiency.\nMandatory Skills\nCore Technologies:\nSQL Server 2017\nPython\nPower BI\nETL Processes\nMaster Data Management/Services (MDM)\nTechnical Expertise:\nAdvanced SQL programming\nData Analytics techniques\nIntegration via REST and/or SOAP APIs\nSoft Skills:\nExcellent communication and collaboration skills",Software,"['SOAP APIs', 'Data Engineer', 'Sql', 'Etl']",2025-06-14 06:34:54
Cybage is hiring For Data Engineer,Cybage Software Private Limited,12-15 Years,,Pune,"The Data Engineer will be responsible for designing, developing, and maintaining robust data pipelines and ETL processes to support data analytics and reporting initiatives. This role requires strong expertise in SQL Server 2017, Python, and Power BI along with handson experience in Master Data Management/Services (MDM) and API integrations. The successful candidate will collaborate with cross-functional teams to ensure high-quality, reliable data delivery and maintain excellent communication with both technical and non-technical stakeholders.\nKey Responsibilities\nData Pipeline & ETL Development:\nDesign, develop, and maintain ETL processes that extract, transform, and load data from various sources.\nEnsure data quality, consistency, and integrity across all systems.\nDatabase & MDM Management:\nManage and optimize SQL Server 2017 databases and Master Data Management/Services (MDM).\nImplement advanced SQL programming techniques to support complex data queries and transformations.\nIntegration & API Management:\nDevelop and maintain integrations using REST and/or SOAP APIs.\nCollaborate with development teams to support API-driven data exchange.\nData Analytics & Reporting:\nLeverage Power BI to build insightful dashboards and reports that support business decision-making.\nWork with business analysts and data scientists to understand analytical requirements.\nCollaboration & Communication:\nLiaise with stakeholders across different teams to gather requirements and communicate project updates.\nDocument processes, technical specifications, and system integrations.\nQuality & Continuous Improvement:\nMonitor and troubleshoot production issues to ensure minimal downtime.\nEvaluate and implement process improvements to enhance data processing efficiency.\nMandatory Skills\nCore Technologies:\nSQL Server 2017\nPython\nPower BI\nETL Processes\nMaster Data Management/Services (MDM)\nTechnical Expertise:\nAdvanced SQL programming\nData Analytics techniques\nIntegration via REST and/or SOAP APIs\nSoft Skills:\nExcellent communication and collaboration skills",Software,"['SOAP APIs', 'Data Engineer', 'Sql', 'Etl']",2025-06-14 06:34:55
Senior Associate - GCP Sr Data Engineer,Genpact,Fresher,,Hyderabad,"Inviting applications for the role ofSenior Associate - GCP Sr Data Engineer\n\n\nWe are seeking a highly accomplished and strategic Google Cloud Data Engineer with deep experience in data engineering, with a significant and demonstrable focus on the Google Cloud Platform (GCP).\n\nIn this leadership role, you will be instrumental in defining and driving our overall data strategy on GCP, architecting transformative data solutions, and providing expert guidance to engineering teams. You will be a thought leader in leveraging GCP's advanced data services to solve complex business challenges, optimize our data infrastructure at scale, and foster a culture of data excellence.\n\n\nResponsibilities\n\n.Define and champion the strategic direction for our data architecture and infrastructure on Google Cloud Platform, aligning with business objectives and future growth.\n\n.Architect and oversee the development of highly scalable, resilient, and cost-effective data platforms and pipelines on GCP, leveraging services like BigQuery, Dataflow, Cloud Composer, DataProc, and more.\n\n.Provide expert-level guidance and technical leadership to senior data engineers and development teams on best practices for data modeling, ETL/ELT processes, and data warehousing within GCP.\n\n.Drive the adoption of cutting-edge GCP data technologies and methodologies to enhance our data capabilities and efficiency.\n\n.Lead the design and implementation of comprehensive data governance frameworks, security protocols, and compliance measures within the Google Cloud environment.\n\n.Collaborate closely with executive leadership, product management, data science, and analytics teams to translate business vision into robust and scalable data solutions on GCP.\n\n.Identify and mitigate critical technical risks and challenges related to our data infrastructure and architecture on GCP.\n\n.Establish and enforce data quality standards, monitoring systems, and incident response processes within the GCP data landscape.\n\n.Mentor and develop senior data engineers, fostering their technical expertise and leadership skills within the Google Cloud context.\n\n.Evaluate and recommend new GCP services and third-party tools to optimize our data ecosystem.\n\n.Represent the data engineering team in strategic technical discussions and contribute to the overall technology roadmap.\n\n\n\nQualifications we seek in you!\n\nMinimum Qualifications / Skills\n\n.Bachelor's or Master's degree in Computer Science, Engineering, or a related field.\n\nexperience in data engineering roles, with a significant and deep focus on the Google Cloud Platform.\n\n.Expert-level knowledge of GCP's core data engineering services and best practices for building scalable and reliable solutions.\n\n.Proven ability to architect and implement complex data warehousing and data lake solutions on GCP (BigQuery, Cloud Storage).\n\n.Mastery of SQL and extensive experience with programming languages relevant to data engineering on GCP (e.g., Python, Scala, Java).\n\n.Deep understanding of data governance principles, security best practices within GCP (IAM, Security Command Center), and compliance frameworks (e.g., GDPR, HIPAA).\n\n.Exceptional problem-solving, strategic thinking, and analytical skills, with the ability to navigate complex technical and business challenges.\n\n.Outstanding communication, presentation, and influencing skills, with the ability to articulate complex technical visions to both technical and non-technical audiences, including executive leadership.\n\n.Proven track record of leading and mentoring high-performing data engineering teams within a cloud-first environment.\n\n\nPreferred Qualifications/ Skills\n\n.Google Cloud Certified Professional Data Engineer.\n\n.Extensive experience with infrastructure-as-code tools for GCP (e.g., Terraform, Deployment Manager).\n\n.Deep expertise in data streaming technologies on GCP (e.g., Dataflow, Pub/Sub, Apache Beam).\n\n.Proven experience in integrating machine learning workflows and MLOps on GCP (e.g., Vertex AI).\n\n.Significant contributions to open-source data projects or active participation in the GCP data engineering community.\n\n.Experience in defining and implementing data mesh or data fabric architectures on GCP.\n\n.Strong understanding of enterprise architecture principles and their application within the Google Cloud ecosystem.\n\n.Experience in [mention specific industry or domain relevant to your company].\n\n.Demonstrated ability to drive significant technical initiatives and influence organizational data strategy.\n\n\n\n.\n\n.\n\n.\n\n.\n\n.",IT/Computers - Hardware & Networking,[],2025-06-14 06:34:56
"Lead Consultant-Data Engineer, Azure+Python!",Genpact,Fresher,,Bengaluru,"Inviting applications for the role of Lead Consultant-Data Engineer, Azure+Python!\n\n\nResponsibilities\n\n.Design and deploy scalable, highly available, and fault-tolerant AWS data processes using AWS data services (Glue, Lambda, Step, Redshift)\n\n.Monitor and optimize the performance of cloud resources to ensure efficient utilization and cost-effectiveness.\n\n.Implement and maintain security measures to protect data and systems within the AWS environment, including IAM policies, security groups, and encryption mechanisms.\n\n.Migrate the application data from legacy databases to Cloud based solutions (Redshift, DynamoDB, etc) for high availability with low cost\n\n.Develop application programs using Big Data technologies like Apache Hadoop, Apache Spark, etc with appropriate cloud-based services like Amazon AWS, etc.\n\n.Build data pipelines by building ETL processes (Extract-Transform-Load)\n\n.Implement backup, disaster recovery, and business continuity strategies for cloud-based applications and data.\n\n.Responsible for analysing business and functional requirements which involves a review of existing system configurations and operating methodologies as well as understanding evolving business needs\n\n.Analyse requirements/User stories at the business meetings and strategize the impact of requirements on different platforms/applications, convert the business requirements into technical requirements\n\n.Participating in design reviews to provide input on functional requirements, product designs, schedules and/or potential problems\n\n.Understand current application infrastructure and suggest Cloud based solutions which reduces operational cost, requires minimal maintenance but provides high availability with improved security\n\n.Perform unit testing on the modified software to ensure that the new functionality is working as expected while existing functionalities continue to work in the same way\n\n.Coordinate with release management, other supporting teams to deploy changes in production environment\n\n\nQualifications we seek in you!\n\nMinimum Qualifications\n\n.Experience in designing, implementing data pipelines, build data applications, data migration on AWS\n\n.Strong experience of implementing data lake using AWS services like Glue, Lambda, Step, Redshift\n\n.Experience of Databricks will be added advantage\n\n.Strong experience in Python and SQL\n\n.Strong understanding of security principles and best practices for cloud-based environments.\n\n.Experience with monitoring tools and implementing proactive measures to ensure system availability and performance.\n\n.Excellent problem-solving skills and ability to troubleshoot complex issues in a distributed, cloud-based environment.\n\n.Strong communication and collaboration skills to work effectively with cross-functional teams.\n\n\nPreferred Qualifications/ Skills\n\n.Master&rsquos Degree-Computer Science, Electronics, Electrical.\n\n.AWS Data Engineering & Cloud certifications, Databricks certifications\n\n.Experience of working with Oracle ERP\n\n.Experience with multiple data integration technologies and cloud platforms\n\n.Knowledge of Change & Incident Management process\n\n\n\n.\n\n.\n\n.\n\n.\n\n.",IT/Computers - Hardware & Networking,[],2025-06-14 06:34:57
Manager_Lead_Data Engineer_Pune,Vodafone,8-10 Years,,Pune,"About VOIS:\nVOIS (Vodafone Intelligent Solutions) is a strategic arm of Vodafone Group Plc, creating value and enhancing quality and efficiency across 28 countries, and operating from 7 locations: Albania, Egypt, Hungary, India, Romania, Spain and the UK.\nOver 29,000 highly skilled individuals are dedicated to being Vodafone Group's partner of choice for talent, technology, and transformation. We deliver the best services across IT, Business Intelligence Services, Customer Operations, Business Operations, HR, Finance, Supply Chain, HR Operations, and many more.\nEstablished in 2006, VOIS has evolved into a global, multi-functional organisation, a Centre of Excellence for Intelligent Solutions focused on adding value and delivering business outcomes for Vodafone.\nAbout VOIS India:\nIn 2009, VOIS started operating in India and now has established global delivery centres in Pune, Bangalore and Ahmedabad. With more than 14,500 employees, VOIS India supports global markets and group functions of Vodafone, and delivers best-in-class customer experience through multi-functional services in the areas of Information Technology, Networks, Business Intelligence and Analytics, Digital Business Solutions (Robotics & AI), Commercial Operations (Consumer & Business), Intelligent Operations, Finance Operations, Supply Chain Operations and HR Operations and more.\nJob Description\nKey accountabilities and decision ownership\nPrepare LLD in accordance with HLD by Architect of the project.\nBuild and Operationalize data processing system as per Low level design.\nUnderstanding and experience of GCP Big Query, Airflow for optimized development approach\nKnowledge of data pipeline patterns used in cloud, ability to think outside the box to understand way around of product limitations.\nAct as SME in the team on GCP Data Engineering, impart knowledge to junior resources to enable them working alongside.\nDemonstrate zeal to pick up and learn new things within as well as outside projects and apply learning in day-to-day work.\nHandle small team / projects when required from build to closure.\nContribution to the organization in terms of process adoption, resource optimization, tools adoption to bring in efficiency and uplift quality.\nContribution to the Guilds with the technical expertise\nCore competencies, knowledge, and experience :\nEssential:\n1. Experience on GCP suite of products like big query,\n2. Prior experience working on MPP databases (Teradata, Postgre etc.)\n3. Knowledge of Apache Airflow or Cloud composer for scheduling.\nExperience:\n4. Overall experience of 8+ years\n5. Minimum 2-4 Years of relevant experience Cloud platforms (GCP/AWS/Azure)\nPlus:\n6. Google Cloud Certified Professional Data Engineer\nVOIS Equal Opportunity Employer Commitment\nIndia:\nVOIS is proud to be an Equal Employment Opportunity Employer. We celebrate differences and we welcome and value diverse people and insights. We believe that being authentically human and inclusive powers our employees growth and enables them to create a positive impact on themselves and society. We do not discriminate based on age, colour, gender (including pregnancy, childbirth, or related medical conditions), gender identity, gender expression, national origin, race, religion, sexual orientation, status as an individual with a disability, or other applicable legally protected characteristics.\nAs a result of living and breathing our commitment, our employees have helped us get certified as a Great Place to Work in India for four years running. We have been also highlighted among the Top 10 Best Workplaces for Millennials, Equity, and Inclusion,Top 50 Best Workplaces for Women,Top 25 Best Workplaces in IT & IT-BPMand10th Overall Best Workplaces in India by the Great Place to Work Institute in 2024. These achievements position us among a select group of trustworthy and high-performing companies which put their employees at the heart of everything they do.\nBy joining us, you are part of our commitment. We look forward to welcoming you into our family which represents a variety of cultures, backgrounds, perspectives, and skills!\nApply now, and we'll be in touch!",Telecom/ISP,"['Cloud Composer', 'GCP Big Query', 'Apache Airflow']",2025-06-14 06:34:58
Data Engineer,Xoriant Corporation,6-10 Years,,"Gurugram, Mumbai, Pune","Job description\nThis will be data engineer position. Detail JD as follow\nKey Responsibilities:\nData Infrastructure Development:Design, implement, and maintain scalable data pipelines and data warehousing solutions using SQL and Python.\nData Integration:Collaborate with cross-functional teams to integrate data from various sources (internal systems, APIs, third-party tools) into our data ecosystem.\nETL Processes:Develop and optimize ETL processes for the extraction, transformation, and loading of large data sets.\nAPI Integration:Develop and maintain APIs for data ingestion, ensuring seamless data flow between systems and platforms.\nDatabase Management:Design and manage relational and non-relational databases, ensuring high availability, security, and performance.\nData Quality Assurance:Implement data validation checks to ensure the integrity and accuracy of data across systems.\nAutomation & Optimization:Automate repetitive data tasks and optimize data workflows for better performance and scalability.\nCollaboration:Work closely with other teams to provide the data infrastructure support as needed\nRequired Skills & Qualifications:\nStrong proficiency in Pythonwith experience in libraries such as Pandas, NumPy, and SQLAlchemy.\nExtensive experience with SQLand relational database management systems (RDBMS), such as PostgreSQL, MySQL, or MS SQL Server.\nExperience with API integrationfor data ingestion and communication between different systems (RESTful APIs, JSON, OAuth).\nSolid understanding of data modelingand database design concepts.\nExperience with ETL frameworksand data integration techniques.\nFamiliarity with cloud platformssuch as AWS, GCP, or Azure is a plus.\nKnowledge of data warehousing conceptsand technologies like Redshift, Snowflake, or BigQuery is a plus.\nStrong problem-solving and debugging skillswith the ability to troubleshoot data issues across different systems.",Information Technology,"['Python', 'Sql', 'Etl']",2025-06-14 06:35:00
Data Engineer/Data Analyst,Navigators Software,3-8 Years,,"Navi Mumbai, Mumbai City, Mumbai","Data Pipeline Architecture and Development:\nDesign robust, scalable, and efficient data pipelines to gather data from diverse sources (databases, APIs, flat files, etc.)\nImplement ETL/ELT procedures, ensuring data is extracted, transformed, and loaded into appropriate storage systems for analysis\nChoose and use optimal data warehousing/lake solutions (e.g., Snowflake, Redshift, BigQuery) depending on needs\nData Quality and Integrity:\nThoroughly check data for inconsistencies, errors, and missing values, establishing cleaning processes\nImplement data validation rules and run regular checks to maintain data quality standards for the data science team\nMonitor pipelines for failures, promptly addressing data anomalies or breaks\nData Modeling and Optimization:\nCollaborate with data scientists to design data models according to their analysis requirements\nTransform raw data into usable, analysis-ready formats\nOptimize data structures and databases to improve query performance and efficiency for the data scientists workloads\nFeature Engineering:\nWork closely with data scientists to understand model requirements and engineer new features from the existing data",Information Technology,"['ETL/ELT', 'Data pipelines', 'Data warehousing (Snowflake/Redshift/BigQuery)', 'Feature engineering', 'Data quality & validation', 'Data Modeling']",2025-06-14 06:35:01
Engineer - Data Engineer,Astrazeneca,3-6 Years,,Chennai,"Architect of Solutions: Lead the design, development, and enhancement of scalable ETL pipelines and Data Products, as part of a Data Mesh inspired strategy.\nTechnical Expertise: Demonstrate your expertise in ELT solutions (DBT, Snowflake), Python and AWS ecosystems to deliver exceptional solutions.\nCollaborative Spirit: Work hand-in-hand with global and diverse Agile teams, from data to design, to overcome technical data challenges.\nInnovate & Inspire: Stay ahead of the curve by integrating the latest industry trends and innovations into your work such as GenAI.\nTools:\nETL Tools: Master tools like Python and explore preferred technologies such as DBT and Snowflake.\nDatabases: Utilize your SQL prowess across platforms like Snowflake, Postgres.\nAWS Cloud Expertise: Bring your AWS knowledge to life with services like Lambda, S3, Athena, Step Functions and more.\nEssential Skills/Experience\n3 to 6 years experience\nA proactive mindset and enthusiasm for Agile environments.\nStrong hands-on experience with cloud providers and services.\nExperience in performance tuning SQL and ETL pipelines.\nExtensive experience in troubleshooting data issues, analyzing end-to-end data pipelines and in working with users in resolving issues.\nMasterful debugging and testing skills to ensure excellence in execution.\nInspiring communication abilities that elevate team collaboration.\nExperience of structured, semi-structured (XML, JSON) and unstructured data handling including extraction and ingestion via web-scraping and FTP/SFTP.\nProduction experience delivering CI/CD pipelines (Github, Jenkins, DataOps.Live).\nExcellent Cloud Devops Engineer who can develop, test and maintain CICD Pipeline using Terraform, cloud formation.\nRemain up to date with latest technologies, like GenAI / AI platforms and FAIR scoring to improve outcomes",Pharmaceutical,"['Agile', 'Sql', 'Data Modelling', 'Power Bi', 'Cloud', 'Aws', 'Data Warehousing', 'Devops']",2025-06-14 06:35:03
Azure Data Engineer (Power Platform)- Priniciple,Systechcorp Private Limited,8-13 Years,,"Hyderabad, Chennai, Pune","Key Responsibilities:\nDesign, develop, and maintain data pipelines using Python, SQL, and Kedro\nImplement serverless solutions using AWS Lambda and Step Functions\nDevelop and manage data workflows in Azure and AWS cloud environments\nCreate integrations between data systems and Power Platform (Power Apps, Power Automate)\nDesign, develop, and maintain APIs for data exchange and integration\nImplement solutions to extract data from APIs and store in databases (Dataverse & PostgreSQL).\nOptimize data storage and retrieval processes for improved performance\nCollaborate with cross-functional teams to understand data requirements and provide solutions\nAPI Integration and data extraction from Sharepoint\nRequired Skills and Experience:\nExpert in Azure Data Engineer role, able to build solutions in Power Platform environment, AWS cloud and Azure cloud services.\nGood Knowledge on integration like Integration using API, XML with ADF, Logic App,\nAzure Functions, AWS Step functions, AWS Lambda Functions, etc\nStrong proficiency in Python, Pyspark (especially Kedro Framework) and SQL.\nHaving knowledge and experience in Scala, Java and R would be a good to have skill.\nExperience with Kedro framework for data engineering pipelines\nExpertise in AWS services, particularly Lambda and Step Functions\nProven experience with Power Platform (Power Apps, Power Automate) and Dataverse.\nStrong understanding of API development and integration\nExperience in database design and management\nExcellent problem-solving and communication skills",Software,"['XML with ADF', 'Logic App', 'Azure Data Engineer', 'Api', 'Python', 'Sql']",2025-06-14 06:35:04
Senior Consultant - Cloud Data Engineer,Astrazeneca,5-6 Years,,Chennai,"Lead the design, development, and maintenance of reliable, scalable data pipelines and ETL processes using tools such as SnapLogic, Snowflake, DBT, Fivetran, Informatica, and Python.\nWork closely with data scientists to understand model requirements and prepare the right data pipelines for training and deploying machine learning models.\nCollaborate with data scientists, analysts, and business teams to understand and optimize data requirements and workflows.\nApply Power BI, Spotfire, Domo, Qlik Sense to create actionable data visualizations and reports that drive business decisions.\nImplement standard methodologies for version control and automation using Git Actions, Liquibase, Flyway, and CI/CD tools.\nOptimize data storage, processing, and integration bringing to bear AWS Data Engineering tools (e.g., AWS Glue, Amazon Redshift, Amazon S3, Amazon Kinesis, AWS Lambda, Amazon EMR).\nTroubleshoot, debug, and resolve issues related to existing data pipelines and architectures.\nEnsure data security, privacy, and compliance with industry regulations and organizational policies.\nProvide mentorship to junior engineers, offering guidance on best practices and supporting technical growth within the team.\nEssential Skills/Experience\nSnapLogic:\nExpertise in SnapLogic for building, managing, and optimizing both batch and real-time data pipelines.\nProficiency in using SnapLogic Designer for designing, testing, and deploying data workflows.\nIn-depth experience with SnapLogic Snaps (e.g., REST, SOAP, SQL, AWS S3) and Ultra Pipelines for real-time data streaming and API management.\nAWS:\nStrong experience with AWS Data Engineering tools, including AWS Glue, Amazon Redshift, Amazon S3, AWS Lambda, Amazon Kinesis, AWS DMS, and Amazon EMR.\nExpertise in cloud data architectures, data migration strategies, and real-time data processing on AWS platforms.\nSnowflake:\nExtensive experience in Snowflake cloud data warehousing, including data modeling, query optimization, and managing ETL pipelines using DBT and Snowflake-native tools.\nFivetran:\nProficient in Fivetran for automating data integration from various sources to cloud-based data warehouses, optimizing connectors for data replication and transformation.\nReal-Time Messaging and Stream Processing:\nExperience with real-time data processing frameworks (e.g., Apache Kafka, Amazon Kinesis, RabbitMQ, Apache Pulsar).\nDesirable Skills/Experience\nExposure to other cloud platforms such as Azure or Google Cloud Platform (GCP).\nFamiliarity with data governance, data warehousing, and data lake architectures.",Pharmaceutical,"['snap logic', 'Azure', 'Google Cloud Platform', 'Data Warehousing', 'Apache Kafka', 'Data Modelling', 'Aws', 'Python', 'Informatica']",2025-06-14 06:35:06
Sr Specialist Development - Data Engineer,Now100 Solutions Private Limited,6-8 Years,,Gurugram,"Core Responsibility:\nProvide delivery that is efficient, functional, and maintainable.\nApply analysis skills to understand and assess the impact of functional and technical changes within the environment and provide working estimates accordingly.\nWork with leads to deliver projects. Be accountable for work and responsible for communicating effectively with Leads.\nIs flexible to support business needs.\nCommunicate effectively with project stakeholders\nLearn about our internal clients business, existing pipelines, the infrastructure that supports them and the design patterns used.\nEnsure SLF Information Security Policies are complied to in any solution.\nEligibility:\nA University degree in Computer Science, related technology degree/diploma, or equivalent experience\nExcellent Communication skills.\nStrong problem solving and analytical capabilities.\n6-8 years of experience in data engineering space.\nTechnical Skills:\nQliq Data Catalyst\nSqoophttps://sqoop.apache.org/\nSQL\nSQL BCPhttps://learn.microsoft.com/en-us/sql/tools/bcp-utilityview=sql-server-ver16\nUnderstanding of AWS (specifically AWS EMR with mapreduce)\nHADOOP\nLinux OS\nAutosys & Control M for scheduling (Autosys is replacing Control M)\nGIT & Jira\nETL Concepts\nCommitment to quality and best practices.",IT Management,"['AWS EMR', 'Autosys Scheduling', 'ETL Concepts', 'data engineering', 'Sql', 'Hadoop']",2025-06-14 06:35:08
Specialist Development _Data Engineer,Now100 Solutions Private Limited,6-8 Years,,Gurugram,"Core Responsibility:\nProvide delivery that is efficient, functional, and maintainable.\nApply analysis skills to understand and assess the impact of functional and technical changes within the environment and provide working estimates accordingly.\nWork with leads to deliver projects. Be accountable for work and responsible for communicating effectively with Leads.\nIs flexible to support business needs.\nCommunicate effectively with project stakeholders.\nLearn about our internal clients business, existing pipelines, the infrastructure that supports them and the design patterns used.\nEnsure SLF Information Security Policies are complied to in any solution.\nEligibility:\nA University degree in Computer Science, related technology degree/diploma, or equivalent experience\nExcellent Communication skills.\nStrong problem solving and analytical capabilities.\n6-8 years of experience in data engineering space.\nTechnical Skills:\nQliq Data Catalyst\nSqoophttps://sqoop.apache.org/\nSQL\nSQL BCPhttps://learn.microsoft.com/en-us/sql/tools/bcp-utilityview=sql-server-ver16\nUnderstanding of AWS (specifically AWS EMR with MapReduce)\nHADOOP\nLinux OS\nAutosys & Control M for scheduling (Autosys is replacing Control M)\nGIT & Jira\nETL Concepts\nCommitment to quality and best practices.",IT Management,"['AWS EMR', 'Autosys Scheduling', 'ETL Concepts', 'data engineering', 'Sql', 'Hadoop']",2025-06-14 06:35:10
Consultant - Data Engineer,Astrazeneca,3-8 Years,,Chennai,"Technical Expertise:\nDesign, develop, and implement scalable processes to extract, transform, and load data from various sources into data warehouses.\nDemonstrate expert understanding of the application development processes of AstraZeneca s implementation of the data product.\nDesign, manage, and fine-tune SQL queries and procedures to achieve optimal performance and scalability.\nWork on JIRAs and provide support on production issues and enhancements whenever required.\n2. Quality Engineering Standards:\nMonitor and optimize data pipelines, troubleshoot, and resolve any issues that may arise during data processing.\nMaintain quality standards in design, code, and data models, ensuring thorough reviews at each stage of the development life cycle.\nProvide detailed analysis and documentation of processes and flows where necessary.\n3. Collaboration:\nWork closely with data engineers to understand data sources, transformations, and dependencies thoroughly.\nCollaborate with cross-functional teams, including Product Owners, Business Analysts, and CriticalOps teams to ensure seamless data integration and reliability.\n4. Innovation and Process Improvement:\nDrive the adoption of new technologies and tools to improve data engineering processes and efficiency.\nRecommend and implement enhancements to improve reliability, efficiency, and quality of data processing pipelines.\nEssential Skills/Experience:\nEducation:\nBachelor s degree in Computer Science, Information Technology, or a related field.\nSkills and Experience:\nStrong experience with SQL, warehousing, and building ETL pipelines (Snaplogic, Informatica).\nProficient in working with column-level databases like Redshift, Cassandra, BigQuery.\nSolid understanding of data modeling, ETL processes, and data warehousing concepts.\nDeep SQL knowledge to write complex queries for data extraction, transformation, and reporting.\nExcellent communication with the ability to collaborate effectively with technical and non-technical stakeholders.\nKnowledge of database design principles, data modeling, and the ability to translate business requirements into database structures.\nStrong analytical skills with the ability to troubleshoot and deliver solutions in complex data environments.\nExperienced in Agile Development techniques and methodologies.\nDesirable Skills/Experience:\nExperience with Databricks/Snowflake.\nProficiency in scripting and programming languages such as Python.\nExperience with reporting tools like PowerBI.\nPrior significant experience working in Pharmaceutical or Healthcare industry IT environments.",Pharmaceutical,"['snowflake', 'Pharma', 'Healthcare', 'Databricks', 'Python', 'Power Bi', 'Sql', 'Data Modeling', 'Data Warehousing']",2025-06-14 06:35:11
Data Engineer AWS/ Power platform Engineer,Systechcorp Private Limited,3-7 Years,,Bengaluru,"Design and develop data pipelines for Generative AI projects by leveraging a combination of technologies, including Vector DB, Graph DB, Airflow, Spark, PySpark, Python, LangChain, AWS Functions, Redshift, and SSIS. This will involve the logical and efficient integration of these tools to create seamless, high-performance data flows that efficiently support the data requirements of our cutting-edge AI initiatives. Collaborate with data scientists, AI researchers, and other stakeholders to understand data requirements and translate them into effective data engineering solutions.\nUser will be managing movement, organization and quality assessments of large set of data to facilitate the creation of Knowledge base for RAG systems and model training\nDemonstrate familiarity with data integration services such as AWS Glue and Azure Data Factory, showcasing the ability to effectively utilize these platforms for seamless data ingestion, transformation, and orchestration across various sources and destinations.\nPossess proficiency in constructing data warehouses and data lakes, demonstrating a strong foundation in organizing and consolidating large volumes of structured and unstructured data for efficient storage, retrieval, and analysis.\nOptimize and maintain data pipelines to ensure high-performance, reliable, and scalable data processing.\nDevelop and implement data validation and quality assurance procedures to ensure the accuracy and consistency of the data used in Generative AI projects.\nMonitor and troubleshoot data pipeline performance, identify bottlenecks, and implement improvements as necessary.\nStay current with emerging trends and technologies in the fields of data engineering, Generative AI, and related areas to ensure the continued success of our projects.\nCollaborate with team members on documentation, knowledge sharing, and best practices for data engineering within a Generative AI context.\nEnsure data privacy and security compliance in accordance with industry standards and regulations.\nQualifications we seek in you:\nBachelors or Masters degree in Computer Science, Engineering, or a related field.\nStrong experience with data engineering technologies, including Vector DB, Graph DB, Airflow, Spark, PySpark, Python, langchain, AWS Functions, Redshift, and SSIS.\nStrong understanding of data warehousing concepts, ETL processes, and data modeling.\nStrong understanding of S3 and code-based scripting to move large volumes of data across application storage layers\nFamiliarity with Generative AI concepts and technologies, such as GPT-4, Transformers, and other natural language processing techniques.\nExcellent problem-solving, analytical, and critical thinking skills.\nStrong communication and collaboration skills, with the ability to work effectively with cross-functional teams.\nPreferred Qualifications/ skills\nKnowledge of cloud computing platforms, such as AWS, Azure, or Google Cloud Platform, is a plus.\nExperience with big data technologies, such as Hadoop, Hive, or Presto, is a plus.\nFamiliarity with machine learning frameworks, such as TensorFlow or PyTorch, is a plus.\nA continuous learning mindset and a passion for staying up-to-date with the latest advancements in data engineering and Generative AI.",Software,"['Airflow', 'Db', 'Spark', 'Pyspark', 'Python', 'AWS']",2025-06-14 06:35:13
Lead Consultant - Product Data Engineer,Astrazeneca,10-15 Years,,Chennai,"Accountabilities\nLead design, development, testing, deployment, and operations for data, analytics, and AI products supporting the US Oncology Business Unit.\nMaintain deep working knowledge of US commercial datasets (Sales, Patient, Digital, etc.), their data lineage, business rules, important metrics, usage, and operations.\nDevelop and maintain an in-depth understanding of data engineering and AI capabilities, staying ahead of with the latest advancements and industry trends.\nCollaborate with Global Capability, Business Engagement, Delivery, and Platform teams to drive the best customer experience and outcomes.\nEnsure products and solutions adhere to best practices and AZ architecture standards and strategy.\nImplement processes, tools, and automations to ensure developer productivity and quality.\nProvide technical expertise to peers and 3rd party development suppliers to ensure consistency with AZ IT and Commercial IT standards and processes.\nWork with platform delivery resources to validate business and functional requirements as part of product development responsibilities.\nEvaluate new technologies/application features and make recommendations for technology and business strategic roadmaps.\nDemonstrate expert understanding of AstraZeneca s application development processes for data products.\nMentor junior staff members through technical training sessions and project output reviews.\nEstablish partnerships with 3rd party suppliers for staff augmentation and project capacity, providing technical guidance for projects implemented through these suppliers.\nServe as an internal consultant for IT and business partners across regions and business areas (Commercial, Medical).\nContinuous Improvement and Innovation\nPartner with Platform Success Leads on continuous improvement opportunities within platform and product-level backlogs.\nIdentify new hardware/software technologies to fit specialized business needs and configurations.\nIdentify issues with current processes and provide feedback on proposed changes to enhance IT effectiveness.\nEssential Skills/Experience\nBachelor s degree or equivalent in Computer Engineering, Computer Science, or a related field\n10+ years of experience in data/software engineering roles\n5+ years of experience with building AWS cloud-based data pipelines\n5+ years of experience with Python and Spark\n3+ years of experience with Databricks, including Spark-based processing, data pipelines, and the platforms tools for analytics and machine learning\nCommitment to staying up-to-date with advancements in data engineering, AI, and Databricks features\nExperience in Continuous Integration and Deployment methods delivered as part of an agile team\nAbility to interpret and communicate technical information in business-friendly language\nStrong communication and interpersonal skills\nProven experience managing and coaching/mentoring junior engineers\nProven experience developing and managing relationships with 3rd party suppliers\nStrong written and verbal communication skills\nExperience working in a global organization with a complex geographical structure\nDesirable Skills/Experience\nDatabricks certification\nKnowledge of machine learning concepts, including model training, evaluation, deployment, and monitoring within Databricks MLflow or other MLOps platforms\nPrior experience working in Pharmaceutical or Healthcare industry IT environment\nExperience with IQVIA Claims, National and subnational sales data\nExperience working within a DevOps delivery model\nExperience working within a quality and compliance environment and application of policies, procedures, and guidelines",Pharmaceutical,"['Pharma', 'IT', 'Machine Learning', 'MLops', 'Devops', 'Aws', 'Cloud', 'Python', 'Spark']",2025-06-14 06:35:24
Principal Data Engineer,Amgen Technology Private Limited,6-11 Years,,Hyderabad,"Role Responsibilities:\nCollaborate with stakeholders to define and document business and system requirements\nDesign and optimize CI/CD pipelines and troubleshoot deployment issues\nTranslate AI/ML concepts into technical requirements and test plans\nMaintain backlog and user stories using tools like Jira\nKey Deliverables:\nBusiness process maps, user stories, and test cases\nFully functional and reliable CI/CD automation\nTechnical specifications for AI/ML solutions\nScalable and high-performing infrastructure setup",Pharmaceutical,"['CI/CD', 'Jenkins', 'Gitlab', 'Python', 'Sdlc']",2025-06-14 06:35:29
Principal Data Engineer,Amgen Technology Private Limited,6-11 Years,,Hyderabad,"Role Responsibilities:\nCollaborate with stakeholders to define and document business and system requirements\nDesign and optimize CI/CD pipelines and troubleshoot deployment issues\nTranslate AI/ML concepts into technical requirements and test plans\nMaintain backlog and user stories using tools like Jira\nKey Deliverables:\nBusiness process maps, user stories, and test cases\nFully functional and reliable CI/CD automation\nTechnical specifications for AI/ML solutions\nScalable and high-performing infrastructure setup",Pharmaceutical,"['CI/CD', 'Jenkins', 'Gitlab', 'Python', 'Sdlc']",2025-06-14 06:35:30
Data Engineer AWS/ Power platform Engineer,Systechcorp Private Limited,3-7 Years,,Bengaluru,"Design and develop data pipelines for Generative AI projects by leveraging a combination of technologies, including Vector DB, Graph DB, Airflow, Spark, PySpark, Python, LangChain, AWS Functions, Redshift, and SSIS. This will involve the logical and efficient integration of these tools to create seamless, high-performance data flows that efficiently support the data requirements of our cutting-edge AI initiatives. Collaborate with data scientists, AI researchers, and other stakeholders to understand data requirements and translate them into effective data engineering solutions.\nUser will be managing movement, organization and quality assessments of large set of data to facilitate the creation of Knowledge base for RAG systems and model training\nDemonstrate familiarity with data integration services such as AWS Glue and Azure Data Factory, showcasing the ability to effectively utilize these platforms for seamless data ingestion, transformation, and orchestration across various sources and destinations.\nPossess proficiency in constructing data warehouses and data lakes, demonstrating a strong foundation in organizing and consolidating large volumes of structured and unstructured data for efficient storage, retrieval, and analysis.\nOptimize and maintain data pipelines to ensure high-performance, reliable, and scalable data processing.\nDevelop and implement data validation and quality assurance procedures to ensure the accuracy and consistency of the data used in Generative AI projects.\nMonitor and troubleshoot data pipeline performance, identify bottlenecks, and implement improvements as necessary.\nStay current with emerging trends and technologies in the fields of data engineering, Generative AI, and related areas to ensure the continued success of our projects.\nCollaborate with team members on documentation, knowledge sharing, and best practices for data engineering within a Generative AI context.\nEnsure data privacy and security compliance in accordance with industry standards and regulations.\nQualifications we seek in you:\nBachelors or Masters degree in Computer Science, Engineering, or a related field.\nStrong experience with data engineering technologies, including Vector DB, Graph DB, Airflow, Spark, PySpark, Python, langchain, AWS Functions, Redshift, and SSIS.\nStrong understanding of data warehousing concepts, ETL processes, and data modeling.\nStrong understanding of S3 and code-based scripting to move large volumes of data across application storage layers\nFamiliarity with Generative AI concepts and technologies, such as GPT-4, Transformers, and other natural language processing techniques.\nExcellent problem-solving, analytical, and critical thinking skills.\nStrong communication and collaboration skills, with the ability to work effectively with cross-functional teams.\nPreferred Qualifications/ skills\nKnowledge of cloud computing platforms, such as AWS, Azure, or Google Cloud Platform, is a plus.\nExperience with big data technologies, such as Hadoop, Hive, or Presto, is a plus.\nFamiliarity with machine learning frameworks, such as TensorFlow or PyTorch, is a plus.\nA continuous learning mindset and a passion for staying up-to-date with the latest advancements in data engineering and Generative AI.",Software,"['Airflow', 'Db', 'Spark', 'Pyspark', 'Python', 'AWS']",2025-06-14 06:35:32
Data Engineer - AI,Quinnox Consultancy Services Limited,3-8 Years,,Bengaluru,"Responsibilities\nBuild, maintain, and optimize data pipelines and storage solutions to ensure data quality, accessibility, and performance for automation testing and AI applications.\nDevelop, implement, and maintain Python-based solutions for ETL processes, data transformation, and system integration.\nIntegrate data engineering workflows with AI and machine learning applications, ensuring compatibility and scalability.\nDesign and implement REST APIs and WebSocket connections for real-time data transfer and integration.\nCollaborate closely with AI and R&D teams to support new AI features, ensuring seamless integration with data systems.\nWork on distributed systems to ensure scalability and reliability for high-volume data processing tasks.\nImplement and optimize data solutions for structured and unstructured data, including SQL and NoSQL databases.\nParticipate in system design and architecture discussions to create high-performance, scalable, and maintainable systems.\nJob Description\nWe are looking for aData Engineerwho is passionate about building scalable, high-performance data solutions. The ideal candidate should have strong Python programming skills and hands-on experience in data engineering tasks, including data pipelines, distributed systems, and database management (SQL and NoSQL). You will work in a collaborative environment, focusing on implementing code day-in and day-out while ensuring compatibility with AI and automation testing workflows.\nSkills\n1.Python\n2.Problem Solving and Programming\n3.Data Engineering\n4.GenerativeAI\n5.REST APIs\n6.WebSockets\n7.UI and Integration\n8.Data Pipelines\n9.SQL & NoSQL Databases\n10.Distributed Systems\n11.High & Low-level System Design\n12.Data Warehouses and Lakes\n13.AIOps\n14.RPA\nWhat We are Looking For\nHands-on Python Expertise: Ability to write efficient, maintainable, and scalable code daily.\nImplementation-Oriented: A focus on delivering working code and solutions, not just theoretical designs.\nTeam Collaboration: A proactive team player who thrives in a collaborative environment.\nData Expertise: Solid knowledge of data transformation, storage, and real-time data integration techniques.\nThis role is a fantastic opportunity for individuals who enjoy working closely with data, building practical solutions, and pushing the boundaries of automation testing with AI.",Information Technology,"['Ai', 'Nosql', 'Integration', 'Rpa', 'Rest Api', 'Websocket', 'Python', 'Sql']",2025-06-14 06:35:34
AWS Data Engineer,Now100 Solutions Private Limited,5-7 Years,,Bengaluru,"We are seeking an experienced AWS Data Engineer to support the on-ground client team in delivering high-quality data engineering solutions. The ideal candidate will have hands-on experience with AWS data services and strong programming skills.\nKey Responsibilities:\nCollaborate with the client's onsite team to ensure timely completion of deliverables\nDesign, develop, and maintain data pipelines using AWS services such as Lambda, Glue, and Redshift\nWrite efficient, reusable, and optimized code in Python and SQL for data processing and transformation\nMonitor, troubleshoot, and optimize data workflows for performance and reliability\nImplement best practices in data engineering and cloud infrastructure management\nParticipate in code reviews, testing, and documentation activities\nRequired Skills:\nProven experience with AWS Data Engineering services: Lambda, Glue, Redshift\nStrong programming skills in Python and SQL\nExperience working in collaboration with onsite client teams to meet project goals\nGood problem-solving and communication skills\nKnowledge of data pipeline design, ETL/ELT processes, and cloud data management",IT Management,"['Data Pipelines', 'Python', 'Aws Lambda', 'AWS Glue', 'Redshift', 'Sql']",2025-06-14 06:35:35
Azure Data Engineer (Power Platform)- Priniciple,Systechcorp Private Limited,8-13 Years,,Bengaluru,"Key Responsibilities:\nDesign, develop, and maintain data pipelines using Python, SQL, and Kedro\nImplement serverless solutions using AWS Lambda and Step Functions\nDevelop and manage data workflows in Azure and AWS cloud environments\nCreate integrations between data systems and Power Platform (Power Apps, Power Automate)\nDesign, develop, and maintain APIs for data exchange and integration\nImplement solutions to extract data from APIs and store in databases (Dataverse & PostgreSQL).\nOptimize data storage and retrieval processes for improved performance\nCollaborate with cross-functional teams to understand data requirements and provide solutions\nAPI Integration and data extraction from Sharepoint\nRequired Skills and Experience:\nExpert in Azure Data Engineer role, able to build solutions in Power Platform environment, AWS cloud and Azure cloud services.\nGood Knowledge on integration like Integration using API, XML with ADF, Logic App,\nAzure Functions, AWS Step functions, AWS Lambda Functions, etc\nStrong proficiency in Python, Pyspark (especially Kedro Framework) and SQL.\nHaving knowledge and experience in Scala, Java and R would be a good to have skill.\nExperience with Kedro framework for data engineering pipelines\nExpertise in AWS services, particularly Lambda and Step Functions\nProven experience with Power Platform (Power Apps, Power Automate) and Dataverse.\nStrong understanding of API development and integration\nExperience in database design and management\nExcellent problem-solving and communication skills",Software,"['XML with ADF', 'Logic App', 'Azure Data Engineer', 'Api', 'Python', 'Sql']",2025-06-14 06:35:37
Data Engineer AWS/ Power platform Engineer,Systechcorp Private Limited,3-7 Years,,"Delhi, Kolkata, Mumbai","Design and develop data pipelines for Generative AI projects by leveraging a combination of technologies, including Vector DB, Graph DB, Airflow, Spark, PySpark, Python, LangChain, AWS Functions, Redshift, and SSIS. This will involve the logical and efficient integration of these tools to create seamless, high-performance data flows that efficiently support the data requirements of our cutting-edge AI initiatives. Collaborate with data scientists, AI researchers, and other stakeholders to understand data requirements and translate them into effective data engineering solutions.\nUser will be managing movement, organization and quality assessments of large set of data to facilitate the creation of Knowledge base for RAG systems and model training\nDemonstrate familiarity with data integration services such as AWS Glue and Azure Data Factory, showcasing the ability to effectively utilize these platforms for seamless data ingestion, transformation, and orchestration across various sources and destinations.\nPossess proficiency in constructing data warehouses and data lakes, demonstrating a strong foundation in organizing and consolidating large volumes of structured and unstructured data for efficient storage, retrieval, and analysis.\nOptimize and maintain data pipelines to ensure high-performance, reliable, and scalable data processing.\nDevelop and implement data validation and quality assurance procedures to ensure the accuracy and consistency of the data used in Generative AI projects.\nMonitor and troubleshoot data pipeline performance, identify bottlenecks, and implement improvements as necessary.\nStay current with emerging trends and technologies in the fields of data engineering, Generative AI, and related areas to ensure the continued success of our projects.\nCollaborate with team members on documentation, knowledge sharing, and best practices for data engineering within a Generative AI context.\nEnsure data privacy and security compliance in accordance with industry standards and regulations.\nQualifications we seek in you:\nBachelors or Masters degree in Computer Science, Engineering, or a related field.\nStrong experience with data engineering technologies, including Vector DB, Graph DB, Airflow, Spark, PySpark, Python, langchain, AWS Functions, Redshift, and SSIS.\nStrong understanding of data warehousing concepts, ETL processes, and data modeling.\nStrong understanding of S3 and code-based scripting to move large volumes of data across application storage layers\nFamiliarity with Generative AI concepts and technologies, such as GPT-4, Transformers, and other natural language processing techniques.\nExcellent problem-solving, analytical, and critical thinking skills.\nStrong communication and collaboration skills, with the ability to work effectively with cross-functional teams.\nPreferred Qualifications/ skills\nKnowledge of cloud computing platforms, such as AWS, Azure, or Google Cloud Platform, is a plus.\nExperience with big data technologies, such as Hadoop, Hive, or Presto, is a plus.\nFamiliarity with machine learning frameworks, such as TensorFlow or PyTorch, is a plus.\nA continuous learning mindset and a passion for staying up-to-date with the latest advancements in data engineering and Generative AI.",Software,"['Airflow', 'Db', 'Spark', 'Pyspark', 'Python', 'AWS']",2025-06-14 06:35:38
Data Engineer AWS/ Power platform Engineer,Systechcorp Private Limited,3-7 Years,,"Hyderabad, Chennai, Pune","Design and develop data pipelines for Generative AI projects by leveraging a combination of technologies, including Vector DB, Graph DB, Airflow, Spark, PySpark, Python, LangChain, AWS Functions, Redshift, and SSIS. This will involve the logical and efficient integration of these tools to create seamless, high-performance data flows that efficiently support the data requirements of our cutting-edge AI initiatives. Collaborate with data scientists, AI researchers, and other stakeholders to understand data requirements and translate them into effective data engineering solutions.\nUser will be managing movement, organization and quality assessments of large set of data to facilitate the creation of Knowledge base for RAG systems and model training\nDemonstrate familiarity with data integration services such as AWS Glue and Azure Data Factory, showcasing the ability to effectively utilize these platforms for seamless data ingestion, transformation, and orchestration across various sources and destinations.\nPossess proficiency in constructing data warehouses and data lakes, demonstrating a strong foundation in organizing and consolidating large volumes of structured and unstructured data for efficient storage, retrieval, and analysis.\nOptimize and maintain data pipelines to ensure high-performance, reliable, and scalable data processing.\nDevelop and implement data validation and quality assurance procedures to ensure the accuracy and consistency of the data used in Generative AI projects.\nMonitor and troubleshoot data pipeline performance, identify bottlenecks, and implement improvements as necessary.\nStay current with emerging trends and technologies in the fields of data engineering, Generative AI, and related areas to ensure the continued success of our projects.\nCollaborate with team members on documentation, knowledge sharing, and best practices for data engineering within a Generative AI context.\nEnsure data privacy and security compliance in accordance with industry standards and regulations.\nQualifications we seek in you:\nBachelors or Masters degree in Computer Science, Engineering, or a related field.\nStrong experience with data engineering technologies, including Vector DB, Graph DB, Airflow, Spark, PySpark, Python, langchain, AWS Functions, Redshift, and SSIS.\nStrong understanding of data warehousing concepts, ETL processes, and data modeling.\nStrong understanding of S3 and code-based scripting to move large volumes of data across application storage layers\nFamiliarity with Generative AI concepts and technologies, such as GPT-4, Transformers, and other natural language processing techniques.\nExcellent problem-solving, analytical, and critical thinking skills.\nStrong communication and collaboration skills, with the ability to work effectively with cross-functional teams.\nPreferred Qualifications/ skills\nKnowledge of cloud computing platforms, such as AWS, Azure, or Google Cloud Platform, is a plus.\nExperience with big data technologies, such as Hadoop, Hive, or Presto, is a plus.\nFamiliarity with machine learning frameworks, such as TensorFlow or PyTorch, is a plus.\nA continuous learning mindset and a passion for staying up-to-date with the latest advancements in data engineering and Generative AI.",Software,"['Airflow', 'Db', 'Spark', 'Pyspark', 'Python', 'AWS']",2025-06-14 06:35:39
Azure Data Engineer (Power Platform)- Priniciple,Systechcorp Private Limited,8-13 Years,,"Delhi, Kolkata, Mumbai","Key Responsibilities:\nDesign, develop, and maintain data pipelines using Python, SQL, and Kedro\nImplement serverless solutions using AWS Lambda and Step Functions\nDevelop and manage data workflows in Azure and AWS cloud environments\nCreate integrations between data systems and Power Platform (Power Apps, Power Automate)\nDesign, develop, and maintain APIs for data exchange and integration\nImplement solutions to extract data from APIs and store in databases (Dataverse & PostgreSQL).\nOptimize data storage and retrieval processes for improved performance\nCollaborate with cross-functional teams to understand data requirements and provide solutions\nAPI Integration and data extraction from Sharepoint\nRequired Skills and Experience:\nExpert in Azure Data Engineer role, able to build solutions in Power Platform environment, AWS cloud and Azure cloud services.\nGood Knowledge on integration like Integration using API, XML with ADF, Logic App,\nAzure Functions, AWS Step functions, AWS Lambda Functions, etc\nStrong proficiency in Python, Pyspark (especially Kedro Framework) and SQL.\nHaving knowledge and experience in Scala, Java and R would be a good to have skill.\nExperience with Kedro framework for data engineering pipelines\nExpertise in AWS services, particularly Lambda and Step Functions\nProven experience with Power Platform (Power Apps, Power Automate) and Dataverse.\nStrong understanding of API development and integration\nExperience in database design and management\nExcellent problem-solving and communication skills",Software,"['XML with ADF', 'Logic App', 'Azure Data Engineer', 'Api', 'Python', 'Sql']",2025-06-14 06:35:40
Azure Data Engineer,Coforge Solutions Private Limited,5-8 Years,INR 10 - 20 LPA,"Hyderabad, Bengaluru, Pune","We are Hiring For Azure Data Engineer at Coforge. We are seeking an experienced Data Engineer with expertise in Azure technologies to join our team.\nNote:- We are looking for an immediate joiner. This is an urgent project, So we are looking for someone who can join immediately.\nShare Your CV - [HIDDEN TEXT]\nWhatsApp Me For Any Queries: 9667427662 ( Gaurav Sinha )\nThe ideal candidate will have a strong background in designing, developing, and implementing large-scale data engineering solutions using Azure cloud services.\nKey Skills:\n- Azure Data Lake Storage\n- Azure Data Factory\n- Azure Functions\n- Event Hub\n- Azure Stream Analytics\n- Azure Databricks\n- Python\n- PySpark\n- SQL\nExperience Required:- 5 to 8 Years.\nJob Location:-Bangalore, Pune& Hyderabad\nJob Type: - Full-time\nJob Description:-\nWe are seeking an experienced Data Engineer with expertise in Azure technologies to join our team. The ideal candidate will have a strong background in designing, developing, and implementing large-scale data engineering solutions using Azure cloud services.\nKey Skills:\n- Azure Data Lake Storage\n- Azure Data Factory\n- Azure Functions\n- Event Hub\n- Azure Stream Analytics\n- Azure Databricks\n- Python\n- PySpark\n- SQL\nResponsibilities:\n- Design and develop data engineering solutions using Azure cloud services\n- Work with stakeholders to gather requirements and provide solutions\n- Develop and implement data pipelines using Azure Data Factory and Azure Databricks\n- Collaborate with team members to deliver projects\nRequirements:\n- 5-8 years of experience in data engineering and cloud development\n- Strong expertise in Azure technologies (Data Factory, Azure Functions, ADX, Event Hub, ASA)\n- Experience with data analytics using SQL\n- Experience with agile, DevOps, and product model\n- Bachelor's degree in Computer Science or related technical discipline",Software,['Azure'],2025-06-14 06:35:42
Data Engineer,Vivotex India Private Limited,5-8 Years,,"Hyderabad, Bengaluru, Chennai","Hi\nwe have opening for Data Engineer position with one of our client,\nExperience Level _ 5+ Years\nLocations - Hyderabad, Bangalore, Chennai, Pune, Noida and Gurgaon\nBachelor's or Master's degree in Computer Science, Engineering, Information Systems, or a related field.\n5+ years of experience as a Data Engineer or in a similar role.\nStrong hands-on experience with Snowflake, including performance tuning, role-based access control, and data sharing.\nProficiency in SQL, with the ability to write optimized and maintainable queries.\nDeep understanding of data warehousing concepts, dimensional modeling, and ETL/ELT processes",Login to check your skill match score,"['Snow Flake', 'Data Engineer', 'Sql', 'Data Warehousing']",2025-06-14 06:35:43
Data Engineer – Databricks & AWS,Acuity IT Solutions Private Limited,3-6 Years,,Bengaluru,"Data Engineer Databricks & AWS\nLocation: Bangalore\nExperience: 35+ years\nData Engineers- Databricks and AWS/Azure- Bangalore\nWe are seeking an experienced Data Engineer to design, build, and optimize data pipelines and solutions on the Databricks Lakehouse Platform. The ideal candidate will have hands-on experience with PySpark, Databricks Auto Loader, Delta Lake, Spark SQL, and Databricks Workflows, with a strong understanding of data modelling, performance tuning, and cloud-native data engineering practices.\nKey Responsibilities:\nDesign and implement scalable data ingestion and transformation pipelines using Databricks Auto Loader and Delta Lake.\nDevelop and optimize ETL/ELT workflows in PySpark and Spark SQL, ensuring performance and reliability.\nBuild modular, reusable Delta Live Tables (DLT) or production-grade Databricks workflows to manage batch and streaming data.\nArchitect and implement data lakehouse patterns on Databricks, using best practices for data versioning, quality, and lineage.\nDevelop and manage unit tests, data quality checks, and monitoring for critical pipelines.\nCollaborate with data modelers, analysts, and business stakeholders to deliver reliable, governed datasets.\nIntegrate with cloud storage solutions (e.g., ADLS, Amazon S3), and manage permissions and metadata with Unity Catalog (if applicable).\nSupport and maintain existing pipelines, troubleshoot performance issues, and provide optimization strategies.\nUse CI/CD tools (e.g., Azure DevOps, GitHub Actions) to manage deployment and version control of data pipelines.\nRequired Skills:\n35+ years of experience in data engineering with a strong focus on Apache Spark / PySpark.\nStrong experience with Databricks platform, including Auto Loader, Delta Tables, Workflows, and Spark SQL.\nExperience with Databricks Jobs or Delta Live Tables (DLT) for orchestration and pipeline automation.\nSolid understanding of data lakehouse architecture, including bronze-silver-gold data layers.\nHands-on experience with cloud platforms such as Azure or AWS, and cloud storage integrations (e.g., ADLS Gen2, S3).\nProficient in SQL and Python for data transformations and logic implementations.\nKnowledge of data modeling techniques such as Star Schema, Snowflake Schema, and Data Vault.\nFamiliarity with CI/CD tools, version control systems (Git), and DevOps best practices.\nExperience with data governance, security, and access control",Login to check your skill match score,"['Data Engineer', 'Databricks', 'Pyspark', 'Aws', 'Sql']",2025-06-14 06:35:44
Lead Data Engineer,Teizo Soft Private Limited,8-12 Years,,Hyderabad,"Designation: Lead Data Engineer\nExperience: 8+ Years\nContract: 6+ Months\nNotice period: Immediate to 15 Days\nInterested can share their profiles to [HIDDEN TEXT]\nMandatory Skills: Python, SQL, Snowflake (3+ years on each skill)\nRequired Skills:\nSenior developer with approximately 8 years of experience in Data engineering\nBackground in medium to large-scale client environments working on at least 3 or 4 projects\nStrong expertise in Data Engineering, ETL/ELT workflows\nSolid understanding of database concepts and data modeling\nProficient in SQL, PL/SQL, and Python\nSnowflake experience (3+ years) with base or advanced certification\nExcellent communication skills ( written and verbal)\nAbility to work independently and proactively\nMust be based in Hyderabad, working from Hyderabad office",Login to check your skill match score,"['snowflake', 'Python', 'Sql']",2025-06-14 06:35:45
Data Engineer -Azure Cloud Data and Analytics Platform.,Michael Page,8-10 Years,,"Gurugram, India","Product Based Leading MNC\nGrowth Opportunities\nJob Description\nAnalyse business requirements and supportcreate design for requirements\nBuild and deploy new/changes to data mappings, sessions, and workflows in Azure Cloud Platform - key focus area would be Azure Data Factory.\nDevelop performant code\nPerform ETL routines performance tuning, troubleshooting, support, and capacity estimation.\nConduct thorough testing of ETL code changes to ensure quality deliverables\nProvide day-to-day support and mentoring to end users who are interacting with the data\nProfile and understand large amounts of source data available, including structured and semi-structured/web activity data\nAnalyse defects and provide fixes\nProvide release notes for deployments\nSupport Release activities\nProblem solving attitude\nKeep up to date with new skills - Develop technology skills in other areas of Platform\nThe Successful Applicant\nSkills and Experience:\n8+ years of experienced in ETL tools, data projects\nRecent Azure experience - Strong knowledge of Azure Data Factory and Databricks\nPython knowledge would be highly desirable\nStrong knowledge of SQL\nStrong Analytical skills\nAzure DevOps knowledge\nExperience Logic Apps would be desirable\nExperience with Azure Functions would be a plus.\nDay to day decisions around coding and unit testing.\nWhat's on Offer\nCompetitve Compensation\n\nGrowth\n\nFlexible Working",Login to check your skill match score,"['Logic Apps', 'Azure Data Factory', 'Azure Functions', 'Etl Tools', 'Databricks', 'Python', 'Sql', 'Azure DevOps']",2025-06-14 06:35:47
Senior Data Engineer,TaskUs,5-10 Years,,"Chennai, India","About TaskUs:TaskUs is a provider of outsourced digital services and next-generation customer experience to fast-growing technology companies, helping its clients represent, protect and grow their brands. Leveraging a cloud-based infrastructure, TaskUs serves clients in the fastest-growing sectors, including social media, e-commerce, gaming, streaming media, food delivery, ride-sharing, HiTech, FinTech, and HealthTech.\nThe People First culture at TaskUs has enabled the company to expand its workforce to approximately 45,000 employees globally.Presently, we have a presence in twenty-three locations across twelve countries, which include the Philippines, India, and the United States.\nIt started with one ridiculously good idea to create a different breed of Business Processing Outsourcing (BPO)! We at TaskUs understand that achieving growth for our partners requires a culture of constant motion, exploring new technologies, being ready to handle any challenge at a moment's notice, and mastering consistency in an ever-changing world.\nWhat We Offer:At TaskUs, we prioritize our employees well-being by offering competitive industry salaries and comprehensive benefits packages. Our commitment to a People First culture is reflected in the various departments we have established, including Total Rewards, Wellness, HR, and Diversity. We take pride in our inclusive environment and positive impact on the community. Moreover, we actively encourage internal mobility and professional growth at all stages of an employee's career within TaskUs. Join our team today and experience firsthand our dedication to supporting People First.\nWhat you'll do\nDevelop, maintain, and enhance new data sources and tables, contributing to data engineering efforts to ensure comprehensive and efficient data architecture.\nServes as the liaison between Data Engineer team and the Airport operation teams, developing new data sources and overseeing enhancements to existing database being one of the main contact points for data requests, metadata, and statistical analysis\nMigrates all existing Hive Metastore tables to Unity Catalog, addressing access issues and ensuring smooth transition of jobs and tables.\nCollaborate with IT teams to validate package (gold level data) table outputs during the production deployment of developed notebooks\nDevelop and implement data quality alerting systems and Tableau alerting mechanisms for dashboards, setting up notifications for various thresholds.\nCreate and maintain standard reports and dashboards to provide insights into airport performance, helping guide stations to optimize operations and improve performance.\nAll you'll need for success\nPreferred Qualifications- Education & Prior Job Experience\nMaster's degree / UG\nMin 5 -10 years of experience\nDatabricks (Azur op)\nGood Communication\nExperience developing solutions on a Big Data platform utilizing tools such as Impala and Spark\nAdvanced knowledge/experience with Azure Databricks, PySpark, (Teradata)/Databricks SQL\nAdvanced knowledge/experience in Python along with associated development environments (e.g. JupyterHub, PyCharm, etc.)\nAdvanced knowledge/experience in building Tableau Dashboard / Clikview / PowerBi\nBasic idea on HTML and JavaScript\nImmediate Joiner\nSkills, Licenses & Certifications\nStrong project management skills\nProficient with MicrosoftOffice applications (MS Excel, Access and PowerPoint) advanced knowledge of Microsoft Excel\nAdvanced aptitude in problem-solving, including the ability to logically structure an appropriate analytical framework\nProficient in SharePoint, PowerApp and ability to use Graph API\nHow We Partner To Protect You: TaskUs will neither solicit money from you during your application process nor require any form of payment in order to proceed with your application. Kindly ensure that you are always in communication with only authorized recruiters of TaskUs.\n\nDEI:In TaskUs we believe that innovation and higher performance are brought by people from all walks of life. We welcome applicants of different backgrounds, demographics, and circumstances. Inclusive and equitable practices are our responsibility as a business. TaskUs is committed to providing equal access to\nWe invite you to explore all TaskUs career opportunities and apply through the provided URL.",IT/Computers - Software,"['Databricks SQL', 'Graph API', 'Teradata', 'Sharepoint', 'PowerApp', 'Pyspark', 'Tableau', 'Azure Databricks', 'Impala', 'HTML', 'Javascript', 'Powerbi', 'Spark', 'Databricks', 'Azure', 'Microsoft Excel', 'Python']",2025-06-14 06:35:58
Data Engineer -Azure Cloud Data and Analytics Platform.,Michael Page,8-10 Years,,"Gurugram, India","Product Based Leading MNC\nGrowth Opportunities\nJob Description\nAnalyse business requirements and supportcreate design for requirements\nBuild and deploy new/changes to data mappings, sessions, and workflows in Azure Cloud Platform - key focus area would be Azure Data Factory.\nDevelop performant code\nPerform ETL routines performance tuning, troubleshooting, support, and capacity estimation.\nConduct thorough testing of ETL code changes to ensure quality deliverables\nProvide day-to-day support and mentoring to end users who are interacting with the data\nProfile and understand large amounts of source data available, including structured and semi-structured/web activity data\nAnalyse defects and provide fixes\nProvide release notes for deployments\nSupport Release activities\nProblem solving attitude\nKeep up to date with new skills - Develop technology skills in other areas of Platform\nThe Successful Applicant\nSkills and Experience:\n8+ years of experienced in ETL tools, data projects\nRecent Azure experience - Strong knowledge of Azure Data Factory and Databricks\nPython knowledge would be highly desirable\nStrong knowledge of SQL\nStrong Analytical skills\nAzure DevOps knowledge\nExperience Logic Apps would be desirable\nExperience with Azure Functions would be a plus.\nDay to day decisions around coding and unit testing.\nWhat's on Offer\nCompetitve Compensation\n\nGrowth\n\nFlexible Working",Login to check your skill match score,"['Logic Apps', 'Azure Data Factory', 'Azure Functions', 'Etl Tools', 'Databricks', 'Python', 'Sql', 'Azure DevOps']",2025-06-14 06:36:03
Data Engineer -Azure Cloud Data and Analytics Platform.,Michael Page,8-10 Years,,"Gurugram, India","Product Based Leading MNC\nGrowth Opportunities\nJob Description\nAnalyse business requirements and supportcreate design for requirements\nBuild and deploy new/changes to data mappings, sessions, and workflows in Azure Cloud Platform - key focus area would be Azure Data Factory.\nDevelop performant code\nPerform ETL routines performance tuning, troubleshooting, support, and capacity estimation.\nConduct thorough testing of ETL code changes to ensure quality deliverables\nProvide day-to-day support and mentoring to end users who are interacting with the data\nProfile and understand large amounts of source data available, including structured and semi-structured/web activity data\nAnalyse defects and provide fixes\nProvide release notes for deployments\nSupport Release activities\nProblem solving attitude\nKeep up to date with new skills - Develop technology skills in other areas of Platform\nThe Successful Applicant\nSkills and Experience:\n8+ years of experienced in ETL tools, data projects\nRecent Azure experience - Strong knowledge of Azure Data Factory and Databricks\nPython knowledge would be highly desirable\nStrong knowledge of SQL\nStrong Analytical skills\nAzure DevOps knowledge\nExperience Logic Apps would be desirable\nExperience with Azure Functions would be a plus.\nDay to day decisions around coding and unit testing.\nWhat's on Offer\nCompetitve Compensation\n\nGrowth\n\nFlexible Working",Login to check your skill match score,"['Logic Apps', 'Azure Data Factory', 'Azure Functions', 'Etl Tools', 'Databricks', 'Python', 'Sql', 'Azure DevOps']",2025-06-14 06:36:05
Lead Consultant - Data Ops Engineer,Astrazeneca,4-7 Years,,Chennai,"Accountabilities\nStrategic Leadership: Evaluate current platforms and lead the design of future-ready solutions, embedding AI-driven efficiencies and proactive interventions.\nInnovation & Integration: Introduce and integrate AI technologies to enhance ways of working, driving cost-effectiveness and operational excellence.\nPlatform Maturity & Management: Ensure platforms are scalable and compliant, with robust automation and optimized technology stacks.\nLead Deliveries: Oversee and manage the delivery of projects, ensuring timely execution and alignment with strategic goals.\nThought Leadership: Champion data mesh and product-oriented work methodologies to continuously evolve our data landscapes.\nQuality and Compliance: Implement quality assurance processes, emphasizing data accuracy and security.\nCollaborative Leadership: Foster an environment that supports cross-functional collaboration and continuous improvement.\nEssential Skills/Experience\nExtensive experience with Snowflake, AI platforms, and cloud infrastructure.\nProven track record in thought leadership, platform strategy, and cross-disciplinary innovation.\nExpertise in AI/GenAI integration with a focus on practical business applications.\nStrong experience in DataOps, DevOps, and cloud environments such as AWS.\nExcellent stakeholder management and the ability to lead diverse teams toward innovative solutions.\nBackground in the pharmaceutical sector is a plus.",Pharmaceutical,"['snowflake', 'DataOps', 'Cloud Infrastructure', 'Devops', 'Aws']",2025-06-14 06:36:07
Engineering - Market Data Engineering - System Engineer - Analyst,Goldman Sachs,2-4 Years,,Bengaluru,"YOUR IMPACT\nHOW YOU WILL FULFILL YOUR POTENTIAL\nPerform pre-market checkout out critical applications and infrastructure.\nSupport both application functionality and data content; escalate data content issues to vendors and/or internal developers.\nAutomation, run-books and FAQs, for helpdesk.\nManage incident management process for Market Data issues.\nManage engagement with end users/vendors and helpdesk until problem is resolved.\nActing as role model and technical mentor for less experienced staff.\nSKILLS AND EXPERIENCE WE ARE LOOKING FOR\nCandidate should have relevant experience in the range of 2-4 years.\nDeep understanding of application configuration and troubleshooting, experience of supporting Windows environment essential.\nExperience of remote support (international), working with vendors for problem resolution.\nExperience with scripting languages such as Perl, Python, Powershell.\nAvailability: Be available to respond to emergency situations and perform regularly scheduled maintenance\nStrong inter-personal and communication skills; making presentations to customer or client audiences or professional peers, and working independently on problem solving.\nPreferred Qualifications\nApplication product support specialist for Refinitiv, Bloomberg, Datastream, Factset, etc\nDeep understanding of application configuration and troubleshooting, experience of supporting market data or trading desktop applications.\nUnderstanding of Linux environment.\nExperience with vendor data distribution systems like TREP, Elektron, Activ,, etc.\nFinancial Industry experience - Understanding of capital markets, experience with multiple asset classes.\nMarket Data Industry experience.",Financial Services,"['TREP', 'Elektron', 'Linux', 'Perl', 'Python']",2025-06-14 06:36:08
Lead Consultant - Data Governance Platform Engineer,Astrazeneca,5-8 Years,,Chennai,"Platform Management: Support and oversee the administration and maintenance of data platforms, ensuring they are reliable, scalable, and meet organizational performance requirements.\nSystem Integration: Manage the integration of data platforms with other enterprise systems, ensuring seamless data flow and interoperability.\nData Management: Oversee the configuration and management of data catalogs, ensuring that data assets are organized, accessible, and maintained according to best practices.\nData Quality & Observability: Implement and lead tools and processes to monitor and enhance data quality and observability, ensuring data integrity and availability.\nTechnical Expertise: Provide technical leadership and oversight for platform-related projects, guiding the selection and implementation of appropriate technologies.\nInnovation and Trends: Stay informed about the latest trends in data platform technologies and incorporate relevant advancements to enhance capabilities and efficiency.\nCollaboration and Alignment: Work closely with the Data Management and Governance Specialist to align platform capabilities with data governance policies and business objectives.\nVendor Management: Coordinate with vendors and service providers to ensure that platform needs are adequately met and that service level agreements are maintained.\nVision and Roadmap: Develop and execute a strategic vision and roadmap for the evolution of data platforms, incorporating feedback from stakeholders and aligning with company goals.\nProject Delivery: Lead the management of platform-related projects from inception to completion, ensuring objectives are met on time and within budget.\nEssential Skills/Experience\nProven experience in managing data platforms and related technologies.\nIdeally Data catalogue and Data Quality Platforms\nStrong understanding of data platform architecture and integration.\nDemonstrated experience with vendor management and negotiations.\nExcellent problem-solving and analytical skills.\nAbility to stay updated with technological advancements in data platforms.\nStrong organizational and leadership skills.",Pharmaceutical,"['Data Platform Management', 'Data Catalog Management', 'Data Quality Monitoring', 'vendor coordination', 'Strategic Planning.', 'System Integration', 'Technical Leadership']",2025-06-14 06:36:09
Senior Data Analytics & AI Engineer,Astrazeneca,8-12 Years,,Chennai,"Accountabilities:\nLead the design, development, and deployment of high-performance, scalable data warehouses and data pipelines.\nCollaborate closely with multi-functional teams to understand business requirements and translate them into technical solutions.\nOversee and optimize the use of Snowflake for data storage and analytics.\nDevelop and maintain SQL-based ETL processes.\nImplement data workflows and orchestrations using Airflow.\nApply DBT for data transformation and modeling tasks.\nMentor and guide junior data engineers, fostering a culture of learning and innovation within the team.\nConduct performance tuning and optimization for both ongoing and new data projects.\nConfirmed ability to handle large, complex data sets and develop data-centric solutions.\nStrong problem-solving skills and a keen analytical mentality.\nExcellent communication and leadership skills, with the ability to work effectively in a team-oriented environment.\n8-12 years of experience in data engineering roles, focusing on data warehousing, data integration, and data product development.\nEssential Skills/Experience:\nSnowflake\nSQL\nAirflow\nDBT\nDesirable Skills/Experience:\nSnaplogic\nPython\nAcademic Qualifications:\nBachelor s or Master s degree in Computer Science, Information Technology, or related field.",Pharmaceutical,"['snowflake', 'snap logic', 'Product Development', 'Database Technologies', 'Sql', 'Python', 'Data Warehousing']",2025-06-14 06:36:10
Azure Synapse- Data Engineer Lead,SPN Globe,7-12 Years,,"Bengaluru, Chennai, Pune","SPN Globe is a specialized IT recruitment and staffing firm. We are the sourcing partner of various software companies on Permanent and Contract to Hire Demands. Also working with few top notch (CMMI-5 level) clients, PAN India clients and major city clients such as Hyderabad, Bengaluru, Pune, Mumbai, Nagpur and NCR.\nPlease find the position details below:\nCompany: IT Company\nRole:Azure Synapse- Data Engineer Lead\nType: Permanent (No third-party payroll)\nLocation: Pune, Nagpur, Bengaluru, Chennai\nJoining: 0 to 30 days / Immediate Joiners\nExperience: 7 to 12 years\nMandatory Skills: Azure Data Engineer, Azure cloud, Azure Synapse, ADF, Pyspark, SQL, ETL.",Login to check your skill match score,"['Azure Data Engineer', 'ETL.', 'Azure Cloud', 'Azure Synapse', 'Adf', 'Pyspark', 'Sql']",2025-06-15 06:00:43
Senior Data Engineer (Flexcube),Oracle,5-8 Years,,"Bengaluru, India","We are seeking a skilled Data Engineer with extensive experience in the Hadoop ecosystem and a strong background in integrating and managing data from FLEXCUBE core banking systems. The ideal candidate will play a key role in designing, implementing, and optimizing our data pipelines, ensuring seamless data flow and analysis.\nCareer Level - IC3\nKey Responsibilities:\nData Integration: Lead the integration of data from FLEXCUBE core banking systems into our Hadoop-based data infrastructure. Develop and maintain efficient data ingestion processes.\nHadoop Ecosystem: Design, build, and optimize data pipelines within the Hadoop ecosystem, including HDFS, Sqoop, Unix shell scripting, Python coding and Spark.\nData Modelling: Create and maintain data models, schemas, and structures to support data analysis and reporting requirements.\nETL Processes: Develop Extract, Transform, Load (ETL) processes to cleanse, enrich, and transform data for downstream consumption.\nData Quality: Implement data quality checks and monitoring processes to ensure the accuracy, completeness, and consistency of data.\nPerformance Optimization: Optimize data processing and query performance within the Hadoop ecosystem.\nData Security: Ensure data security and compliance with data privacy regulations during data handling and processing.\nDocumentation: Maintain thorough documentation of data pipelines, transformations, and data flow processes.\nCollaboration: Collaborate with cross-functional teams, including FLEXCUBE consulting, data scientists, analysts, and business stakeholders, to understand data requirements and deliver actionable insights.\nMastery of the FLEXCUBE 14.7 backend tables and data model is essential.\nQualifications:\nBachelor's degree in Computer Science, Information Technology, or a related field.\n5 to 8 Years of proven experience in designing and implementing data solutions within the Hadoop ecosystem.\nStrong expertise in Hadoop components such as HDFS, Sqoop, Unix shell scripting, Python coding and Spark\nExperience with FLEXCUBE integration and data extraction.\nProficiency in SQL and database systems.\nKnowledge of data modelling and ETL processes.\nStrong problem-solving and analytical skills.\nExcellent communication and teamwork abilities.\nBanking or financial industry experience is a plus.\nCertifications in Hadoop or related technologies are beneficial.\nAdditional Information:\nThis role offers an exciting opportunity to work on cutting-edge data projects and contribute to data-driven decision-making in the financial sector. The candidate should be prepared to work in a dynamic and collaborative environment. Candidates with a strong background in the Hadoop ecosystem and experience with FLEXCUBE integration are encouraged to apply. We are committed to fostering professional growth and providing opportunities for skill development.\nCareer Level - IC3",IT/Computers - Hardware & Networking,"['ETL processes', 'HDFS', 'Python', 'Unix Shell Scripting', 'Sql', 'Sqoop', 'Hadoop', 'Data Modelling', 'Spark']",2025-06-16 05:38:51
Data Engineer Consultant,Sampoorna Consultants Private Limited,Fresher,,Hyderabad,"Our client is a global knowledge practice that provides consulting, technology, engineering, management and innovation services to leading businesses, governments, non-governmental organizations and not-for-profits.\n\nWe focus on gaining, refining and sharing expertise in the energy and utility sector, then provide strategic advice and implement outcome-driven solutions. Working with customers across the utility value chain, we deliver sustainable and lasting improvements to their efficiency and performance, adding value to their bottom line.\n\nDemand for power, gas and water is consistently growing as the population of the planet expands. Our goal is to support large consumers of energy and water, and improve the sustainability of resources by increasing efficiency and optimizing existing operations. We also develop commercially successful ways to use renewable resources which deliver transformative advantages for our customers.\n\nAs demand grows so does opportunity, something Enzen has seized on since its inception in 2006. The business has grown and developed across the globe, with a physical presence in the UK, India, Australia, USA, Spain, Turkey, Middle-East, Africa and Kazakhstan.\n\nAs we push into the second decade of the company, we`re super-charging our growth by delivering exceptional value and results to our customers. For people with the right mindset, the opportunity to develop and grow in the organization has never been greater.\n\nOur expanding solutions, services and geographies mean we`re always on the lookout for individuals who can drive positive change and are hungry for the success and rewards that go with it.\n\n\n\nStrong programming and scripting skills in SQL and Python.\nExperience with data pipeline tools (e.g., Apache Airflow, Azure Data Factory, AWS Glue).\nHands-on with cloud-based data platforms such as Azure, AWS.\nFamiliarity with data modeling and warehousing concepts (e.g., star schema, snowflake).",Recruitment/Staffing/RPO,"['Apache Airflow', 'Azure Data Factory', 'AWS Glue', 'Data Modeling', 'Azure', 'Sql', 'Python', 'AWS']",2025-06-16 05:38:54
Lead Consultant –Data Engineer,Genpact,Fresher,,Chennai,"Inviting applications for the role of Lead Consultant -Data Engineer!\n. Design, document & implement the data pipelines to feed data models for subsequent consumption in Snowflake using dbt, and airflow.\n. Ensure correctness and completeness of the data being transformed via engineering pipelines for end consumption in Analytical Dashboards.\n. Actively monitor and triage technical challenges in critical situations that require immediate resolution.\n. Evaluate viable technical solutions and share MVPs or PoCs in support of the research\n. Develop relationships with external stakeholders to maintain awareness of data and security issues and trends\n. Review work from other tech team members and provide feedback for growth\n. Implement Data Performance and data security policies that align with governance objectives and regulatory requirements\n. Effectively mentor and develop your team members\n. You have experience in data warehousing, data modeling, and the building of data engineering pipelines.\n. You are well versed in data engineering methods, such as ETL and ELT techniques through scripting and/or tooling.\n. You are good at analyzing performance bottlenecks and providing enhancement recommendations you have a passion for customer service and a desire to learn and grow as a professional and a technologist.\n. Strong analytical skills related to working with structured, semi-structured, and unstructured datasets.\n. Collaborating with product owners to identify requirements, define desired\nand deliver trusted results.\n. Building processes supporting data transformation, data structures, metadata, dependency, and workload management.\n. In this role, SQL is heavily focused. An ideal candidate must have hands-on experience with SQL database design. Plus, Python.\n. Demonstrably deep understanding of SQL (level: advanced) and analytical data warehouses (Snowflake preferred).\n. Demonstrated ability to write new code i.e., well-documented and stored in a version control system (we use GitHub & Bitbucket)\n. Extremely talented in applying SCD, CDC, and DQ/DV framework.\n. Familiar with JIRA & Confluence.\n. Must have exposure to technologies such as dbt, Apache airflow, and Snowflake.\n. Desire to continually keep up with advancements in data engineering practices.\n\n\nQualifications we seek in you!\n\nMinimum qualifications:\n\n\nEssential Education\nBachelor's degree or equivalent combination of education and experience.\nBachelor's degree in information science, data management, computer science or related field preferred.Essential Experience & Job Requirements\n. IT experience with a major focus on data warehouse/database-related projects\n. Must have exposure to technologies such as dbt, Apache Airflow, and Snowflake.\n. Experience in other data platforms: Oracle, SQL Server, MDM, etc\n. Expertise in writing SQL and database objects - Stored procedures, functions, and views. Hands-on experience in ETL/ELT and data security, SQL performance optimization and job orchestration tools and technologies e.g., dbt, APIs, Apache Airflow, etc.\n. Experience in data modeling and relational database design\n. Well-versed in applying SCD, CDC, and DQ/DV framework.\n. Demonstrate ability to write new code i.e., well-documented and stored in a version control system (we use GitHub & Bitbucket)\n. Good to have experience with Cloud Platforms such as AWS, Azure, GCP and Snowflake\n. Good to have strong programming/ scripting skills (Python, PowerShell, etc.)\n. Experience working with agile methodologies (Scrum, Kanban) and Meta Scrum with cross-functional teams (Product Owners, Scrum Master, Architects, and data SMEs)\no Excellent written, and oral communication and presentation skills to present architecture, features, and solution recommendations Global functional product portfolio technical leaders (Finance, HR, Marketing, Legal, Risk, IT), product owners, functional area teams across levels\no Global Data Product Portfolio Management & teams (Enterprise Data Model, Data Catalog, Master Data Management)\n\n\nPreferred Qualifications\n\n\nKnowledge of AWS cloud, and Python is a plus.\n\n\n\n.\n\n.\n\n.\n\n.\n\n.\n\n.",IT/Computers - Hardware & Networking,"['cdc', 'DQ', 'DV', 'SCD', 'snowflake', 'dbt', 'performance optimization', 'Github', 'Data Security', 'Data Warehousing', 'Data Modeling', 'Sql', 'ELT', 'Apache Airflow', 'Gcp', 'Bitbucket', 'Azure', 'Python', 'Etl', 'AWS']",2025-06-17 06:00:43
Principal Consultant- Sr. Snowflake Data Engineer (Snowflake+Python+Cloud)!,Genpact,Fresher,,Kolkata,"Ready to shape the future of work\n\n\n\nAt Genpact, we don&rsquot just adapt to change&mdashwe drive it. AI and digital innovation are redefining industries, and we&rsquore leading the charge. Genpact&rsquos , our industry-first accelerator, is an example of how we&rsquore scaling advanced technology solutions to help global enterprises work smarter, grow faster, and transform at scale. From large-scale models to , our breakthrough solutions tackle companies most complex challenges.\n\n\n\nIf you thrive in a fast-moving, tech-driven environment, love solving real-world problems, and want to be part of a team that&rsquos shaping the future, this is your moment.\n\n\n\nGenpact (NYSE: G) is anadvanced technology services and solutions company that deliverslastingvalue for leading enterprisesglobally.Through ourdeep business knowledge, operational excellence, and cutting-edge solutions - we help companies across industries get ahead and stay ahead.Powered by curiosity, courage, and innovation,our teamsimplementdata, technology, and AItocreate tomorrow, today.Get to know us atand on,,, and.\n\n\n\n\n\n\n\n\n\nInviting applications for the role of Principal Consultant-Sr. Snowflake Data Engineer (Snowflake+Python+Cloud)!\n\n\n\n\n\n\nIn this role, the Sr. Snowflake Data Engineer is responsible for providing technical direction and lead a group of one or more developer to address a goal.\n\n\n\n\n\n\nJob Description:\n\n\n\n\n\nExperience in IT industry\n\n\n\n\n\n\n\nWorking experience with building productionized data ingestion and processing data pipelines in Snowflake\n\n\n\n\n\n\n\nStrong understanding on Snowflake Architecture\n\n\n\n\n\n\n\nFully well-versed with data warehousing concepts.\n\n\n\n\n\n\n\nExpertise and excellent understanding of Snowflake features and integration of Snowflake with other data processing.\n\n\n\n\n\n\n\nAble to create the data pipeline for ETL/ELT\n\n\n\n\n\n\n\nGood to have DBT experience\n\n\n\n\n\n\n\nExcellent presentation and communication skills, both written and verbal Ability to problem solve and architect in an environment with unclear requirements.\n\n\n\n\n\n\n\nAble to create the high level and low-level design document based on requirement.\n\n\n\n\n\n\n\n\n\nHands on experience in configuration, troubleshooting, testing and managing data platforms, on premises or in the cloud.\n\n\n\n\n\n\n\nAwareness on data visualisation tools and methodologies\n\n\n\n\n\n\n\nWork independently on business problems and generate meaningful insights\n\n\n\n\n\n\n\nGood to have some experience/knowledge on Snowpark or Streamlit orGenAI but not mandatory.\n\n\n\n\n\n\n\nShould have experience on implementing Snowflake Best Practices\n\n\n\n\n\n\n\nSnowflake SnowPro Core Certification will be added an advantage\n\n\n\n\n\n\n\n\n\n\n\nRoles and Responsibilities:\n\n\n\n\n\nRequirement gathering, creating design document, providing solutions to customer, work with offshore team etc.\n\n\n\n\n\n\n\nWriting SQL queries against Snowflake,developing scripts to do Extract, Load, and Transform data.\n\n\n\n\n\n\n\nHands-on experience with Snowflake utilities such as SnowSQL, Bulk copy, Snowpipe, Tasks, Streams, Time travel, Cloning, Optimizer, Metadata Manager, data sharing, stored procedures and UDFs, Snowsight.\n\n\n\n\n\n\n\nHave experience with Snowflake cloud data warehouse and AWS S3 bucket or Azure blob storage container for integrating data from multiple source system.\n\n\n\n\n\n\n\nShould have have some exp on AWS services (S3, Glue, Lambda) or Azure services ( Blob Storage, ADLS gen2, ADF)\n\n\n\n\n\n\n\nShould have good experience in Python/Pyspark.integration with Snowflake and cloud(AWS/Azure) with ability to leverage cloud services for data processing and storage.\n\n\n\n\n\n\n\nProficiency in Python programming language, including knowledge of data types, variables, functions, loops, conditionals, and other Python-specific concepts.\n\n\n\n\n\n\n\nKnowledge of ETL (Extract, Transform, Load) processes and tools, and ability to design and develop efficient ETL jobs using Python and Pyspark.\n\n\n\n\n\n\n\nShould have some experience on Snowflake RBAC and data security.\n\n\n\n\n\n\n\nShould have good experience in implementing CDC or SCDtype-2.\n\n\n\n\n\n\n\nShould have good experience in implementing Snowflake Best Practices\n\n\n\n\n\n\n\n\n\nIn-depth understanding of Data Warehouse, ETL concepts and Data Modelling\n\n\n\n\n\n\n\nExperience in requirement gathering, analysis, designing, development, and deployment.\n\n\n\n\n\n\n\nShould Have experience building data ingestion pipeline\n\n\n\n\n\n\n\nOptimize and tune data pipelines for performance and scalability\n\n\n\n\n\n\n\nAble to communicate with clients and lead team.\n\n\n\n\n\n\n\nProficiency in working with Airflow or other workflow management tools for scheduling and managing ETL jobs.\n\n\n\n\n\n\n\nGood to have experience in deployment using CI/CD tools and exp in repositories like Azure repo ,Github etc.\n\n\n\n\n\n\n\n\n\n\n\n\n\n\n\n\n\nQualifications we seek in you!\n\n\n\nMinimum qualifications\n\n\n\n\n\n\n\n\nB.E./ Masters in Computer Science, Information technology, or Computer engineering or any equivalent degree withgood IT experience and relevant as Senior Snowflake Data Engineer.\n\n\n\n\n\n\n\nSkill Metrix:\n\n\n\n\n\n\n\n\n\n\nSnowflake, Python/PySpark, AWS/Azure, ETL concepts, Data Modeling & Data Warehousing concepts\n\n\n\n\n\n\n\n\n\n\n\n\n\n\n\n\nWhy join Genpact\n\n\n\n\n\nBe a transformation leader - Work at the cutting edge of AI, automation, and digital innovation\n\n\n\n\n\n\n\nMake an impact - Drive change for global enterprises and solve business challenges that matter\n\n\n\n\n\n\n\nAccelerate your career - Get hands-on experience, mentorship, and continuous learning opportunities\n\n\n\n\n\n\n\nWork with the best - Join 140,000+ bold thinkers and problem-solvers who push boundaries every day\n\n\n\n\n\n\n\nThrive in a values-driven culture - Our courage, curiosity, and incisiveness - built on a foundation of integrity and inclusion - allow your ideas to fuel progress\n\n\n\n\n\nCome join the tech shapers and growth makers at Genpact and take your career in the only direction that matters: Up.\n\n\n\nLet&rsquos build tomorrow together.\n\n\n\n\n\n\nGenpact is an Equal Opportunity Employer and considers applicants for all positions without regard to race, color, religion or belief, sex, age, national origin, citizenship status, marital status, military/veteran status, genetic information, sexual orientation, gender identity, physical or mental disability or any other characteristic protected by applicable laws. Genpact is committed to creating a dynamic work environment that values respect and integrity, customer focus, and innovation.\nFurthermore, please do note that Genpact does not charge fees to process job applications and applicants are not required to pay to participate in our hiring process in any other way. Examples of such scams include purchasing a 'starter kit,' paying to apply, or purchasing equipment or training.",IT/Computers - Hardware & Networking,"['Airflow', 'snowflake', 'dbt', 'Pyspark', 'Data Warehousing', 'Azure', 'Python', 'Etl', 'AWS']",2025-06-17 06:00:46
Principal Consultant- Sr. Snowflake Data Engineer (Snowflake+Python+Cloud)!,Genpact,Fresher,,Kolkata,"Ready to shape the future of work\n\n\n\nAt Genpact, we don&rsquot just adapt to change&mdashwe drive it. AI and digital innovation are redefining industries, and we&rsquore leading the charge. Genpact&rsquos , our industry-first accelerator, is an example of how we&rsquore scaling advanced technology solutions to help global enterprises work smarter, grow faster, and transform at scale. From large-scale models to , our breakthrough solutions tackle companies most complex challenges.\n\n\n\nIf you thrive in a fast-moving, tech-driven environment, love solving real-world problems, and want to be part of a team that&rsquos shaping the future, this is your moment.\n\n\n\nGenpact (NYSE: G) is anadvanced technology services and solutions company that deliverslastingvalue for leading enterprisesglobally.Through ourdeep business knowledge, operational excellence, and cutting-edge solutions - we help companies across industries get ahead and stay ahead.Powered by curiosity, courage, and innovation,our teamsimplementdata, technology, and AItocreate tomorrow, today.Get to know us atand on,,, and.\n\n\n\n\n\n\n\n\n\nInviting applications for the role of Principal Consultant-Sr. Snowflake Data Engineer (Snowflake+Python+Cloud)!\n\n\n\n\n\n\nIn this role, the Sr. Snowflake Data Engineer is responsible for providing technical direction and lead a group of one or more developer to address a goal.\n\n\n\n\n\n\nJob Description:\n\n\n\n\n\nExperience in IT industry\n\n\n\n\n\n\n\nWorking experience with building productionized data ingestion and processing data pipelines in Snowflake\n\n\n\n\n\n\n\nStrong understanding on Snowflake Architecture\n\n\n\n\n\n\n\nFully well-versed with data warehousing concepts.\n\n\n\n\n\n\n\nExpertise and excellent understanding of Snowflake features and integration of Snowflake with other data processing.\n\n\n\n\n\n\n\nAble to create the data pipeline for ETL/ELT\n\n\n\n\n\n\n\nGood to have DBT experience\n\n\n\n\n\n\n\nExcellent presentation and communication skills, both written and verbal Ability to problem solve and architect in an environment with unclear requirements.\n\n\n\n\n\n\n\nAble to create the high level and low-level design document based on requirement.\n\n\n\n\n\n\n\n\n\nHands on experience in configuration, troubleshooting, testing and managing data platforms, on premises or in the cloud.\n\n\n\n\n\n\n\nAwareness on data visualisation tools and methodologies\n\n\n\n\n\n\n\nWork independently on business problems and generate meaningful insights\n\n\n\n\n\n\n\nGood to have some experience/knowledge on Snowpark or Streamlit orGenAI but not mandatory.\n\n\n\n\n\n\n\nShould have experience on implementing Snowflake Best Practices\n\n\n\n\n\n\n\nSnowflake SnowPro Core Certification will be added an advantage\n\n\n\n\n\n\n\n\n\n\n\nRoles and Responsibilities:\n\n\n\n\n\nRequirement gathering, creating design document, providing solutions to customer, work with offshore team etc.\n\n\n\n\n\n\n\nWriting SQL queries against Snowflake,developing scripts to do Extract, Load, and Transform data.\n\n\n\n\n\n\n\nHands-on experience with Snowflake utilities such as SnowSQL, Bulk copy, Snowpipe, Tasks, Streams, Time travel, Cloning, Optimizer, Metadata Manager, data sharing, stored procedures and UDFs, Snowsight.\n\n\n\n\n\n\n\nHave experience with Snowflake cloud data warehouse and AWS S3 bucket or Azure blob storage container for integrating data from multiple source system.\n\n\n\n\n\n\n\nShould have have some exp on AWS services (S3, Glue, Lambda) or Azure services ( Blob Storage, ADLS gen2, ADF)\n\n\n\n\n\n\n\nShould have good experience in Python/Pyspark.integration with Snowflake and cloud(AWS/Azure) with ability to leverage cloud services for data processing and storage.\n\n\n\n\n\n\n\nProficiency in Python programming language, including knowledge of data types, variables, functions, loops, conditionals, and other Python-specific concepts.\n\n\n\n\n\n\n\nKnowledge of ETL (Extract, Transform, Load) processes and tools, and ability to design and develop efficient ETL jobs using Python and Pyspark.\n\n\n\n\n\n\n\nShould have some experience on Snowflake RBAC and data security.\n\n\n\n\n\n\n\nShould have good experience in implementing CDC or SCDtype-2.\n\n\n\n\n\n\n\nShould have good experience in implementing Snowflake Best Practices\n\n\n\n\n\n\n\n\n\nIn-depth understanding of Data Warehouse, ETL concepts and Data Modelling\n\n\n\n\n\n\n\nExperience in requirement gathering, analysis, designing, development, and deployment.\n\n\n\n\n\n\n\nShould Have experience building data ingestion pipeline\n\n\n\n\n\n\n\nOptimize and tune data pipelines for performance and scalability\n\n\n\n\n\n\n\nAble to communicate with clients and lead team.\n\n\n\n\n\n\n\nProficiency in working with Airflow or other workflow management tools for scheduling and managing ETL jobs.\n\n\n\n\n\n\n\nGood to have experience in deployment using CI/CD tools and exp in repositories like Azure repo ,Github etc.\n\n\n\n\n\n\n\n\n\n\n\n\n\n\n\n\n\nQualifications we seek in you!\n\n\n\nMinimum qualifications\n\n\n\n\n\n\n\n\nB.E./ Masters in Computer Science, Information technology, or Computer engineering or any equivalent degree withgood IT experience and relevant as Senior Snowflake Data Engineer.\n\n\n\n\n\n\n\nSkill Metrix:\n\n\n\n\n\n\n\n\n\n\nSnowflake, Python/PySpark, AWS/Azure, ETL concepts, Data Modeling & Data Warehousing concepts\n\n\n\n\n\n\n\n\n\n\n\n\n\n\n\n\nWhy join Genpact\n\n\n\n\n\nBe a transformation leader - Work at the cutting edge of AI, automation, and digital innovation\n\n\n\n\n\n\n\nMake an impact - Drive change for global enterprises and solve business challenges that matter\n\n\n\n\n\n\n\nAccelerate your career - Get hands-on experience, mentorship, and continuous learning opportunities\n\n\n\n\n\n\n\nWork with the best - Join 140,000+ bold thinkers and problem-solvers who push boundaries every day\n\n\n\n\n\n\n\nThrive in a values-driven culture - Our courage, curiosity, and incisiveness - built on a foundation of integrity and inclusion - allow your ideas to fuel progress\n\n\n\n\n\nCome join the tech shapers and growth makers at Genpact and take your career in the only direction that matters: Up.\n\n\n\nLet&rsquos build tomorrow together.\n\n\n\n\n\n\nGenpact is an Equal Opportunity Employer and considers applicants for all positions without regard to race, color, religion or belief, sex, age, national origin, citizenship status, marital status, military/veteran status, genetic information, sexual orientation, gender identity, physical or mental disability or any other characteristic protected by applicable laws. Genpact is committed to creating a dynamic work environment that values respect and integrity, customer focus, and innovation.\nFurthermore, please do note that Genpact does not charge fees to process job applications and applicants are not required to pay to participate in our hiring process in any other way. Examples of such scams include purchasing a 'starter kit,' paying to apply, or purchasing equipment or training.",IT/Computers - Hardware & Networking,"['Airflow', 'snowflake', 'dbt', 'Pyspark', 'Data Warehousing', 'Azure', 'Python', 'Etl', 'AWS']",2025-06-17 06:00:47
AI Data Engineer,NTT Data,Fresher,,"Hyderabad, India","Req ID:303765\nNTT DATA strives to hire exceptional, innovative and passionate individuals who want to grow with us. If you want to be part of an inclusive, adaptable, and forward-thinking organization, apply now.\nWe are currently seeking a AI Data Engineer to join our team in Hyderabad, Telangana (IN-TG), India (IN).\nJob Title: Data Science & AIML, GenAI Lead/Engineer\nKey Responsibilities:\n. Develop and implement traditional machine learning algorithms.\n. Deploy at least one model in a production environment.\n. Write and maintain Python code for data science and machine learning projects.\nPreferred Qualifications:\n. Knowledge of Deep Learning (DL) techniques.\n. Experience working with Generative AI (GenAI) and Large Language Models (LLM).\n. Exposure to Langchain.\n#GenAINTT\nAbout NTT DATA\nNTT DATA is a $30 billion trusted global innovator of business and technology services. We serve 75% of the Fortune Global 100 and are committed to helping clients innovate, optimize and transform for long term success. As a Global Top Employer, we have diverse experts in more than 50 countries and a robust partner ecosystem of established and start-up companies. Our services include business and technology consulting, data and artificial intelligence, industry solutions, as well as the development, implementation and management of applications, infrastructure and connectivity. We are one of the leading providers of digital and AI infrastructure in the world. NTT DATA is a part of NTT Group, which invests over $3.6 billion each year in R&D to help organizations and society move confidently and sustainably into the digital future. Visit us at\nNTT DATA endeavors to make accessible to any and all users. If you would like to contact us regarding the accessibility of our website or need assistance completing the application process, please contact us at . This contact information is for accommodation requests only and cannot be used to inquire about the status of applications. NTT DATA is an equal opportunity employer. Qualified applicants will receive consideration for employment without regard to race, color, religion, sex, sexual orientation, gender identity, national origin, disability or protected veteran status. For our EEO Policy Statement, please click . If you'd like more information on your EEO rights under the law, please click . For Pay Transparency information, please click.",IT/Computers - Software,"['Generative AI', 'Langchain', 'Large Language Models', 'Machine Learning', 'Python', 'Deep Learning']",2025-06-17 06:00:48
Data Engineer,Clifyx Technology,10-15 Years,,Bengaluru,"Required Skills and Experience:\n10+ years of experience in data engineering with a strong focus on Databricks.\nExperience with Databricks interface, including the workspace, clusters, and notebook organization.\nKnowledge of how notebooks integrate with Azure services such as Azure Data Lake and Azure Blob Storage.\nStrong knowledge of Python, SQL, and Spark for data transformation and writing code in notebooks for data manipulation and analysis.\nHands-on experience with Microsoft Power Platform.\nExperience with JSON, REST APIs, and Data Modeling.\nProficiency in CI/CD tools and processes.\nStrong analytical and problem-solving skills.\nDesign, develop, and maintain scalable data pipelines using Databricks.\nImplement CI/CD processes to automate and streamline data workflows.\nCollaborate with data scientists, analysts, and other engineers to understand data requirements and deliver solutions.",Recruiting,"['B4HANA', 'Lakehouse', 'CI/CD', 'Databricks', 'Python', 'Pyspark', 'Kafka', 'Sql', 'Devops', 'Data Modelling']",2025-06-17 06:00:49
Data Engineer,Iospl Technology Services,4-6 Years,,Ahmedabad,Job Responsibilities:\nTo transition legacy Rules from Python using the Polars Library to SparkSQL\nTo create new Rules using SparkSQL based on written requirements.\nMust Have Skills:\nUnderstanding of Polars library\nUnderstanding of SparkSQL (this is more important than Polars)\nGood English communication\nAbility to work in a collaborative environment\nExperience with US healthcare data preferred\nUnderstanding of SparkSQL (this is more important than Polars),Information Technology,"['polars', 'us healthcare data', 'Collaboration', 'Sparksql', 'python', 'Sql']",2025-06-17 06:00:51
Data Engineer,Iospl Technology Services,4-6 Years,,Pune,Job Responsibilities:\nTo transition legacy Rules from Python using the Polars Library to SparkSQL\nTo create new Rules using SparkSQL based on written requirements.\nMust Have Skills:\nUnderstanding of Polars library\nUnderstanding of SparkSQL (this is more important than Polars)\nGood English communication\nAbility to work in a collaborative environment\nExperience with US healthcare data preferred\nUnderstanding of SparkSQL (this is more important than Polars),Information Technology,"['polars', 'us healthcare data', 'Collaboration', 'Sparksql', 'python', 'Sql']",2025-06-17 06:00:52
Data Engineer,Iospl Technology Services,4-6 Years,,Hyderabad,Job Responsibilities:\nTo transition legacy Rules from Python using the Polars Library to SparkSQL\nTo create new Rules using SparkSQL based on written requirements.\nMust Have Skills:\nUnderstanding of Polars library\nUnderstanding of SparkSQL (this is more important than Polars)\nGood English communication\nAbility to work in a collaborative environment\nExperience with US healthcare data preferred\nUnderstanding of SparkSQL (this is more important than Polars),Information Technology,"['polars', 'us healthcare data', 'Collaboration', 'Sparksql', 'python', 'Sql']",2025-06-17 06:00:54
Data engineer,Aqilea,8-13 Years,,Bengaluru,"Responsibilities:\nTake end-to-end responsibility to build, optimize and support of existing and new data products towards the defined target vision\nBe a champion of DevOps mindset and principles and able to manage CI/CD pipelines and terraform as well as Cloud infrastructure, in our context, it is GCP (Google Cloud Platform).\nTo transform data into meaningful insights primarily using DBT and GCP Bigquery\nEnsure that our built data products work as independent units of deployment and non-functional aspects of the data products follow the defined standards for security, scalability, observability, and performance.\nWork close to the Product Owner and other stakeholders around vision for existing data products and identifying new data products to support our customer needs\nWork with product teams within and outside our domain around topics that relate to the data mesh concept.\nEvaluate and drive continuous improvement and reducing technical debt in the teams\nMaintain expertise in latest data/analytics and cloud technologies\nQualifications\nPassion for Data, people, and technology\nAt least 8+ years work experience including hands-on as either:\nData engineer on modern cloud data platforms /or advanced analytics environments.\nSoftware Engineer with cloud technologies and infrastructure\nExcellent Experience with DBT\nExperience in different data formats (Avro, Parquet)\nExperience in data query languages (SQL or similar)\nExperience in data centric programming using one of more programming languages Python, Java /or Scala.\nGood understanding of different data modelling techniques and trade-off\nKnowledge of NoSQL and RDBMS databases\nHave a collaborative and co-creative mindset with excellent communication skills\nMotivated to work in an environment that allows you to work and take decisions independently\nExperience in working with data visualization tools\nFluent in English both written and verbal\n\nAdvantage if you also have:\nExperience in GCP tools Dataflow, Dataproc and Bigquery\nExperience in data processing framework Beam, Spark, Hive, Flink\nBusiness understanding of retail industry",Information Technology,"['Consulting', 'Data Processing', 'Continuous Improvement', 'Nosql', 'RDBMS', 'Gcp', 'Scala', 'Data Visualization']",2025-06-17 06:00:55
Data engineer,Aqilea,8-13 Years,,Bengaluru,"Responsibilities:\nTake end-to-end responsibility to build, optimize and support of existing and new data products towards the defined target vision\nBe a champion of DevOps mindset and principles and able to manage CI/CD pipelines and terraform as well as Cloud infrastructure, in our context, it is GCP (Google Cloud Platform).\nTo transform data into meaningful insights primarily using DBT and GCP Bigquery\nEnsure that our built data products work as independent units of deployment and non-functional aspects of the data products follow the defined standards for security, scalability, observability, and performance.\nWork close to the Product Owner and other stakeholders around vision for existing data products and identifying new data products to support our customer needs\nWork with product teams within and outside our domain around topics that relate to the data mesh concept.\nEvaluate and drive continuous improvement and reducing technical debt in the teams\nMaintain expertise in latest data/analytics and cloud technologies\nQualifications\nPassion for Data, people, and technology\nAt least 8+ years work experience including hands-on as either:\nData engineer on modern cloud data platforms /or advanced analytics environments.\nSoftware Engineer with cloud technologies and infrastructure\nExcellent Experience with DBT\nExperience in different data formats (Avro, Parquet)\nExperience in data query languages (SQL or similar)\nExperience in data centric programming using one of more programming languages Python, Java /or Scala.\nGood understanding of different data modelling techniques and trade-off\nKnowledge of NoSQL and RDBMS databases\nHave a collaborative and co-creative mindset with excellent communication skills\nMotivated to work in an environment that allows you to work and take decisions independently\nExperience in working with data visualization tools\nFluent in English both written and verbal\n\nAdvantage if you also have:\nExperience in GCP tools Dataflow, Dataproc and Bigquery\nExperience in data processing framework Beam, Spark, Hive, Flink\nBusiness understanding of retail industry",Information Technology,"['Consulting', 'Data Processing', 'Continuous Improvement', 'Nosql', 'RDBMS', 'Gcp', 'Scala', 'Data Visualization']",2025-06-17 06:00:56
Data Engineer,Geetha Technology Solutions,4-9 Years,,Bengaluru,"4+ years of experience as a data developer using Python\nKnowledge in Spark, PySpark preferable but not mandatory\nAzure Cloud experience (preferred) Alternate Cloud\nexperience is fine preferred experience in Azure platform including\nAzure data Lake, data Bricks, data Factory\nWorking Knowledge on different file formats such as JSON, Parquet, CSV, etc.\nFamiliarity with data encryption, data masking\nDatabase experience in SQL Server is preferable\npreferred experience in NoSQL databases like MongoDB\nTeam player, reliable, self-motivated, and self-disciplined",Consulting,"['JSON/Parquet/CSV', 'Python', 'Azure Data Factory', 'Azure Data Lake', 'DataBricks', 'SQL Server']",2025-06-17 06:00:57
Data Engineer,Iospl Technology Services,4-6 Years,,Chennai,Job Responsibilities:\nTo transition legacy Rules from Python using the Polars Library to SparkSQL\nTo create new Rules using SparkSQL based on written requirements.\nMust Have Skills:\nUnderstanding of Polars library\nUnderstanding of SparkSQL (this is more important than Polars)\nGood English communication\nAbility to work in a collaborative environment\nExperience with US healthcare data preferred\nUnderstanding of SparkSQL (this is more important than Polars),Information Technology,"['polars', 'us healthcare data', 'Collaboration', 'Sparksql', 'python', 'Sql']",2025-06-17 06:00:58
Data Engineer,Clifyx Technology,5-8 Years,,Bengaluru,"Hands on experience in Test Automation tools such as Playwright, Protractor and must have TypeScript and JavaScript knowledge. Experience in Playwright is must.\nLead testing efforts, mentor team, and ensure quality assurance.\nCandidate should have good interpersonal and communication skills with Good testing knowledgeBankingTypeScript,",Recruiting,"['B4HANA', 'Lakehouse', 'CI/CD', 'Databricks', 'Python', 'Pyspark', 'Kafka', 'Sql', 'Devops']",2025-06-17 06:01:00
Data Engineer,Iospl Technology Services,4-6 Years,,Bengaluru,Job Responsibilities:\nTo transition legacy Rules from Python using the Polars Library to SparkSQL\nTo create new Rules using SparkSQL based on written requirements.\nMust Have Skills:\nUnderstanding of Polars library\nUnderstanding of SparkSQL (this is more important than Polars)\nGood English communication\nAbility to work in a collaborative environment\nExperience with US healthcare data preferred\nUnderstanding of SparkSQL (this is more important than Polars),Information Technology,"['polars', 'us healthcare data', 'Collaboration', 'Sparksql', 'python', 'Sql']",2025-06-17 06:01:01
Data engineer,Aqilea,4-9 Years,,Bengaluru,"Design and build scalable data architectures and pipelines that support machine learning, analytics, and IoT initiatives.\nDevelop and optimize data models and algorithms to process and analyse large-scale, complex data sets.\nImplement data governance, security, and compliance measures to ensure high-quality\nCollaborate with cross-functional teams (engineering, product, and business) to translate business requirements into data-driven solutions.\nEvaluate, integrate, and optimize new data technologies to enhance analytics capabilities and drive business outcomes.\nApply statistical methods, machine learning models, and data visualization techniques to deliver actionable insights.\nEstablish best practices for data management, including data quality, consistency, and scalability.\nConduct analysis to identify trends, patterns, and correlations within data to support strategic business initiatives.\nStay updated on the latest trends and innovations in data technologies and emerging data management practices.\nSkills Required :\nBachelors or masters degree in data science, Computer Science, Engineering, Statistics, or a related field.\n4.5-9 yearsof experience indata engineering, data science, or a similar analytical role, with a focus on emerging technologies.\nProficiency with big data frameworks (e.g., Hadoop, Spark, Kafka) and experience with modern cloud platforms (AWS, Azure, or GCP).\nSolid skills in Python, SQL, and optionally R, along with experience using machine learning libraries such as Scikit-learn, TensorFlow, or PyTorch.\nExperience with data visualization tools (e.g., Tableau or Power BI or D3.js) to communicate insights effectively.\nFamiliarity with IoT and edge computing data architectures is a plus.\nUnderstanding of data governance, compliance, and privacy standards.\nAbility to work with both structured and unstructured data.\nExcellent problem-solving, communication, and collaboration skills, with the ability to work in a fast-paced, cross-functional team environment.\nA passion for emerging technologies and a continuous desire to learn and innovate.",Information Technology,"['Computer Science', 'Backend', 'Consulting', 'Data Management', 'Machine Learning', 'Http']",2025-06-17 06:01:03
Data Engineer,Iospl Technology Services,4-6 Years,,Kolkata,Job Responsibilities:\nTo transition legacy Rules from Python using the Polars Library to SparkSQL\nTo create new Rules using SparkSQL based on written requirements.\nMust Have Skills:\nUnderstanding of Polars library\nUnderstanding of SparkSQL (this is more important than Polars)\nGood English communication\nAbility to work in a collaborative environment\nExperience with US healthcare data preferred\nUnderstanding of SparkSQL (this is more important than Polars),Information Technology,"['polars', 'us healthcare data', 'Collaboration', 'Sparksql', 'python', 'Sql']",2025-06-17 06:01:10
Data Engineer,Clifyx Technology,8-10 Years,,Bengaluru,"Strong communicator, from making presentations to technical writing\nExperience in financial domain preferably in the areas of Financial accounting and Risk.\nStrong data analysis and validation experience with attention to detail and understanding patterns\nGood understanding of Credit Risk, workflow and reporting solutions\nHave a flair for technology and are adept at leveraging the latest tools and technologies to increase team productivity and collaboration across dispersed teams\nExperience in Python, SQL and PL/SQL (Oracle) and writing queries, scripts.\nA real passion for and experience of Agile working practices, with a strong desire to work with baked in quality subject areas such as TDD, BDD, test automation and DevOps principles\nExperience using DevOps toolsets like GitLab\nHas prior experience of working on databases and usage of SQL to perform data analysis, preferably cloud technologies\nFamiliar with Azure Native Cloud services, software design and enterprise integration patterns.\nExperience working with / exposure to NLP, Gen AI, ML and data modelling projects, a plus\nHas prior experience of working on IT projects and has knowledge and experience of software development life cycle using Agile methodology\nIs we'll structured, very reliable and dedicated; has high attention to detail, has ability to handle a significant number of dependencies and issues ensuring nothing is missed out.\nHas excellent written and verbal communication skills, inter-personal and negotiation skills\nAbility to work as part of a global team with multiple delivery teams and engage with stakeholders at various levels\nAble to challenge the status quo and if required have the ability to push-back demands from stakeholders with right justification\nSomeone with a general ability to pick up information quickly and turn around deliverables under pressure\nA team player with excellent people management skills\nTakes ownership of tasks assigned to ultimate resolution\nAccuracy and timeliness of delivering solutions using the best IT standards and practices",Recruiting,"['Python', 'Sql', 'Devops', 'Azure', 'Agile']",2025-06-18 06:36:42
Azure Data Engineer (Mid),Syren Technologies Private Limited,5-8 Years,,Hyderabad,"Interpret data, analyze results using statistical techniques and provide ongoing reports\nDevelop and implement databases, data collection systems, data analytics, and other strategies that optimize efficiency and quality\nAcquire data from primary or secondary data sources and maintain databases/data systems\nWork with business stakeholders, project managers, business analysts, and other IT teams to understand the business needs and their requirements\nResponsible for designing, developing, implementing, and managing distributed applications and systems on Azure Cloud platform\nResponsible for ETL development, data analysis, technical design, and testing\nYou would be an individual contributor and/or oversee a small work effort and/or team\nAble to shift between priorities as needed throughout the workday\nRequirements\nDegree in computer science or equivalent preferred\nProven working experience as a Data Analyst or Business Data Analyst\n5+ Years of Hands-on experience with data modeling, database design, data mining, and segmentation techniques\n5+ years of experience in SQL database and TSQL\n3+ years of experience on ETL frameworks - Informatica or SSIS\nKnowledge of statistics and experience using statistical packages for analyzing datasets (Excel, SSIS, SAS, etc.)\nStrong analytical skills with the ability to collect, organize, analyze, and broadcast significant amounts of information with attention to detail and accuracy\nExperience dealing with structured, unstructured data\nPreferred to have Python, Spark experience\nNice to have designed and develop automation solutions utilizing Python\nEDW experience preferred - Azure Databricks, RedShift, Azure Synapse, etc",Software,"['Sql', 'Tsql', 'Etl', 'Informatica', 'Azure Databricks', 'Python']",2025-06-18 06:36:45
Azure Data Engineer (Mid),Syren Technologies Private Limited,5-8 Years,,Hyderabad,"Interpret data, analyze results using statistical techniques and provide ongoing reports\nDevelop and implement databases, data collection systems, data analytics, and other strategies that optimize efficiency and quality\nAcquire data from primary or secondary data sources and maintain databases/data systems\nWork with business stakeholders, project managers, business analysts, and other IT teams to understand the business needs and their requirements\nResponsible for designing, developing, implementing, and managing distributed applications and systems on Azure Cloud platform\nResponsible for ETL development, data analysis, technical design, and testing\nYou would be an individual contributor and/or oversee a small work effort and/or team\nAble to shift between priorities as needed throughout the workday\nRequirements\nDegree in computer science or equivalent preferred\nProven working experience as a Data Analyst or Business Data Analyst\n5+ Years of Hands-on experience with data modeling, database design, data mining, and segmentation techniques\n5+ years of experience in SQL database and TSQL\n3+ years of experience on ETL frameworks - Informatica or SSIS\nKnowledge of statistics and experience using statistical packages for analyzing datasets (Excel, SSIS, SAS, etc.)\nStrong analytical skills with the ability to collect, organize, analyze, and broadcast significant amounts of information with attention to detail and accuracy\nExperience dealing with structured, unstructured data\nPreferred to have Python, Spark experience\nNice to have designed and develop automation solutions utilizing Python\nEDW experience preferred - Azure Databricks, RedShift, Azure Synapse, etc",Software,"['Sql', 'Tsql', 'Etl', 'Informatica', 'Azure Databricks', 'Python']",2025-06-18 06:36:45
AWS Data Engineer with Redshift,Zensar Technologies Limited,3-6 Years,,"Kolkata, Mumbai, Pune","Description\nWe are looking for an experienced AWS Data Engineer to join our team in India. The ideal candidate will have 3-6 years of experience in data engineering, with a strong focus on AWS technologies. You will be responsible for building and maintaining robust data pipelines, ensuring data quality, and collaborating with various teams to deliver actionable insights from data.\nResponsibilities\nDesign, develop, and maintain scalable data pipelines using AWS services such as AWS Glue, AWS Lambda, and Amazon Redshift.\nImplement data ingestion strategies and ensure data quality across various data sources.\nCollaborate with data scientists and analysts to understand data requirements and deliver optimized data solutions.\nMonitor and troubleshoot data workflows, ensuring high availability and performance.\nOptimize database and ETL processes for improved efficiency and lower costs.\nSkills and Qualifications\nBachelor's degree in Computer Science, Engineering, or a related field.\n3-6 years of experience in data engineering or related roles, preferably with AWS.\nProficiency in AWS services such as S3, Glue, Redshift, RDS, and Athena.\nStrong knowledge of SQL and experience with data modeling and ETL processes.\nExperience with programming languages such as Python or Scala for data manipulation and scripting.\nFamiliarity with data warehousing concepts and architecture.\nKnowledge of big data technologies such as Apache Spark or Hadoop is a plus.\nExperience with version control systems like Git.","Information Technology, Information Services","['Redshift', 'AWS']",2025-06-18 06:36:46
Sr Data Engineer,Geetha Technology Solutions,1-3 Years,,Chennai,"Strong experience in Python\nGood experience in Databricks\nExperience working in AWS/Azure Cloud Platform.\nExperience working with REST APIs and services, messaging and event technologies.\nExperience with ETL or building Data Pipeline tools\nExperience with streaming platforms such as Kafka.\nDemonstrated experience working with large and complex data sets.\nAbility to document data pipeline architecture and design\nExperience in Airflow is nice to have\nTo build complex Deltalake",Consulting,"['Delta Lake', 'Python', 'Databricks', 'AWS', 'Kafka', 'Etl']",2025-06-18 06:36:48
Mid Data Engineer,Clifyx Technology,5-10 Years,,"Hyderabad, Bengaluru","We are seeking a Mid Data Engineer with a strong background in big data technologies to join our dynamic team. The ideal candidate will be instrumental in designing, developing, and optimizing data processing pipelines and analytics solutions on the Databricks platform. This role requires a professional who is passionate about building scalable and reliable data solutions and eager to contribute to our data-driven initiatives.\nKey Responsibilities\nDesign and develop robust data processing pipelines and analytics solutions primarily using Databricks, PySpark, and SQL.\nArchitect scalable and efficient data models and storage solutions on the Databricks platform.\nCollaborate closely with architects and other teams to facilitate the migration of existing solutions to Databricks.\nOptimize the performance and reliability of Databricks clusters and jobs to consistently meet service level agreements (SLAs) and business requirements.\nImplement best practices for data governance, security, and compliance within the Databricks environment.\nMentor junior engineers, providing technical guidance and fostering their growth.\nStay current with emerging technologies and trends in data engineering and analytics to drive continuous improvement.\nContribute to a fast-paced environment, delivering scalable and reliable data solutions.\nDemonstrate strong communication and collaboration skills, working effectively within cross-functional teams.\nRequired Skills & Experience\nTotal Years of Experience: 6+ years.\nRelevant Years of Experience: 5+ years in Data Engineering.\nMandatory Skills: Databricks: 5+ Years of experience.\nPySpark: 5+ Years of experience.\nSpark: 5+ Years of experience.\nSQL: 5+ Years of experience.\nStrong understanding of distributed computing principles and extensive experience with big data technologies such as Apache Spark.\nProven track record of delivering scalable and reliable data solutions.\nCloud Platforms: 2+ Years of experience with AWS (or other cloud platforms such as Azure, GCP, and their associated data services).\nProblem-Solving: Excellent problem-solving skills and meticulous attention to detail.\nGood to Have Skills\nExperience with containerization technologies such as Docker and Kubernetes.\nKnowledge of DevOps practices for automated deployment and monitoring of data pipelines.\nLogistics & Compensation\nVendor Billing Range: INR 8000/Day.\nNotice Period: 15 days.\nWork Model: Hybrid.\nBackground Check: Post onboarding.\nTo Apply:\nIf you are a passionate Data Engineer looking for an exciting opportunity to work with cutting-edge technologies, please apply with your resume.","Recruiting, Staffing Agency","['Data Bricks', 'AWS', 'Azure', 'Gcp', 'Pyspark', 'Sql']",2025-06-18 06:36:49
Azure Data Engineer || Noida || Immediate joiner only,Compunnel Technology India Private Limited,7-12 Years,INR 18 - 20 LPA,"Noida, Delhi NCR","Position Overview:We are seeking a skilled Azure Data Engineer to join our dynamic team. The ideal candidate will have extensive experience in data engineering, working with Azure cloud services, and designing and implementing scalable data solutions. You will play a crucial role in developing, optimizing, and maintaining data pipelines and architectures, ensuring data quality and availability across various platforms.\nKey Responsibilities:\nDesign, develop, and maintain data pipelines and ETL processes using Azure Data Factory, Azure Databricks, and Azure Synapse Analytics.\nBuild and optimize data storage solutions using Azure Data Lake, Azure SQL Database, and Azure Cosmos DB.\nCollaborate with data scientists, analysts, and business stakeholders to understand data requirements and deliver solutions.\nImplement data quality checks, data governance, and security best practices across data platforms.\nMonitor, troubleshoot, and optimize data workflows for performance and scalability.\nDevelop and maintain data models, data cataloging, and metadata management.\nAutomate data integration and transformation processes using Azure DevOps and CI/CD pipelines.\nStay up-to-date with emerging Azure technologies and data engineering trends.\nQualifications:\nBachelors degree in Computer Science, Information Technology, or a related field.\n6+ years of experience in data engineering with a focus on Azure cloud services.\nProficiency in Azure Data Factory, Azure Databricks, Azure Synapse Analytics, and Azure SQL Database.\nStrong experience with SQL, Python, or other scripting languages.\nFamiliarity with data modeling, ETL design, and big data tools such as Hadoop or Spark.\nExperience with data warehousing concepts, data lakes, and data pipelines.\nUnderstanding of data governance, data quality, and security best practices.\nExcellent problem-solving skills and ability to work in a fast-paced, collaborative environment.\nPreferred Skills:\nAzure certification (e.g., Microsoft Certified: Azure Data Engineer Associate) is a plus.\nExperience with Azure Logic Apps, Azure Functions, and API Management.\nKnowledge of Power BI, Tableau, or other data visualization tools.",Information Technology,"['Data Bricks', 'Data Factory', 'Data Modeling', 'Data Lake', 'Data Warehousing', 'Cosmos DB', 'Azure', 'Sql', 'Python', 'Etl']",2025-06-18 06:36:51
Sr Azure Data Engineer,Syren Technologies Private Limited,5-7 Years,,Hyderabad,"Design and develop business-critical backend systems using stream processors and high-quality data pipelines.\nAssemble large, complex data sets that meet functional / non-functional business requirements.\nBuild the infrastructure required for optimal extraction, transformation, and loading of data from a wide variety of data sources using SQL and Azure big data technologies.\nBuild a cloud-native, real-time stream processing data lake platform that scales into the Zettabytes and beyond.\nBuild a data pipeline to provide actionable insights into customer acquisition, operational efficiency, and other key business performance metrics.\nAbility to automate data pipelines using DevOps tools.\nPerform root cause analysis on external and internal processes and data to identify opportunities for improvement.\nBuild processes that support data transformation, workload management, data structures, dependency, and metadata.\nAdopt for change, always open to replacing what you built yesterday with something better today.\nWork with all stakeholders to design and code large-scale batch and real-time data pipelines on Azure.\nPerform code reviews, and lead by example on code refactoring for readability, extensibility, and testability.\nRequirements\nA bachelors degree in computer science or equivalent.\n5+ years of experience as a Data Engineer.\nExperience with Azure big data tools: Azure Databricks, Azure Synapse, HDInsight, ADLS.\nExperience with relational SQL and NoSQL databases.\nExcellent problem solving and analytic skills associated with working on structured and unstructured datasets using Azure big data tools.\nExperience with data pipeline and workflow management tools: ADF and Logic Apps.\nExperience with Azure cloud services: VM, Azure Databricks, Azure SQL DB, Azure Synapse.\nExperience with stream-processing systems: Azure Streams.\nExperience with scripting languages Python, and have strong knowledge in developing Python notebooks.",Software,"['stream processing', 'Azure Databricks', 'Azure Synapse', 'Sql', 'python', 'Azure Data Factory']",2025-06-18 06:36:52
Lead Azure Data Engineer,Syren Technologies Private Limited,1-5 Years,,Hyderabad,"Interpret data, analyze results using statistical techniques and provide ongoing reports\nDevelop and implement databases, data collection systems, data analytics, and other strategies that optimize efficiency and quality\nAcquire data from primary or secondary data sources and maintain databases/data systems\nWork with business stakeholders, project managers, business analysts, and other IT teams to understand the business needs and their requirements\nResponsible for designing, developing, implementing, and managing distributed applications and systems on Azure Cloud platform\nResponsible for ETL development, data analysis, technical design, and testing\nYou would be an individual contributor and/or oversee a small work effort and/or team\nAble to shift between priorities as needed throughout the workday\nRequirements\nGood Programming skills in Scala/ Pyspark/ python\nStrong SQL/PLSQL knowledge, Datamodelling\nGather and elicit requirements from business users and translate them into technical requirements\nUnderstand source systems and perform data profiling\nDocument source table details and appropriate transformation rules that needs to be applied on the target tables/reports\nWork closely with the business, IT teams, project managers, Architects, developers, and Modelers\nExperience in Translating Business requirements into Code and deliver the required result\nExperience working with Azure Cloud Data Platform solutions\nGood communication skill and able to work on multiple projects",Software,"['Scala', 'Pyspark', 'Python', 'Sql', 'Data Modeling', 'Azure Cloud']",2025-06-18 06:36:54
Lead Azure Data Engineer,Syren Technologies Private Limited,1-5 Years,,Hyderabad,"Interpret data, analyze results using statistical techniques and provide ongoing reports\nDevelop and implement databases, data collection systems, data analytics, and other strategies that optimize efficiency and quality\nAcquire data from primary or secondary data sources and maintain databases/data systems\nWork with business stakeholders, project managers, business analysts, and other IT teams to understand the business needs and their requirements\nResponsible for designing, developing, implementing, and managing distributed applications and systems on Azure Cloud platform\nResponsible for ETL development, data analysis, technical design, and testing\nYou would be an individual contributor and/or oversee a small work effort and/or team\nAble to shift between priorities as needed throughout the workday\nRequirements\nGood Programming skills in Scala/ Pyspark/ python\nStrong SQL/PLSQL knowledge, Datamodelling\nGather and elicit requirements from business users and translate them into technical requirements\nUnderstand source systems and perform data profiling\nDocument source table details and appropriate transformation rules that needs to be applied on the target tables/reports\nWork closely with the business, IT teams, project managers, Architects, developers, and Modelers\nExperience in Translating Business requirements into Code and deliver the required result\nExperience working with Azure Cloud Data Platform solutions\nGood communication skill and able to work on multiple projects",Software,"['Scala', 'Pyspark', 'Python', 'Sql', 'Data Modeling', 'Azure Cloud']",2025-06-18 06:36:55
Data Engineer,Comviva Technology,2-3 Years,,"Delhi, Kolkata, Mumbai","Responsibilities:-\nAnalyze and organize raw data\nBuild data systems and pipelines (Apache Nifi)\nEvaluate business needs and objectives\nInterpret trends and patterns\nConduct complex data analysis and report on results\nPrepare data for prescriptive and predictive modeling\nBuild algorithms and prototypes\nCombine raw information from different sources\nExplore ways to enhance data quality and reliability (Spark)\nAirflow to schedule and execute py-spark job.\nIdentify opportunities for data acquisition\nDevelop analytical tools and programs\nCollaborate with data scientists and architects on several projects\nRequirements and skills:-\n2-3 year of experience as a data engineer\nTechnical expertise with data models, data mining, and segmentation techniques\nKnowledge of programming languages (e.g. Java and Python)\nHands-on experience with SQL database design\nGreat numerical and analytical skills\nBachelor Degree in Computer Science, IT, or similar field; a Master s is a plus\nData engineering certification (e.g IBM Certified Data Engineer) is a plus",Software,"['Analytical Skills', 'Data Analysis', 'Database Design', 'Programming', 'Data Quality', 'Predictive Modeling', 'Data mining', 'Apache']",2025-06-18 06:36:56
Data Engineer,Evalueserve.com Private Limited,10-15 Years,,Gurugram,"About Data Analytics (DA)\nData Analytics is one of the highest growth practices within Evalueserve, providing you rewarding career opportunities. Established in 2014, the global DA team extends beyond\n1000+ (and growing) data science professionals across data engineering, business intelligence, digital marketing, advanced analytics, technology, and product engineering. Our\nmore tenured teammates, some of whom have been with Evalueserve since it started more than 20 years ago, have enjoyed leadership opportunities in different regions of the world\nacross our seven business lines.\nWhat you will be doing at Evalueserve:\nPossess good knowledge of different cloud platforms\nHave comprehensive understanding of technologies such as snowflake and shell scripting\nHave extensive knowledge of the Hadoop ecosystem, including HDFS, Map Reduce, Hive, Kafka, Storm, Oozie, and Sqoop\nBe familiar with version control tools such as GitHub\nPossess in-depth knowledge of structured, semi structured, and unstructured datasets\nProficient in Hadoop, PySpark, Python and related technologies\nDeep technical knowledge of modern, distributed computing frameworks and platforms,\nAdvanced working knowledge in implementing data pipelines on top of cloud technology stacks/On-premise\nStrong knowledge of SQL and performance tuning\nSolid knowledge of Linux environments\nOrchestration with Apache Nifi, Apache Airflow\nWorking knowledge of implementing CI / CD pipelines.\nLog analysis and monitoring using Splunk\nDatabricks, AWS, Snowflake.\nWhat were looking for:\nBachelors / Masters degree in computer science / engineering from a reputed university\n10+ years of experience in data warehousing, data management, and team management.\nMore than six years of experience in people management\nProject management certification\nHands-on experience as a delivery manager for multiple projects\nAbility to manage and execute competitive pilot programs\nStrong functional expertise in delivering thought leadership projects\nAbility to motivate a team to achieve client satisfaction\nExtensive knowledge of end-to-end solution development\nExcellent leadership and mentorship skills\nHands-on experience in improving delivery processes and automating leads\nAbility to clearly discern complex solutions, align them with business objectives, and deliver critical solutions\nHands-on experience in guiding and supporting peer consultants during a project\nAbility to handle stakeholders across diverse cultures and geographies",IT Management,"['Cloud Computing', 'Nosql', 'Hadoop', 'Data Modeling', 'Spark', 'Kafka', 'Data Warehousing', 'Sql', 'Python', 'Etl']",2025-06-18 06:36:58
Data Engineer,Ciel Hr,5-10 Years,,Chennai,"Experience: 58 years\nMandatory Skills:\nSpark\nSQL\nPython\nMust Have:\nRelevant experience of 58 years as a Data Engineer\nPreferred experience in related technologies as follows:\nSQL: 24 years of experience\nSpark: 12 years of experience\nNoSQL Databases: 12 years of experience\nDatabase Architecture: 23 years of experience\nCloud Architecture: 12 years of experience\nExperience in programming language like Python\nGood understanding of ETL (Extract, Transform, Load) concepts\nStrong analytical and problem-solving skills\nInclination for learning and being self-motivated\nKnowledge of ticketing tools like JIRA/SNOW\nGood communication skills to interact with customers on issues and requirements\nGood to Have:\nKnowledge/Experience in Scala",Human Resources,"['NoSQL Databases', 'JIRA/SNOW', 'Spark', 'Sql', 'Python', 'Etl', 'Scala']",2025-06-18 06:36:59
Data Engineer,Systechcorp Private Limited,2-6 Years,,Bengaluru,"Senior Data Engineer\nSkills :\nAzure Cloud technologies\nMandatory\nSynapse (Data Flow, Pipeline (including web call), Notebook (Pyspark))\nSQL expertise\nKey vault\nBlob Storage\nPreferable\nLogic Apps\nFunction App (C#)\nAPI Management\nGIT",Software,"['Data Flow', 'Git', 'Sql', 'Blob', 'Api']",2025-06-18 06:37:00
Data Engineer,Ciel Hr,6-7 Years,,"Chennai, Pune","Key Responsibilities:\nMandatory Skill: Spark,SQL and Python\nMust Have:\nRelevant experience of 6-9 years as a Data Engineer\nExperience in programming language like Python\nGood Understanding of ETL (Extract, Transform, Load) concepts\nGood analytical and problem-solving skills\nKnowledge of a ticketing tool like JIRA/SNOW\nGood communication skills to interact with Customers on issues & requirements.",Human Resources,"['Spark', 'Sql', 'Python', 'Etl Architect', 'Jira']",2025-06-18 06:37:02
Data Engineer,Sightspectrum,6-10 Years,,"Bengaluru, Chennai, Pune",Roles and Responsibilities:\nProficient in Python scripting and PySpark for data processing tasks\nStrong SQL capabilities with hands on experience managing big data using ETL tools like Informatica\nExperience with the AWS cloud platform and its data services including S3 Redshift Lambda EMR Airflow Postgres SNS and EventBridge\nSkilled in BASH Shell scripting\nUnderstanding of data lakehouse architecture particularly with Iceberg format is a plus\nPreferred Experience with Kafka and Mulesoft API\nUnderstanding of healthcare data systems is a plus\nExperience in Agile methodologies\nStrong analytical and problem-solving skills\nEffective communication and teamwork abilities\nResponsibilities\nDevelop and maintain data pipelines and ETL processes to manage large scale datasets\nCollaborate to design test data architectures to align with business needs\nImplement and optimize data models for efficient querying and reporting\nAssist in the development and maintenance of data quality checks and monitoring processes\nSupport the creation of data solutions that enable analytical capabilities,Information Technology,"['Glue', 'Pyspark', 'AWS', 'Python', 'Etl']",2025-06-18 06:37:09
Principal Consultant - Data Engineer (Snowflake+DBT),Genpact,Fresher,,Noida,"Genpact (NYSE: G) is a global professional services and solutions firm delivering outcomes that shape the future. Our 125,000+ people across 30+ countries are driven by our innate curiosity, entrepreneurial agility, and desire to create lasting value for clients. Powered by our purpose - the relentless pursuit of a world that works better for people - we serve and transform leading enterprises, including the Fortune Global 500, with our deep business and industry knowledge, digital operations services, and expertise in data, technology, and AI.\nInviting applications for the role of Principal Consultant - Data Engineer (DBT+Snowflake)!\nAs a Data Engineer, the candidate should possess strong expertise in Data analysis, Data Integration , Data transformation and ETL/ELT skills required to perform the role. Also he/she should possess the relevant domain experience in Investment Banking, exposure to Cloud preferably AWS.\nResponsibilities:\n1. Assist in the design and implementation of Snowflake-based analytics solution (data lake and data warehouse) on AWS\n2. Requirements definition, source data analysis and profiling, the logical and physical design of the data lake and data warehouse as well as the design of data integration and publication pipelines\n3. Develop Snowflake deployment and usage best practices\n4. Help educate the rest of the team members on the capabilities and limitations of Snowflake\n5. Build and maintain data pipelines adhering to suggested enterprise architecture principles and guidelines\n6. Design, build, test, and maintain data management systems\n7. Work in sync with internal and external team members like data architects, data scientists, data analysts to handle all sorts of technical issue\n8. Act as technical leader within the team\n9. Working in Agile/Lean model\n10. Deliver quality deliverables on time\n11. Translating complex functional requirements into technical solutions.\n12. Creation and maintenance of optimum data pipeline architecture for ingestion, processing of data\n13. Creation of necessary infrastructure for ETL jobs from a wide range of data sources using Talend, DBT, S3, Snowflake.\n14. Experience in Data storage technologies like Amazon S3, SQL, NoSQL\n15. Data modeling technical awareness\n16. Experience in working with stakeholders working in different time zones\nQualifications we seek in you!\nMinimum Qualifications:\nBachelor&rsquos Degree (Computer Science, Mathematics or Statistics) . relevant experience\nPreferred Qualifications/skills:\nWe appreciate candidate to have knowledge of the following:\n1. AWS data services development experience.\n2. Working knowledge on using Bigdata technologies.\n3. Experience in collaborating data quality and data governance team.\n4. Exposure to reporting tools like Tableau\n5. Apache Airflow, Apache Kafka (nice to have)\n6. Payments domain knowledge\n7. CRM, Accounting, etc. in depth understanding\n8. Regulatory reporting exposure\n\nGenpact is an Equal Opportunity Employer and considers applicants for all positions without regard to race, color, religion or belief, sex, age, national origin, citizenship status, marital status, military/veteran status, genetic information, sexual orientation, gender identity, physical or mental disability or any other characteristic protected by applicable laws. Genpact is committed to creating a dynamic work environment that values diversity and inclusion, respect and integrity, customer focus, and innovation. Get to know us at genpact.com and on LinkedIn, X, YouTube, and Facebook.\nFurthermore, please do note that Genpact does not charge fees to process job applications and applicants are not required to pay to participate in our hiring process in any other way. Examples of such scams include purchasing a 'starter kit,' paying to apply, or purchasing equipment or training.",IT/Computers - Hardware & Networking,"['Data Analysis', 'snowflake', 'S3', 'Tableau', 'Data Modeling', 'Data Integration', 'Sql', 'ELT', 'Nosql', 'Apache Airflow', 'Data Transformation', 'Apache Kafka', 'Talend', 'AWS', 'Etl']",2025-06-19 06:07:57
"Consultant, Data Engineer",Genpact,Fresher,,Hyderabad,"Genpact (NYSE: G) is a global professional services and solutions firm delivering outcomes that shape the future. Our 125,000+ people across 30+ countries are driven by our innate curiosity, entrepreneurial agility, and desire to create lasting value for clients. Powered by our purpose - the relentless pursuit of a world that works better for people - we serve and transform leading enterprises, including the Fortune Global 500, with our deep business and industry knowledge, digital operations services, and expertise in data, technology, and AI.\n\n\nInviting applications for the role of Consultant, (Data engineer) to support and improve a production environment consist of enterprise data load implemented on snowflake\n\nMust be fluent in the manipulation of data and ETL concepts\n\n\nDatabase development. Must be fluent in the manipulation of data, ETL concepts, and query optimization.\n\nResponsibilities\n\nData engineer to support and improve a production environment consist of enterprise data load implemented on snowflake.\n\nSound knowledge of data ingestion Stream-sets pipelines. Should be able to understand different stages along with its configuration.\n\nShould have good understanding of snowflake SQL (table, views etc.)\n\nMotivated self-learner with ability to learn new Data Analytics Platform components (snowflake, Snow SQL, AWS S3, API)\n\nExperience managing small teams within an IT support function.\n\nResolves problems that are diversified & complex and frequently involves issues that have not been encountered before.\n\nGood written and verbal communication skills\n\nReady to adapt to evolving technologies with simultaneous support to existing frameworks.\n\nPrioritize, plan, and handle multiple tasks effectively.\n\n\nQualifications we seek in you!\n\nMinimum Qualifications\n\n.Experience with B.Tech/B.E/ MCA\n\n.Excellent written and verbal communication skills\n\nPreferred Qualifications/ Skills\n\n.Good understanding of snowflake SQL (table, views etc.)\n\n.Good knowledge of data ingestion Stream-sets pipelines. Should be able to understand different stages along with its configuration.\n\n\nGenpact is an Equal Opportunity Employer and considers applicants for all positions without regard to race, color, religion or belief, sex, age, national origin, citizenship status, marital status, military/veteran status, genetic information, sexual orientation, gender identity, physical or mental disability or any other characteristic protected by applicable laws. Genpact is committed to creating a dynamic work environment that values respect and integrity, customer focus, and innovation. For more information, visit . Follow us on , , , and .",IT/Computers - Hardware & Networking,"['Data ingestion', 'snowflake', 'Stream-sets', 'Snow SQL', 'ETL concepts', 'Api', 'Sql', 'Aws S3']",2025-06-19 06:08:01
"Consultant, Data Engineer",Genpact,Fresher,,Hyderabad,"Genpact (NYSE: G) is a global professional services and solutions firm delivering outcomes that shape the future. Our 125,000+ people across 30+ countries are driven by our innate curiosity, entrepreneurial agility, and desire to create lasting value for clients. Powered by our purpose - the relentless pursuit of a world that works better for people - we serve and transform leading enterprises, including the Fortune Global 500, with our deep business and industry knowledge, digital operations services, and expertise in data, technology, and AI.\n\n\nInviting applications for the role of Consultant, (Data engineer) to support and improve a production environment consist of enterprise data load implemented on snowflake\n\nMust be fluent in the manipulation of data and ETL concepts\n\n\nDatabase development. Must be fluent in the manipulation of data, ETL concepts, and query optimization.\n\nResponsibilities\n\nData engineer to support and improve a production environment consist of enterprise data load implemented on snowflake.\n\nSound knowledge of data ingestion Stream-sets pipelines. Should be able to understand different stages along with its configuration.\n\nShould have good understanding of snowflake SQL (table, views etc.)\n\nMotivated self-learner with ability to learn new Data Analytics Platform components (snowflake, Snow SQL, AWS S3, API)\n\nExperience managing small teams within an IT support function.\n\nResolves problems that are diversified & complex and frequently involves issues that have not been encountered before.\n\nGood written and verbal communication skills\n\nReady to adapt to evolving technologies with simultaneous support to existing frameworks.\n\nPrioritize, plan, and handle multiple tasks effectively.\n\n\nQualifications we seek in you!\n\nMinimum Qualifications\n\n.Experience with B.Tech/B.E/ MCA\n\n.Excellent written and verbal communication skills\n\nPreferred Qualifications/ Skills\n\n.Good understanding of snowflake SQL (table, views etc.)\n\n.Good knowledge of data ingestion Stream-sets pipelines. Should be able to understand different stages along with its configuration.\n\n\nGenpact is an Equal Opportunity Employer and considers applicants for all positions without regard to race, color, religion or belief, sex, age, national origin, citizenship status, marital status, military/veteran status, genetic information, sexual orientation, gender identity, physical or mental disability or any other characteristic protected by applicable laws. Genpact is committed to creating a dynamic work environment that values respect and integrity, customer focus, and innovation. For more information, visit . Follow us on , , , and .",IT/Computers - Hardware & Networking,"['Data ingestion', 'snowflake', 'Stream-sets', 'Snow SQL', 'ETL concepts', 'Api', 'Sql', 'Aws S3']",2025-06-19 06:08:03
Azure Data Engineer,NTT Data,8-10 Years,,"Bengaluru, India","Req ID:329296\nNTT DATA strives to hire exceptional, innovative and passionate individuals who want to grow with us. If you want to be part of an inclusive, adaptable, and forward-thinking organization, apply now.\nWe are currently seeking a Azure Data Engineer to join our team in Bangalore, Karntaka (IN-KA), India (IN).\nRole description\nDesign, implement, and maintain data pipelines and data integration solutions using Azure Synapse\nDevelop and optimize data models and data storage solutions on Azure\nCollaborate with data scientists and analysts to implement data processing and data transformation tasks.\nEnsure data quality and integrity through data validation and cleansing methodologies.\nMonitor and troubleshoot data pipelines to identify and resolve performance issues.\nCollaborate with cross-functional teams to understand and prioritize data requirements.\nStay up-to-date with the latest trends and technologies in data engineering and Azure services.\nSkills:-\nBachelor's degree in IT, computer science, computer engineering, or similar\n8+ years of experience in Data Engineering.\nMicrosoft Azure Synapse Analytics experience is essential. (Azure Data Factory, Dedicated SQL Pool, Lake Database, Azure Storage)\nHands on experience in Spark notebooks(python or Scala) is mandatory\nEnd-to-end Data Warehouse experience: Ingestion, ETL, big data pipelines, data architecture, message queuing, BI/Reporting, and Data Security.\nAdvanced SQL/relational database knowledge and query authoring.\nDemonstrated experience in design and delivering data platforms for Business Intelligence and Data Warehouse.\nStrong skills in handling and analysing complex, high volume data with excellent attention in details.\nKnowledge of data modelling and data warehousing concepts, such as DataVault or 3NF.\nExperience with Data Governance (Quality, Lineage, Data dictionary, and Security).\nFamiliar with Agile methodology and Agile working environment.\nAbility to work alone with POs, BAs, Architects.\nAbout NTT DATA\nNTT DATA is a $30 billion trusted global innovator of business and technology services. We serve 75% of the Fortune Global 100 and are committed to helping clients innovate, optimize and transform for long term success. As a Global Top Employer, we have diverse experts in more than 50 countries and a robust partner ecosystem of established and start-up companies. Our services include business and technology consulting, data and artificial intelligence, industry solutions, as well as the development, implementation and management of applications, infrastructure and connectivity. We are one of the leading providers of digital and AI infrastructure in the world. NTT DATA is a part of NTT Group, which invests over $3.6 billion each year in R&D to help organizations and society move confidently and sustainably into the digital future. Visit us at\nNTT DATA endeavors to make accessible to any and all users. If you would like to contact us regarding the accessibility of our website or need assistance completing the application process, please contact us at . This contact information is for accommodation requests only and cannot be used to inquire about the status of applications. NTT DATA is an equal opportunity employer. Qualified applicants will receive consideration for employment without regard to race, color, religion, sex, sexual orientation, gender identity, national origin, disability or protected veteran status. For our EEO Policy Statement, please click . If you'd like more information on your EEO rights under the law, please click . For Pay Transparency information, please click.",IT/Computers - Software,"['Microsoft Azure Synapse Analytics', 'Dedicated SQL Pool', 'Spark notebooks', 'Lake Database', 'Bi Reporting', 'Agile Methodology', 'Scala', 'Data Architecture', 'Data Warehousing Concepts', 'Azure Data Factory', 'Data Security', 'Data Modelling', 'Advanced Sql', 'Data Governance', 'Azure Storage', 'Python', 'Etl']",2025-06-19 06:08:04
Senior Data Engineer,Hitachi Energy,8-13 Years,,Bengaluru,"Your Responsibilities:\nDesigning and implementing scalable and reliable data pipelines on the Azure platform\nDeveloping and maintaining data integration solutions using Azure Data Factory, Azure Databricks, and other Azure services\nEnsuring data quality and integrity by implementing best practices in data collection, processing, and storage\nCollaborating with data scientists, data analysts, and other stakeholders to understand their data needs and deliver actionable insights\nManaging and optimizing Azure data storage solutions such as Azure SQL Database, Azure Data Lake, and Azure Cosmos DB\nMonitoring the performance of data pipelines and implementing strategies for continuous improvement\nDeveloping and maintaining ETL processes to support data warehousing and analytics\nImplementing best practices for data governance, security, and compliance\nStaying up-to-date with the latest industry trends and technologies to continuously improve data engineering practices and methodologies\nLiving Hitachi Energys core values of safety and integrity, which means taking responsibility for your own actions while caring for your colleagues and the business.\nYour Background:\nBachelor's or Master's degree in Computer Science, Engineering, or a related field\n8+ years of experience in data engineering, with a focus on Azure data services\nRelevant certifications in Azure data services or cloud computing will be an added advantage\nProficiency in programming and scripting languages such as Python, SQL, or Scala\nExperience with Azure data services, including Azure Data Factory, Azure Databricks, Azure Synapse Analytics, and Azure Data Lake\nStrong understanding of data modeling, ETL processes, and data warehousing concepts\nExperience with big data technologies such as Hadoop and Spark\nKnowledge of data governance, security, and compliance best practices\nFamiliarity with monitoring and logging tools such as Azure Monitor and Log Analytics\nStrong problem-solving and troubleshooting skills\nExcellent communication and collaboration skills to work effectively with cross-functional team.\nStrong attention to detail and organizational skills\nAbility to articulate and present ideas to senior management\nProblem-solving mindset with the ability to work independently and as part of a team\nEagerness to learn and enhance knowledge unassisted\nStrong networking skills and global orientation\nAbility to coach and mentor team members\nEffective collaboration with internal and external stakeholders\nAdaptability to manage and lead transformational projects\nProficiency in both spoken & written English language is required",Energy,"['Azure Monitoring', 'Log Analytics', 'data engineering', 'Azure Database', 'Hadoop', 'Sql', 'Scala']",2025-06-19 06:08:06
Data Engineer,Iospl Technology Services,4-6 Years,,"Chennai, Kolkata, Pune",Job Responsibilities:\nTo transition legacy Rules from Python using the Polars Library to SparkSQL\nTo create new Rules using SparkSQL based on written requirements.\nMust Have Skills:\nUnderstanding of Polars library\nUnderstanding of SparkSQL (this is more important than Polars)\nGood English communication\nAbility to work in a collaborative environment\nExperience with US healthcare data preferred\nUnderstanding of SparkSQL (this is more important than Polars),IT Management,"['Good English Communication', 'Sparksql', 'Aws', 'Python']",2025-06-19 06:08:07
Data Engineer,Vinirma Consulting Private Limited,3-12 Years,INR 1 - 18 LPA,Bahrain,"VAM Systems is a Business Consulting, IT Solutions and Services company.\nVAM Systems is currently looking for Data Engineerfor our Bahrain operations with the following skillsets and terms & conditions:\nQualification\nBE Computer Science and Engineering\nProfessional Training\nSQL Development, SAS EG, SAS DI\nExperience Required:\nExperience in the following tools (3+ years)\noSAS Management Console\noSAS DI, SAS Enterprise Guide\noBase SAS\noSAS Web Report Studio, SAS Delivery Portal, SAS OLAP Cube Studio, - SAS Information Maps, SAS BI\noSAS Stored Process, SAS Datasets & Library\nExperience to configure/install applications in the servers(windows/Linux/Unix) and\nbasic knowledge of DNS, Ports, and Firewalls (3+ years)\nExperience managing and further developing distributed systems and\nclusters for both batch as well as streaming data (Hadoop/Spark and/or Kafka/Flink)\nExperience in handling semi-structured data sets(eg. JSON,XML) (3+ years)\nExperience in C# or Java (3+ years)\nBanking and Finance, Financial accounting and Reporting Environment\nExpertise in writing advanced SQL Query, Stored Procedures and functions\nETL Tools SAS platform Tools like SAS DI / SAS Enterprise Guide and Microsoft SQL Server.\nSound understanding of Financial Reporting(Balance Sheet/Profit and Loss) and Risk Reporting.\nDeveloping within database and specifically Microsoft SQL Server and/or Oracle (minimum of 3+ years required).\nResponsibility\nConsolidate and analyze financial data (budgets, income statement forecasts ,Balance Sheet, Profit and Loss) taking into account company's goals and financial standing\nBuild Stored procedure and ETL Jobs to Reconcile transactions by comparing and correcting data\nContribute to data warehouse design and components, relational database management systems, and database design solutions\nDevelop SQL Server T-SQL procedures/functions for batch processing as well as reports, in line with user requirements\nBuild SAS EG,SAS DI jobs\nResearch and resolve discrepancies in financial data ,Manage the month-end close process.\nSkills\nSolving Complex Problems\nTesting and Troubleshooting\nRegulatory Compliance\nFinancial Reporting\nETL/ETT/ETM Tools and Process\nRisk Management\nData Warehouses\nData Marts\nBalance Sheet,Profit & Loss,Market Risk\nData Modeling\nSAS, SAS BI, MS SQL Server, T-SQL in data warehousing/batch\nDomain: Bank\nYears of Experience 5 + years\nThe selected candidates shall join VAM Systems -Bahrainand shall be deputed to one of the leading Banks inBahrain.\nShould yoube interested in this opportunity, please send your latest resume at the earliest at [HIDDEN TEXT]",Login to check your skill match score,"['Banking', 'Sas Eg', 'Sas Di', 'Sql']",2025-06-19 06:08:08
Data Engineer,Zscaler Softech,1-6 Years,,Pune,"The Information Security Technical writer team seeks an experienced Senior Technical Writer to drive, create, and update IT-related documentation. This may include developing new policies and standard operating procedures (SOPs) to comply with industry standards and frameworks, contractual obligations, or local law, updating and maintaining existing procedures, liaising with appropriate personnel to ensure that compliance workflow management systems are configured in accordance with documented procedures, managing the policy lifecycle end to end. This position will work closely with subject matter experts such as software development teams, Enterprise IT, HR, and Legal team leads and stakeholders.\nWhat you'll do\nConnect with subject matter experts and proactively manage your own learning to become familiar with our technology offerings, internal controls landscape, and internal compliance processes.\nWork with compliance and audit team members and other subject matter experts and functional leads to implement timely and effective edits until documentation is ready for publication on time.\nSuggest improvements to documentation and processes whenever possible, eventually demonstrating ownership of the technical writing function.\nAdhere to design template and company style guide while organizing and writing documentation.\nAssist with development and maintenance of applicable training and educational material (e.g., byte-sized informational modules to educate end users on appropriate use of documented policies).\nDevelop and propose documentation plans and outlines for new procedures, user/training guides, and supporting materials; estimating project length and keeping everyone involved on time.\nEnhance and maintain existing documentation to deadline.\nProactively manage the policy lifecycle (development, periodic review and approval, version control, publishing of approved policies and procedures to the company intranet).\nWork with appropriate personnel to make sure that ZS's compliance workflow management systems are always in sync (configured) with newly documented or updated policies.\nPerform additional duties as required from time to time.\nWhat you'll bring\nBS/BA in English, Journalism, Communications, Technical Writing, Computer Science, or other relevant field of study required.\n3.5 - 5 years technical writing experience, preferably documenting IT policies and procedures.\nExperience with Visio or other process flow visualization tool, Snagit tool required.\nSuperior writing, editing, and communication skills required.\nExcellent command over the English language (especially grammar and sentence composition skills) required.\nStrong experience using Microsoft Suite (Word, Excel, PowerPoint, OneNote, Outlook etc.).\nExperience with authoring tools (e.g., MadCap Flare or any other authoring tool) will be an added advantage.\nFamiliarity/working knowledge of various compliance frameworks (e.g., ISO 27001, ISO 22301, ISO 27702, HITRUST, PCI DSS, SOC Audits) preferred.\nExperience learning about and communicating complex topics.\nOutstanding organizational/time management, planning and prioritization skills.",Information Technology,"['Azure Data Factory', 'T-sql', 'Sql', 'Etl Process', 'Hive', 'REST', 'Python']",2025-06-19 06:08:09
Data Engineer,Apexon,2-5 Years,,Pune,"We are looking for a proactive and detail-oriented Junior Data Engineer with 2 to 5 years of experience to join our cloud data transformation team. The candidate will work closely with the Data Engineering Lead and Solution Architect to support data migration, pipeline development, testing, and integration efforts on the Microsoft Azure platform.\nKey Responsibilities:\nData Migration Support\nAssist in migrating structured and semi-structured data from GCP storage systems to Azure Blob Storage, Azure Data Lake, or Synapse.\nHelp validate and reconcile data post-migration to ensure completeness and accuracy.\nETL/ELT Development\nBuild and maintain ETL pipelines using Azure Data Factory, Synapse Pipelines, or Microsoft Fabric.\nSupport the development of data transformation logic (SQL/ADF/Dataflows).\nEnsure data pipelines are efficient, scalable, and meet defined SLAs.\nData Modeling & Integration\nSupport the design of data models to enable effective reporting in Power BI.\nPrepare clean, structured datasets ready for downstream KPI reporting and analytics use cases.\nTesting & Documentation\nConduct unit and integration testing of data pipelines.\nMaintain documentation of data workflows, metadata, and pipeline configurations.\nCollaboration & Learning\nCollaborate with the Data Engineering Lead, BI Developers, and other team members.\nStay current with Azure technologies and best practices under the guidance of senior team members.\nQualifications:\nEducation: bachelors degree in Computer Science, Information Technology, Engineering, or a related field.\nExperience:\n2 to 5 years of hands-on experience in data engineering or analytics engineering roles.\nExposure to at least one cloud platform (preferably Microsoft Azure).\nTechnical Skills Required:\nExperience with SQL and data transformation logic.\nFamiliarity with Azure data services like Azure Data Factory, Synapse Analytics, Blob Storage, Data Lake, or Microsoft Fabric.\nBasic knowledge of ETL/ELT concepts and data warehousing principles and familiarity with Unix shell scripting.\nFamiliarity with Power BI datasets or Power Query is a plus.\nGood understanding of data quality and testing practices.\nExposure to version control systems like Git.\nSoft Skills:\nEagerness to learn and grow under the mentorship of experienced team members.\nStrong analytical and problem-solving skills.\nAbility to work in a collaborative, fast-paced team environment.\nGood written and verbal communication skills.\nOur Perks and Benefits:\nOur benefits and rewards program has been thoughtfully designed to recognize your skills and contributions, elevate your learning/upskilling experience and provide care and support for you and your loved ones. As an Apexon Associate, you get continuous skill-based development, opportunities for career advancement, and access to comprehensive health and we'll-being benefits and assistance.\nWe also offer:\nGroup Health Insurance covering family of 4\nTerm Insurance and Accident Insurance\nPaid Holidays & Earned Leaves\nPaid Parental Leaveo Learning & Career Development\nEmployee we'llness\nJob Location :Pune, India",Information Technology,"['Synapse Analytics', 'Microsoft Fabric', 'Sql', 'Azure Data Factory', 'Power Bi', 'Git']",2025-06-19 06:08:11
Data Engineer,Apexon,2-5 Years,,Pune,"We are looking for a proactive and detail-oriented Junior Data Engineer with 2 to 5 years of experience to join our cloud data transformation team. The candidate will work closely with the Data Engineering Lead and Solution Architect to support data migration, pipeline development, testing, and integration efforts on the Microsoft Azure platform.\nKey Responsibilities:\nData Migration Support\nAssist in migrating structured and semi-structured data from GCP storage systems to Azure Blob Storage, Azure Data Lake, or Synapse.\nHelp validate and reconcile data post-migration to ensure completeness and accuracy.\nETL/ELT Development\nBuild and maintain ETL pipelines using Azure Data Factory, Synapse Pipelines, or Microsoft Fabric.\nSupport the development of data transformation logic (SQL/ADF/Dataflows).\nEnsure data pipelines are efficient, scalable, and meet defined SLAs.\nData Modeling & Integration\nSupport the design of data models to enable effective reporting in Power BI.\nPrepare clean, structured datasets ready for downstream KPI reporting and analytics use cases.\nTesting & Documentation\nConduct unit and integration testing of data pipelines.\nMaintain documentation of data workflows, metadata, and pipeline configurations.\nCollaboration & Learning\nCollaborate with the Data Engineering Lead, BI Developers, and other team members.\nStay current with Azure technologies and best practices under the guidance of senior team members.\nQualifications:\nEducation: bachelors degree in Computer Science, Information Technology, Engineering, or a related field.\nExperience:\n2 to 5 years of hands-on experience in data engineering or analytics engineering roles.\nExposure to at least one cloud platform (preferably Microsoft Azure).\nTechnical Skills Required:\nExperience with SQL and data transformation logic.\nFamiliarity with Azure data services like Azure Data Factory, Synapse Analytics, Blob Storage, Data Lake, or Microsoft Fabric.\nBasic knowledge of ETL/ELT concepts and data warehousing principles and familiarity with Unix shell scripting.\nFamiliarity with Power BI datasets or Power Query is a plus.\nGood understanding of data quality and testing practices.\nExposure to version control systems like Git.\nSoft Skills:\nEagerness to learn and grow under the mentorship of experienced team members.\nStrong analytical and problem-solving skills.\nAbility to work in a collaborative, fast-paced team environment.\nGood written and verbal communication skills.\nOur Perks and Benefits:\nOur benefits and rewards program has been thoughtfully designed to recognize your skills and contributions, elevate your learning/upskilling experience and provide care and support for you and your loved ones. As an Apexon Associate, you get continuous skill-based development, opportunities for career advancement, and access to comprehensive health and we'll-being benefits and assistance.\nWe also offer:\nGroup Health Insurance covering family of 4\nTerm Insurance and Accident Insurance\nPaid Holidays & Earned Leaves\nPaid Parental Leaveo Learning & Career Development\nEmployee we'llness\nJob Location :Pune, India",Information Technology,"['Synapse Analytics', 'Microsoft Fabric', 'Sql', 'Azure Data Factory', 'Power Bi', 'Git']",2025-06-19 06:08:11
Data Engineer,Iospl Technology Services,4-6 Years,,"Mumbai, Bengaluru, Delhi NCR",Job Responsibilities:\nTo transition legacy Rules from Python using the Polars Library to SparkSQL\nTo create new Rules using SparkSQL based on written requirements.\nMust Have Skills:\nUnderstanding of Polars library\nUnderstanding of SparkSQL (this is more important than Polars)\nGood English communication\nAbility to work in a collaborative environment\nExperience with US healthcare data preferred\nUnderstanding of SparkSQL (this is more important than Polars),Information Technology,"['polars', 'us healthcare data', 'Collaboration', 'Sparksql', 'python', 'Sql']",2025-06-19 06:08:13
Data Engineer,CareerNet Technologies Private Limited,2-8 Years,,Hyderabad,"Role Responsibilities:\nBuild and maintain robust data pipelines and workflows\nDesign efficient data lake and data warehouse architectures\nCollaborate with cross-functional teams to translate data needs into solutions\nMentor junior engineers and enforce engineering best practices\nKey Deliverables:\nScalable data pipelines using PySpark and Databricks\nOptimized SQL models for analytics and BI\nHigh-quality, validated, and documented datasets\nResolution logs for data pipeline and transformation issues",Recruiting,"['Python', 'Sql', 'Pyspark', 'Databricks', 'Data Warehousing']",2025-06-19 06:08:14
Data Engineer,Apexon,8-13 Years,,Pune,"We are seeking a Data Engineer to join a team developing an enterprise data lake that supports data science, analytics, and business intelligence activities across the company.\nWe are looking for someone to help build cloud data ingestion and processing pipelines using hybrid cloud technology stacks\nThe ideal candidate will have extensive experience with working on data platforms on the AWS Cloud; experience with internet-of-things (IoT) and healthcare data is a bonus but not a requirement.\nThe candidate will join a global team of 5-10 high-performing engineers building a data platform to support an expanding set of internal users and a growing volume and variety of data.\nKey Responsibilities and Duties\nSet up and manage automated data pipelines to capture IoT, Healthcare, system operations and third-party data\nDevelop cloud-based data processing pipelines using Spark, SQL, Python, AWS Lambda functions, REST APIs\nCreate data models to represent data at different layers of classfications used for analytics and business intelligence\nCollaborate with other data engineers and application developers to prioritize and develop data solutions that serve the needs of the company\nExperience and Skills\nBS in computer science, mathematics, engineering, information systems, or related field with 5+ year of work experience as a data engineer\nSolid foundations in software engineering and cloud infrastructure\nExperience with Data Modeling and Modern Data Architecture\nExperience building data integrations using different data source such as cloud storage buckets, REST API, JDBC database, Kafka Streams etc\nExperience deploying cloud infrastructure and data pipelines using Terraform\nExtensive experience with SQL, Python, Apache Spark/PySpark, ApacheSpark Architecture and Performance tunning\nExperience with cloud-based data platforms and technologies such as Databricks, Snowflake\nExperience of using foundational AWS Services such as S3, IAM, AWS Lambda functions, Secrets Manager, Event Bridge\nExperience of building stream processing pipeliens with Kafka and Structured Spark Streaming\nFamiliarity with quality engineering practices including software testing and validation, Experience with verification testing of data accuracy and quality\nHigh attention to detail\nStrong written and oral communication skills\nAbility to work under pressure in a startup environment\nExperience working with Onsite / Offshore model\nOur Perks and Benefits:\nOur benefits and rewards program has been thoughtfully designed to recognize your skills and contributions, elevate your learning/upskilling experience and provide care and support for you and your loved ones. As an Apexon Associate, you get continuous skill-based development, opportunities for career advancement, and access to comprehensive health and we'll-being benefits and assistance.\nWe also offer:\nGroup Health Insurance covering family of 4\nTerm Insurance and Accident Insurance\nPaid Holidays & Earned Leaves\nPaid Parental Leaveo Learning & Career Development\nEmployee we'llness",Information Technology,"['Sql', 'Python', 'Apache Spark', 'Aws Lambda', 'Databricks', 'Terraform']",2025-06-19 06:08:15
Data Engineer,Zscaler Softech,1-6 Years,,Pune,"Create and maintain optimal data pipeline architecture.\nIdentify, design, and implement internal process improvements, automating manual processes, optimizing data delivery, re-designing infrastructure for scalability.\nDesign, develop and deploy high volume ETL pipelines to manage complex and near-real time data collection.\nDevelop and optimize SQL queries and stored procedures to meet business requirements.\nDesign, implement, and maintain REST APIs for data interaction between systems.\nEnsure performance, security, and availability of databases.\nHandle common database procedures such as upgrade, backup, recovery, migration, etc\nCollaborate with other team members and stakeholders.\nPrepare documentations and specifications.\nWhat you'll bring:\nbachelors degree in computer science, Information Technology, or related field\n1+ years of experience SQL, TSQL, Azure Data Factory or Synapse or relevant ETL technology.\nPrepare documentations and specifications.\nStrong analytical skills (impact/risk analysis, root cause analysis, etc)\nProven ability to work in a team environment, creating partnerships across multiple levels.\nDemonstrated drive for results, with appropriate attention to detail and commitment.\nHands-on experience with Azure SQL Database",Information Technology,"['ETL pipeline development', 'SQL/T-SQL programming', 'REST API integration', 'Data security & backup', 'Azure Data Factory', 'database performance tuning']",2025-06-19 06:08:17
Data Engineer,Nielsen Sports,8-13 Years,,Bengaluru,"Build and optimize extensive data sets, big data pipelines, and architectures.\nApply top-notch analytical skills to navigate unstructured datasets effectively.\nDevelop processes supporting data transformation, workload management, data structures, dependencies, and metadata.\nConduct root cause analyses on external and internal processes and data to uncover improvement opportunities and answer critical questions.\nIdentify, design, and implement process enhancements, focusing on automation, usability, and scalability.\nCollaborate seamlessly with product and technology teams to design and validate the capabilities of the data platform.\nEstablish and maintain high programming standards and practices across the ecosystem.\nProvide support and collaboration with cross-functional teams.\nCommunicate effectively, presenting complex ideas in a clear and concise manner to diverse audiences.\nQUALIFICATIONS\nPossess 2+ years of hands-on experience with a diverse range of AWS technologies (e. g. , S3, Lambda, Glue, Athena, IAM, SQS, CloudWatch, CloudFormation).\nProficient use of tools such as Git, Gitlab, and Jira.\nDemonstrated knowledge and proficiency (2+ years) in SQL & Python,\nDemonstrated knowledge and proficiency (1+ years) in technologies like Apache Superset, Tableau, Spark, Hive, Java and Hadoop.\nDemonstrated expertise in building and optimizing data pipelines within a distributed environment.\nBonus points for experience in building Business Intelligence (BI) Tools.\nBack your work with either a masters degree, bachelors degree, or equivalent work experience that showcases your prowess.\nExcellent communication skills, fluent English and ability to work with healthy overlap to US business hours is a must.\nJoin us in reshaping the landscape of data possibilities, where your skills will not only be valued but will play a crucial role in defining what lies ahead.",Digital Media,"['AWS', 'Python', 'Sql', 'Spark', 'Git', 'Tableau', 'data engineering']",2025-06-19 06:08:18
Lead Consultant - Sr.Data Engineer (DBT+Snowflake),Genpact,3-5 Years,,Kolkata,"Ready to shape the future of work\nAt Genpact, we don&rsquot just adapt to change&mdashwe drive it. AI and digital innovation are redefining industries, and we&rsquore leading the charge. Genpact&rsquos AI Gigafactory, our industry-first accelerator, is an example of how we&rsquore scaling advanced technology solutions to help global enterprises work smarter, grow faster, and transform at scale. From large-scale models to agentic AI, our breakthrough solutions tackle companies most complex challenges.\nIf you thrive in a fast-moving, tech-driven environment, love solving real-world problems, and want to be part of a team that&rsquos shaping the future, this is your moment.\nGenpact (NYSE: G) is an advanced technology services and solutions company that delivers lasting value for leading enterprises globally. Through our deep business knowledge, operational excellence, and cutting-edge solutions - we help companies across industries get ahead and stay ahead. Powered by curiosity, courage, and innovation, our teams implement data, technology, and AI to create tomorrow, today. Get to know us at genpact.com and on LinkedIn, X, YouTube, and Facebook.\n\nInviting applications for the role of Lead Consultant - Sr.Data Engineer (DBT+Snowflake)\n!\nIn this role, the Sr.Data Engineer is responsible for providing technical direction and lead a group of one or more developer to address a goal.\n\n\nJob Description:\n. Develop, implement, and optimize data pipelines using Snowflake, with a focus on Cortex AI capabilities.\n. Extract, transform, and load (ETL) data from various sources into Snowflake, ensuring data integrity and accuracy.\n. Implement Conversational AI solutions using Snowflake Cortex AI to facilitate data interaction through ChatBot agents.\n. Collaborate with data scientists and AI developers to integrate predictive analytics and AI models into data workflows.\n. Monitor and troubleshoot data pipelines to resolve data discrepancies and optimize performance.\n. Utilize Snowflake's advanced features, including Snowpark, Streams, and Tasks, to enable data processing and analysis.\n. Develop and maintain data documentation, best practices, and data governance protocols.\n. Ensure data security, privacy, and compliance with organizational and regulatory guidelines.\n\nRoles and Responsibilities:\n. . Bachelor&rsquos degree in Computer Science, Data Engineering, or a related field.\n. . experience in data engineering, with at least 3 years of experience working with Snowflake.\n. . Proven experience in Snowflake Cortex AI, focusing on data extraction, chatbot development, and Conversational AI.\n. . Strong proficiency in SQL, Python, and data modeling.\n. . Experience with data integration tools (e.g., Matillion, Talend, Informatica).\n. . Knowledge of cloud platforms such as AWS, Azure, or GCP.\n. . Excellent problem-solving skills, with a focus on data quality and performance optimization.\n. . Strong communication skills and the ability to work effectively in a cross-functional team.\n. Proficiency in using DBT's testing and documentation features to ensure the accuracy and reliability of data transformations.\n. Understanding of data lineage and metadata management concepts, and ability to track and document data transformations using DBT's lineage capabilities.\n. Understanding of software engineering best practices and ability to apply these principles to DBT development, including version control, code reviews, and automated testing.\n. Should have experience building data ingestion pipeline.\n. Should have experience with Snowflake utilities such as SnowSQL, SnowPipe, bulk copy, Snowpark, tables, Tasks, Streams, Time travel, Cloning, Optimizer, Metadata Manager, data sharing, stored procedures and UDFs, Snowsight.\n. Should have good experience in implementing CDC or SCD type 2\n. Proficiency in working with Airflow or other workflow management tools for scheduling and managing ETL jobs.\n. Good to have experience in repository tools like Github/Gitlab, Azure repo\n\n\nSkill Matrix:\n\nDBT (Core or Cloud), Snowflake, AWS/Azure, SQL, ETL concepts, Airflow or any orchestration tools, Data Warehousing concepts\n\n\nQualifications/Minimum qualifications\n. B.E./ Masters in Computer Science, Information technology, or Computer engineering or any equivalent degree with good IT experience and relevant of working experience as a Sr. Data Engineer with DBT+Snowflake skillsets\n\nWhy join Genpact\n. Be a transformation leader - Work at the cutting edge of AI, automation, and digital innovation\n. Make an impact - Drive change for global enterprises and solve business challenges that matter\n. Accelerate your career - Get hands-on experience, mentorship, and continuous learning opportunities\n. Work with the best - Join 140,000+ bold thinkers and problem-solvers who push boundaries every day\n. Thrive in a values-driven culture - Our courage, curiosity, and incisiveness - built on a foundation of integrity and inclusion - allow your ideas to fuel progress\nCome join the tech shapers and growth makers at Genpact and take your career in the only direction that matters: Up.\nLet&rsquos build tomorrow together.\n\nGenpact is an Equal Opportunity Employer and considers applicants for all positions without regard to race, color, religion or belief, sex, age, national origin, citizenship status, marital status, military/veteran status, genetic information, sexual orientation, gender identity, physical or mental disability or any other characteristic protected by applicable laws. Genpact is committed to creating a dynamic work environment that values respect and integrity, customer focus, and innovation.\nFurthermore, please do note that Genpact does not charge fees to process job applications and applicants are not required to pay to participate in our hiring process in any other way. Examples of such scams include purchasing a 'starter kit,' paying to apply, or purchasing equipment or training.",IT/Computers - Hardware & Networking,"['Airflow', 'Cortex AI', 'snowflake', 'dbt', 'Data Modeling', 'Python', 'Sql', 'Etl']",2025-06-20 06:02:35
Principal Consultant- Sr. Snowflake Data Engineer (Snowflake+Python+Cloud)!,Genpact,Fresher,,Hyderabad,"Ready to shape the future of work\n\n\n\nAt Genpact, we don&rsquot just adapt to change&mdashwe drive it. AI and digital innovation are redefining industries, and we&rsquore leading the charge. Genpact&rsquos , our industry-first accelerator, is an example of how we&rsquore scaling advanced technology solutions to help global enterprises work smarter, grow faster, and transform at scale. From large-scale models to , our breakthrough solutions tackle companies most complex challenges.\n\n\n\nIf you thrive in a fast-moving, tech-driven environment, love solving real-world problems, and want to be part of a team that&rsquos shaping the future, this is your moment.\n\n\n\nGenpact (NYSE: G) is anadvanced technology services and solutions company that deliverslastingvalue for leading enterprisesglobally.Through ourdeep business knowledge, operational excellence, and cutting-edge solutions - we help companies across industries get ahead and stay ahead.Powered by curiosity, courage, and innovation,our teamsimplementdata, technology, and AItocreate tomorrow, today.Get to know us atand on,,, and.\n\n\n\n\n\n\n\n\n\nInviting applications for the role of Principal Consultant-Sr. Snowflake Data Engineer (Snowflake+Python+Cloud)!\n\n\n\n\n\n\nIn this role, the Sr. Snowflake Data Engineer is responsible for providing technical direction and lead a group of one or more developer to address a goal.\n\n\n\n\n\n\nJob Description:\n\n\n\n\n\nExperience in IT industry\n\n\n\n\n\n\n\nWorking experience with building productionized data ingestion and processing data pipelines in Snowflake\n\n\n\n\n\n\n\nStrong understanding on Snowflake Architecture\n\n\n\n\n\n\n\nFully well-versed with data warehousing concepts.\n\n\n\n\n\n\n\nExpertise and excellent understanding of Snowflake features and integration of Snowflake with other data processing.\n\n\n\n\n\n\n\nAble to create the data pipeline for ETL/ELT\n\n\n\n\n\n\n\nGood to have DBT experience\n\n\n\n\n\n\n\nExcellent presentation and communication skills, both written and verbal Ability to problem solve and architect in an environment with unclear requirements.\n\n\n\n\n\n\n\nAble to create the high level and low-level design document based on requirement.\n\n\n\n\n\n\n\n\n\nHands on experience in configuration, troubleshooting, testing and managing data platforms, on premises or in the cloud.\n\n\n\n\n\n\n\nAwareness on data visualisation tools and methodologies\n\n\n\n\n\n\n\nWork independently on business problems and generate meaningful insights\n\n\n\n\n\n\n\nGood to have some experience/knowledge on Snowpark or Streamlit orGenAI but not mandatory.\n\n\n\n\n\n\n\nShould have experience on implementing Snowflake Best Practices\n\n\n\n\n\n\n\nSnowflake SnowPro Core Certification will be added an advantage\n\n\n\n\n\n\n\n\n\n\n\nRoles and Responsibilities:\n\n\n\n\n\nRequirement gathering, creating design document, providing solutions to customer, work with offshore team etc.\n\n\n\n\n\n\n\nWriting SQL queries against Snowflake,developing scripts to do Extract, Load, and Transform data.\n\n\n\n\n\n\n\nHands-on experience with Snowflake utilities such as SnowSQL, Bulk copy, Snowpipe, Tasks, Streams, Time travel, Cloning, Optimizer, Metadata Manager, data sharing, stored procedures and UDFs, Snowsight.\n\n\n\n\n\n\n\nHave experience with Snowflake cloud data warehouse and AWS S3 bucket or Azure blob storage container for integrating data from multiple source system.\n\n\n\n\n\n\n\nShould have have some exp on AWS services (S3, Glue, Lambda) or Azure services ( Blob Storage, ADLS gen2, ADF)\n\n\n\n\n\n\n\nShould have good experience in Python/Pyspark.integration with Snowflake and cloud(AWS/Azure) with ability to leverage cloud services for data processing and storage.\n\n\n\n\n\n\n\nProficiency in Python programming language, including knowledge of data types, variables, functions, loops, conditionals, and other Python-specific concepts.\n\n\n\n\n\n\n\nKnowledge of ETL (Extract, Transform, Load) processes and tools, and ability to design and develop efficient ETL jobs using Python and Pyspark.\n\n\n\n\n\n\n\nShould have some experience on Snowflake RBAC and data security.\n\n\n\n\n\n\n\nShould have good experience in implementing CDC or SCDtype-2.\n\n\n\n\n\n\n\nShould have good experience in implementing Snowflake Best Practices\n\n\n\n\n\n\n\n\n\nIn-depth understanding of Data Warehouse, ETL concepts and Data Modelling\n\n\n\n\n\n\n\nExperience in requirement gathering, analysis, designing, development, and deployment.\n\n\n\n\n\n\n\nShould Have experience building data ingestion pipeline\n\n\n\n\n\n\n\nOptimize and tune data pipelines for performance and scalability\n\n\n\n\n\n\n\nAble to communicate with clients and lead team.\n\n\n\n\n\n\n\nProficiency in working with Airflow or other workflow management tools for scheduling and managing ETL jobs.\n\n\n\n\n\n\n\nGood to have experience in deployment using CI/CD tools and exp in repositories like Azure repo ,Github etc.\n\n\n\n\n\n\n\n\n\n\n\n\n\n\n\n\n\nQualifications we seek in you!\n\n\n\nMinimum qualifications\n\n\n\n\n\n\n\n\nB.E./ Masters in Computer Science, Information technology, or Computer engineering or any equivalent degree withgood IT experience and relevant as Senior Snowflake Data Engineer.\n\n\n\n\n\n\n\nSkill Metrix:\n\n\n\n\n\n\n\n\n\n\nSnowflake, Python/PySpark, AWS/Azure, ETL concepts, Data Modeling & Data Warehousing concepts\n\n\n\n\n\n\n\n\n\n\n\n\n\n\n\n\nWhy join Genpact\n\n\n\n\n\nBe a transformation leader - Work at the cutting edge of AI, automation, and digital innovation\n\n\n\n\n\n\n\nMake an impact - Drive change for global enterprises and solve business challenges that matter\n\n\n\n\n\n\n\nAccelerate your career - Get hands-on experience, mentorship, and continuous learning opportunities\n\n\n\n\n\n\n\nWork with the best - Join 140,000+ bold thinkers and problem-solvers who push boundaries every day\n\n\n\n\n\n\n\nThrive in a values-driven culture - Our courage, curiosity, and incisiveness - built on a foundation of integrity and inclusion - allow your ideas to fuel progress\n\n\n\n\n\nCome join the tech shapers and growth makers at Genpact and take your career in the only direction that matters: Up.\n\n\n\nLet&rsquos build tomorrow together.\n\n\n\n\n\n\nGenpact is an Equal Opportunity Employer and considers applicants for all positions without regard to race, color, religion or belief, sex, age, national origin, citizenship status, marital status, military/veteran status, genetic information, sexual orientation, gender identity, physical or mental disability or any other characteristic protected by applicable laws. Genpact is committed to creating a dynamic work environment that values respect and integrity, customer focus, and innovation.\nFurthermore, please do note that Genpact does not charge fees to process job applications and applicants are not required to pay to participate in our hiring process in any other way. Examples of such scams include purchasing a 'starter kit,' paying to apply, or purchasing equipment or training.",IT/Computers - Hardware & Networking,"['Airflow', 'dbt', 'snowflake', 'Pyspark', 'Data Warehousing', 'Azure', 'Python', 'Etl', 'AWS']",2025-06-20 06:02:40
Principal Consultant- Sr. Snowflake Data Engineer (Snowflake+Python+Cloud)!,Genpact,Fresher,,Hyderabad,"Ready to shape the future of work\n\n\n\nAt Genpact, we don&rsquot just adapt to change&mdashwe drive it. AI and digital innovation are redefining industries, and we&rsquore leading the charge. Genpact&rsquos , our industry-first accelerator, is an example of how we&rsquore scaling advanced technology solutions to help global enterprises work smarter, grow faster, and transform at scale. From large-scale models to , our breakthrough solutions tackle companies most complex challenges.\n\n\n\nIf you thrive in a fast-moving, tech-driven environment, love solving real-world problems, and want to be part of a team that&rsquos shaping the future, this is your moment.\n\n\n\nGenpact (NYSE: G) is anadvanced technology services and solutions company that deliverslastingvalue for leading enterprisesglobally.Through ourdeep business knowledge, operational excellence, and cutting-edge solutions - we help companies across industries get ahead and stay ahead.Powered by curiosity, courage, and innovation,our teamsimplementdata, technology, and AItocreate tomorrow, today.Get to know us atand on,,, and.\n\n\n\n\n\n\n\n\n\nInviting applications for the role of Principal Consultant-Sr. Snowflake Data Engineer (Snowflake+Python+Cloud)!\n\n\n\n\n\n\nIn this role, the Sr. Snowflake Data Engineer is responsible for providing technical direction and lead a group of one or more developer to address a goal.\n\n\n\n\n\n\nJob Description:\n\n\n\n\n\nExperience in IT industry\n\n\n\n\n\n\n\nWorking experience with building productionized data ingestion and processing data pipelines in Snowflake\n\n\n\n\n\n\n\nStrong understanding on Snowflake Architecture\n\n\n\n\n\n\n\nFully well-versed with data warehousing concepts.\n\n\n\n\n\n\n\nExpertise and excellent understanding of Snowflake features and integration of Snowflake with other data processing.\n\n\n\n\n\n\n\nAble to create the data pipeline for ETL/ELT\n\n\n\n\n\n\n\nGood to have DBT experience\n\n\n\n\n\n\n\nExcellent presentation and communication skills, both written and verbal Ability to problem solve and architect in an environment with unclear requirements.\n\n\n\n\n\n\n\nAble to create the high level and low-level design document based on requirement.\n\n\n\n\n\n\n\n\n\nHands on experience in configuration, troubleshooting, testing and managing data platforms, on premises or in the cloud.\n\n\n\n\n\n\n\nAwareness on data visualisation tools and methodologies\n\n\n\n\n\n\n\nWork independently on business problems and generate meaningful insights\n\n\n\n\n\n\n\nGood to have some experience/knowledge on Snowpark or Streamlit orGenAI but not mandatory.\n\n\n\n\n\n\n\nShould have experience on implementing Snowflake Best Practices\n\n\n\n\n\n\n\nSnowflake SnowPro Core Certification will be added an advantage\n\n\n\n\n\n\n\n\n\n\n\nRoles and Responsibilities:\n\n\n\n\n\nRequirement gathering, creating design document, providing solutions to customer, work with offshore team etc.\n\n\n\n\n\n\n\nWriting SQL queries against Snowflake,developing scripts to do Extract, Load, and Transform data.\n\n\n\n\n\n\n\nHands-on experience with Snowflake utilities such as SnowSQL, Bulk copy, Snowpipe, Tasks, Streams, Time travel, Cloning, Optimizer, Metadata Manager, data sharing, stored procedures and UDFs, Snowsight.\n\n\n\n\n\n\n\nHave experience with Snowflake cloud data warehouse and AWS S3 bucket or Azure blob storage container for integrating data from multiple source system.\n\n\n\n\n\n\n\nShould have have some exp on AWS services (S3, Glue, Lambda) or Azure services ( Blob Storage, ADLS gen2, ADF)\n\n\n\n\n\n\n\nShould have good experience in Python/Pyspark.integration with Snowflake and cloud(AWS/Azure) with ability to leverage cloud services for data processing and storage.\n\n\n\n\n\n\n\nProficiency in Python programming language, including knowledge of data types, variables, functions, loops, conditionals, and other Python-specific concepts.\n\n\n\n\n\n\n\nKnowledge of ETL (Extract, Transform, Load) processes and tools, and ability to design and develop efficient ETL jobs using Python and Pyspark.\n\n\n\n\n\n\n\nShould have some experience on Snowflake RBAC and data security.\n\n\n\n\n\n\n\nShould have good experience in implementing CDC or SCDtype-2.\n\n\n\n\n\n\n\nShould have good experience in implementing Snowflake Best Practices\n\n\n\n\n\n\n\n\n\nIn-depth understanding of Data Warehouse, ETL concepts and Data Modelling\n\n\n\n\n\n\n\nExperience in requirement gathering, analysis, designing, development, and deployment.\n\n\n\n\n\n\n\nShould Have experience building data ingestion pipeline\n\n\n\n\n\n\n\nOptimize and tune data pipelines for performance and scalability\n\n\n\n\n\n\n\nAble to communicate with clients and lead team.\n\n\n\n\n\n\n\nProficiency in working with Airflow or other workflow management tools for scheduling and managing ETL jobs.\n\n\n\n\n\n\n\nGood to have experience in deployment using CI/CD tools and exp in repositories like Azure repo ,Github etc.\n\n\n\n\n\n\n\n\n\n\n\n\n\n\n\n\n\nQualifications we seek in you!\n\n\n\nMinimum qualifications\n\n\n\n\n\n\n\n\nB.E./ Masters in Computer Science, Information technology, or Computer engineering or any equivalent degree withgood IT experience and relevant as Senior Snowflake Data Engineer.\n\n\n\n\n\n\n\nSkill Metrix:\n\n\n\n\n\n\n\n\n\n\nSnowflake, Python/PySpark, AWS/Azure, ETL concepts, Data Modeling & Data Warehousing concepts\n\n\n\n\n\n\n\n\n\n\n\n\n\n\n\n\nWhy join Genpact\n\n\n\n\n\nBe a transformation leader - Work at the cutting edge of AI, automation, and digital innovation\n\n\n\n\n\n\n\nMake an impact - Drive change for global enterprises and solve business challenges that matter\n\n\n\n\n\n\n\nAccelerate your career - Get hands-on experience, mentorship, and continuous learning opportunities\n\n\n\n\n\n\n\nWork with the best - Join 140,000+ bold thinkers and problem-solvers who push boundaries every day\n\n\n\n\n\n\n\nThrive in a values-driven culture - Our courage, curiosity, and incisiveness - built on a foundation of integrity and inclusion - allow your ideas to fuel progress\n\n\n\n\n\nCome join the tech shapers and growth makers at Genpact and take your career in the only direction that matters: Up.\n\n\n\nLet&rsquos build tomorrow together.\n\n\n\n\n\n\nGenpact is an Equal Opportunity Employer and considers applicants for all positions without regard to race, color, religion or belief, sex, age, national origin, citizenship status, marital status, military/veteran status, genetic information, sexual orientation, gender identity, physical or mental disability or any other characteristic protected by applicable laws. Genpact is committed to creating a dynamic work environment that values respect and integrity, customer focus, and innovation.\nFurthermore, please do note that Genpact does not charge fees to process job applications and applicants are not required to pay to participate in our hiring process in any other way. Examples of such scams include purchasing a 'starter kit,' paying to apply, or purchasing equipment or training.",IT/Computers - Hardware & Networking,"['Airflow', 'dbt', 'snowflake', 'Pyspark', 'Data Warehousing', 'Azure', 'Python', 'Etl', 'AWS']",2025-06-20 06:02:42
Data Engineer,CareerNet Technologies Private Limited,4-7 Years,,Bengaluru,"Roles and Responsibilities:\nAssembling large, complex sets of data that meet non-functional and functional business requirements.\nIdentifying, designing and implementing internal process improvements including re-designing infrastructure for greater scalability, optimizing data delivery, and automating manual processes\nBuilding required infrastructure for optimal extraction, transformation and loading of data from various data sources using AWS and SQL technologies\nBuilding analytical tools to utilize the data pipeline, providing actionable insight into key business performance metrics including operational efficiency and customer acquisition.\nWorking with stakeholders including data, design, product and executive teams and assisting them with data-related technical issues\nWorking with stakeholders including the Executive, Product, Data and Design teams to support their data infrastructure needs while assisting with data-related technical issues.\nSkills Required:\nMust have 3 or more years of experience in Data Engineering, ETL Development\nETL DW Concepts - AWS (S3, Glue, Lamda, Athena, Step Function)\nBuild data pipeline using Python, PySpark, SparkSQL\nMust have good understanding of MongoDB, DynamoDB, S3\nDeliver business solution on Company's analytics platform through end-to-end implementation that includes data security, governance, cataloging, preparation, automated testing, and data quality metrics.\nAutomate, optimize, migrate and enhance existing solutions.\nAdopt AWS data lake and data related services to implement end-to-end solution\nPerform data modeling, data analysis and providing insights using various tools.",Recruiting,"['Pyspark', 'AWS', 'Python', 'Cicd', 'Sql']",2025-06-20 06:02:43
Data Engineer,Stack Digital,6-11 Years,,Bengaluru,"Developing ETL pipelines involving big data.\nDeveloping data processinganalytics applications primarily using PySpark.\nExperience of developing applications on cloud(AWS) mostly using services related to storage, compute, ETL, DWH, Analytics and streaming.\nClear understanding and ability to implement distributed storage, processing and scalable applications.\nExperience of working with SQL and NoSQL database.\nAbility to write and analyze SQL, HQL and other query languages for NoSQL databases.\nProficiency is writing disitributed scalable data processing code using PySpark, Python and related libraries.\nData Engineer AEP Comptency\nExperience of developing applications that consume the services exposed as ReST APIs.\nSpecial Consideration given forExperience of working with Container-orchestration systems like Kubernetes.\nExperience of working with any enterprise grade ETL tools.\nExperience knowledge with Adobe Experience Cloud solutions.\nExperience knowledge withWeb AnalyticsorDigital Marketing.\nExperience knowledge withGoogle Cloudplatforms.\nExperience knowledge withData Science, ML/AI, RorJupyter.",Information Technology,"['ETL Pipelines', 'SQL/NoSQL', 'Pyspark', 'AWS', 'Rest Apis', 'Kubernetes']",2025-06-20 06:02:44
Data Engineer,Stack Digital,6-11 Years,,"Delhi, Kolkata, Mumbai","Developing ETL pipelines involving big data.\nDeveloping data processinganalytics applications primarily using PySpark.\nExperience of developing applications on cloud(AWS) mostly using services related to storage, compute, ETL, DWH, Analytics and streaming.\nClear understanding and ability to implement distributed storage, processing and scalable applications.\nExperience of working with SQL and NoSQL database.\nAbility to write and analyze SQL, HQL and other query languages for NoSQL databases.\nProficiency is writing disitributed scalable data processing code using PySpark, Python and related libraries.\nData Engineer AEP Comptency\nExperience of developing applications that consume the services exposed as ReST APIs.\nSpecial Consideration given forExperience of working with Container-orchestration systems like Kubernetes.\nExperience of working with any enterprise grade ETL tools.\nExperience knowledge with Adobe Experience Cloud solutions.\nExperience knowledge withWeb AnalyticsorDigital Marketing.\nExperience knowledge withGoogle Cloudplatforms.\nExperience knowledge withData Science, ML/AI, RorJupyter.",Information Technology,"['ETL Pipelines', 'SQL/NoSQL', 'Pyspark', 'AWS', 'Rest Apis', 'Kubernetes']",2025-06-20 06:02:46
Data Engineer,Stack Digital,6-11 Years,,"Hyderabad, Chennai, Pune","Developing ETL pipelines involving big data.\nDeveloping data processinganalytics applications primarily using PySpark.\nExperience of developing applications on cloud(AWS) mostly using services related to storage, compute, ETL, DWH, Analytics and streaming.\nClear understanding and ability to implement distributed storage, processing and scalable applications.\nExperience of working with SQL and NoSQL database.\nAbility to write and analyze SQL, HQL and other query languages for NoSQL databases.\nProficiency is writing disitributed scalable data processing code using PySpark, Python and related libraries.\nData Engineer AEP Comptency\nExperience of developing applications that consume the services exposed as ReST APIs.\nSpecial Consideration given forExperience of working with Container-orchestration systems like Kubernetes.\nExperience of working with any enterprise grade ETL tools.\nExperience knowledge with Adobe Experience Cloud solutions.\nExperience knowledge withWeb AnalyticsorDigital Marketing.\nExperience knowledge withGoogle Cloudplatforms.\nExperience knowledge withData Science, ML/AI, RorJupyter.",Information Technology,"['ETL Pipelines', 'SQL/NoSQL', 'Pyspark', 'AWS', 'Rest Apis', 'Kubernetes']",2025-06-20 06:02:47
Data Engineer,Iospl Technology Services,5-7 Years,,"Gurugram, Bengaluru, Pune","As a Data Engineer you will be relied on to independently develop and deliver high-quality features for our new ML Platform, refactor and translate our data products and finish various tasks to a high standard.\nYou'll be part of the Data Foundation Team, which focuses on creating and maintaining the Data Platform for Marktplaats.\n5 years of hands-on experience in using Python, Spark,Sql.\nExperienced in AWS Cloud usage and management.\nExperience with Databricks (Lakehouse, ML, Unity Catalog, MLflow).\nExperience using various ML models and frameworks such as XGBoost, Lightgbm, Torch. Experience with orchestrators such as Airflow and Kubeflow.\nFamiliarity with containerization and orchestration technologies (e.g., Docker, Kubernetes).\nFundamental understanding of Parquet, Delta Lake and other data file formats.\nProficiency on an IaC tool such as Terraform, CDK or CloudFormation.\nStrong written and verbal English communication skill and proficient in communication with non-technical stakeholderst",Information Technology,"['Sparksql', 'Sql', 'Databricks', 'Aws', 'Python', 'Docker', 'Kubernetes']",2025-06-20 06:02:48
Data Engineer I,General Mills,5-8 Years,,Mumbai,"Key Accountabilities\nDesign, create, code, and support a variety of GCP, ETL, and SQL solutions.\nApply agile techniques or methods to project execution.\nCollaborate effectively in a distributed global team environment.\nCommunicate technical concepts effectively with business stakeholders and influence decision-making.\nAnalyze existing processes and development requirements to enhance efficiency.\nManage multiple stakeholders and tasks, navigating ambiguity and complexity.\nTranslate business needs into insights by collaborating with architects, solution managers, and analysts.\nMaintain strong technical skills and share knowledge within the team.\nResolve issues by working with system users, IT department, vendors, and service providers.\nSupport existing data warehouse jobs and related processes.\nUtilize task/job scheduling tools like Talend, Tidal, Airflow, and Linux.\nLead small projects/initiatives and contribute to enterprise implementations.\nResearch modern development technologies and techniques proactively.\nFoster a continuous improvement and automation mindset to streamline processes.\nTrain internal teams, IT functions, and business users.\nBe familiar with real-time and streaming data processes.\nMinimum Qualifications\n58+ years of relevant experience as a Data Engineer or similar role.\nHands-on experience with modern cloud data engineering services.\nUnderstanding of SAP landscape and data governance tools.\nBasic understanding of cybersecurity requirements.\nExcellent communication, analytical, and stakeholder management skills.\nSkill Proficiency\nExpert Level\nSQL\nPython\nData Warehousing Concepts\nIntermediate Level\nGCP (Cloud Storage, Modeling, Real-time)\nBigQuery\nS3 / Blob Storage\nComposer\nCloud Functions (Lambda/Azure Function)\ndbt\nBasic Level / Preferred\nData Modeling Concepts\nPreferred Qualifications\nGCP Data Engineer certification\nUnderstanding of the CPG (Consumer Packaged Goods) industry",Food Processing,"['Cloud Functions', 'Sql', 'Python', 'Gcp', 'BigQuery', 'Data Warehousing', 'data engineering']",2025-06-20 06:02:49
Senior Engineer - Data Engineer,Converge Electronics,4-8 Years,,"Indore, Ahmedabad","What you will be doing\nDesign and development of real time software and Cloud/Web/mobile based software application.\nAnalyze domain specific technical, high level or low level requirement and modification as per end customer or system requirement.\nPerform software testing including unit, functional and system level requirement including manual and automated\nPerform code review following coding guidelines and static code analysis troubleshoots software problems of limited difficulty.\nDocument technical deliverable like software specifications, design document, code commenting, test cases and test report, Release note etc. throughout the project life cycle.\nDevelop software solutions from established programming languages or by learning new language required for specific project.\nWhat Are We Looking For :\nExperience: 4 to 8 years in software/data engineering.\nData Technologies: Proficiency in SQL, NoSQL databases (e.g., DynamoDB, MongoDB), ETL tools, and data warehousing solutions.\nProgramming Languages: Proficiency in Python is a must.\nCloud Platforms: Azure, AWS (e.g., EC2, S3, RDS) or GCP.\nVisualization Tools: Experience with data visualization tools (e.g., Tableau, Power BI, Looker).\nData Governance: Knowledge of data governance and security practices.\nCI/CD: Experience with DevOps practices, including CI/CD pipelines and containerization (Docker, Kubernetes).\nCommunication Skills: Excellent verbal and written communication skills in English.\nAgile Methodologies: Experience working in Agile development environments.\nAI/ML Awareness: Understanding of AI and ML concepts, frameworks (e.g., TensorFlow, PyTorch), and practical applications.0\nGenerative AI Awareness: Familiarity with Generative AI technologies and their potential use cases.",Semiconductor,"['Cloud Platforms', 'Visualization Tools', 'CI/CD', 'Sql', 'Nosql', 'Programming Languages']",2025-06-20 06:02:50
"Data Engineer, Digital & Technology",General Mills,5-12 Years,,Mumbai,"KEY ACCOUNTABILITIES\nDesign, create, code, and support a variety of data pipelines and models on any cloud technology (GCP preferred)\nPartner with business analysts, architects, and other key project stakeholders to deliver business initiatives\nSeeks to learn new skills, mentor newer team members, build domain expertise and document processes\nActively builds knowledge of D&T resources, people, and technology\nParticipate in the evaluation, implementation and deployment of emerging tools & process in the big data space\nCollaboratively troubleshoot technical and performance issues in the data space\nLeans into ambiguity and partners with others to find solutions\nAbility to identify opportunities to contribute work to the broader GMI data community\nAbility to manage multiple stakeholders, tasks and navigate through ambiguity & complexity\nAble to lead small projects/initiatives and contribute/lead effectively to the implementation of enterprise projects.\nSupport existing Data warehouses & related jobs.\nFamiliarity with real time and streaming data processes\nProactive research into up-to-date technology or techniques for development\nShould have automation mindset to embrace a Continuous Improvement mentality to streamline & eliminate waste in all processes.\nMINIMUM QUALIFICATIONS\nIdentified as the technical /project lead for global projects\nActively coaches and mentors team of developers\nPro-actively identifies potential issues / deadline slippage /opportunities in projects/tasks and takes timely decisions\nDemonstrates strong affinity towards paying attention to details and delivery accuracy\nCollaborates with the business stakeholders and develop strong working relationships\nSelf-motivated team player and should have ability to overcome challenges and achieve desired results\n5-12 years of total experience in ETL/Data Space, Min. 2+ relevant experience in Cloud Space\nExcellent communication skills- verbal and written\nExcellent analytical skills\nExpert Level -\nCloud (Storage, Modelling, Real time) GCP Preferred\nData Storage (S3 / Blob Storage)\nBig Query\nSQL\nComposer\nCloud Functions (Lambda/Azure function)\nData Warehousing Concepts\nIntermediate Level -\nPython\nKafka, Pub/Sub\nBasic Level -\ndBT\nPREFERRED QUALIFICATIONS\nGCP Data Engineer certification, GCP certification\nUnderstanding of CPG industry",Food Processing,"['Cloud Functions', 'Gcp', 'BigQuery', 'Sql', 'Python', 'Kafka', 'Data Engineer']",2025-06-20 06:02:52
Senior AI Engineer - Data Engineer,Zscaler Softech,4-9 Years,,Bengaluru,"What You'll Do\nDesign and implement highly available data pipelines using Spark and other big data technologies\nWork with data science team to develop new features to increase model accuracy and performance\nCreate standardized data models to increase standardization across client deployments\nTroubleshooting and resolve issues in existing ETL pipelines\nComplete proofs of concept to demonstrate capabilities and connect to new data sources\nInstill best practices for software development, ensure designs meet requirements, and deliver high-quality work on schedule\nDocument application changes and development updates\nWhat You'll Bring\nA master's or bachelor's degree in computer science or related field from a top university\n4+ years overall experience; 2+ years experience in data engineering using Apache Spark and SQL\n2+ years of experience in building and leading a strong data engineering team\nExperience with full software lifecycle methodology, including coding standards, code reviews, source control management, build processes, testing, and operations\nIn-depth knowledge of Python, SQL, PySpark, distributed computing, analytical databases and other big data technologies\nStrong knowledge of one or more cloud environments such as AWS, GCP, and Azure\nFamiliarity with the data science and machine learning development process\nFamiliarity with orchestration tools such as Apache Airflow\nStrong analytical skills and the ability to develop processes and methodologies\nExperience working with cross-functional teams, including UX, business (e.g. Marketing, Sales), product management and/or technology/IT/engineering) is a plus\nCharacteristics of a forward thinker and self-starter that thrives on new challenges and adapts quickly to learning new knowledge",Information Technology,"['Python', 'Pyspark', 'data engineering', 'Distributed Computing', 'Sql', 'Hive']",2025-06-20 06:02:53
"Senior Staff Engineer, Big Data Engineer",Nagarro,2-12 Years,,Bengaluru,"REQUIREMENTS:\nTotal experience 9+ years.\nExcellent knowledge and experience in Big data engineer.\nStrong working experience with architecture and development in Apache Spark, Spark, Python, Azure Databricks, Data Pipelines, Azure Devops, Kafka, SQL Server/NoSQL.\nStrong expertise in Python, Django Rest Framework, Databricks and PostgreSQL.\nHands on experience in building data pipelines and building data frameworks for unit testing, data lineage tracking, and automation.\nFamiliarity with streaming technologies (e.g., Kafka, Kinesis, Flink).\nExperience with building and maintaining a cloud system.\nFamiliarity with data modeling, data warehousing, and building distributed systems.\nExpertise in Spanner for high-availability, scalable database solutions.\nKnowledge of data governance and security practices in cloud-based environments.\nProblem-solving mindset with the ability to tackle complex data engineering challenges.\nStrong communication and teamwork skills, with the ability to mentor and collaborate effectively.\nRESPONSIBILITIES:\nWriting and reviewing great quality code\nUnderstanding the clients business use cases and technical requirements and be able to convert them in to technical design which elegantly meets the requirements\nMapping decisions with requirements and be able to translate the same to developers\nIdentifying different solutions and being able to narrow down the best option that meets the clients requirements\nDefining guidelines and benchmarks for NFR considerations during project implementation\nWriting and reviewing design document explaining overall architecture, framework, and high-level design of the application for the developers\nReviewing architecture and design on various aspects like extensibility, scalability, security, design patterns, user experience, NFRs, etc., and ensure that all relevant best practices are followed\nDeveloping and designing the overall solution for defined functional and non-functional requirements; and defining technologies, patterns, and frameworks to materialize it\nUnderstanding and relating technology integration scenarios and applying these learnings in projects\nResolving issues that are raised during code/review, through exhaustive systematic analysis of the root cause, and being able to justify the decision taken\nCarrying out POCs to make sure that suggested design/technologies meet the requirements",Information Technology,"['Unix', 'Linux', 'Shell Scripting', 'Awk', 'Bash']",2025-06-20 06:02:55
Azure Data Engineer,Stack Digital,5-9 Years,,Bengaluru,"Azure Data Engineer with good experience in ETL designer with Azure Data Factory, Python/Pyspark/SQL\nTotal -6 to 9 years\nRelevant with ADF/ETL 5+ years\nStrong in SQL PL/SQL\nETL/Pipeline designing\nShould have built DWH on Azure SQL DB / Synapse / Snowflake/ Delta Lake\nExperience with Multiple type of data sources\nGood to have experience with data bricks.\nETL Testing\nGood business communication Team Management skills.",Information Technology,"['Azure Data Factory', 'Pyspark', 'Sql', 'Etl Design', 'Data Warehousing', 'Databricks']",2025-06-20 06:02:56
Azure Data Engineer,CareerNet Technologies Private Limited,3-7 Years,,Bengaluru,"Roles and Responsibilities:\nDesign and Develop Data Pipelines:Build and maintain scalable data pipelines using Azure Data Factory, ensuring efficient and reliable data movement and transformation.\nFile-Based Data Management:Handle data ingestion and management from various file sources, including CSV, JSON, and Parquet formats, ensuring data accuracy and consistency.\nETL Implementation:Implement and optimize ETL (Extract, Transform, Load) processes using tools such as Azure Data Factory, Azure SQL Database, and Azure Synapse Analytics.\nCloud Storage Management:Work with Azure Data Lake Storage to manage and utilize cloud storage solutions, ensuring data is securely stored and easily accessible.\nAutomation with Data Factory:Leverage Azure Data Factory's automation capabilities to schedule and monitor data workflows, ensuring timely execution and error-free operations.\nPerformance Monitoring:Continuously monitor and optimize data pipeline performance, troubleshoot issues, and implement best practices to enhance efficiency.\nTeam Collaboration:Collaborate with Technical Architects, Business Analysts, and other engineers to build scalable and reliable end-to-end data solutions for reporting and analytics.\nDevOps Framework:Defining and implementing DevOps framework using CI/CD pipelines.\nSQL Development:Write efficient, clean, and well-documented SQL queries for data extraction, manipulation, and analysis.\nSQL Performance Optimization:Optimize performance of SQL-based queries, stored procedures, and jobs in Azure environments.\nData Security & Compliance:Implement data security best practices and ensure compliance with data privacy regulations (HIPAA, etc.).\nTechnical Leadership:Provide technical leadership and mentoring to junior engineers and team members.\nTechnology Adoption:Stay current with emerging Azure technologies and trends, recommending improvements to existing systems and solutions.\nSkills Required:\nStrong expertise in Data Analytics for analyzing and interpreting large datasets.\nProficiency in Azure Boards-GitHub for managing project tasks and source code version control.\nExtensive experience with Azure Data Factory for building and managing scalable data pipelines.\nIn-depth knowledge of Azure Data Lake for managing cloud storage solutions and data access.\nHands-on experience with Azure Synapse for data integration and analytics solutions.\nProficient in Azure DevOps for implementing CI/CD pipelines and automating deployments.",Recruiting,"['Azure Databricks', 'Azure', 'Azure Devops', 'Etl', 'Sql']",2025-06-20 06:02:57
Azure Data Engineer,Stack Digital,5-9 Years,,"Hyderabad, Chennai, Pune","Azure Data Engineer with good experience in ETL designer with Azure Data Factory, Python/Pyspark/SQL\nTotal -6 to 9 years\nRelevant with ADF/ETL 5+ years\nStrong in SQL PL/SQL\nETL/Pipeline designing\nShould have built DWH on Azure SQL DB / Synapse / Snowflake/ Delta Lake\nExperience with Multiple type of data sources\nGood to have experience with data bricks.\nETL Testing\nGood business communication Team Management skills.",Information Technology,"['Azure Data Factory', 'Pyspark', 'Sql', 'Etl Design', 'Data Warehousing', 'Databricks']",2025-06-20 06:03:07
Associate Data Engineer,General Mills,2-4 Years,,Mumbai,"KEY ACCOUNTABILITIES\nCreate, code, and support a variety of GCP, ETL, and SQL solutions\nApply agile techniques or methods\nWork effectively in a distributed global team environment\nHandle pipelines of moderate scope and complexity\nCommunicate effectively with technical and business stakeholders using strong influencing skills\nAnalyze existing processes and user requirements to ensure maximum efficiency\nParticipate in the implementation and deployment of emerging tools in the GCP big data space\nConsult with architects, solution managers, and analysts to understand business needs and deliver insights\nSupport existing data warehouses and related jobs\nConduct proactive research into current technologies or development techniques\nEmbrace a continuous improvement mindset by streamlining and automating processes\nMINIMUM QUALIFICATIONS\nDemonstrate learning agility and curiosity towards new technologies\nProactively learn through team mentoring, documentation, and formal training\nAbility to deliver projects with minimal supervision\nDeliver assigned work within expected time and quality\nSelf-motivated team player with problem-solving ability\n24+ years of relevant experience in GCP Data and Data Warehousing\nExcellent verbal and written communication skills\nExcellent analytical and problem-solving skills\nStrong academic background\nBachelor's degree in Computer Science, Electronics, or Electrical Engineering from a Tier 1 institute\nTECHNICAL SKILL LEVELS\nIntermediate Level:\nSQL, PL/SQL\nPython\nBasic Level / Preferred:\nBigQuery\nComposer\nDataflow\nData Warehousing concepts\nPREFERRED QUALIFICATIONS\nGCP Data Engineer certification or other GCP certifications\nUnderstanding of the Consumer Packaged Goods (CPG) industry",Food Processing,"['Gcp', 'Sql', 'Python', 'Etl', 'Data Warehousing', 'BigQuery', 'data engineering']",2025-06-20 06:03:12
Associate Data Engineer,General Mills,2-4 Years,,Mumbai,"KEY ACCOUNTABILITIES\nCreate, code, and support a variety of GCP, ETL, and SQL solutions\nApply agile techniques or methods\nWork effectively in a distributed global team environment\nHandle pipelines of moderate scope and complexity\nCommunicate effectively with technical and business stakeholders using strong influencing skills\nAnalyze existing processes and user requirements to ensure maximum efficiency\nParticipate in the implementation and deployment of emerging tools in the GCP big data space\nConsult with architects, solution managers, and analysts to understand business needs and deliver insights\nSupport existing data warehouses and related jobs\nConduct proactive research into current technologies or development techniques\nEmbrace a continuous improvement mindset by streamlining and automating processes\nMINIMUM QUALIFICATIONS\nDemonstrate learning agility and curiosity towards new technologies\nProactively learn through team mentoring, documentation, and formal training\nAbility to deliver projects with minimal supervision\nDeliver assigned work within expected time and quality\nSelf-motivated team player with problem-solving ability\n24+ years of relevant experience in GCP Data and Data Warehousing\nExcellent verbal and written communication skills\nExcellent analytical and problem-solving skills\nStrong academic background\nBachelor's degree in Computer Science, Electronics, or Electrical Engineering from a Tier 1 institute\nTECHNICAL SKILL LEVELS\nIntermediate Level:\nSQL, PL/SQL\nPython\nBasic Level / Preferred:\nBigQuery\nComposer\nDataflow\nData Warehousing concepts\nPREFERRED QUALIFICATIONS\nGCP Data Engineer certification or other GCP certifications\nUnderstanding of the Consumer Packaged Goods (CPG) industry",Food Processing,"['Gcp', 'Sql', 'Python', 'Etl', 'Data Warehousing', 'BigQuery', 'data engineering']",2025-06-20 06:03:14
Senior Data Engineer,CareerNet Technologies Private Limited,6-8 Years,,Pune,"Job Summary\nExperience & Expertise\n6+ years of experience in data engineering with a focus on Azure cloud technologies.\nStrong expertise in Azure Data Factory, Databricks, ADLS, and Power BI.\nTechnical Skills\nProficiency in SQL, Python, and Spark for data processing and transformation.\nExperience with IoT data ingestion and processing, handling high-volume, real-time data streams.\nData Architecture & Practices\nStrong understanding of data modeling, Lakehouse architecture, and medallion frameworks.\nExperience in building and optimizing scalable ETL/ELT processes.\nKnowledge of data governance, security, and compliance frameworks.\nExperience with monitoring, logging, and performance tuning of data workflows.\nCore Competencies\nStrong problem-solving and analytical skills with a platform-first mindset.",Recruiting,"['Python', 'Azure Cloud', 'Databricks', 'Sql', 'Adf', 'Pyspark']",2025-06-20 06:03:16
"Senior Staff Engineer, Big Data Engineer",Nagarro,2-12 Years,,Hyderabad,"REQUIREMENTS:\nTotal experience 9+ years.\nExcellent knowledge and experience in Big data engineer.\nStrong working experience with architecture and development in Apache Spark, Spark, Python, Azure Databricks, Data Pipelines, Azure Devops, Kafka, SQL Server/NoSQL.\nStrong expertise in Python, Django Rest Framework, Databricks and PostgreSQL.\nHands on experience in building data pipelines and building data frameworks for unit testing, data lineage tracking, and automation.\nFamiliarity with streaming technologies (e.g., Kafka, Kinesis, Flink).\nExperience with building and maintaining a cloud system.\nFamiliarity with data modeling, data warehousing, and building distributed systems.\nExpertise in Spanner for high-availability, scalable database solutions.\nKnowledge of data governance and security practices in cloud-based environments.\nProblem-solving mindset with the ability to tackle complex data engineering challenges.\nStrong communication and teamwork skills, with the ability to mentor and collaborate effectively.\nRESPONSIBILITIES:\nWriting and reviewing great quality code\nUnderstanding the clients business use cases and technical requirements and be able to convert them in to technical design which elegantly meets the requirements\nMapping decisions with requirements and be able to translate the same to developers\nIdentifying different solutions and being able to narrow down the best option that meets the clients requirements\nDefining guidelines and benchmarks for NFR considerations during project implementation\nWriting and reviewing design document explaining overall architecture, framework, and high-level design of the application for the developers\nReviewing architecture and design on various aspects like extensibility, scalability, security, design patterns, user experience, NFRs, etc., and ensure that all relevant best practices are followed\nDeveloping and designing the overall solution for defined functional and non-functional requirements; and defining technologies, patterns, and frameworks to materialize it\nUnderstanding and relating technology integration scenarios and applying these learnings in projects\nResolving issues that are raised during code/review, through exhaustive systematic analysis of the root cause, and being able to justify the decision taken\nCarrying out POCs to make sure that suggested design/technologies meet the requirements",Information Technology,"['Unix', 'Linux', 'Shell Scripting', 'Awk', 'Bash']",2025-06-20 06:03:17
Azure Data Engineer,Stack Digital,5-9 Years,,"Delhi, Kolkata, Mumbai","Azure Data Engineer with good experience in ETL designer with Azure Data Factory, Python/Pyspark/SQL\nTotal -6 to 9 years\nRelevant with ADF/ETL 5+ years\nStrong in SQL PL/SQL\nETL/Pipeline designing\nShould have built DWH on Azure SQL DB / Synapse / Snowflake/ Delta Lake\nExperience with Multiple type of data sources\nGood to have experience with data bricks.\nETL Testing\nGood business communication Team Management skills.",Information Technology,"['Azure Data Factory', 'Pyspark', 'Sql', 'Etl Design', 'Data Warehousing', 'Databricks']",2025-06-20 06:03:18
"Senior Staff Engineer, Big Data Engineer",Nagarro,2-12 Years,,Delhi,"REQUIREMENTS:\nTotal experience 9+ years.\nExcellent knowledge and experience in Big data engineer.\nStrong working experience with architecture and development in Apache Spark, Spark, Python, Azure Databricks, Data Pipelines, Azure Devops, Kafka, SQL Server/NoSQL.\nStrong expertise in Python, Django Rest Framework, Databricks and PostgreSQL.\nHands on experience in building data pipelines and building data frameworks for unit testing, data lineage tracking, and automation.\nFamiliarity with streaming technologies (e.g., Kafka, Kinesis, Flink).\nExperience with building and maintaining a cloud system.\nFamiliarity with data modeling, data warehousing, and building distributed systems.\nExpertise in Spanner for high-availability, scalable database solutions.\nKnowledge of data governance and security practices in cloud-based environments.\nProblem-solving mindset with the ability to tackle complex data engineering challenges.\nStrong communication and teamwork skills, with the ability to mentor and collaborate effectively.\nRESPONSIBILITIES:\nWriting and reviewing great quality code\nUnderstanding the clients business use cases and technical requirements and be able to convert them in to technical design which elegantly meets the requirements\nMapping decisions with requirements and be able to translate the same to developers\nIdentifying different solutions and being able to narrow down the best option that meets the clients requirements\nDefining guidelines and benchmarks for NFR considerations during project implementation\nWriting and reviewing design document explaining overall architecture, framework, and high-level design of the application for the developers\nReviewing architecture and design on various aspects like extensibility, scalability, security, design patterns, user experience, NFRs, etc., and ensure that all relevant best practices are followed\nDeveloping and designing the overall solution for defined functional and non-functional requirements; and defining technologies, patterns, and frameworks to materialize it\nUnderstanding and relating technology integration scenarios and applying these learnings in projects\nResolving issues that are raised during code/review, through exhaustive systematic analysis of the root cause, and being able to justify the decision taken\nCarrying out POCs to make sure that suggested design/technologies meet the requirements",Information Technology,"['Unix', 'Linux', 'Shell Scripting', 'Awk', 'Bash']",2025-06-20 06:03:19
"Senior Staff Engineer, Big Data Engineer",Nagarro,2-12 Years,,Kolkata,"REQUIREMENTS:\nTotal experience 9+ years.\nExcellent knowledge and experience in Big data engineer.\nStrong working experience with architecture and development in Apache Spark, Spark, Python, Azure Databricks, Data Pipelines, Azure Devops, Kafka, SQL Server/NoSQL.\nStrong expertise in Python, Django Rest Framework, Databricks and PostgreSQL.\nHands on experience in building data pipelines and building data frameworks for unit testing, data lineage tracking, and automation.\nFamiliarity with streaming technologies (e.g., Kafka, Kinesis, Flink).\nExperience with building and maintaining a cloud system.\nFamiliarity with data modeling, data warehousing, and building distributed systems.\nExpertise in Spanner for high-availability, scalable database solutions.\nKnowledge of data governance and security practices in cloud-based environments.\nProblem-solving mindset with the ability to tackle complex data engineering challenges.\nStrong communication and teamwork skills, with the ability to mentor and collaborate effectively.\nRESPONSIBILITIES:\nWriting and reviewing great quality code\nUnderstanding the clients business use cases and technical requirements and be able to convert them in to technical design which elegantly meets the requirements\nMapping decisions with requirements and be able to translate the same to developers\nIdentifying different solutions and being able to narrow down the best option that meets the clients requirements\nDefining guidelines and benchmarks for NFR considerations during project implementation\nWriting and reviewing design document explaining overall architecture, framework, and high-level design of the application for the developers\nReviewing architecture and design on various aspects like extensibility, scalability, security, design patterns, user experience, NFRs, etc., and ensure that all relevant best practices are followed\nDeveloping and designing the overall solution for defined functional and non-functional requirements; and defining technologies, patterns, and frameworks to materialize it\nUnderstanding and relating technology integration scenarios and applying these learnings in projects\nResolving issues that are raised during code/review, through exhaustive systematic analysis of the root cause, and being able to justify the decision taken\nCarrying out POCs to make sure that suggested design/technologies meet the requirements",Information Technology,"['Unix', 'Linux', 'Shell Scripting', 'Awk', 'Bash']",2025-06-20 06:03:20
Data Platform Engineer,Iospl Technology Services,6-10 Years,,"Bengaluru, Chennai, Delhi NCR","Roles & Responsibilities:\nAssist with the data platform blueprint and design.\nCollaborate with Integration Architects and Data Architects to ensure cohesive integration between systems and data models.\nDevelop and maintain data platform components.\nContribute to the overall success of the project.\nProfessional & Technical Skills:\nProficiency in Databricks Unified Data Analytics Platform.\nStrong understanding of statistical analysis and machine learning algorithms.\nExperience with data visualization tools such as Tableau or Power BI.\nHands-on implementing various machine learning algorithms such as linear regression, logistic regression, decision trees, and clustering algorithms.\nSolid grasp of data munging techniques, including data cleaning, transformation, and normalization to ensure data quality and integrity.",IT Management,"['Data Architects', 'Databricks', 'Data Visualization', 'Tableau', 'Power Bi']",2025-06-20 06:03:22
Mulesoft Integration & Data Migration Engineer,Iospl Technology Services,7-9 Years,,Remote,"Key Responsibilities:\nDevelop and implement MuleSoft-based solutions for SQL Server to Salesforce data migration.\nExecute complex SQL queries and optimize database performance.\nManage Salesforce DML operations, APIs, and integration patterns.\nHandle large-scale data migrations with a focus on validation and QA.\nDesign REST/SOAP web services and advanced data models.\nCollaborate on public sector projects, ensuring compliance and best practices.\nProvide technical leadership in scalable integration and migration solutions.\nRequirements:\nProven expertise in MuleSoft integration and data migration.\nStrong SQL Server and database management skills.\nSolid understanding of Salesforce DML, APIs, and integration techniques.\nExperience with large data migrations and end-to-end validation.\nProficiency in REST/SOAP services and data modeling.\nPrior experience in public sector projects is mandatory.",IT Management,"['Sql', 'Dml', 'Api', 'Data Modeling']",2025-06-20 06:03:23
"Specialist, Data Management Engineer",Bank of New York,5-10 Years,,"Pune, India","Specialist, Data Management Engineer At BNY, our culture empowers you to grow and succeed. As a leading global financial services company at the center of the world's financial system we touch nearly 20% of the world's investible assets. Every day around the globe, our 50,000+ employees bring the power of their perspective to the table to create solutions with our clients that benefit businesses, communities, and people everywhere. We continue to be a leader in the industry, awarded as a top home for innovators and for creating an inclusive workplace. Through our unique ideas and talents, together we help make money work for the world. This is what #LifeAtBNY is all about. We're seeking a future team member for the role of Specialist, Data Management Engineer to join our Data Management (Insight Investment) team. This role is located in Pune, MH - HYBRID. In this role, you'll make an impact in the following ways: Databricks/Snowflakes experience specifically using Unity Catalogue and onboarding data. Experience organizing data products using Data Market place approach to describe and promote content. Familiarity with Data Management Maturity Frameworks such as EDM DCAM. Ability to be perform a Translator between business users (Non-tech) and the data engineering/tech communities when using Databricks and Collibra. Ability to present data in high impact interactive dashboards. Support adoption of data & data quality culture using Databricks to embed best practices. Asset Valuations: is responsible for valuing OTC and Secured Finance assets. It ensures timely and accurate valuations of assets. The team supports various stakeholders while maintaining strong controls and meeting regulatory standards. Third Party Market data engagement Management - working closely with vendor management to oversee the products and commercial relationships used to acquire Market data. Data Stewardship - implementing the framework for organizing processes, controls, responsibilities for managing and governing data. Data Quality Management - is responsible for the monitoring, remediation and oversight of data quality exceptions supporting core data domains including: Client, Portfolio, Instruments, Positions and Analytics. Data stewardship experience e.g. maintain Data Catalogues, classifications, data lineage and logical (business friendly) data modelling. Implement a collaborative data platform for a more streamlined way of moving, transforming, analyzing. Build and maintain relationships with key stakeholders. To be successful in this role, we're seeking the following: B.Tech/BE/BS Degree (stats, math, engineering degrees are a plus) 5 to 10 years of experience working in Data Quality and Data Management 3+ years of experience with Databricks, Snowflake, Dataiku Excellent interpersonal and client-facing skills 2+ years of experience with SQL Experience in financial industry is preferred Good knowledge of Excel At BNY, our culture speaks for itself. Here's a few of our awards: America's Most Innovative Companies, Fortune, 2024 World's Most Admired Companies, Fortune 2024 Human Rights Campaign Foundation, Corporate Equality Index, 100% score, 2023-2024 Best Places to Work for Disability Inclusion, Disability: IN - 100% score, 2023-2024 Most Just Companies, Just Capital and CNBC, 2024 Dow Jones Sustainability Indices, Top performing company for Sustainability, 2024 Bloomberg's Gender Equality Index (GEI), 2023 Our Benefits and Rewards: BNY offers highly competitive compensation, benefits, and wellbeing programs rooted in a strong culture of excellence and our pay-for-performance philosophy. We provide access to flexible global resources and tools for your life's journey. Focus on your health, foster your personal resilience, and reach your financial goals as a valued member of our team, along with generous paid leaves, including paid volunteer time, that can support you and your family through moments that matter. BNY is an Equal Employment Opportunity/Affirmative Action Employer - Underrepresented racial and ethnic groups/Females/Individuals with Disabilities/Protected Veterans.",Banking/Accounting/Financial Services,"['Dataiku', 'Data Management Maturity Frameworks', 'snowflake', 'data stewardship', 'Data Quality Management', 'Databricks', 'Excel', 'Sql']",2025-06-20 06:03:25
Engineer-Data Science,Hitachi Energy,5-10 Years,,Vadodara,"How you'll make an impact:\nThe success candidate will be the part of an International Design and Engineering Team heavily specialized in Power Transformers design covering US factory.\nResponsible for building visualizations in PBI based on various sources and datasets of power transformers factories\nResponsible for DAX queries / DAX functions / Power Query Editor\nResponsible for development of transformer dashboard in coordination with global Hitachi Energy factory based on requirement.\nExpertise in using advance level calculations on the data set.\nAble to develop tabular and multidimensional models that are compatible with warehouse standards.\nAble to properly understand the business requirements and develop data models accordingly by taking care of the resources.\nFamiliar with Row Level Security (RLS)\nBasic knowledge and skills for secondary tools such as Microsoft Azure, SQL data warehouse, SSAS, Visual Studio, Power Apps etc.\nLiving Hitachi Energy s core values of safety and integrity, which means taking responsibility for your own actions while caring for your colleagues and the business.\nResponsible to ensure compliance with applicable external and internal regulations, procedures, and guidelines.\nYour Background\nBachelor s degree of Electrical or Mechanical or Data Science Engineering.\n5 - 10 years experience working in Data Analytics from start to end process. Candidates with higher experience also to be considered.\nExperience of manufacturing industry is an additional advantage.\nExtended MS Office knowledge & skills, especially excel but also eg PowerPoint, etc.\nExperienced in building MS Teams Space & SharePoint pages.\nSpecialist on building visualizations in PBI based on various sources and datasets.\nStrong capabilities of DAX queries / DAX functions / Power Query Editor. DA-100 certification preferred.\nExperience with SAP / S4 HANA -Data handling preferred, data sources in Power BI.\nProficiency in both spoken & written English language is required.",Energy,"['Data Analysis', 'Supply Chain', 'Editor', 'Business intelligence', 'SAP', 'Data Analytics', 'Visual Studio', 'Ms Office', 'Data mining', 'Sql']",2025-06-20 06:03:26
Lead Infrastructure Engineer - Data Platforms,General Mills,6-10 Years,,Mumbai,"KEY ACCOUNTABILITIES\nProvide technical leadership for migrating existing Microsoft SQL Server and NoSQL Databases to Public Cloud, developing and owning migration processes, documentation, and tooling. This includes defining strategies and roadmaps for database migrations, ensuring alignment with overall IT strategy and leveraging automation wherever possible to streamline the process.\nExpertly administer and manage mission-critical, complex, and high-volume Database Platforms in a 24/7 environment, implementing and maintaining automated monitoring and alerting systems to proactively identify and address potential issues.\nProactively identify and address potential database performance bottlenecks, proposing and implementing automated solutions to optimize database efficiency and scalability. This includes developing and deploying automated scripts for performance tuning and optimization.\nLead the design and implementation of highly available and scalable database solutions in the cloud (GCP preferred), ensuring compliance with security and governance standards and utilizing Infrastructure as Code (IaC) for automated provisioning and management of database infrastructure.\nAdminister and troubleshoot SQL Server, PostgreSQL, MySQL, and NoSQL DBs (MongoDB), implementing best practices and resolving complex performance issues through automated scripting and tooling.\nDevelop and maintain comprehensive documentation for database systems, processes, and procedures.\nChampion the adoption of DevOps practices, including CI/CD, infrastructure as code (Terraform), and automation (Ansible, Python, PowerShell) to streamline database management and deployment. Actively participate in the development and improvement of automated deployment pipelines.\nCollaborate with application stakeholders to understand their database requirements and provide technical guidance on database design and optimization, emphasizing automation opportunities to improve development workflows.\nContribute to the development and implementation of database security policies and procedures, ensuring compliance with industry best practices and leveraging automation for security auditing and vulnerability management.\nActively participate in Agile development processes, contributing to sprint planning, daily stand-ups, and retrospectives, focusing on automation opportunities to improve team efficiency and reduce manual effort.\nMentor and guide junior team members, fostering a culture of knowledge sharing and continuous learning, particularly around automation and DevOps practices.\nStay abreast of emerging technologies and trends in database administration and cloud computing, recommending and implementing innovative solutions to improve database performance and reliability, with a focus on automation and efficiency gains.\nMINIMUM QUALIFICATIONS\n9+ years of hands-on experience with leading design, refactoring, or migration of databases in cloud infrastructures and services for at least one of Microsoft Azure, Amazon Web Services, and Google GCP (preferred). Experience with automating database migration processes is highly desirable.\nExperience maintaining and administering with CI/CD tools such as Ansible, GitHub, and Artifactory in a cloud environment and developing/writing scripts using advanced DevOps languages such as Python, PowerShell. Demonstrated ability to design and implement automated workflows.\nExperience working with infrastructure as code such as Terraform, or equivalent. Proven ability to automate infrastructure provisioning and management.\nExperience with concepts, processes tools required for cloud adoption including cloud security, governance, and integration. Experience with automating security and compliance tasks is a plus.\nExperience with SQL Server AlwaysOn and Windows clustering. Experience with automating the management of high-availability clusters is preferred.\nExperience with agile techniques and methods.\nFamiliarity with user expectations for cloud Databases (to be able to design user-centric engineering services e.g., provisioning self-service workflow). Experience with automating user provisioning and access management is a plus.\nWorking knowledge of DevOps, Agile development processes, exploration, and POCs.\nAbility to work collaboratively across functional team boundaries.\nPREFERRED QUALIFICATIONS\nGood understanding hands-on experience of Linux OS and Windows Server (2012+).\nExperience working with high availability, disaster recovery, backup strategies, and server tuning strategies including parameters, resources, contention, etc.\nExcellent interpersonal and communication skills.\nAbility to work in a fast-paced team environment.\nFlexibility, reliability, initiative, responsibility, and a can-domentality.",Food Processing,"['cloud database migration', 'SQL Server', 'PostgreSQL', 'Terraform', 'Ansible', 'Python']",2025-06-20 06:03:28
Data Engineer,Hashroot Technologies Private Limited,3-12 Years,,"Gurugram, Bengaluru, Pune","The role involves designing, constructing, and maintaining scalable data management systems using Azure Databricks. The Data Engineer will be responsible for creating data processing pipelines and maintaining infrastructure to ensure uninterrupted data flow and system efficiency.\nKey Responsibilities:\nInterpret business requirements and translate them into technical specifications\nDesign, develop, and maintain data solutions using Databricks, Spark SQL, and Python\nCreate and manage Data Quality rules and relevant DataBricks configurations\nTroubleshoot and resolve issues related to data integrity and pipelines\nHandle multiple database platforms like Microsoft SQL Server and Oracle\nReview and analyze data from internal and external sources\nOptimize existing PySpark/Python code and SQL queries\nIdentify opportunities for performance improvement and innovation\nMaintain and operate existing custom code processes\nParticipate in team discussions and problem-solving\nConfigure system settings, execute testing, and support user training\nDevelop documentation including release notes and training materials\nEnsure adherence to Service Level Agreements (SLA) and Turn Around Times (TAT)\nRequired Skills and Experience:\n5+ years of experience in software development using Python and PySpark\nHands-on experience with Azure cloud services including Data Factory, Lake Gen 2, Azure Databases, Azure Data Fabric, API Gateway, Azure Functions\nStrong experience with Databricks and Spark SQL\nStrong SQL skills with RDBMS or NoSQL databases\nExperience with FastAPI or similar frameworks in Python\nFamiliarity with DevOps tools and CI/CD processes (Git, Jenkins, etc.)\nSolid understanding of ETL/ELT processes\nExperience in the financial services industry and knowledge of financial instruments is a plus\nExperience with data warehousing concepts and platforms\nStrong organizational and analytical skills\nProven track record of delivering results to internal and external clients\nAbility to work independently and in cross-functional teams\nExcellent communication and interpersonal skills",Login to check your skill match score,"['Fast API', 'Python', 'Pyspark', 'Azure Data Factory', 'Azure Data Lake', 'Azure Database', 'Sql', 'Api Gateway', 'RDBMS', 'Nosql', 'Devops', 'ELT', 'Azure Cloud Services']",2025-06-22 05:38:42
Snowflake/Databricks Data Engineer,SPN Globe,7-12 Years,,Pune,"Job | Immediately Hiring for Snowflake/Databricks Data Engineer (Python + SQL) @ MNC\nSPN Globe is a specialized IT recruitment and staffing firm. We are the sourcing partner of various software companies on Permanent and Contract to Hire Demands. Also working with few top notch (CMMI-5 level) clients, PAN India clients and major city clients such as Hyderabad, Bengaluru, Pune, Mumbai, Nagpur and NCR.\nPlease find the position details below:\nCompany: MNC IT Company\nRole: Snowflake/Databricks Data Engineer (Python + SQL)\nType: Permanent (No third-party payroll)\nLocation: Pune\nJoining: 0 to 30 days / Immediate Joiners\nExperience: 7+ Yrs\nMandatory Skills: (Snowflake/Databricks) + Python + SQL\nJob Description:\nData Engineer 1: Snowflake + Python + SQL\nData Engineer 2: Databricks + Python + SQL\nApply immediately to grab it. Email your resume at [HIDDEN TEXT]\nAlso, immediately refer this opportunity to your friends.",Login to check your skill match score,"['snowflake', 'Databricks', 'Python', 'Sql']",2025-06-22 05:38:46
Lead Consultant - Data Engineer,Genpact,6-8 Years,,Bengaluru,"Genpact (NYSE: G) is a global professional services and solutions firm delivering outcomes that shape the future. Our 125,000+ people across 30+ countries are driven by our innate curiosity, entrepreneurial agility, and desire to create lasting value for clients. Powered by our purpose - the relentless pursuit of a world that works better for people - we serve and transform leading enterprises, including the Fortune Global 500, with our deep business and industry knowledge, digital operations services, and expertise in data, technology, and AI.\n\nWe are inviting applications for the role of Lead Consultant - Data Engineer! This role supports business enablement, which includes understanding of business trends, provide data driven solutions at scale. Hire will be responsible for developing, expanding and optimizing our data pipeline architecture, as well as optimizing data flow and collaboration from cross functional teams.\nThe ideal candidate is an experienced data pipeline builder and data wrangler who enjoys optimizing data systems and building them from ground up either in on-prem or in cloud (AWS/Azure). The data engineer will support our software developers, database architects, data analyst and data scientists on data initiatives and will ensure optimal data delivery architecture.\nCore data engineering work experience in Life Sciences/Healthcare/CPG for minimum 6+ years\nWork location: Bangalore\nResponsibilities\n. Professional experience in creating and maintaining optimal data pipeline architecture. Assemble large, complex data sets that meet functional/non-functional business requirements\n. Experience working on warehousing systems, and an ability to contribute towards implanting end-to-end, loosely couple/decoupled technology solutions for data ingestion and processing, data storage, data access, and integration with business user centric analytics/business intelligence frameworks\n. Advanced working SQL knowledge and experience working with relational databases, query authoring as well as working familiarity with a variety of databases\n. A successful history of manipulating, processing and extracting value from large disconnected datasets\n. Design, develop, and maintain scalable and resilient ETL/ELT pipelines for handling large volumes of complex data\n. Build the infrastructure required for optimal extraction, transformation, and loading of data from a wide variety of data sources using SQL and AWS/Azure big data toolsets\n. Architecting and implementing data governance and security for data platforms on cloud\n. Cloud certification will be an advantage but not a mandate for this role\n. Experience in following software/tools :\no Experience with relational SQL and NoSQL databases, including Postgres and MongoDB\no Experience with big data tools : Hadoop, Spark, Kafka, etc\no Experience with data pipeline and workflow management tools : Airflow, Luigi, etc\no Experience with AWS Cloud services or Azure cloud services\no Experience with scripting languages: Python or Java\no Understanding with stream-processing systems: Spark-Streaming, etc\n. Strong project management and organizational skills\n. Ability to comprehend business needs, convert them into BRD & TRD (Business/Technical requirement document), develop implementation roadmap and execute on time\n. Effectively respond to requests for ad hoc analyses.\n. Good verbal and written communication skills\n. Ownership of tasks assigned without supervisory follow-up\n. Proactive planner and can work independently to manage own responsibilities\n. Personal drive and positive work ethic to deliver results within tight deadlines and in demanding situations\nQualifications\nMinimum qualifications\n. Master&rsquos or bachelor&rsquos in engineering - BE/B- Tech, BCA, MCA, BSc/MSc\n. Master&rsquos in science or related\nGenpact is an Equal Opportunity Employer and considers applicants for all positions without regard to race, color, religion or belief, sex, age, national origin, citizenship status, marital status, military/veteran status, genetic information, sexual orientation, gender identity, physical or mental disability or any other characteristic protected by applicable laws. Genpact is committed to creating a dynamic work environment that values diversity and inclusion, respect and integrity, customer focus, and innovation. Get to know us at www.genpact.com and on X, Facebook, LinkedIn, and YouTube.",IT/Computers - Hardware & Networking,"['Airflow', 'Luigi', 'Java', 'Hadoop', 'Kafka', 'Sql', 'Postgres', 'Spark', 'MongoDB', 'Azure', 'Python', 'AWS']",2025-06-24 06:18:25
Data Engineer / Developer,NTT Data,8-10 Years,,"Chennai, India","Req ID:328613\nNTT DATA strives to hire exceptional, innovative and passionate individuals who want to grow with us. If you want to be part of an inclusive, adaptable, and forward-thinking organization, apply now.\nWe are currently seeking a Data Engineer / Developer to join our team in Chennai, Tamil Ndu (IN-TN), India (IN).\nData Engineer / Developer\nPrimary Skillset (Must Have)\nOracle PL/SQL, SnapLogic\n\nSecondary Skillset (Good to Have)\nInformatica, Aerospike\nTertiary Skillset (Nice to Have)\nPython Scripting\n\nMinimum Experience on Key Skills\n- 8 - 10 Years\nGeneral Expectation\n1) Must have Good Communication\n2) Must be ready to work in 10:30 AM to 8:30 PM Shift\n3) Flexible to work in Client Location Ramanujam IT park, Taramani, Chennai\n4) Must be ready to work from office in a Hybrid work environment. Full Remote work is not an option\n5) Expect Full Return to office in 2025\nPre-Requisites before submitting profiles\n1) Must have Genuine and Digitally signed Form16 for ALL employments\n2) All employment history/details must be present in UAN/PPF statements\n3) Candidate must be screened using Video and ensure he/she is genuine and have proper work setup\n4) Candidates must have real work experience on mandatory skills mentioned in JD\n5) Profiles must have the companies which they are having payroll with and not the client names as their employers\n6) As these are competitive positions and client will not wait for 60 days and carry the risks of drop-out, candidates must of 0 to 3 weeks of Notice Period\n7) Candidates must be screened for any gaps after education and during employment for genuineness of the reasons.\nAbout NTT DATA\nNTT DATA is a $30 billion trusted global innovator of business and technology services. We serve 75% of the Fortune Global 100 and are committed to helping clients innovate, optimize and transform for long term success. As a Global Top Employer, we have diverse experts in more than 50 countries and a robust partner ecosystem of established and start-up companies. Our services include business and technology consulting, data and artificial intelligence, industry solutions, as well as the development, implementation and management of applications, infrastructure and connectivity. We are one of the leading providers of digital and AI infrastructure in the world. NTT DATA is a part of NTT Group, which invests over $3.6 billion each year in R&D to help organizations and society move confidently and sustainably into the digital future. Visit us at\nNTT DATA endeavors to make accessible to any and all users. If you would like to contact us regarding the accessibility of our website or need assistance completing the application process, please contact us at . This contact information is for accommodation requests only and cannot be used to inquire about the status of applications. NTT DATA is an equal opportunity employer. Qualified applicants will receive consideration for employment without regard to race, color, religion, sex, sexual orientation, gender identity, national origin, disability or protected veteran status. For our EEO Policy Statement, please click . If you'd like more information on your EEO rights under the law, please click . For Pay Transparency information, please click.",IT/Computers - Software,"['Python Scripting', 'Oracle Pl Sql', 'Aerospike', 'Snaplogic', 'Informatica']",2025-06-24 06:18:27
Data Engineer / Developer,NTT Data,8-10 Years,,"Chennai, India","Req ID:328613\nNTT DATA strives to hire exceptional, innovative and passionate individuals who want to grow with us. If you want to be part of an inclusive, adaptable, and forward-thinking organization, apply now.\nWe are currently seeking a Data Engineer / Developer to join our team in Chennai, Tamil Ndu (IN-TN), India (IN).\nData Engineer / Developer\nPrimary Skillset (Must Have)\nOracle PL/SQL, SnapLogic\n\nSecondary Skillset (Good to Have)\nInformatica, Aerospike\nTertiary Skillset (Nice to Have)\nPython Scripting\n\nMinimum Experience on Key Skills\n- 8 - 10 Years\nGeneral Expectation\n1) Must have Good Communication\n2) Must be ready to work in 10:30 AM to 8:30 PM Shift\n3) Flexible to work in Client Location Ramanujam IT park, Taramani, Chennai\n4) Must be ready to work from office in a Hybrid work environment. Full Remote work is not an option\n5) Expect Full Return to office in 2025\nPre-Requisites before submitting profiles\n1) Must have Genuine and Digitally signed Form16 for ALL employments\n2) All employment history/details must be present in UAN/PPF statements\n3) Candidate must be screened using Video and ensure he/she is genuine and have proper work setup\n4) Candidates must have real work experience on mandatory skills mentioned in JD\n5) Profiles must have the companies which they are having payroll with and not the client names as their employers\n6) As these are competitive positions and client will not wait for 60 days and carry the risks of drop-out, candidates must of 0 to 3 weeks of Notice Period\n7) Candidates must be screened for any gaps after education and during employment for genuineness of the reasons.\nAbout NTT DATA\nNTT DATA is a $30 billion trusted global innovator of business and technology services. We serve 75% of the Fortune Global 100 and are committed to helping clients innovate, optimize and transform for long term success. As a Global Top Employer, we have diverse experts in more than 50 countries and a robust partner ecosystem of established and start-up companies. Our services include business and technology consulting, data and artificial intelligence, industry solutions, as well as the development, implementation and management of applications, infrastructure and connectivity. We are one of the leading providers of digital and AI infrastructure in the world. NTT DATA is a part of NTT Group, which invests over $3.6 billion each year in R&D to help organizations and society move confidently and sustainably into the digital future. Visit us at\nNTT DATA endeavors to make accessible to any and all users. If you would like to contact us regarding the accessibility of our website or need assistance completing the application process, please contact us at . This contact information is for accommodation requests only and cannot be used to inquire about the status of applications. NTT DATA is an equal opportunity employer. Qualified applicants will receive consideration for employment without regard to race, color, religion, sex, sexual orientation, gender identity, national origin, disability or protected veteran status. For our EEO Policy Statement, please click . If you'd like more information on your EEO rights under the law, please click . For Pay Transparency information, please click.",IT/Computers - Software,"['Python Scripting', 'Oracle Pl Sql', 'Aerospike', 'Snaplogic', 'Informatica']",2025-06-24 06:18:28
Power BI Architect - Data Engineer,NTT Data,3-5 Years,,"Bengaluru, India","NTT DATA strives to hire exceptional, innovative and passionate individuals who want to grow with us. If you want to be part of an inclusive, adaptable, and forward-thinking organization, apply now.\nWe are currently seeking a Power BI Architect - Data Engineer to join our team in Bangalore, Karntaka (IN-KA), India (IN).\nRole: Power BI - Data Engineer\nResponsibilities:\n. As a Data Engineer, you will be actively involved in designing, implementation, and managing comprehensive business intelligence solutions, focusing on data modeling, report development, and ensuring data security and compliance\n. Working within our high-performing and collaborative teams\n. Present data migration solutions and influence key stakeholders in our client groups\n. Assist our clients to drive towards strategic data architecture goals and objectives by enhancing the coherence, quality, security, and availability of organization's data assets, by developing their data migration roadmap\n.Design and leadership of real-time data architectures oriented towards large volumes of information.\n.Implementation of integration flows (ETL/ELT) with Data Lakes and Microsoft Fabric, covering streaming scenarios, IoT, and on-premises/cloud sources.\n.Optimization and governance of tabular models in Power BI, ensuring high availability, security, and scalability.\n.Coordination of data quality standards with a focus on DataOps for continuous deployments and automation.\nRequirements :\n. Demonstrable experience in Master data management\n. 3-5+ years of experience in designing and implementing BI solutions and data architectures (advanced modeling, DAX, optimization, and governance)\n. Strong knowledge & Mastery of Data Lake, Microsoft Fabric, and real-time ingestion methods.\n. Hands on experience & Knowledge of Python or R for data manipulation/transformation and automation.\n. Proven experience with tabular modeling, DAX queries, and report optimization in Power BI.\n. Ability to plan, define, estimate and manage the delivery of work packages using the above experience\n. Excellent communication skills and the flexibility to respond to different program demands\nSkills:\n. A deep understanding of key technical developments in your area of expertise and the ability to explain what they mean for our clients\n. Able to lead the definition of information and data models, data governance structures and processes\n. Experience of working in complex environments across multiple business and technology domains\n. Experienced in bridging the gap between functional and non-functional teams\nAbout NTT DATA\nNTT DATA is a $30 billion trusted global innovator of business and technology services. We serve 75% of the Fortune Global 100 and are committed to helping clients innovate, optimize and transform for long term success. As a Global Top Employer, we have diverse experts in more than 50 countries and a robust partner ecosystem of established and start-up companies. Our services include business and technology consulting, data and artificial intelligence, industry solutions, as well as the development, implementation and management of applications, infrastructure and connectivity. We are one of the leading providers of digital and AI infrastructure in the world. NTT DATA is a part of NTT Group, which invests over $3.6 billion each year in R&D to help organizations and society move confidently and sustainably into the digital future. Visit us at\nNTT DATA endeavors to make accessible to any and all users. If you would like to contact us regarding the accessibility of our website or need assistance completing the application process, please contact us at . This contact information is for accommodation requests only and cannot be used to inquire about the status of applications. NTT DATA is an equal opportunity employer. Qualified applicants will receive consideration for employment without regard to race, color, religion, sex, sexual orientation, gender identity, national origin, disability or protected veteran status. For our EEO Policy Statement, please click . If you'd like more information on your EEO rights under the law, please click . For Pay Transparency information, please click.",IT/Computers - Software,"['R', 'Microsoft Fabric', 'Power Bi', 'Data Lake', 'Dax', 'Python', 'ELT', 'Etl']",2025-06-24 06:18:29
Data Engineer,Amgen Technology Private Limited,1-5 Years,,Hyderabad,"Key Deliverables:\nBuild and optimize scalable ETL/ELT pipelines for pharma manufacturing and supply chain\nIntegrate structured and unstructured data across hybrid cloud platforms\nEnsure data integrity, validation, and governance for enterprise analytics\nSupport AI and ML adoption through efficient, metadata-driven architecture\nRole Responsibilities:\nDevelop pipelines using PySpark, SQL, and AWS for large-scale processing\nCollaborate cross-functionally to translate domain needs into data solutions\nImplement workflow orchestration, performance tuning, and DevOps practices\nWork in Agile/SAFe framework to deliver sprint-based data engineering tasks",Pharmaceutical,"['Databricks', 'Pyspark', 'AWS', 'Sql', 'Data Modeling']",2025-06-24 06:18:31
Data Engineer,Amgen Technology Private Limited,5-8 Years,,Hyderabad,Key Deliverables:\nBuild and maintain scalable data pipelines using Databricks and PySpark\nEnable unified data access and governance across hybrid cloud systems\nImplement robust data validation and metadata-driven frameworks\nDrive automation and reusable data engineering components\nRole Responsibilities:\nIngest and transform structured and unstructured data across platforms\nOptimize performance and quality of big data workflows\nCollaborate in SAFe Agile teams to deliver incremental value\nEnsure data reliability and integrity through advanced monitoring,Pharmaceutical,"['Databricks', 'Pyspark', 'AWS', 'Sql', 'Data Modeling']",2025-06-24 06:18:32
Data Engineer,Amgen Technology Private Limited,1-10 Years,,Hyderabad,"Key Deliverables:\nBuild and manage scalable ETL/ELT pipelines for large and complex datasets\nDesign and implement data models and integration solutions across cloud platforms\nEnsure data governance, quality, and compliance through best practice frameworks\nCollaborate across teams to deliver end-to-end data pipeline solutions\nRole Responsibilities:\nTranslate data requirements into robust technical architectures\nOptimize big data performance using Spark, SQL, and cloud orchestration\nSupport analytics and ML teams with well-structured, reliable data\nExplore new tools to continuously improve pipeline and platform efficiency",Pharmaceutical,"['Databricks', 'Pyspark', 'AWS', 'Sql', 'Data Modeling']",2025-06-24 06:18:33
Data Engineer,Amgen Technology Private Limited,1-9 Years,,Hyderabad,"ABOUT THE ROLE\nAs part of the cybersecurity organization, In this vital role you willbe responsible for designing, building, and maintaining data infrastructure to support data-driven decision-making. This role involves working with large datasets, developing reports, executing data governance initiatives, and ensuring data is accessible, reliable, and efficiently managed. The role sits at the intersection of data infrastructure and business insight delivery, requiring the Data Engineer to design and build robust data pipelines while also translating data into meaningful visualizations for stakeholders across the organization. The ideal candidate has strong technical skills, experience with big data technologies, and a deep understanding of data architecture, ETL processes, and cybersecurity data frameworks.\nRoles Responsibilities:\nDesign, develop, and maintain data solutions for data generation, collection, and processing.\nBe a key team member that assists in design and development of the data pipeline.\nBuild data pipelines and ensure data quality by implementing ETL processes to migrate and deploy data across systems.\nDevelop and maintain interactive dashboards and reports using tools like Tableau, ensuring data accuracy and usability\nSchedule and manage workflows the ensure pipelines run on schedule and are monitored for failures.\nCollaborate with multi-functional teams to understand data requirements and design solutions that meet business needs.\nDevelop and maintain data models, data dictionaries, and other documentation to ensure data accuracy and consistency.\nImplement data security and privacy measures to protect sensitive data.\nLeverage cloud platforms (AWS preferred) to build scalable and efficient data solutions.\nCollaborate and communicate effectively with product teams.\nCollaborate with data scientists to develop pipelines that meet dynamic business needs.\nShare and discuss findings with team members practicing SAFe Agile delivery model.\nWhat we expect of you\nWe are all different, yet we all use our unique contributions to serve patients. The Data engineer professional we seek is one with these qualifications.\nBasic Qualifications:\nMaster s degree and 1 to 3 years of experience of Computer Science, IT or related field experience OR\nBachelor s degree and 3 to 5 years of Computer Science, IT or related field experience OR\nDiploma and 7 to 9 years of Computer Science, IT or related field experience\nPreferred Qualifications:\nHands on experience with data practices, technologies, and platforms, such as Databricks, Python, GitLab, LucidChart, etc.\nHands-on experience with data visualization and dashboarding tools Tableau, Power BI, or similar is a plus\nProficiency in data analysis tools (e. g. SQL) and experience with data sourcing tools\nExcellent problem-solving skills and the ability to work with large, complex datasets\nUnderstanding of data governance frameworks, tools, and best practices\nKnowledge of and experience with data standards (FAIR) and protection regulations and compliance requirements (e. g. , GDPR, CCPA)\nGood-to-Have Skills:\nExperience with ETL tools and various Python packages related to data processing, machine learning model development\nStrong understanding of data modeling, data warehousing, and data integration concepts\nKnowledge of Python/R, Databricks, cloud data platforms\nExperience working in Product teams environment\nExperience working in an Agile environment\nProfessional Certifications:\nAWS Certified Data Engineer preferred\nDatabricks Certificate preferred\nSoft Skills:\nInitiative to explore alternate technology and approaches to solving problems\nSkilled in breaking down problems, documenting problem statements, and estimating efforts\nExcellent analytical and troubleshooting skills\nStrong verbal and written communication skills\nAbility to work effectively with global, virtual teams\nHigh degree of initiative and self-motivation\nAbility to handle multiple priorities successfully\nTeam-oriented, with a focus on achieving team goals\nEQUAL OPPORTUNITY STATEMENT\nAmgen is an Equal Opportunity employer and will consider you without regard to your race, color, religion, sex, sexual orientation, gender identity, national origin, protected veteran status, or disability status.\nWe will ensure that individuals with disabilities are provided with reasonable accommodation to participate in the job application or interview process, to perform essential job functions, and to receive other benefits and privileges of employment. Please contact us to request accommodation..",Pharmaceutical,"['Databricks', 'Pyspark', 'AWS', 'Sql', 'Data Modeling']",2025-06-24 06:18:34
Data Engineer,Amgen Technology Private Limited,1-10 Years,,Hyderabad,"Key Deliverables:\nDesign and maintain compliant ETL pipelines for regulatory submissions (eCTD, IDMP, xEVMPD)\nIntegrate regulatory, clinical, and quality data ensuring traceability and GxP alignment\nBuild reusable frameworks for metadata tagging, validation, and audit trails\nEnable Agile delivery of data engineering solutions for Regulatory IPT needs\nRole Responsibilities:\nCollaborate with Regulatory IPT teams to define data models and ingestion logic\nDevelop scalable pipelines using AWS, Databricks, and PySpark\nEnsure data readiness, quality, and lineage for global health authority submissions\nParticipate in SAFe Agile execution, CI/CD, and DevOps for data lifecycle",Pharmaceutical,"['Regulatory Data Integration', 'Databricks', 'Pyspark', 'AWS', 'Sql']",2025-06-24 06:18:35
Data Engineer,Amgen Technology Private Limited,1-10 Years,,Hyderabad,"Key Deliverables:\nDesign and maintain compliant ETL pipelines for regulatory submissions (eCTD, IDMP, xEVMPD)\nIntegrate regulatory, clinical, and quality data ensuring traceability and GxP alignment\nBuild reusable frameworks for metadata tagging, validation, and audit trails\nEnable Agile delivery of data engineering solutions for Regulatory IPT needs\nRole Responsibilities:\nCollaborate with Regulatory IPT teams to define data models and ingestion logic\nDevelop scalable pipelines using AWS, Databricks, and PySpark\nEnsure data readiness, quality, and lineage for global health authority submissions\nParticipate in SAFe Agile execution, CI/CD, and DevOps for data lifecycle",Pharmaceutical,"['Regulatory Data Integration', 'Databricks', 'Pyspark', 'AWS', 'Sql']",2025-06-24 06:18:36
Data Engineer,Amgen Technology Private Limited,1-10 Years,,Hyderabad,"Key Deliverables:\nBuild and maintain scalable ETL pipelines for structured and unstructured datasets\nImplement end-to-end data architecture including modeling, governance, and performance tuning\nSupport web application backend with integrated data pipelines and real-time processing\nEnsure data reliability, security, and accessibility across cloud-based environments\nRole Responsibilities:\nCollaborate with architects, data scientists, and cross-functional teams on data initiatives\nParticipate in Agile sprints to plan, estimate, and deliver data engineering features\nConduct root cause analysis and resolve performance or integration bottlenecks\nMaintain comprehensive documentation and reusable components for sustainable delivery",Pharmaceutical,"['Databricks', 'Pyspark', 'AWS', 'Sql', 'Data Modeling']",2025-06-24 06:18:37
Data Engineer,Amgen Technology Private Limited,3-9 Years,,Hyderabad,Key Deliverables:\nBuild and maintain scalable data pipelines using Databricks and PySpark\nEnable unified data access and governance across hybrid cloud systems\nImplement robust data validation and metadata-driven frameworks\nDrive automation and reusable data engineering components\nRole Responsibilities:\nIngest and transform structured and unstructured data across platforms\nOptimize performance and quality of big data workflows\nCollaborate in SAFe Agile teams to deliver incremental value\nEnsure data reliability and integrity through advanced monitoring,Pharmaceutical,"['Databricks', 'Pyspark', 'AWS', 'Sql', 'Data Modeling']",2025-06-24 06:18:38
Senior Data Engineer,Amgen Technology Private Limited,9-12 Years,,Hyderabad,"The ideal candidate will be responsible to design, develop, and optimize data pipelines, data integration frameworks, and metadata-driven architectures that enable seamless data access and analytics. This role prefers deep expertise in big data processing, distributed computing, data modeling, and governance frameworks to support self-service analytics, AI-driven insights, and enterprise-wide data management.\nRoles & Responsibilities:\nDesign, develop, and maintain scalable ETL/ELT pipelines to support structured, semi-structured, and unstructured data processing across the Enterprise Data Fabric.\nImplement real-time and batch data processing solutions, integrating data from multiple sources into a unified, governed data fabric architecture.\nOptimize big data processing frameworks using Apache Spark, Hadoop, or similar distributed computing technologies to ensure high availability and cost efficiency.\nWork with metadata management and data lineage tracking tools to enable enterprise-wide data discovery and governance.\nEnsure data security, compliance, and role-based access control (RBAC) across data environments.\nOptimize query performance, indexing strategies, partitioning, and caching for large-scale data sets.\nDevelop CI/CD pipelines for automated data pipeline deployments, version control, and monitoring.\nImplement data virtualization techniques to provide seamless access to data across multiple storage systems.\nCollaborate with cross-functional teams, including data architects, business analysts, and DevOps teams, to align data engineering strategies with enterprise goals.\nStay up to date with emerging data technologies and best practices, ensuring continuous improvement of Enterprise Data Fabric architectures.\nMust-Have Skills:\nHands-on experience in data engineering technologies such as Databricks, PySpark, SparkSQL Apache Spark, AWS, Python, SQL, and Scaled Agile methodologies.\nProficiency in workflow orchestration, performance tuning on big data processing.\nStrong understanding of AWS services\nExperience with Data Fabric, Data Mesh, or similar enterprise-wide data architectures.\nAbility to quickly learn, adapt and apply new technologies\nStrong problem-solving and analytical skills\nExcellent communication and teamwork skills\nExperience with Scaled Agile Framework (SAFe), Agile delivery practices, and DevOps practices.\nGood-to-Have Skills:\nGood to have deep expertise in Biotech & Pharma industries\nExperience in writing APIs to make the data available to the consumers\nExperienced with SQL/NOSQL database, vector database for large language models\nExperienced with data modeling and performance tuning for both OLAP and OLTP databases\nExperienced with software engineering best-practices, including but not limited to version control (Git, Subversion, etc.), CI/CD (Jenkins, Maven etc.), automated unit testing, and Dev Ops\nEducation and Professional Certifications\n9 to 12 years of Computer Science, IT or related field experience\nAWS Certified Data Engineer preferred\nDatabricks Certificate preferred\nScaled Agile SAFe certification preferred\nSoft Skills:\nExcellent analytical and troubleshooting skills.\nStrong verbal and written communication skills\nAbility to work effectively with global, virtual teams\nHigh degree of initiative and self-motivation.\nAbility to manage multiple priorities successfully.\nTeam-oriented, with a focus on achieving team goals.\nAbility to learn quickly, be organized and detail oriented.\nStrong presentation and public speaking skills.",Health Care,"['Data Fabric', 'CI/CD', 'Databricks', 'AWS', 'Pyspark', 'Apache Spark']",2025-06-24 06:18:40
Sr Data Engineer,Amgen Technology Private Limited,6-10 Years,,Hyderabad,"Let s do this. Let s change the world. In this vital role you will be responsible for designing, building, maintaining, analyzing, and interpreting data to provide actionable insights that drive business decisions. This role involves working with large datasets, developing reports, supporting and implementing data governance initiatives and visualizing data to ensure data is accessible, reliable, and efficiently managed. The ideal candidate has strong technical skills, experience with big data technologies, and a deep understanding of data architecture and ETL processes .\nRoles & Responsibilities:\nDesign, develop, and maintain data solutions for data generation, collection, and processing.\nBe a key team member that assists in design and development of the data pipeline.\nCreate data pipelines and ensure data quality by implementing ETL processes to migrate and deploy data across systems.\nContribute to the design, development, and implementation of data pipelines, ETL/ELT processes, and data integration solutions.\nTake ownership of data pipeline projects from inception to deployment, manage scope, timelines, and risks.\nCollaborate with multi-functional teams to understand data requirements and design solutions that meet business needs.\nDevelop and maintain data models, data dictionaries, and other documentation to ensure data accuracy and consistency.\nImplement data security and privacy measures to protect sensitive data.\nLeverage cloud platforms (AWS preferred) to build scalable and efficient data solutions.\nCollaborate with Data Architects, Business SMEs, and Data Scientists to design and develop end-to-end data pipelines to meet fast paced business needs across geographic regions.\nIdentify and resolve complex data-related challenges.\nAdhere to standard processes for coding, testing, and designing reusable code/component.\nExplore new tools and technologies that will help to improve ETL platform performance.\nParticipate in sprint planning meetings and provide estimations on technical implementation.\nCollaborate and communicate effectively with product teams.\nWhat we expect of youWe are all different, yet we all use our unique contributions to serve patients.\nBasic Qualifications:\nMaster s degree with 4 - 6 years of experience in Computer Science, IT or related field OR\nBachelor s degree with 6 - 8 years of experience in Computer Science, IT or related field OR\nDiploma with 10 - 12 years of experience in Computer Science, IT or related field.\nFunctional Skills:\nMust-Have Skills:\nHands on experience with big data technologies and platforms, such as Databricks, Apache Spark (PySpark, SparkSQL), workflow orchestration, performance tuning on big data processing.\nHands on experience with various Python/R packages for EDA, feature engineering and machine learning model training.\nProficiency in data analysis tools (eg. SQL) and experience with data visualization tools.\nExcellent problem-solving skills and the ability to work with large, complex datasets.\nStrong understanding of data governance frameworks, tools, and standard methodologies.\nKnowledge of data protection regulations and compliance requirements (e.g., GDPR, CCPA).\nGood-to-Have Skills:Experience with ETL tools such as Apache Spark, and various Python packages related to data processing, machine learning model development.\nStrong understanding of data modeling, data warehousing, and data integration concepts.\nKnowledge of Python/R, Databricks, SageMaker, OMOP.\nProfessional Certifications:\nCertified Data Engineer / Data Analyst (preferred on Databricks or cloud environments).\nCertified Data Scientist (preferred on Databricks or Cloud environments).\nMachine Learning Certification (preferred on Databricks or Cloud environments).\nSAFe for Teams certification (preferred).\nSoft Skills:\nExcellent critical-thinking and problem-solving skills.\nStrong communication and collaboration skills.\nDemonstrated awareness of how to function in a team setting.\nDemonstrated presentation skills.\nShift Information:\nThis position requires you to work a later shift and may be assigned a second or third shift schedule. Candidates must be willing and able to work during evening or night shifts, as required based on business requirements.",Pharmaceutical,"['Data Lake Design', 'Data Lake Build', 'Data Lake Maintenance', 'Data Generation', 'Data Collection', 'Data Processing', 'Data Pipeline Design']",2025-06-24 06:18:41
Sr Data Engineer - Research Data and Analytics,Amgen Technology Private Limited,6-8 Years,,Hyderabad,"In this role, you will design, build, and maintain data lake solutions for scientific data that drive business decisions for Research. You will build scalable and high-performance data engineering solutions for large scientific datasets and collaborate with Research stakeholders. The ideal candidate possesses experience in the pharmaceutical or biotech industry, demonstrates strong technical skills, is proficient with big data technologies, and has a deep understanding of data architecture and ETL processes.\nRoles & Responsibilities\nData Pipeline Development:\nDesign, develop, and implement data pipelines, ETL/ELT processes, and data integration solutions.\nTake ownership of data pipeline projects from inception to deployment, managing scope, timelines, and risks.\nDevelop and maintain data models for biopharma scientific data, data dictionaries, and other documentation to ensure data accuracy and consistency.\nOptimize large datasets for query performance.\nCollaboration and Solution Design:\nCollaborate with global cross-functional teams, including research scientists, to understand data requirements and design solutions that meet business needs.\nImplement data security and privacy measures to protect sensitive data.\nLeverage cloud platforms (AWS preferred) to build scalable and efficient data solutions.\nCollaborate with Data Architects, Business SMEs, Software Engineers, and Data Scientists to design and develop end-to-end data pipelines to meet fast-paced business needs across geographic regions.\nTroubleshooting and Best Practices:\nIdentify and resolve complex data-related challenges.\nAdhere to best practices for coding, testing, and designing reusable code/components.\nInnovation and Process Improvement:\nExplore new tools and technologies that will help improve ETL platform performance.\nParticipate in sprint planning meetings and provide estimations on technical implementation.\nMaintain comprehensive documentation of processes, systems, and solutions.\nBasic Qualifications and Experience\nDoctorate Degree; OR\nMaster's degree with four to six years of experience in Computer Science, IT, Computational Chemistry, Computational Biology/Bioinformatics, or a related field; OR\nBachelor's degree with six to eight years of experience in Computer Science, IT, Computational Chemistry, Computational Biology/Bioinformatics, or a related field; OR\nDiploma with ten to twelve years of experience in Computer Science, IT, Computational Chemistry, Computational Biology/Bioinformatics, or a related field.\nPreferred Qualifications and Experience\nOver three years of experience in implementing and supporting biopharma scientific research data analytics (software platforms).\nFunctional Skills\nMust-Have Skills:\nProficiency in SQL and Python for data engineering, test automation frameworks (pytest), and scripting tasks.\nHands-on experience with big data technologies and platforms, such as Databricks, Apache Spark (PySpark, SparkSQL), workflow orchestration, and performance tuning on big data processing.\nExcellent problem-solving skills and the ability to work with large, complex datasets.\nGood-to-Have Skills:\nA passion for tackling complex challenges in drug discovery with technology and data.\nStrong understanding of data modeling, data warehousing, and data integration concepts.\nStrong experience using RDBMS (e.g., Oracle, MySQL, SQL Server, PostgreSQL).\nKnowledge of cloud data platforms (AWS preferred).\nExperience with data visualization tools (e.g., Dash, Plotly, Spotfire).\nExperience with diagramming and collaboration tools such as Miro, Lucidchart, or similar tools for process mapping and brainstorming.\nExperience writing and maintaining technical documentation in Confluence.\nUnderstanding of data governance frameworks, tools, and best practices.\nProfessional Certifications\nDatabricks Certified Data Engineer Professional preferred.\nSoft Skills\nExcellent critical-thinking and problem-solving skills.\nStrong communication and collaboration skills.\nDemonstrated awareness of how to function in a team setting.\nDemonstrated presentation skills",Pharmaceutical,"['Data Requirements Analysis', 'Data Challenge Resolution', 'Coding Best Practices', 'Reusable Code Design', 'Data Security', 'Data Privacy', 'Cloud Services']",2025-06-24 06:18:43
MDM Senior Data Engineer,Amgen Technology Private Limited,3-6 Years,,Hyderabad,"Develop the MDM backend solutions and implement ETL and Data engineering pipelines using Databricks, AWS, Python/PySpark, SQLetc\nLead the implementation and optimization of MDM solutions using Informatica or Reltio platforms.\nPerform data profiling andidentifythe DQ rulesneed.\nDefine and drive enterprise-wide MDM architecture, including IDQ, data stewardship, and metadata workflows.\nManage cloud-based infrastructure using AWS and Databricks to ensure scalability and performance.\nEnsure data integrity, lineage, and traceability across MDM pipelines and solutions.\nProvide mentorship and technical leadership to junior team members and ensure project delivery timelines.\nHelpcustom UIteam for integration with backend data using API or other integration methodsfor better user experience on data stewardship\nBasic Qualifications and Experience:\nMaster s degree with4-6years of experience in Business, Engineering,ITor relatedfield OR\nBachelor s degree with6-9years of experience in Business, Engineering,ITor relatedfield OR\nDiploma with10-12years of experience in Business, Engineering,ITor related field\nFunctional Skills:\nMust-Have Skills:\nStrong understanding and hands on experience of Databricks and AWS cloud services.\nProficiencyin Python,PySpark, SQL, and Unix for data processing and orchestration.\nDeep knowledge of MDM tools (Informatica, Reltio) and data quality frameworks (IDQ).\nMust have knowledge on customer master data (HCP, HCOetc)\nExperience with data modeling, governance, and DCR lifecycle management.\nAble to implement end to end integrations including API based integrations, Batch integrations and Flatfile-basedintegrations\nStrong experience with external data enrichments like D&B\nStrong experience on match/merge and survivorship rules implementations\nVery goodunderstanding on reference data and its integration with MDM\nHands on experience with custom workflowsor building data pipelines/orchestrations\nGood-to-Have Skills:\nExperience with Tableau orPowerBIfor reporting MDM insights.\nExposure or knowledge ofDataScienceandGenAIcapabilities.\nExposure to Agile practices and tools (JIRA, Confluence).\nPrior experience in Pharma/Life Sciences.\nUnderstanding of compliance and regulatory considerations in master data.\nProfessional Certifications:\nAnyMDMcertification(e.g.Informatica, Reltioetc)\nDatabricks Certifications (Data engineer or Architect)\nAny cloudcertification (AWS or AZURE)\nSoft Skills:\nStrong analytical abilities to assess and improve master data processes and solutions.\nExcellent verbal and written communication skills, with the ability to convey complex data concepts clearly to technical and non-technical stakeholders.\nEffective problem-solving skills to address data-related issues and implement scalable solutions.\nAbility to work effectively with global, virtual teams",Pharmaceutical,"['MDM', 'HCP', 'HCO', 'Python', 'Pyspark', 'Sql', 'Unix']",2025-06-24 06:18:51
Sr. Data Engineer,Amgen Technology Private Limited,3-13 Years,,Hyderabad,"Key Deliverables:\nLead Veeva Vault platform integration and data architecture strategy\nDesign and deploy scalable data pipelines and ETL/ELT solutions\nImplement data governance, quality, and compliance processes\nAutomate data frameworks and support Agile delivery for data platforms\nRole Responsibilities:\nCollaborate with stakeholders to align architecture with business needs\nIntegrate and optimize data flows using Mulesoft, Python, and APIs\nGuide teams on AWS and Databricks-based data lake development\nMaintain documentation for data models, flows, and compliance policies",Pharmaceutical,"['Veeva Vault', 'Databricks', 'Mulesoft', 'Python', 'Rest Api']",2025-06-24 06:18:53
Sr. Data Engineer,Amgen Technology Private Limited,3-13 Years,,Hyderabad,"Key Deliverables:\nLead Veeva Vault platform integration and data architecture strategy\nDesign and deploy scalable data pipelines and ETL/ELT solutions\nImplement data governance, quality, and compliance processes\nAutomate data frameworks and support Agile delivery for data platforms\nRole Responsibilities:\nCollaborate with stakeholders to align architecture with business needs\nIntegrate and optimize data flows using Mulesoft, Python, and APIs\nGuide teams on AWS and Databricks-based data lake development\nMaintain documentation for data models, flows, and compliance policies",Pharmaceutical,"['Veeva Vault', 'Databricks', 'Mulesoft', 'Python', 'Rest Api']",2025-06-24 06:18:54
Principal Data Engineer,Amgen Technology Private Limited,5-15 Years,,Hyderabad,"What you will do\nLet s do this. Let s change the world. In this vital role you will manage and oversee the development of robust Data Architectures, Frameworks, Data product Solutions, while mentoring and guiding a small team of data engineers. You will be responsible for leading the development, implementation, and management of enterprise-level data data engineering frameworks and solutions that support the organizations data-driven strategic initiatives. You will continuously strive for innovation in the technologies and practices used for data engineering and build enterprise scale data frameworks and expert data engineers. This role will closely collaborate with counterparts in US and EU. You will collaborate with cross-functional teams, including platform, functional IT, and business stakeholders, to ensure that the solutions that are built align with business goals and are scalable, secure, and efficient.\nRoles Responsibilities:\nArchitect Implement of scalable, high-performance Modern Data Engineering solutions (applications) that include data analysis, data ingestion, storage, data transformation (data pipelines), and analytics.\nEvaluate the new trends in data engineering area and build rapid prototypes\nBuild Data Solution Architectures and Frameworks to accelerate the Data Engineering processes\nBuild frameworks to improve the re-usability, reduce the development time and cost of data management governance\nIntegrate AI into data engineering practices to bring efficiency through automation\nBuild best practices in Data Engineering capability and ensure their adoption across the product teams\nBuild and nurture strong relationships with stakeholders, emphasizing value-focused engagement and partnership to align data initiatives with broader business goals.\nLead and motivate a high-performing data engineering team to deliver exceptional results.\nProvide expert guidance and mentorship to the data engineering team, fostering a culture of innovation and best practices.\nCollaborate with counterparts in US and EU and work with business functions, functional IT teams, and others to understand their data needs and ensure the solutions meet the requirements.\nEngage with business stakeholders to understand their needs and priorities, ensuring that data and analytics solutions built deliver real value and meet business objectives.\nDrive adoption of the data and analytics solutions by partnering with the business stakeholders and functional IT teams in rolling out change management, trainings, communications, etc.\nTalent Growth People Leadership: Lead, mentor, and manage a high-performing team of engineers, fostering an environment that encourages learning, collaboration, and innovation. Focus on nurturing future leaders and providing growth opportunities through coaching, training, and mentorship.\nRecruitment Team Expansion: Develop a comprehensive talent strategy that includes recruitment, retention, onboarding, and career development and build a diverse and inclusive team that drives innovation, aligns with Amgens culture and values, and delivers business priorities\nOrganizational Leadership: Work closely with senior leaders within the function and across the Amgen India site to align engineering goals with broader organizational objectives and demonstrate leadership by contributing to strategic discussions\nWhat we expect of you\nWe are all different, yet we all use our unique contributions to serve patients. The [vital attribute] professional we seek is a [type of person] with these qualifications.\nBasic Qualifications:\nMaster s degree and 8 to 10 years of computer science and engineering preferred, other Engineering fields will be considered OR\nBachelor s degree and 12 to 14 years of computer science and engineering preferred, other Engineering fields will be considered OR\nDiploma and 16 to 18 years of computer science and engineering preferred, other Engineering fields will be considered\n10+ years of experience in Data Engineering, working in COE development or product building\n5+ years of experience in leading enterprise scale data engineering solution development.\nExperience building enterprise scale data lake, data fabric solutions on cloud leveraging modern approaches like Data Mesh\nDemonstrated proficiency in leveraging cloud platforms (AWS, Azure, GCP) for data engineering solutions. Strong understanding of cloud architecture principles and cost optimization strategies.\nHands-on experience using Databricks, Snowflake, PySpark, Python, SQL\nProven ability to lead and develop high-performing data engineering teams.\nStrong problem-solving, analytical, and critical thinking skills to address complex data challenges.\nPreferred Qualifications:\nExperience in Integrating AI with Data Engineering and building AI ready data lakes\nPrior experience in data modeling especially star-schema modeling concepts.\nFamiliarity with ontologies, information modeling, and graph databases.\nExperience working with agile development methodologies such as Scaled Agile.\nExperienced with software engineering best-practices, including but not limited to version control (Git, Subversion, etc.), CI/CD (Jenkins, Maven etc.), automated unit testing, and Dev Ops.\nEducation and Professional Certifications\nSAFe for Teams certification (preferred)\nDatabricks certifications\nAWS cloud certification\nSoft Skills:\nExcellent analytical and troubleshooting skills.\nStrong verbal and written communication skills\nAbility to work effectively with global, virtual teams\nHigh degree of initiative and self-motivation.\nAbility to manage multiple priorities successfully.\nTeam-oriented, with a focus on achieving team goals\nStrong presentation and public speaking skills.\nWhat you can expect of us\nAs we work to develop treatments that take care of others, we also work to care for your professional and personal growth and well-being. From our competitive benefits to our collaborative culture, we ll support your journey every step of the way.\nIn addition to the base salary, Amgen offers competitive and comprehensive Total Rewards Plans that are aligned with local industry standards.",Pharmaceutical,"['automated unit testing', 'data engineering', 'Data Modeling', 'Agile Development', 'Version Control', 'Dev Ops']",2025-06-24 06:18:55
Investment Bank F2B Ops Transformation – Data Engineer,Dws Investment,5-9 Years,,Bengaluru,"Your key responsibilities\nBe part of the journey of establishing centers of excellence for process re-engineering, automation, and data analytics.\nExecute target operating model strategies for key operational processes, including system architecture, process controls and location strategy.\nActively partner with various functional leads & teams in execution of front-to-back transformation focused on improving client experience, risk management capabilities and driving efficiency\nTake responsibility to be a partner in delivering global process change. Ensure change management is completed in a controlled and robust manner, with rigorous, automated testing and including appropriate business resiliency, audit, and regulatory standards.\nYour skills and experience\n15+ year in financial services, preferably Investment Banking Operations\nSkillsets around Transformation, Continuous Improvement; Lean; Six Sigma; process optimization/re-engineering\nProcess Mapping/modelling skills is useful.\nCan drive recommendations and improvements for Org Design, Automation and strategic technology design.\nFinancial Services and IB experience would be useful.\nDelivery / outcome focused.\nEffective communication, presentation and influencing skills.\nCritical problem-solving skills, able to think tactically and strategically-\nOrganized, able to manage multiple priorities and achieve target deadlines.\nReliable and resilient, experience of dealing with challenging situations.\nAble to work constructively in a matrix organization.\nWork closely with Technology team in execution of innovative solutions.\nLeverage Centre of Excellence team to drive continuous improvement, ideation and team-based problem solving.",Banking,"['Investment Banking Operations', 'Risk Management', 'Six Sigma', 'Lean', 'Investment Banking', 'Process Optimization']",2025-06-24 06:18:56
Sr. Data Engineer,Amgen Technology Private Limited,3-13 Years,,Hyderabad,"Key Deliverables:\nDesign and deploy scalable ETL/ELT pipelines for structured and unstructured data\nImplement real-time and batch data processing on Enterprise Data Fabric\nOptimize big data performance using Apache Spark and AWS stack\nEnable enterprise-wide data discovery, governance, and CI/CD integration\nRole Responsibilities:\nCollaborate across teams to align data engineering with business strategy\nEnsure data security, compliance, and role-based access across systems\nDrive performance tuning and metadata-driven architecture development\nAdopt and implement emerging data technologies and DevOps practices",Pharmaceutical,"['Data Fabric', 'Databricks', 'Pyspark', 'AWS', 'Sql']",2025-06-24 06:18:57
Sr Data Engineer,Amgen Technology Private Limited,3-12 Years,,Hyderabad,"Key Deliverables:\nBuild and maintain scalable data pipelines for structured and unstructured data\nImplement ETL/ELT processes and integrate with GenAI systems\nDevelop solutions using cloud platforms and big data technologies\nCollaborate with cross-functional teams to support data governance and AI initiatives\nRole Responsibilities:\nDesign and develop high-performance data solutions for GenAI use cases\nTranslate business needs into technical architecture and data workflows\nEnsure data quality, privacy, and security across systems\nOptimize data infrastructure and support continuous integration/deployment",Pharmaceutical,"['RAG Pipelines', 'Databricks', 'Pyspark', 'Sql', 'Python']",2025-06-24 06:18:58
MDM Data Engineer,Amgen Technology Private Limited,2-5 Years,,Hyderabad,"Develop the MDM backend solutions and implement ETL and Data engineering pipelines using Databricks, AWS, Python/PySpark, SQLetc\nLead the implementation and optimization of MDM solutions using Informatica or Reltio platforms.\nPerform data profiling andidentifythe DQ rulesneed.\nDefine and drive enterprise-wide MDM architecture, including IDQ, data stewardship, and metadata workflows.\nManage cloud-based infrastructure using AWS and Databricks to ensure scalability and performance.\nEnsure data integrity, lineage, and traceability across MDM pipelines and solutions.\nProvide mentorship and technical leadership to junior team members and ensure project delivery timelines.\nHelpcustom UIteam for integration with backend data using API or other integration methodsfor better user experience on data stewardship\nBasic Qualifications and Experience:\nMaster s degree with4-6years of experience in Business, Engineering,ITor relatedfield OR\nBachelor s degree with6-9years of experience in Business, Engineering,ITor relatedfield OR\nDiploma with10-12years of experience in Business, Engineering,ITor related field\nFunctional Skills:\nMust-Have Skills:\nStrong understanding and hands on experience of Databricks and AWS cloud services.\nProficiencyin Python,PySpark, SQL, and Unix for data processing and orchestration.\nDeep knowledge of MDM tools (Informatica, Reltio) and data quality frameworks (IDQ).\nMust have knowledge on customer master data (HCP, HCOetc)\nExperience with data modeling, governance, and DCR lifecycle management.\nAble to implement end to end integrations including API based integrations, Batch integrations and Flatfile-basedintegrations\nStrong experience with external data enrichments like D&B\nStrong experience on match/merge and survivorship rules implementations\nVery goodunderstanding on reference data and its integration with MDM\nHands on experience with custom workflowsor building data pipelines/orchestrations\nGood-to-Have Skills:\nExperience with Tableau orPowerBIfor reporting MDM insights.\nExposure or knowledge ofDataScienceandGenAIcapabilities.\nExposure to Agile practices and tools (JIRA, Confluence).\nPrior experience in Pharma/Life Sciences.\nUnderstanding of compliance and regulatory considerations in master data.\nProfessional Certifications:\nAnyMDMcertification(e.g.Informatica, Reltioetc)\nDatabricks Certifications (Data engineer or Architect)\nAny cloudcertification (AWS or AZURE)\nSoft Skills:\nStrong analytical abilities to assess and improve master data processes and solutions.\nExcellent verbal and written communication skills, with the ability to convey complex data concepts clearly to technical and non-technical stakeholders.\nEffective problem-solving skills to address data-related issues and implement scalable solutions.\nAbility to work effectively with global, virtual teams",Pharmaceutical,"['MDM', 'HCP', 'HCO', 'Python', 'Pyspark', 'Sql', 'Unix']",2025-06-24 06:19:00
Senior Data Engineer - Real-time Resource Allocation,Amgen Technology Private Limited,4-12 Years,,Hyderabad,"In this vital role you will be responsible for the development and implementation of our data strategy. The ideal candidate possesses a strong blend of technical expertise and data-driven problem-solving skills. As a Data Engineer, you will play a crucial role in building and optimizing our data pipelines and platforms in a SAFE Agile product team.\nRoles & Responsibilities:\nChip into the design, development, and implementation of data pipelines, ETL/ELT processes, and data integration solutions.\nDeliver for data pipeline projects from development to deployment, managing, timelines, and risks.\nEnsure data quality and integrity through meticulous testing and monitoring.\nLeverage cloud platforms (AWS, Databricks) to build scalable and efficient data solutions.\nWork closely with product team, and key collaborators to understand data requirements.\nEnforce to data engineering industry standards and standards.\nExperience developing in an Agile development environment, and comfortable with Agile terminology and ceremonies.\nFamiliarity with code versioning using GIT and code migration tools.\nFamiliarity with JIRA.\nStay up to date with the latest data technologies and trends\nWhat we expect of youWe are all different, yet we all use our unique contributions to serve patients. The professional we seek is someone with these qualifications.\nBasic Qualifications:\nMaster s degree and 4 to 6 years of Information Systems experience OR\nBachelor s degree and 6 to 8 years of Information Systems experience OR\nDiploma and 10 to 12 years of Information Systems experience.\nDemonstrated hands-on experience with cloud platforms (AWS, Azure, GCP)\nProficiency in Python, PySpark, SQL.\nDevelopment knowledge in Databricks.\nGood analytical and problem-solving skills to address sophisticated data challenges.\nMust-Have Skills:\nExperienced with data modeling\nExperienced working with ETL orchestration technologies\nExperienced with software engineering best-practices, including but not limited to version control (Git, Subversion, etc.), CI/CD (Jenkins, Maven etc.), automated unit testing, and DevOps\nFamiliarity with SQL/NOSQL database\nGood-to-Have Skills:\nExperience with DevOps CI/CD build and deployment pipeline\nExperience with design patterns, data structures, test-driven development\nExperience with Python-based visualization frameworks like Plotly.\nSoft Skills:\nSkilled in breaking down problems, documenting problem statements, and estimating efforts.\nEffective communication and interpersonal skills to collaborate with multi-functional teams.\nExcellent analytical and problem solving skills.\nStrong verbal and written communication skills\nAbility to work successfully with global teams\nHigh degree of initiative and self-motivation.\nTeam-oriented, with a focus on achieving team goals",Health Care,"['Databricks', 'Pyspark', 'Sql', 'AWS', 'Etl', 'Git']",2025-06-24 06:19:01
Principal Data Engineer,Amgen Technology Private Limited,5-10 Years,,Hyderabad,"At Amgen, we believe every challenge is an opportunity to change lives. Our mission to serve patients with serious illnesses drives everything we do. For over 40 years, we've been at the forefront of biotechnology, using cutting-edge technology and human genetic data to push the boundaries of what's known. Join us, and you'll be part of a collaborative, innovative, and science-based culture, helping to research, manufacture, and deliver innovative medicines that enable people to live longer, fuller, and happier lives.\nWe're seeking a passionate and driven Lead, Modern Data Engineering to join our team in Hyderabad. You'll thrive in ambiguity, capable of driving digital procurement initiatives with precision and purpose. You will collaborate with cross-functional teams, including platform, functional IT, and business stakeholders, ensuring that the solutions built align with business goals and are scalable, secure, and efficient.\nRoles & Responsibilities\nArchitect and Implement scalable, high-performance Modern Data Engineering solutions (applications) that include data analysis, data ingestion, storage, data transformation (data pipelines), and analytics.\nEvaluate new trends in the data engineering area and build rapid prototypes.\nBuild Data Solution Architectures and Frameworks to accelerate Data Engineering processes.\nDevelop frameworks to improve reusability, reduce development time and cost of data management governance.\nIntegrate AI into data engineering practices to bring efficiency through automation.\nBuild best practices in Data Engineering capability and ensure their adoption across product teams.\nBuild and nurture strong relationships with stakeholders, emphasizing value-focused engagement and partnership to align data initiatives with broader business goals.\nLead and motivate a high-performing data engineering team to deliver exceptional results.\nProvide expert guidance and mentorship to the data engineering team, fostering a culture of innovation and best practices.\nCollaborate with counterparts in the US and EU and work with business functions, functional IT teams, and others to understand their data needs and ensure solutions meet requirements.\nEngage with business stakeholders to understand their needs and priorities, ensuring that data and analytics solutions built deliver real value and meet business objectives.\nDrive adoption of data and analytics solutions by partnering with business stakeholders and functional IT teams in rolling out change management, trainings, communications, etc.\nTalent Growth & People Leadership\nLead, mentor, and manage a high-performing team of engineers, fostering an environment that encourages learning, collaboration, and innovation.\nFocus on nurturing future leaders and providing growth opportunities through coaching, training, and mentorship.\nRecruitment & Team Expansion\nDevelop a comprehensive talent strategy that includes recruitment, retention, onboarding, and career development.\nBuild a diverse and inclusive team that drives innovation, aligns with Amgen's culture and values, and delivers business priorities.\nOrganizational Leadership\nWork closely with senior leaders within the function and across the Amgen India site to align engineering goals with broader organizational objectives.\nDemonstrate leadership by contributing to strategic discussions.\nWhat We Expect of You\nWe are all different, yet we all use our unique contributions to serve patients. The Modern Data Engineering Lead we seek is a visionary and hands-on leader with these qualifications:\nBasic Qualifications:\nMaster's degree and 8 to 10 years of computer science and engineering preferred (other Engineering fields will be considered), OR\nBachelor's degree and 12 to 14 years of computer science and engineering preferred (other Engineering fields will be considered), OR\nDiploma and 16 to 18 years of computer science and engineering preferred (other Engineering fields will be considered).\n10+ years of experience in Data Engineering, working in COE development or product building.\n5+ years of experience in leading enterprise-scale data engineering solution development.\nExperience building enterprise-scale data lake, data fabric solutions on cloud leveraging modern approaches like Data Mesh.\nDemonstrated proficiency in leveraging cloud platforms (AWS, Azure, GCP) for data engineering solutions.\nStrong understanding of cloud architecture principles and cost optimization strategies.\nHands-on experience using Databricks, Snowflake, PySpark, Python, SQL.\nProven ability to lead and develop high-performing data engineering teams.\nStrong problem-solving, analytical, and critical thinking skills to address complex data challenges.\nPreferred Qualifications:\nExperience in integrating AI with Data Engineering and building AI-ready data lakes.\nPrior experience in data modeling, especially star-schema modeling concepts.\nFamiliarity with ontologies, information modeling, and graph databases.\nExperience working with agile development methodologies such as Scaled Agile.\nExperienced with software engineering best-practices, including but not limited to version control (Git, Subversion, etc.), CI/CD (Jenkins, Maven etc.), automated unit testing, and DevOps.\nEducation and Professional Certifications:\nSAFe for Teams certification (preferred).\nDatabricks certifications.\nAWS cloud certification.\nSoft Skills:\nExcellent analytical and troubleshooting skills.\nStrong verbal and written communication skills.\nAbility to work effectively with global, virtual teams.\nHigh degree of initiative and self-motivation.\nAbility to manage multiple priorities successfully.\nTeam-oriented, with a focus on achieving team goals.\nStrong presentation and public speaking skills.",Health Care,"['Cloud Platforms', 'Data Lakes', 'AI Integration', 'data engineering', 'Databricks', 'Pyspark']",2025-06-24 06:19:03
Senior Data Engineer,Amgen Technology Private Limited,3-8 Years,,Hyderabad,"We are looking for highly motivated expert Senior Data Engineer who can own the design & development of complex data pipelines, solutions and frameworks. The ideal candidate will be responsible to design, develop, and optimize data pipelines, data integration frameworks, and metadata-driven architectures that enable seamless data access and analytics. This role prefers deep expertise in big data processing, distributed computing, data modeling, and governance frameworks to support self-service analytics, AI-driven insights, and enterprise-wide data management.\nRoles & Responsibilities:\nDesign, develop, and maintain scalable ETL/ELT pipelines to support structured, semi-structured, and unstructured data processing across the Enterprise Data Fabric.\nImplement real-time and batch data processing solutions, integrating data from multiple sources into a unified, governed data fabric architecture.\nOptimize big data processing frameworks using Apache Spark, Hadoop, or similar distributed computing technologies to ensure high availability and cost efficiency.\nWork with metadata management and data lineage tracking tools to enable enterprise-wide data discovery and governance.\nEnsure data security, compliance, and role-based access control (RBAC) across data environments.\nOptimize query performance, indexing strategies, partitioning, and caching for large-scale data sets.\nDevelop CI/CD pipelines for automated data pipeline deployments, version control, and monitoring.\nImplement data virtualization techniques to provide seamless access to data across multiple storage systems.\nCollaborate with cross-functional teams, including data architects, business analysts, and DevOps teams, to align data engineering strategies with enterprise goals.\nStay up to date with emerging data technologies and best practices, ensuring continuous improvement of Enterprise Data Fabric architectures.\nMust-Have Skills:\nHands-on experience in data engineering technologies such as Databricks, PySpark, SparkSQL Apache Spark, AWS, Python, SQL, and Scaled Agile methodologies.\nProficiency in workflow orchestration, performance tuning on big data processing.\nStrong understanding of AWS services\nExperience with Data Fabric, Data Mesh, or similar enterprise-wide data architectures.\nAbility to quickly learn, adapt and apply new technologies\nStrong problem-solving and analytical skills\nExcellent communication and teamwork skills\nExperience with Scaled Agile Framework (SAFe), Agile delivery practices, and DevOps practices.\nGood-to-Have Skills:\nGood to have deep expertise in Biotech & Pharma industries\nExperience in writing APIs to make the data available to the consumers\nExperienced with SQL/NOSQL database, vector database for large language models\nExperienced with data modeling and performance tuning for both OLAP and OLTP databases\nExperienced with software engineering best-practices, including but not limited to version control (Git, Subversion, etc.), CI/CD (Jenkins, Maven etc.), automated unit testing, and Dev Ops\nEducation and Professional Certifications\nMaster s degree and 3 to 4 + years of Computer Science, IT or related field experience\nOR\nBachelor s degree and 5 to 8 + years of Computer Science, IT or related field experience\nAWS Certified Data Engineer preferred\nDatabricks Certificate preferred\nScaled Agile SAFe certification preferred\nSoft Skills:\nExcellent analytical and troubleshooting skills.\nStrong verbal and written communication skills\nAbility to work effectively with global, virtual teams\nHigh degree of initiative and self-motivation.\nAbility to manage multiple priorities successfully.\nTeam-oriented, with a focus on achieving team goals.\nAbility to learn quickly, be organized and detail oriented.\nStrong presentation and public speaking skills.",Health Care,"['snowflake', 'Databricks', 'Spark', 'Sql', 'Etl', 'AWS']",2025-06-24 06:19:04
Senior Data Engineer - Real-time Resource Allocation,Amgen Technology Private Limited,4-12 Years,,Hyderabad,"The ideal candidate possesses a strong blend of technical expertise and data-driven problem-solving skills. As a Data Engineer, you will play a crucial role in building and optimizing our data pipelines and platforms in a SAFE Agile product team.\nRoles & Responsibilities:\nChip into the design, development, and implementation of data pipelines, ETL/ELT processes, and data integration solutions.\nDeliver for data pipeline projects from development to deployment, managing, timelines, and risks.\nEnsure data quality and integrity through meticulous testing and monitoring.\nLeverage cloud platforms (AWS, Databricks) to build scalable and efficient data solutions.\nWork closely with product team, and key collaborators to understand data requirements.\nEnforce to data engineering industry standards and standards.\nExperience developing in an Agile development environment, and comfortable with Agile terminology and ceremonies.\nFamiliarity with code versioning using GIT and code migration tools.\nFamiliarity with JIRA.\nStay up to date with the latest data technologies and trends\nWhat we expect of youWe are all different, yet we all use our unique contributions to serve patients. The professional we seek is someone with these qualifications.\nBasic Qualifications:\nMaster s degree and 4 to 6 years of Information Systems experience OR\nBachelor s degree and 6 to 8 years of Information Systems experience OR\nDiploma and 10 to 12 years of Information Systems experience.\nDemonstrated hands-on experience with cloud platforms (AWS, Azure, GCP)\nProficiency in Python, PySpark, SQL.\nDevelopment knowledge in Databricks.\nGood analytical and problem-solving skills to address sophisticated data challenges.\nMust-Have Skills:\nExperienced with data modeling\nExperienced working with ETL orchestration technologies\nExperienced with software engineering best-practices, including but not limited to version control (Git, Subversion, etc.), CI/CD (Jenkins, Maven etc.), automated unit testing, and DevOps\nFamiliarity with SQL/NOSQL database\nGood-to-Have Skills:\nExperience with DevOps CI/CD build and deployment pipeline\nExperience with design patterns, data structures, test-driven development\nExperience with Python-based visualization frameworks like Plotly.\nSoft Skills:\nSkilled in breaking down problems, documenting problem statements, and estimating efforts.\nEffective communication and interpersonal skills to collaborate with multi-functional teams.\nExcellent analytical and problem solving skills.\nStrong verbal and written communication skills\nAbility to work successfully with global teams\nHigh degree of initiative and self-motivation.\nTeam-oriented, with a focus on achieving team goals",Health Care,"['Databricks', 'Sql', 'Etl', 'AWS', 'Pyspark', 'Git', 'data engineering']",2025-06-24 06:19:06
Senior Data Engineer,Amgen Technology Private Limited,3-8 Years,,Hyderabad,"We are seeking a Senior Data Engineer with expertise in Graph Data technologies to join our data engineering team and contribute to the development of scalable, high-performance data pipelines and advanced data models that power next-generation applications and analytics. This role combines core data engineering skills with specialized knowledge in graph data structures, graph databases, and relationship-centric data modeling, enabling the organization to leverage connected data for deep insights, pattern detection, and advanced analytics use cases. The ideal candidate will have a strong background in data architecture, big data processing, and Graph technologies and will work closely with data scientists, analysts, architects, and business stakeholders to design and deliver graph-based data engineering solutions.\nRoles & Responsibilities:\nDesign, build, and maintain robust data pipelines using Databricks (Spark, Delta Lake, PySpark) for complex graph data processing workflows.\nOwn the implementation of graph-based data models, capturing complex relationships and hierarchies across domains.\nBuild and optimize Graph Databases such as Stardog, Neo4j, Marklogic or similar to support query performance, scalability, and reliability.\nImplement graph query logic using SPARQL, Cypher, Gremlin, or GSQL, depending on platform requirements.\nCollaborate with data architects to integrate graph data with existing data lakes, warehouses, and lakehouse architectures.\nWork closely with data scientists and analysts to enable graph analytics, link analysis, recommendation systems, and fraud detection use cases.\nDevelop metadata-driven pipelines and lineage tracking for graph and relational data processing.\nEnsure data quality, governance, and security standards are met across all graph data initiatives.\nMentor junior engineers and contribute to data engineering best practices, especially around graph-centric patterns and technologies.\nStay up to date with the latest developments in graph technology, graph ML, and network analytics.\nWhat we expect of you\nMust-Have Skills:\nHands-on experience in Databricks, including PySpark, Delta Lake, and notebook-based development.\nHands-on experience with graph database platforms such as Stardog, Neo4j, Marklogic etc.\nStrong understanding of graph theory, graph modeling, and traversal algorithms\nProficiency in workflow orchestration, performance tuning on big data processing\nStrong understanding of AWS services\nAbility to quickly learn, adapt and apply new technologies with strong problem-solving and analytical skills\nExcellent collaboration and communication skills, with experience working with Scaled Agile Framework (SAFe), Agile delivery practices, and DevOps practices.\nGood-to-Have Skills:\nGood to have deep expertise in Biotech & Pharma industries\nExperience in writing APIs to make the data available to the consumers\nExperienced with SQL/NOSQL database, vector database for large language models\nExperienced with data modeling and performance tuning for both OLAP and OLTP databases\nExperienced with software engineering best-practices, including but not limited to version control (Git, Subversion, etc.), CI/CD (Jenkins, Maven etc.), automated unit testing, and Dev Ops\nEducation and Professional Certifications\nMaster s degree and 3 to 4 + years of Computer Science, IT or related field experience\nBachelor s degree and 5 to 8 + years of Computer Science, IT or related field experience\nAWS Certified Data Engineer preferred\nDatabricks Certificate preferred\nScaled Agile SAFe certification preferred\nSoft Skills:\nExcellent analytical and troubleshooting skills.\nStrong verbal and written communication skills\nAbility to work effectively with global, virtual teams\nHigh degree of initiative and self-motivation.\nAbility to manage multiple priorities successfully.\nTeam-oriented, with a focus on achieving team goals.\nAbility to learn quickly, be organized and detail oriented.\nStrong presentation and public speaking skills.",Health Care,"['Graph Modeling', 'Databricks', 'Pyspark', 'Neo4j', 'Sparql', 'AWS']",2025-06-24 06:19:07
MDM Data Engineer,Amgen Technology Private Limited,1-9 Years,,Hyderabad,"Develop the MDM backend solutions and implement ETL and Data engineering pipelines using Databricks, AWS, Python/PySpark, SQLetc\nLead the implementation and optimization of MDM solutions using Informatica or Reltio platforms.\nPerform data profiling andidentifythe DQ rulesneed.\nDefine and drive enterprise-wide MDM architecture, including IDQ, data stewardship, and metadata workflows.\nManage cloud-based infrastructure using AWS and Databricks to ensure scalability and performance.\nEnsure data integrity, lineage, and traceability across MDM pipelines and solutions.\nProvide mentorship and technical leadership to junior team members and ensure project delivery timelines.\nHelpcustom UIteam for integration with backend data using API or other integration methodsfor better user experience on data stewardship\nBasic Qualifications and Experience:\nMaster s degree with4-6years of experience in Business, Engineering,ITor relatedfield OR\nBachelor s degree with6-9years of experience in Business, Engineering,ITor relatedfield OR\nDiploma with10-12years of experience in Business, Engineering,ITor related field\nFunctional Skills:\nMust-Have Skills:\nStrong understanding and hands on experience of Databricks and AWS cloud services.\nProficiencyin Python,PySpark, SQL, and Unix for data processing and orchestration.\nDeep knowledge of MDM tools (Informatica, Reltio) and data quality frameworks (IDQ).\nMust have knowledge on customer master data (HCP, HCOetc)\nExperience with data modeling, governance, and DCR lifecycle management.\nAble to implement end to end integrations including API based integrations, Batch integrations and Flatfile-basedintegrations\nStrong experience with external data enrichments like D&B\nStrong experience on match/merge and survivorship rules implementations\nVery goodunderstanding on reference data and its integration with MDM\nHands on experience with custom workflowsor building data pipelines/orchestrations\nGood-to-Have Skills:\nExperience with Tableau orPowerBIfor reporting MDM insights.\nExposure or knowledge ofDataScienceandGenAIcapabilities.\nExposure to Agile practices and tools (JIRA, Confluence).\nPrior experience in Pharma/Life Sciences.\nUnderstanding of compliance and regulatory considerations in master data.\nProfessional Certifications:\nAnyMDMcertification(e.g.Informatica, Reltioetc)\nDatabricks Certifications (Data engineer or Architect)\nAny cloudcertification (AWS or AZURE)\nSoft Skills:\nStrong analytical abilities to assess and improve master data processes and solutions.\nExcellent verbal and written communication skills, with the ability to convey complex data concepts clearly to technical and non-technical stakeholders.\nEffective problem-solving skills to address data-related issues and implement scalable solutions.\nAbility to work effectively with global, virtual teams",Pharmaceutical,"['MDM', 'HCP', 'HCO', 'Python', 'Pyspark', 'Sql', 'Unix']",2025-06-24 06:19:09
Senior Data Engineer,Amgen Technology Private Limited,3-8 Years,,Hyderabad,"This role demands deep expertise in big data processing, distributed computing, data modeling, and governance frameworks to support self-service analytics, AI-driven insights, and enterprise-wide data management.\nRoles & Responsibilities:\nDesign, develop, and maintain scalable ETL/ELT pipelines to support structured, semi-structured, and unstructured data processing across the Enterprise Data Fabric.\nImplement real-time and batch data processing solutions, integrating data from multiple sources into a unified, governed data fabric architecture.\nOptimize big data processing frameworks using Apache Spark, Hadoop, or similar distributed computing technologies to ensure high availability and cost efficiency.\nWork with metadata management and data lineage tracking tools to enable enterprise-wide data discovery and governance.\nEnsure data security, compliance, and role-based access control (RBAC) across data environments.\nOptimize query performance, indexing strategies, partitioning, and caching for large-scale data sets.\nDevelop CI/CD pipelines for automated data pipeline deployments, version control, and monitoring.\nImplement data virtualization techniques to provide seamless access to data across multiple storage systems.\nCollaborate with cross-functional teams, including data architects, business analysts, and DevOps teams, to align data engineering strategies with enterprise goals.\nStay up to date with emerging data technologies and best practices, ensuring continuous improvement of Enterprise Data Fabric architectures.\nMust-Have Skills:\nHands-on experience in data engineering technologies such as Databricks, PySpark, SparkSQL, Apache Spark, AWS, Python, SQL, and Scaled Agile methodologies.\nProficiency in workflow orchestration, performance tuning on big data processing.\nStrong understanding of AWS services.\nExperience with Data Fabric, Data Mesh, or similar enterprise-wide data architectures.\nAbility to quickly learn, adapt, and apply new technologies.\nStrong problem-solving and analytical skills.\nExcellent communication and teamwork skills.\nExperience with Scaled Agile Framework (SAFe), Agile delivery practices, and DevOps practices.\nGood-to-Have Skills:\nDeep expertise in Biotech & Pharma industries.\nExperience in writing APIs to make data available to consumers.\nExperienced with SQL/NoSQL databases, and vector databases for large language models.\nExperienced with data modeling and performance tuning for both OLAP and OLTP databases.\nExperienced with software engineering best-practices, including but not limited to version control (Git, Subversion, etc.), CI/CD (Jenkins, Maven, etc.), automated unit testing, and DevOps.\nEducation and Professional Certifications:\nMaster's degree and 3 to 4+ years of Computer Science, IT, or related field experience OR\nBachelor's degree and 5 to 8+ years of Computer Science, IT, or related field experience\nPreferred: AWS Certified Data Engineer\nPreferred: Databricks Certificate\nPreferred: Scaled Agile SAFe certification\nSoft Skills:\nExcellent analytical and troubleshooting skills.\nStrong verbal and written communication skills.\nAbility to work effectively with global, virtual teams.\nHigh degree of initiative and self-motivation.\nAbility to manage multiple priorities successfully.\nTeam-oriented, with a focus on achieving team goals.\nAbility to learn quickly, be organized, and detail-oriented.\nStrong presentation and public speaking skills.",Health Care,"['Data Fabric', 'CI/CD', 'Databricks', 'Pyspark', 'Apache Spark', 'AWS']",2025-06-24 06:19:10
Data Engineer Graph - Research Data and Analytics,Amgen Technology Private Limited,2-9 Years,,Hyderabad,"Design, develop, and implement data pipelines, ETL/ELT processes, and data integration solutions\nTake ownership of data pipeline projects from inception to deployment, manage scope, timelines, and risks\nDevelop and maintain semantic data models for biopharma scientific data, data dictionaries, and other documentation to ensure data accuracy and consistency\nOptimize large datasets for query performance\nCollaborate with global multi-functional teams including research scientists to understand data requirements and design solutions that meet business needs\nImplement data security and privacy measures to protect sensitive data\nLeverage cloud platforms (AWS preferred) to build scalable and efficient data solutions\nCollaborate with Data Architects, Business SMEs, Software Engineers and Data Scientists to design and develop end-to-end data pipelines to meet fast paced business needs across geographic regions\nIdentify and resolve [complex] data-related challenges\nAdhere to standard processes for coding, testing, and designing reusable code/component\nExplore new tools and technologies that will help to improve ETL platform performance\nParticipate in sprint planning meetings and provide estimations on technical implementation\nMaintain comprehensive documentation of processes, systems, and solutions\nWhat we expect of you We are all different, yet we all use our unique contributions to serve patients. T\nBasic Qualifications and Experience:\nDoctorate Degree OR Master s degree with 2- 4years of experience in Computer Science, IT, Computational Chemistry, Computational Biology/Bioinformatics or related field OR\nBachelor s degree with 4- 6years of experience in Computer Science, IT, Computational Chemistry, Computational Biology/Bioinformatics or related field OR\nDiploma with 7- 9 years of experience in Computer Science, IT, Computational Chemistry, Computational Biology/Bioinformatics or related field\nPreferred Qualifications and Experience:\n4+ years of experience in designing and supporting biopharma scientific research data analytics (software platforms)\nFunctional Skills:\nMust-Have Skills:\nProficiency in SQL and Python for data engineering, test automation frameworks (pytest), and scripting tasks\nHands on experience with data technologies and platforms, such as Databricks, workflow orchestration, performance tuning on big data processing.\nExcellent problem-solving skills and the ability to work with large, complex datasets\nGood-to-Have Skills:A passion for tackling complex challenges in drug discovery with technology and data\nExperience with system administration skills, such as managing Linux and Windows servers, configuring network infrastructure, and automating tasks with shell scripting. Examples include setting up and maintaining virtual machines, troubleshooting server issues, and ensuring data security through regular updates and backups.\nSolid understanding of data modeling, data warehousing, and data integration concepts\nSolid experience using RDBMS (e.g. Oracle, MySQL, SQL server, PostgreSQL)\nKnowledge of cloud data platforms (AWS preferred)\nExperience with data visualization tools (e.g. Dash, Plotly, Spotfire)\nExperience with diagramming and collaboration tools such as Miro, Lucidchart or similar tools for process mapping and brainstorming\nExperience writing and maintaining user documentation in Confluence\nUnderstanding of data governance frameworks, tools, and standard processes\nProfessional Certifications:\nDatabricks Certified Data Engineer Professional preferred\nSoft Skills:\nExcellent critical-thinking and problem-solving skills\nGood communication and collaboration skills\nDemonstrated awareness of how to function in a team setting\nDemonstrated presentation skills",Pharmaceutical,"['Pyspark', 'AWS', 'Sql', 'Etl', 'Python', 'Databricks']",2025-06-24 06:19:20
Mgr Data Engineer - Research Data and Analytics,Amgen Technology Private Limited,3-12 Years,,Hyderabad,"Lead, manage, and mentor a high-performing team of data engineers\nDesign, develop, and implement data pipelines, ETL processes, and data integration solutions\nTake ownership of data pipeline projects from inception to deployment, manage scope, timelines, and risks\nDevelop and maintain data models for biopharma scientific data, data dictionaries, and other documentation to ensure data accuracy and consistency\nOptimize large datasets for query performance\nCollaborate with global multi-functional teams including research scientists to understand data requirements and design solutions that meet business needs\nImplement data security and privacy measures to protect sensitive data\nLeverage cloud platforms (AWS preferred) to build scalable and efficient data solutions\nCollaborate with Data Architects, Business SMEs, Software Engineers and Data Scientists to design and develop end-to-end data pipelines to meet fast paced business needs across geographic regions\nIdentify and resolve data-related challenges\nAdhere to best practices for coding, testing, and designing reusable code/component\nExplore new tools and technologies that will help to improve ETL platform performance\nParticipate in sprint planning meetings and provide estimations on technical implementation\nWhat we expect of youWe are all different, yet we all use our unique contributions to serve patients. The [vital attribute] professional we seek is a [type of person] with these qualifications.\nBasic Qualifications:\nDoctorate Degree OR\nMaster s degree with 4 - 6 years of experience in Computer Science, IT, Computational Chemistry, Computational Biology/Bioinformatics or related field OR\nBachelor s degree with 6 - 8 years of experience in Computer Science, IT, Computational Chemistry, Computational Biology/Bioinformatics or related field OR\nDiploma with 10 - 12 years of experience in Computer Science, IT, Computational Chemistry, Computational Biology/Bioinformatics or related field\nPreferred Qualifications:\n3+ years of experience in implementing and supporting biopharma scientific research data analytics (software platforms)\nFunctional Skills:\nMust-Have Skills:\nProficiency in SQL and Python for data engineering, test automation frameworks (pytest), and scripting tasks\nHands on experience with big data technologies and platforms, such as Databricks, Apache Spark (PySpark, SparkSQL), workflow orchestration, performance tuning on big data processing\nExcellent problem-solving skills and the ability to work with large, complex datasets\nAble to engage with business collaborators and mentor team to develop data pipelines and data models\nGood-to-Have Skills:\nA passion for tackling complex challenges in drug discovery with technology and data\nGood understanding of data modeling, data warehousing, and data integration concepts\nGood experience using RDBMS (e.g. Oracle, MySQL, SQL server, PostgreSQL)\nKnowledge of cloud data platforms (AWS preferred)\nExperience with data visualization tools (e.g. Dash, Plotly, Spotfire)\nExperience with diagramming and collaboration tools such as Miro, Lucidchart or similar tools for process mapping and brainstorming\nExperience writing and maintaining technical documentation in Confluence\nUnderstanding of data governance frameworks, tools, and best practices\nProfessional Certifications:\nDatabricks Certified Data Engineer Professional preferred\nSoft Skills:\nExcellent critical-thinking and problem-solving skills\nGood communication and collaboration skills\nDemonstrated awareness of how to function in a team setting\nDemonstrated presentation skills",Pharmaceutical,"['IT', 'AWS', 'Oracle', 'MySQL', 'SQL server', 'PostgreSQL']",2025-06-24 06:19:24
Mgr Data Engineer - Research Data and Analytics,Amgen Technology Private Limited,3-12 Years,,Hyderabad,"Lead, manage, and mentor a high-performing team of data engineers\nDesign, develop, and implement data pipelines, ETL processes, and data integration solutions\nTake ownership of data pipeline projects from inception to deployment, manage scope, timelines, and risks\nDevelop and maintain data models for biopharma scientific data, data dictionaries, and other documentation to ensure data accuracy and consistency\nOptimize large datasets for query performance\nCollaborate with global multi-functional teams including research scientists to understand data requirements and design solutions that meet business needs\nImplement data security and privacy measures to protect sensitive data\nLeverage cloud platforms (AWS preferred) to build scalable and efficient data solutions\nCollaborate with Data Architects, Business SMEs, Software Engineers and Data Scientists to design and develop end-to-end data pipelines to meet fast paced business needs across geographic regions\nIdentify and resolve data-related challenges\nAdhere to best practices for coding, testing, and designing reusable code/component\nExplore new tools and technologies that will help to improve ETL platform performance\nParticipate in sprint planning meetings and provide estimations on technical implementation\nWhat we expect of youWe are all different, yet we all use our unique contributions to serve patients. The [vital attribute] professional we seek is a [type of person] with these qualifications.\nBasic Qualifications:\nDoctorate Degree OR\nMaster s degree with 4 - 6 years of experience in Computer Science, IT, Computational Chemistry, Computational Biology/Bioinformatics or related field OR\nBachelor s degree with 6 - 8 years of experience in Computer Science, IT, Computational Chemistry, Computational Biology/Bioinformatics or related field OR\nDiploma with 10 - 12 years of experience in Computer Science, IT, Computational Chemistry, Computational Biology/Bioinformatics or related field\nPreferred Qualifications:\n3+ years of experience in implementing and supporting biopharma scientific research data analytics (software platforms)\nFunctional Skills:\nMust-Have Skills:\nProficiency in SQL and Python for data engineering, test automation frameworks (pytest), and scripting tasks\nHands on experience with big data technologies and platforms, such as Databricks, Apache Spark (PySpark, SparkSQL), workflow orchestration, performance tuning on big data processing\nExcellent problem-solving skills and the ability to work with large, complex datasets\nAble to engage with business collaborators and mentor team to develop data pipelines and data models\nGood-to-Have Skills:\nA passion for tackling complex challenges in drug discovery with technology and data\nGood understanding of data modeling, data warehousing, and data integration concepts\nGood experience using RDBMS (e.g. Oracle, MySQL, SQL server, PostgreSQL)\nKnowledge of cloud data platforms (AWS preferred)\nExperience with data visualization tools (e.g. Dash, Plotly, Spotfire)\nExperience with diagramming and collaboration tools such as Miro, Lucidchart or similar tools for process mapping and brainstorming\nExperience writing and maintaining technical documentation in Confluence\nUnderstanding of data governance frameworks, tools, and best practices\nProfessional Certifications:\nDatabricks Certified Data Engineer Professional preferred\nSoft Skills:\nExcellent critical-thinking and problem-solving skills\nGood communication and collaboration skills\nDemonstrated awareness of how to function in a team setting\nDemonstrated presentation skills",Pharmaceutical,"['IT', 'AWS', 'Oracle', 'MySQL', 'SQL server', 'PostgreSQL']",2025-06-24 06:19:26
MDM Associate Data Engineer,Amgen Technology Private Limited,1-8 Years,,Hyderabad,"ABOUT THE ROLE\nWe are seeking an MDMAssociate Data Engineerwith2-5 years of experience to support and enhance our enterprise MDM (Master Data Management) platforms using Informatica/Reltio. This role is critical in delivering high-quality master data solutions across the organization,utilizingmodern tools like Databricks and AWS to drive insights and ensure data reliability. The ideal candidate will have strong SQL, data profiling, and experience working with cross-functional teams in a pharma environment.To succeed in this role, the candidate must have strong data engineering experience along with MDM knowledge, hence the candidates having only MDM experience are not eligible for this role. Candidate must have data engineering experience on technologies like (SQL, Python,PySpark, Databricks, AWSetc), along with knowledge of MDM (Master Data Management)\nRoles Responsibilities:\nAnalyze and manage customer master data using Reltio or Informatica MDM solutions.\nPerform advanced SQL queries and data analysis tovalidateand ensure master data integrity.\nLeverage Python,PySpark, and Databricks for scalable data processing and automation.\nCollaborate with business and data engineering teams for continuous improvement in MDM solutions.\nImplement data stewardship processes and workflows, including approval and DCR mechanisms.\nUtilize AWS cloud services for data storage andcomputeprocesses related to MDM.\nContribute to metadata and data modeling activities.\nTrack and manage data issues using tools such as JIRA and document processes in Confluence.\nApply Life Sciences/Pharma industry context to ensure data standards and compliance.\nBasic Qualifications and Experience:\nMaster s degree with 1 - 3 years of experience in Business, Engineering,ITor relatedfield OR\nBachelor s degree with2- 5 years of experience in Business, Engineering,ITor relatedfield OR\nDiploma with 6 - 8 years of experience in Business, Engineering,ITor related field\nFunctional Skills:\nMust-Have Skills:\nAdvanced SQLexpertiseand data wrangling.\nStrong experience in Python andPySparkfor data transformation workflows.\nStrong experience with Databricks and AWS architecture.\nMust have knowledge of MDM, data governance, stewardship, and profiling practices.\nIn addition to above, candidates having experience with Informatica or Reltio MDM platforms will be preferred.\nGood-to-Have Skills:\nExperience with IDQ, data modeling and approval workflow/DCR.\nBackground in Life Sciences/Pharma industries.\nFamiliarity with project tools like JIRA and Confluence.\nStrong grip on data engineering concepts.\nProfessional Certifications:\nAny ETL certification(e. g.Informatica)\nAny Data Analysis certification (SQL, Python, Databricks)\nAny cloudcertification (AWS or AZURE)\nSoft Skills:\nStrong analytical abilities to assess and improve master data processes and solutions.\nExcellent verbal and written communication skills, with the ability to convey complex data concepts clearly to technical and non-technical stakeholders.\nEffective problem-solving skills to address data-related issues and implement scalable solutions.\nAbility to work effectively with global, virtual teams\nEQUAL OPPORTUNITY STATEMENT\nAmgen is an Equal Opportunity employer and will consider you without regard to your race, color, religion, sex, sexual orientation, gender identity, national origin, protected veteran status, or disability status.\nWe will ensure that individuals with disabilities are provided with reasonable accommodation toparticipatein the job application or interview process, to perform essential job functions, and to receive other benefits and privileges of employment. Please contact us to request accommodation.",Pharmaceutical,"['AWS architecture', 'Sql', 'data wrangling', 'Python', 'Databricks', 'Pyspark']",2025-06-24 06:19:27
Data Engineer - R&D Data Catalyst Team,Amgen Technology Private Limited,1-9 Years,,Hyderabad,"Design and build scalable enterprise analytics solutions using Databricks, Power BI, and other modern data tools.\nLeverage data virtualization, ETL, and semantic layers to balance need for unification, performance, and data transformation with goal to reduce data proliferation\nBreak down features into work that aligns with the architectural direction runway\nParticipate hands-on in pilots and proofs-of-concept for new patterns\nCreate robust documentation from data analysis and profiling, and proposed designs and data logic\nDevelop advanced sql queries to profile, and unify data\nDevelop data processing code in sql, along with semantic views to prepare data for reporting\nDevelop PowerBI Models and reporting packages\nDesign robust data models, and processing layers, that support both analytical processing and operational reporting needs.\nDesign and develop solutions based on best practices for data governance, security, and compliance within Databricks and Power BI environments.\nEnsure the integration of data systems with other enterprise applications, creating seamless data flows across platforms.\nDevelop and maintain Power BI solutions, ensuring data models and reports are optimized for performance and scalability.\nCollaborate with key customers to define data requirements, functional specifications, and project goals.\nContinuously evaluate and adopt new technologies and methodologies to enhance the architecture and performance of data solutions.\nWhat we expect of youWe are all different, yet we all use our unique contributions to serve patients. The R&D Data Catalyst Team is responsible for building Data Searching, Cohort Building, and Knowledge Management tools that provide the Amgen scientific community with visibility to Amgen s wealth of human datasets, projects and study histories, and knowledge over various scientific findings. These solutions are pivotal tools in Amgen s goal to accelerate the speed of discovery, and speed to market of advanced precision medications.\nBasic Qualifications:\nMaster s degree and 1 to 3 years of Data Engineering experienceOR\nBachelor s degree and 3 to 5 years of Data Engineering experienceOR\nDiploma and 7 to 9 years of Data Engineering experience\nMust-Have Skills:\nMinimum of 3 years of hands-on experience with BI solutions (Preferable Power BI or Business Objects) including report development, dashboard creation, and optimization.\nMinimum of 3 years of hands-on experience building Change-data-capture (CDC) ETL pipelines, data warehouse design and build, and enterprise-level data management.\nHands-on experience with Databricks, including data engineering, optimization, and analytics workloads.\nDeep understanding of Power BI, including model design, DAX, and Power Query.\nProven experience designing and implementing data mastering solutions and data governance frameworks.\nExpertise in cloud platforms (AWS), data lakes, and data warehouses.\nStrong knowledge of ETL processes, data pipelines, and integration technologies.\nGood communication and collaboration skills to work with cross-functional teams and senior leadership.\nAbility to assess business needs and design solutions that align with organizational goals.\nExceptional hands-on capabilities with data profiling, data transformation, data mastering\nSuccess in mentoring and training team members\nGood-to-Have Skills:\nExperience in developing differentiated and deliverable solutions\nExperience with human data, ideally human healthcare data\nFamiliarity with laboratory testing, patient data from clinical care, HL7, FHIR, and/or clinical trial data management\nProfessional Certifications:\nITIL Foundation or other relevant certifications (preferred)\nSAFe Agile Practitioner (6.0)\nMicrosoft Certified: Data Analyst Associate (Power BI) or related certification.\nDatabricks Certified Professional or similar certification.\nSoft Skills:\nExcellent analytical and troubleshooting skills\nDeep intellectual curiosity\nThe highest degree of initiative and self-motivation\nStrong verbal and written communication skills, including presentation to varied audiences of complex technical/business topics\nConfidence technical leader\nAbility to work effectively with global, remote teams, specifically including using of tools and artifacts to assure clear and efficient collaboration across time zones\nAbility to handle multiple priorities successfully\nTeam-oriented, with a focus on achieving team goals\nStrong problem solving, analytical skills;\nAbility to learn quickly and retain and synthesize complex information from diverse sources",Pharmaceutical,"['Databricks', 'Pyspark', 'AWS', 'Sql', 'Data Modeling']",2025-06-24 06:19:28
Data Engineer - R&D Precision Medicine,Amgen Technology Private Limited,1-9 Years,,Hyderabad,"Design and build scalable enterprise analytics solutions using Databricks, Power BI, and other modern data tools.\nLeverage data virtualization, ETL, and semantic layers to balance need for unification, performance, and data transformation with goal to reduce data proliferation\nBreak down features into work that aligns with the architectural direction runway\nParticipate hands-on in pilots and proofs-of-concept for new patterns\nCreate robust documentation from data analysis and profiling, and proposed designs and data logic\nDevelop advanced sql queries to profile, and unify data\nDevelop data processing code in sql, along with semantic views to prepare data for reporting\nDevelop PowerBI Models and reporting packages\nDesign robust data models, and processing layers, that support both analytical processing and operational reporting needs.\nDesign and develop solutions based on best practices for data governance, security, and compliance within Databricks and Power BI environments.\nEnsure the integration of data systems with other enterprise applications, creating seamless data flows across platforms.\nDevelop and maintain Power BI solutions, ensuring data models and reports are optimized for performance and scalability.\nCollaborate with key customers to define data requirements, functional specifications, and project goals.\nContinuously evaluate and adopt new technologies and methodologies to enhance the architecture and performance of data solutions.\nWhat we expect of youWe are all different, yet we all use our unique contributions to serve patients. The R&D Data Catalyst Team is responsible for building Data Searching, Cohort Building, and Knowledge Management tools that provide the Amgen scientific community with visibility to Amgen s wealth of human datasets, projects and study histories, and knowledge over various scientific findings. These solutions are pivotal tools in Amgen s goal to accelerate the speed of discovery, and speed to market of advanced precision medications.\nBasic Qualifications:\nMaster s degree and 1 to 3 years of Data Engineering experienceOR\nBachelor s degree and 3 to 5 years of Data Engineering experienceOR\nDiploma and 7 to 9 years of Data Engineering experience\nMust-Have Skills:\nMinimum of 3 years of hands-on experience with BI solutions (Preferable Power BI or Business Objects) including report development, dashboard creation, and optimization.\nMinimum of 3 years of hands-on experience building Change-data-capture (CDC) ETL pipelines, data warehouse design and build, and enterprise-level data management.\nHands-on experience with Databricks, including data engineering, optimization, and analytics workloads.\nDeep understanding of Power BI, including model design, DAX, and Power Query.\nProven experience designing and implementing data mastering solutions and data governance frameworks.\nExpertise in cloud platforms (AWS), data lakes, and data warehouses.\nStrong knowledge of ETL processes, data pipelines, and integration technologies.\nGood communication and collaboration skills to work with cross-functional teams and senior leadership.\nAbility to assess business needs and design solutions that align with organizational goals.\nExceptional hands-on capabilities with data profiling, data transformation, data mastering\nSuccess in mentoring and training team members\nGood-to-Have Skills:\nExperience in developing differentiated and deliverable solutions\nExperience with human data, ideally human healthcare data\nFamiliarity with laboratory testing, patient data from clinical care, HL7, FHIR, and/or clinical trial data management\nProfessional Certifications:\nITIL Foundation or other relevant certifications (preferred)\nSAFe Agile Practitioner (6.0)\nMicrosoft Certified: Data Analyst Associate (Power BI) or related certification.\nDatabricks Certified Professional or similar certification.\nSoft Skills:\nExcellent analytical and troubleshooting skills\nDeep intellectual curiosity\nThe highest degree of initiative and self-motivation\nStrong verbal and written communication skills, including presentation to varied audiences of complex technical/business topics\nConfidence technical leader\nAbility to work effectively with global, remote teams, specifically including using of tools and artifacts to assure clear and efficient collaboration across time zones\nAbility to handle multiple priorities successfully\nTeam-oriented, with a focus on achieving team goals\nStrong problem solving, analytical skills;\nAbility to learn quickly and retain and synthesize complex information from diverse sources",Pharmaceutical,"['Databricks', 'Pyspark', 'AWS', 'Sql', 'Data Modeling']",2025-06-24 06:19:29
Senior Data Engineer,Amgen Technology Private Limited,5-10 Years,,Hyderabad,"Key Deliverables:\nDesign and deploy scalable ETL/ELT pipelines for structured and unstructured data\nImplement real-time and batch data processing on Enterprise Data Fabric\nOptimize big data performance using Apache Spark and AWS stack\nEnable enterprise-wide data discovery, governance, and CI/CD integration\nRole Responsibilities:\nCollaborate across teams to align data engineering with business strategy\nEnsure data security, compliance, and access control in distributed environments\nBuild metadata-driven data pipelines with version control and monitoring\nIntegrate diverse data sources into a unified, governed architecture",Pharmaceutical,"['Data Fabric', 'Databricks', 'Pyspark', 'Sql', 'AWS']",2025-06-24 06:19:31
Senior Data Engineer,Amgen Technology Private Limited,9-12 Years,,Hyderabad,"The ideal candidate will be responsible to design, develop, and optimize data pipelines, data integration frameworks, and metadata-driven architectures that enable seamless data access and analytics. This role prefers deep expertise in big data processing, distributed computing, data modeling, and governance frameworks to support self-service analytics, AI-driven insights, and enterprise-wide data management.\nRoles & Responsibilities:\nDesign, develop, and maintain scalable ETL/ELT pipelines to support structured, semi-structured, and unstructured data processing across the Enterprise Data Fabric.\nImplement real-time and batch data processing solutions, integrating data from multiple sources into a unified, governed data fabric architecture.\nOptimize big data processing frameworks using Apache Spark, Hadoop, or similar distributed computing technologies to ensure high availability and cost efficiency.\nWork with metadata management and data lineage tracking tools to enable enterprise-wide data discovery and governance.\nEnsure data security, compliance, and role-based access control (RBAC) across data environments.\nOptimize query performance, indexing strategies, partitioning, and caching for large-scale data sets.\nDevelop CI/CD pipelines for automated data pipeline deployments, version control, and monitoring.\nImplement data virtualization techniques to provide seamless access to data across multiple storage systems.\nCollaborate with cross-functional teams, including data architects, business analysts, and DevOps teams, to align data engineering strategies with enterprise goals.\nStay up to date with emerging data technologies and best practices, ensuring continuous improvement of Enterprise Data Fabric architectures.\nMust-Have Skills:\nHands-on experience in data engineering technologies such as Databricks, PySpark, SparkSQL Apache Spark, AWS, Python, SQL, and Scaled Agile methodologies.\nProficiency in workflow orchestration, performance tuning on big data processing.\nStrong understanding of AWS services\nExperience with Data Fabric, Data Mesh, or similar enterprise-wide data architectures.\nAbility to quickly learn, adapt and apply new technologies\nStrong problem-solving and analytical skills\nExcellent communication and teamwork skills\nExperience with Scaled Agile Framework (SAFe), Agile delivery practices, and DevOps practices.\nGood-to-Have Skills:\nGood to have deep expertise in Biotech & Pharma industries\nExperience in writing APIs to make the data available to the consumers\nExperienced with SQL/NOSQL database, vector database for large language models\nExperienced with data modeling and performance tuning for both OLAP and OLTP databases\nExperienced with software engineering best-practices, including but not limited to version control (Git, Subversion, etc.), CI/CD (Jenkins, Maven etc.), automated unit testing, and Dev Ops\nEducation and Professional Certifications\n9 to 12 years of Computer Science, IT or related field experience\nAWS Certified Data Engineer preferred\nDatabricks Certificate preferred\nScaled Agile SAFe certification preferred\nSoft Skills:\nExcellent analytical and troubleshooting skills.\nStrong verbal and written communication skills\nAbility to work effectively with global, virtual teams\nHigh degree of initiative and self-motivation.\nAbility to manage multiple priorities successfully.\nTeam-oriented, with a focus on achieving team goals.\nAbility to learn quickly, be organized and detail oriented.\nStrong presentation and public speaking skills.",Health Care,"['snowflake', 'Databricks', 'Spark', 'Sql', 'Etl', 'AWS']",2025-06-24 06:19:32
Senior Data Engineer,Amgen Technology Private Limited,4-12 Years,,Hyderabad,"This role involves working with large datasets, developing reports, supporting and executing data initiatives and, visualizing data to ensure data is accessible, reliable, and efficiently managed. The ideal candidate has strong technical skills, experience with big data technologies, and a deep understanding of data architecture and ETL processes\nDesign, develop, and maintain data solutions for data generation, collection, and processing\nBe a key team member that assists in design and development of the data pipeline\nCreate data pipelines and ensure data quality by implementing ETL processes to migrate and deploy data across systems\nContribute to the design, development, and implementation of data pipelines, ETL/ELT processes, and data integration solutions\nTake ownership of data pipeline projects from inception to deployment, manage scope, timelines, and risks\nCollaborate with cross-functional teams to understand data requirements and design solutions that meet business needs\nDevelop and maintain data models, data dictionaries, and other documentation to ensure data accuracy and consistency\nImplement data security and privacy measures to protect sensitive data\nLeverage cloud platforms (AWS preferred) to build scalable and efficient data solutions\nCollaborate and communicate effectively with product teams\nCollaborate with Data Architects, Business SMEs, and Data Scientists to design and develop end-to-end data pipelines to meet fast paced business needs across geographic regions\nIdentify and resolve complex data-related challenges\nAdhere to best practices for coding, testing, and designing reusable code/component\nExplore new tools and technologies that will help to improve ETL platform performance\nParticipate in sprint planning meetings and provide estimations on technical implementation\nWhat we expect of you\nMasters degree and 4 to 6 years of Computer Science, IT or related field experience OR\nBachelors degree and 6 to 8 years of Computer Science, IT or related field experience OR\nDiploma and 10 to 12 years of Computer Science, IT or related field experience\nBasic Qualifications:\nHands on experience with big data technologies and platforms, such as Databricks, Apache Spark (PySpark, SparkSQL),Snowflake, workflow orchestration, performance tuning on big data processing\nProficiency in data analysis tools (eg. SQL)\nProficient in SQL for extracting, transforming, and analyzing complex datasets from relational data stores\nExcellent problem-solving skills and the ability to work with large, complex datasets\nExperience with ETL tools such as Apache Spark, and various Python packages related to data processing, machine learning model development\nStrong understanding of data modeling, data warehousing, and data integration concepts\nProven ability to optimize query performance on big data platforms\nPreferred Qualifications:\nExperience with Software engineering best-practices, including but not limited to version control, infrastructure-as-code, CI/CD, and automated testing\nKnowledge of Python/R, Databricks, SageMaker, cloud data platforms\nStrong understanding of data governance frameworks, tools, and best practices.\nKnowledge of data protection regulations and compliance requirements (e.g., GDPR, CCPA)\nProfessional Certifications:\nAWS Certified Data Engineer preferred\nDatabricks Certificate preferred\nSoft Skills:\nExcellent critical-thinking and problem-solving skills\nStrong communication and collaboration skills\nDemonstrated awareness of how to function in a team setting\nDemonstrated presentation skills",Health Care,"['snowflake', 'Databricks', 'Spark', 'Sql', 'Etl', 'AWS']",2025-06-24 06:19:33
Senior Data Engineer,Amgen Technology Private Limited,4-12 Years,,Hyderabad,"This role involves working with large datasets, developing reports, supporting and executing data initiatives and, visualizing data to ensure data is accessible, reliable, and efficiently managed. The ideal candidate has strong technical skills, experience with big data technologies, and a deep understanding of data architecture and ETL processes\nDesign, develop, and maintain data solutions for data generation, collection, and processing\nBe a key team member that assists in design and development of the data pipeline\nCreate data pipelines and ensure data quality by implementing ETL processes to migrate and deploy data across systems\nContribute to the design, development, and implementation of data pipelines, ETL/ELT processes, and data integration solutions\nTake ownership of data pipeline projects from inception to deployment, manage scope, timelines, and risks\nCollaborate with cross-functional teams to understand data requirements and design solutions that meet business needs\nDevelop and maintain data models, data dictionaries, and other documentation to ensure data accuracy and consistency\nImplement data security and privacy measures to protect sensitive data\nLeverage cloud platforms (AWS preferred) to build scalable and efficient data solutions\nCollaborate and communicate effectively with product teams\nCollaborate with Data Architects, Business SMEs, and Data Scientists to design and develop end-to-end data pipelines to meet fast paced business needs across geographic regions\nIdentify and resolve complex data-related challenges\nAdhere to best practices for coding, testing, and designing reusable code/component\nExplore new tools and technologies that will help to improve ETL platform performance\nParticipate in sprint planning meetings and provide estimations on technical implementation\nWhat we expect of you\nMasters degree and 4 to 6 years of Computer Science, IT or related field experience OR\nBachelors degree and 6 to 8 years of Computer Science, IT or related field experience OR\nDiploma and 10 to 12 years of Computer Science, IT or related field experience\nBasic Qualifications:\nHands on experience with big data technologies and platforms, such as Databricks, Apache Spark (PySpark, SparkSQL),Snowflake, workflow orchestration, performance tuning on big data processing\nProficiency in data analysis tools (eg. SQL)\nProficient in SQL for extracting, transforming, and analyzing complex datasets from relational data stores\nExcellent problem-solving skills and the ability to work with large, complex datasets\nExperience with ETL tools such as Apache Spark, and various Python packages related to data processing, machine learning model development\nStrong understanding of data modeling, data warehousing, and data integration concepts\nProven ability to optimize query performance on big data platforms\nPreferred Qualifications:\nExperience with Software engineering best-practices, including but not limited to version control, infrastructure-as-code, CI/CD, and automated testing\nKnowledge of Python/R, Databricks, SageMaker, cloud data platforms\nStrong understanding of data governance frameworks, tools, and best practices.\nKnowledge of data protection regulations and compliance requirements (e.g., GDPR, CCPA)\nProfessional Certifications:\nAWS Certified Data Engineer preferred\nDatabricks Certificate preferred\nSoft Skills:\nExcellent critical-thinking and problem-solving skills\nStrong communication and collaboration skills\nDemonstrated awareness of how to function in a team setting\nDemonstrated presentation skills",Health Care,"['snowflake', 'Databricks', 'Spark', 'Sql', 'Etl', 'AWS']",2025-06-24 06:19:34
Senior Data Engineer,Tableau,5-7 Years,,"Hyderabad, India","Job Category\nSoftware Engineering\nJob Details\nAbout Salesforce\nWe're Salesforce, the Customer Company, inspiring the future of business with AI+ Data +CRM. Leading with our core values, we help companies across every industry blaze new trails and connect with customers in a whole new way. And, we empower you to be a Trailblazer, too - driving your performance and career growth, charting new paths, and improving the state of the world. If you believe in business as the greatest platform for change and in companies doing well and doing good - you've come to the right place.\nAbout the company:\nWe're Salesforce, the Customer Company, inspiring the future of business with AI + Data + CRM. Leading with our core values, we help companies across every industry blaze new trails and connect with customers in a whole new way. And, we empower you to be a Trailblazer, too - driving your performance and career growth, charting new paths, and improving the state of the world. If you believe in business as the greatest platform for change and in companies doing well and doing good - you've come to the right place.\nAbout the team:\nJoin the Marketing AI/ML Algorithms and Applications team within Salesforce's Marketing organization. In this role, you'll have the opportunity to make an outsized impact on Salesforce's marketing initiatives, helping to promote our vast product portfolio to a global customer base, including 90% of the Fortune 500. By driving state-of-the-art data engineering solutions for our internal marketing platforms, you'll directly contribute to enhancing the effectiveness of Salesforce's marketing efforts. Your data engineering expertise will play a pivotal role in accelerating Salesforce's growth. This is a unique chance to apply your passion for data engineering to drive transformative business impact on a global scale, shaping the future of how Salesforce engages with potential and existing customers, and contributing to our continued innovation and industry leadership in the CRM space.\nWe are seeking an experienced Senior Data Engineer to develop scalable data platforms and pipelines that enable marketing effectiveness measurement and customer targeting for AI/ML-driven marketing at Salesforce. In this role, you will work closely with our Data Science team to support the full lifecycle of model development, from data exploration to production deployment for our growing portfolio of production models.\nResponsibilities:\n- Design and implement scalable data platforms, pipelines, and features to support advanced statistical and machine learning techniques across batch and real-time processing scenarios\n- Contribute to development and maintenance of Feature Stores to support ML algorithm development and deployment, ensuring efficient access to high-quality features for both marketing effectiveness and customer targeting models\n- Build real-time and batch data processing systems, including ETL workflows, to integrate customer data from multiple sources (Snowflake, Data Cloud, etc.), ensuring data quality and accessibility for modeling purposes\n- Collaborate with Analytics, Data Science, and Business teams to understand and meet their data needs for marketing effectiveness models (eg, Marketing Driven Pipe, Marketing Matured ACV) and customer targeting models (eg, Product Interest, Lead Scoring, Event Intelligence, Account Propensity)\n- Implement data infrastructure to support model deployment, monitoring, and in-production tuning processes with output consumption through analytics platforms like Tableau\n- Optimize data infrastructure for performance, scalability, reliability, and cost-efficiency\n- Work with data stewards and custodians to ensure data quality, security, and governance, adhering to Salesforce's commitment to responsible and ethical use of data\n- Share technical expertise and support junior team members\nPosition Requirements:\n- 5+ years experience building enterprise-scale data platforms and pipelines for large-scale data sets in a cloud environment\n- Strong knowledge in big data technologies such as SQL, Python, PySpark / Spark, Hive, Presto, Kafka\n- Strong knowledge of data modeling techniques and tools, with emphasis on database design and ETL processes\n- Strong experience with cloud platforms such as AWS, GCP, or Azure for data sourcing, supporting model development, and assisting with operationalization\n- Experience with data engineering technologies such as dbt, Airflow, data warehouses (e.g., Snowflake, Redshift) and data lakes (e.g., S3, HDFS)\n- Solid understanding of advanced statistical and machine learning techniques as to their data requirements\n- Experience with customer data platforms (CDPs) and customer 360 initiatives\n- Strong problem-solving and communication skills\n- Passion for enabling data-driven marketing effectiveness measurement and customer targeting in B2B contexts\n- Familiarity with Salesforce products and B2B customer data is advantageous\nThis role offers an exciting opportunity to leverage your data engineering expertise to power data and AI-driven innovation for the world's #1 CRM provider, working closely with our Data Science team to unlock transformative value for our vast global customer base through AI/ML-driven marketing initiatives.\nAccommodations\nIf you require assistance due to a disability applying for open positions please submit a request via this .\nPosting Statement\nSalesforce is an equal opportunity employer and maintains a policy of non-discrimination with all employees and applicants for employment. What does that mean exactly It means that at Salesforce, we believe in equality for all. And we believe we can lead the path to equality in part by creating a workplace that's inclusive, and free from discrimination. Any employee or potential employee will be assessed on the basis of merit, competence and qualifications - without regard to race, religion, color, national origin, sex, sexual orientation, gender expression or identity, transgender status, age, disability, veteran or marital status, political viewpoint, or other classifications protected by law. This policy applies to current and prospective employees, no matter where they are in their Salesforce employment journey. It also applies to recruiting, hiring, job assignment, compensation, promotion, benefits, training, assessment of job performance, discipline, termination, and everything in between. Recruiting, hiring, and promotion decisions at Salesforce are fair and based on merit. The same goes for compensation, benefits, promotions, transfers, reduction in workforce, recall, training, and education.",IT/Computers - Software,"['Airflow', 'HDFS', 'snowflake', 'dbt', 'S3', 'Pyspark', 'Kafka', 'Redshift', 'Sql', 'Hive', 'Presto', 'Spark', 'Python']",2025-06-24 06:19:35
Senior Data Engineer,Stockx,5-7 Years,,"Bengaluru, India","Help empower our global customers to connect to culture through their passions.\nTechnology at StockX\nOur Technology Team is on a mission to build the next generation e-commerce platform for the next generation customer. We build world-class, innovative experiences and products that give our users access to the world's most-coveted products and unlock economic opportunity by turning reselling into a business for anyone. Our team uses cutting edge technologies that handle massive scale globally. We're an internet-native, cloud-native company from day 1 - you won't find legacy technology here. If you're a curious leader who loves solving problems, wearing multiple hats, and learning new things, join us!\nAbout the role\nAs a Senior Data Engineer, you will be empowered to leverage data to drive amazing customer experiences and business results. You will own the end to end development of data engineering solutions to support analytical needs of the business. The ideal candidate will be passionate about working with disparate datasets and be someone who loves to bring data together to answer business questions at speed. You should have deep expertise in the creation and management of datasets and the proven ability to translate the data into meaningful insights through collaboration with analysts, data scientists and business stakeholders.\nWhat you'll do\nDesign and build mission critical data pipelines with a highly scalable distributed architecture - including data ingestion (streaming, events and batch), data integration, data curation\nHelp continually improve ongoing reporting and analysis processes, simplifying self-service support for business stakeholders\nBuild and support reusable framework to ingest, integration and provision data\nAutomation of end to end data pipeline with metadata, data quality checks and audit\nBuild and support a big data platform on the cloud\nDefine and implement automation of jobs and testing\nOptimize the data pipeline to support ML workloads and use cases\nSupport mission critical applications and near real time data needs from the data platform\nCapture and publish metadata and new data to subscribed users\nWork collaboratively with business analysts, product managers, data scientists as well as business partners and actively participate in design thinking session\nParticipate in design and code reviews\nMotivate, coach, and serve as a role model and mentor for other development team associates/members that leverage the platform\nAbout you\nMinimum of 5 years experience in data warehouse / data lake technical architecture\n3+ years of experience in using programming languages (Python / Scala / Java / C#) to build data pipelines\nMinimum 3 years of Big Data and Big Data tools in one or more of the following: Batch Processing (e.g. Hadoop distributions, Spark), Real time processing (e.g. Kafka, Flink/Spark Streaming)\nMinimum of 2 years experience with AWS or engineering in other cloud environments\nExperience with Database Architecture/Schema design\nStrong familiarity with batch processing and workflow tools such as AirFlow, NiFi\nAbility to work independently with business partners and management to understand their needs and exceed expectations in delivering tools/solutions\nStrong interpersonal, verbal and written communication skills and ability to present complex technical/analytical concepts to executive audience\nStrong business mindset with customer obsession ability to collaborate with business partners to identify needs and opportunities for improved data management and delivery\nExperience providing technical leadership and mentoring other engineers for best practices on data engineering\nBachelor's degree in Computer Science, or a related technical field\nNice to have:\nMasters in Computer Science or related quantitative field\nAbout StockX\n\nStockX is proud to be a Detroit-based technology leader focused on the large and growing online market for sneakers, apparel, accessories, electronics, collectibles, trading cards, and more. StockX's powerful platform connects buyers and sellers of high-demand consumer goods from around the world using dynamic pricing mechanics. This approach affords access and market visibility powered by real-time data that empowers buyers and sellers to determine and transact based on market value. The StockX platform features hundreds of brands across verticals including Jordan Brand, adidas, Nike, Supreme, BAPE, Off-White, Louis Vuitton, Gucci collectibles from brands including LEGO, KAWS, Bearbrick, and Pop Mart and electronics from industry-leading manufacturers Sony, Microsoft, Meta, and Apple. Launched in 2016, StockX employs 1,000 people across offices and verification centers around the world. Learn more at www.stockx.com.\nWe are an equal opportunity employer and value diversity at our company. We do not discriminate on the basis of race, religion, color, national origin, gender, sexual orientation, age, marital status, veteran status, or disability status. This job description is intended to convey information essential to understanding the scope of the job and the general nature and level of work performed by job holders within this job. However, this job description is not intended to be an exhaustive list of qualifications, skills, efforts, duties, responsibilities or working conditions associated with the position. StockX reserves the right to amend this job description at any time. StockX may utilize AI to rank job applicant submissions against the position requirements to assist in determining candidate alignment.",Internet/E-commerce,"['Flink', 'AirFlow', 'NiFi', 'Java', 'Hadoop', 'Scala', 'Big Data', 'Kafka', 'data engineering', 'Spark', 'Python', 'AWS']",2025-06-24 06:19:37
Data Engineer II,Swiss Re,3-5 Years,,"Hyderabad, India","About the Role:\nAs a Data Engineer, you will be responsible for designing and delivering best in class data engineering capabilities supporting the company's ambition to become data driven. You will have\nstrong skills in architecting, designing, building and testing data management solutions within a big data cloud infrastructure. You have a real passion for truly democratizing data for the business and our customers.\nKey responsibilities include:\nWork closely with Product Owners and Architects to understand requirements, formulate solutions and evaluate the implementation effort.\nDesign, develop and maintain scalable data transformation pipelines.\nDesign and implement analytics models and visualizations to provide actionable data insights.\nEvaluate new capabilities of the analytics platform, develop prototypes and assist in drawing conclusions about the applicability to our solution landscape.\nCollaborate within a global development team to design and deliver solutions.\nAbout the Team:\nLife & Health Data & Analytics Engineering is a key tech partner for our Life & Health Reinsurance division, supporting in the transformation of the data landscape and the creation of innovative analytical products and capabilities. A large globally distributed team working in an agile development landscape, we deliver solutions to make better use of our reinsurance data and enhance our ability to make data-driven decisions across the business value chain.\nAbout You:\nAre you eager to disrupt the industry with us and make an impact Do you wish to have your talent recognized and rewarded Then join our growing team and become part of the next wave of data\ninnovation. Key qualifications include:\nBachelor's degree level or equivalent in Computer Science, Data Science or similar discipline\nAt least 3-5 years of experience working with large scale software systems\nProficient in Python/PySpark\nProficient in SQL (Spark SQL preferred)\nPalantir Foundry experience is a strong plus.\nExperience working with large data sets on enterprise data platforms and distributed computing (Spark/Hive/Hadoop preferred)\nExperience with JavaScript/HTML/CSS a plus\nExperience working in a Cloud environment such as AWS or Azure is a plus\nKnowledge of Insurance Domain, Financial Industry or Finance function in other industries is a strong plus\nAbility and enthusiasm to work in a global and multicultural environment of internal and external professionals\nStrong interpersonal and communication skills, demonstrating a clear and articulate standard of written and verbal communication in complex environments\nKeywords:\nReference Code:134083",Consulting/Advisory Services,"['Palantir Foundry', 'Spark SQL', 'Hadoop', 'CSS', 'Pyspark', 'HTML', 'Sql', 'Hive', 'Javascript', 'Spark', 'Azure', 'Python', 'AWS']",2025-06-24 06:19:39
Cloud Data Support Engineer,NTT Data,8-10 Years,,"Bengaluru, India","NTT DATA strives to hire exceptional, innovative and passionate individuals who want to grow with us. If you want to be part of an inclusive, adaptable, and forward-thinking organization, apply now.\nWe are currently seeking a Cloud Data Support Engineer to join our team in Bangalore, Karntaka (IN-KA), India (IN).\nBasic Qualifications: (what are the skills required to this job with minimum years of experience on each)\nMust have 8 - 10 years experience in Cloud Data Engineering Support roles preferably in Microsoft Azure.\nMust have some years Cloud Data Engineering Support of a Microsoft Azure Data Warehouse.\nExperience in a Cloud environment front line support role handling broke/fix recovery.\nMust have Cloud Data Engineering Support experience working with large datasets and complex data environments, processes, and associated solutions.\nIncident and Problem Management using ServiceNow\nKnowledge and experience with a data warehouse star schema and ETL concepts\nSQL Basic skills and experience\n5-6 years experience and knowledge of Streaming Support with Event Hub, Databricks Cluster, Cosmos DB, Scala, Azure SQL DB and Azure App Insights.\nKnowledge of API's along with Azure Functions, Scala, Python, Azure SQL DB and Azure App Insights.\nKnowledge of Batch Support with Databricks, Python, Microsoft Data Factory, Azure App Insights, IWS Job Scheduling\nKnowledge of automated and scheduled batch job tools such as IBM IWS and Control-M.\nMust have good oral and written communication skills to effectively communicate with various IT teams and business representatives.\nMust be able to both collaborate in a team-oriented environment and work independently with direction.\nNice to Have (But not a must)\nKnowledge of Data Product Hygiene and be able to champion this in your work.\nSupport Security and Audit Compliance initiatives related to the Microsoft Azure environment\nExperience with Big Data solutions and no SQL DBMSs\nExperience with Azure, AWS, or other Public Cloud environments\nExperience with Microsoft Azure platform technologies like Databricks applications, Event Hub, Data Factory, Scala, Synapse Analytics, Delta Lake, Cosmos DB, or DevOps\nBachelor's degree in Computer Science, Computer Information Systems, Management Information Systems, or related field preferred\nAbout NTT DATA\nNTT DATA is a $30 billion trusted global innovator of business and technology services. We serve 75% of the Fortune Global 100 and are committed to helping clients innovate, optimize and transform for long term success. As a Global Top Employer, we have diverse experts in more than 50 countries and a robust partner ecosystem of established and start-up companies. Our services include business and technology consulting, data and artificial intelligence, industry solutions, as well as the development, implementation and management of applications, infrastructure and connectivity. We are one of the leading providers of digital and AI infrastructure in the world. NTT DATA is a part of NTT Group, which invests over $3.6 billion each year in R&D to help organizations and society move confidently and sustainably into the digital future. Visit us at\nNTT DATA endeavors to make accessible to any and all users. If you would like to contact us regarding the accessibility of our website or need assistance completing the application process, please contact us at . This contact information is for accommodation requests only and cannot be used to inquire about the status of applications. NTT DATA is an equal opportunity employer. Qualified applicants will receive consideration for employment without regard to race, color, religion, sex, sexual orientation, gender identity, national origin, disability or protected veteran status. For our EEO Policy Statement, please click . If you'd like more information on your EEO rights under the law, please click . For Pay Transparency information, please click.",IT/Computers - Software,"['Streaming Support with Event Hub', 'Databricks Cluster', 'ETL concepts', 'IBM IWS', 'Cloud Data Engineering Support', 'Data warehouse star schema', 'Azure SQL DB', 'Batch Support with Databricks', 'Microsoft Data Factory', 'Control-M', 'Azure App Insights', 'Incident and Problem Management using ServiceNow', 'Scala', 'Data Warehouse', 'Sql', 'Azure Functions', 'Microsoft Azure', 'Cosmos DB', 'Python']",2025-06-24 06:19:40
Specialist Data Security Engineer,Amgen Technology Private Limited,4-12 Years,,Hyderabad,"What you will do\nLet s do this. Let s change the world. In this vital role the Specialist Data Security Engineer covering Data Loss Prevention (DLP) and Cloud Access Security Broker (CASB) technologies. This role will report to the Manager, Data Security. This position will provide essential services that enable us to better pursue our mission.\nSpecialist Data Security Engineers operate, manage, and improve Amgen s DLP and Cloud Access Security Broker (CASB) solutions. In our Data Security team, they will identify emerging risks related to changes in cloud technologies, advise management, and develop technical remediations to address those risks. Specialists lead the development of processes and procedures for multiple solutions which enable business units to remediate identify cloud data exposures. They run multiple projects simultaneously to implement and improve the cloud data security protection and use advanced analytics to demonstrate success.\nThis engineer will play a key role in educating and evangelizing to technologists and business leaders the security strategies that both protect and enable business processes related to cloud data handling.\nRoles & Responsibilities:\nDesigns, operates, maintains, and enhances capabilities for the technical systems that ensure protection of data for all Amgen global operations.\nIdentifies new risk areas for data and plans controls to mitigate those risks.\nResearches new technologies, processes, and approaches based on industry practices and recommends future plans for data protection.\nAuthors procedures and guidelines and advises on policies related to data protection requirements and remediation or investigation of violations.\nDevelops and conducts training on data protection technologies for operations staff. Educates business leadership about data risk.\nAdvises other technology groups on data protection strategies and recommends appropriate points of both technical and process integration.\nPartners with the Manager of Data Security to liaise to legal and human resources leadership on violation remediations.\nCollaborates with cloud strategy leaders and business unit leadership to ensure that cloud data protection is incorporated by design into new business projects.\nCollaborates with Cloud Security Engineers to integrate cloud data protection technology into the operations of traditional Data Loss Prevention operations.\nWhat we expect of you\nWe are all different, yet we all use our unique contributions to serve patients.\nBasic Qualifications:\nMaster s degree and 4 to 6 years of experience OR\nBachelor s degree and 6 to 8 years of experience OR\nDiploma and 10 to 12 years of experience.\nFunctional Skills:\nMust-Have Skills\nFamiliarity with one or more security frameworks, especially in regulated environments.\nProficiency specifying requirements for technical systems, as well as designing, implementing, and operating those systems.\nExpertise in global IT operations, including an understanding of regulatory and cultural differences encountered when dealing with international peers and customers.\nDemonstrated competence maintaining applications on Windows and Linux based operating systems, and basic understanding of one or more programming or scripting languages.\nDemonstrated proficiency with one or more Cloud Access Security Platforms (Elastica, Netskope, SkyHigh, etc)\nTrack record of project management leadership, preferably using Agile methodology.\nDeep knowledge of the principles of Data Protection, including availability, integrity, and confidentiality of data.\nGood-to-Have Skills:\nProficiency with communications focused on both the development of written technical processes and the ability to convey complex ideas clearly in front of an audience.\nExperience with data analytics focused on building executive reports\nReputation of successfully navigating large enterprise environments, understanding both ITIL driven processes and business relationship building\nAbility to self-direct work on multiple priorities with little to no oversight, based on critical initiatives.\nProfessional Certifications (please mention if the certification is preferred or required for the role):\nSystems Security Certified Practitioner (SSCP) or Security+\nSANS Certifications\nCloud security certifications\nRelevant vendor-specific certifications\nSoft Skills:\nEstablished analytical and gap/fit assessment skills.\nAbility to work effectively with global, virtual teams\nHigh degree of initiative and self-motivation.\nAbility to manage multiple priorities successfully.\nTeam-oriented, with a focus on achieving team goals\nEffective presentation and public speaking skills.\nWhat you can expect of us\nAs we work to develop treatments that take care of others, we also work to care for your professional and personal growth and well-being. From our competitive benefits to our collaborative culture, we ll support your journey every step of the way.\nIn addition to the base salary, Amgen offers competitive and comprehensive Total Rewards Plans that are aligned with local industry standards.",Pharmaceutical,"['security frameworks', 'Cloud Access Security', 'sscp', 'Scripting Languages', 'Agile Methodology', 'Data Analytics']",2025-06-24 06:19:42
"Data Platform Engineer - Tech Lead, VP",Dws Investment,6-8 Years,,Pune,"DB Technology is a global team of tech specialists, spread across multiple trading hubs and tech centers. We have a strong focus on promoting technical excellence our engineers work at the forefront of financial services innovation using cutting-edge technologies.\nDB Pune location plays a prominent role in our global network of tech centers, it is well recognized for its engineering culture and strong drive to innovate. We are committed to building a diverse workforce and to creating excellent opportunities for talented engineers and technologists. Our tech teams and business units use agile ways of working to create best solutions for the financial markets.\nCB Data Services and Data Platform\nWe are seeking an experienced Software Engineer with strong leadership skills to join our dynamic tech team. In this role, you will lead a group of engineers working on cutting-edge technologies in Hadoop, Big Data, GCP, Terraform, Big Query, Data Proc and data management. You will be responsible for overseeing the development of robust data pipelines, ensuring data quality, and implementing efficient data management solutions. Your leadership will be critical in driving innovation, ensuring high standards in data infrastructure, and mentoring team members. Your responsibilities will include working closely with data engineers, analysts, cross-functional teams, and other stakeholders to ensure that our data platform meets the needs of our organization and supports our data-driven initiatives.\nJoin us in building and scaling our tech solutions including hybrid data platform to unlock new insights and drive business growth. If you are passionate about data engineering, we want to hear from you!\nDeutsche Banks Corporate Bank division is a leading provider of cash management, trade finance and securities finance. We complete green-field projects that deliver the best Corporate Bank - Securities Services products in the world. Our team is diverse, international, and driven by shared focus on clean code and valued delivery. At every level, agile minds are rewarded with competitive pay, support, and opportunities to excel.You will work as part of a cross-functional agile delivery team. You will bring an innovative approach to software development, focusing on using the latest technologies and practices, as part of a relentless focus on business value. You will be someone who sees engineering as team activity, with a predisposition to open code, open discussion and creating a supportive, collaborative environment. You will be ready to contribute to all stages of software delivery, from initial analysis right through to production support.\nWhat we'll offer you\nAs part of our flexible scheme, here are just some of the benefits that youll enjoy\nBest in class leave policy\nGender neutral parental leaves\n100% reimbursement under childcare assistance benefit (gender neutral)\nSponsorship for Industry relevant certifications and education\nEmployee Assistance Program for you and your family members\nComprehensive Hospitalization Insurance for you and your dependents\nAccident and Term life Insurance\nComplementary Health screening for 35 yrs. and above\nYour key responsibilities\nTechnical Leadership:\nLead a cross-functional team of engineers in the design, development, and implementation of on prem and cloud-based data solutions.\nProvide hands-on technical guidance and mentorship to team members, fostering a culture of continuous learning and improvement.\nCollaborate with product management and stakeholders to define technical requirements and establish delivery priorities.\nArchitectural and Design Capabilities:\nArchitect and implement scalable, efficient, and reliable data management solutions to support complex data workflows and analytics.\nEvaluate and recommend tools, technologies, and best practices to enhance the data platform.\nDrive the adoption of microservices, containerization, and serverless architectures within the team.\nQuality Assurance:\nEstablish and enforce best practices in coding, testing, and deployment to maintain high-quality code standards.\nOversee code reviews and provide constructive feedback to promote code quality and team growth.\nYour skills and experience\nTechnical\nSkills:\nBachelor's or Masters degree in Computer Science, Engineering, or related field.\n7+ years of experience in software engineering, with a focus on Big Data and GCP technologies such as Hadoop, PySpark, Terraform, BigQuery, DataProc and data management.\nProven experience in leading software engineering teams, with a focus on mentorship, guidance, and team growth.\nStrong expertise in designing and implementing data pipelines, including ETL processes and real-time data processing.\nHands-on experience with Hadoop ecosystem tools such as HDFS, MapReduce, Hive, Pig, and Spark.\nHands on experience with cloud platform particularly Google Cloud Platform (GCP), and its data management services (e.g., Terraform, BigQuery, Cloud Dataflow, Cloud Dataproc, Cloud Storage).\nSolid understanding of data quality management and best practices for ensuring data integrity.\nFamiliarity with containerization and orchestration tools such as Docker and Kubernetes is a plus.\nExcellent problem-solving skills and the ability to troubleshoot complex systems.\nStrong communication skills and the ability to collaborate with both technical and non-technical stakeholders\nLeadership Abilities:\nProven experience in leading technical teams, with a track record of delivering complex projects on time and within scope.\nAbility to inspire and motivate team members, promoting a collaborative and innovative work environment.\nStrong problem-solving skills and the ability to make data-driven decisions under pressure.\nExcellent communication and collaboration skills.\nProactive mindset, attention to details, and constant desire to improve and innovate.",Banking,"['data quality management', 'Hive', 'Spark', 'Software Engineering', 'hadoop', 'Kubernetes', 'Data Management', 'Scala', 'Pyspark']",2025-06-24 06:19:51
Data Platform Engineer,Amgen Technology Private Limited,1-5 Years,,Hyderabad,"Work as a member of a Data Platform Engineering team that uses Cloud and Big Data technologies to design, develop, implement and maintain solutions to support various functional areas like Manufacturing, Commercial, Research and Development.\nWork closely with the Enterprise Data Lake delivery and platform teams to ensure that the applications are aligned with the overall architectural and development guidelines\nResearch and evaluate technical solutions including Databricks and AWS Services, NoSQL databases, Data Science packages, platforms and tools with a focus on enterprise deployment capabilities like security, scalability, reliability, maintainability, cost management etc.\nAssist in building and maintaining relationships with internal and external business stakeholders\nDevelop basic understanding of core business problems and identify opportunities to use advanced analytics\nAssist in reviewing 3rd party providers for new feature/function/technical fit with departments data management needs.\nWork closely with the Enterprise Data Lake ecosystem leads to identify and evaluate emerging providers of data management & processing components that could be incorporated into data platform.\nWork with platform stakeholders to ensure effective cost observability and control mechanisms are in place for all aspects of data platform management.\nExperience developing in an Agile development environment, and comfortable with Agile terminology and ceremonies.\nKeen on embracing new responsibilities, facing challenges, and mastering new technologies\nWhat we expect of youBasic Qualifications and Experience:\nMaster s degree in computer science or engineering field and 1 to 3 years of relevant experience OR\nBachelor s degree in computer science or engineering field and 3 to 5 years of relevant experience OR\nDiploma and Minimum of 8+ years of relevant work experience\nMust-Have Skills:\nExperience with Databricks (or Snowflake), including cluster setup, execution, and tuning\nExperience with common data processing libraries: Pandas, PySpark, SQLAlchemy.\nExperience in UI frameworks (Angular.js or React.js)\nExperience with data lake, data fabric and data mesh concepts\nExperience with data modeling, performance tuning, and experience on relational databases\nExperience building ETL or ELT pipelines; Hands-on experience with SQL/NoSQL\nProgram skills in one or more computer languages - SQL, Python, Java\nExperienced with software engineering best-practices, including but not limited to version control (Git, GitLab.), CI/CD (GitLab, Jenkins etc.), automated unit testing, and Dev Ops\nExposure to Jira or Jira Align.\nGood-to-Have Skills:\nKnowledge on R language will be considered an advantage\nExperience in Cloud technologies AWS preferred.\nCloud Certifications -AWS, Databricks, Microsoft\nFamiliarity with the use of AI for development productivity, such as Github Copilot, Databricks Assistant, Amazon Q Developer or equivalent.\nKnowledge of Agile and DevOps practices.\nSkills in disaster recovery planning.\nFamiliarity with load testing tools (JMeter, Gatling).\nBasic understanding of AI/ML for monitoring.\nKnowledge of distributed systems and microservices.\nData visualization skills (Tableau, Power BI).\nStrong communication and leadership skills.\nUnderstanding of compliance and auditing requirements.\nSoft Skills:\nExcellent analytical and solve skills\nExcellent written and verbal communications skills (English) in translating technology content into business-language at various levels\nAbility to work effectively with global, virtual teams\nHigh degree of initiative and self-motivation\nAbility to manage multiple priorities successfully\nTeam-oriented, with a focus on achieving team goals\nStrong problem-solving and analytical skills.\nStrong time and task leadership skills to estimate and successfully meet project timeline with ability to bring consistency and quality assurance across various projects.",Pharmaceutical,"['SQLAlchemy.', 'Pandas', 'Pyspark', 'Etl', 'Sql', 'Python', 'Java']",2025-06-24 06:19:53
Data Platform Engineer,Amgen Technology Private Limited,1-5 Years,,Hyderabad,"Work as a member of a Data Platform Engineering team that uses Cloud and Big Data technologies to design, develop, implement and maintain solutions to support various functional areas like Manufacturing, Commercial, Research and Development.\nWork closely with the Enterprise Data Lake delivery and platform teams to ensure that the applications are aligned with the overall architectural and development guidelines\nResearch and evaluate technical solutions including Databricks and AWS Services, NoSQL databases, Data Science packages, platforms and tools with a focus on enterprise deployment capabilities like security, scalability, reliability, maintainability, cost management etc.\nAssist in building and maintaining relationships with internal and external business stakeholders\nDevelop basic understanding of core business problems and identify opportunities to use advanced analytics\nAssist in reviewing 3rd party providers for new feature/function/technical fit with departments data management needs.\nWork closely with the Enterprise Data Lake ecosystem leads to identify and evaluate emerging providers of data management & processing components that could be incorporated into data platform.\nWork with platform stakeholders to ensure effective cost observability and control mechanisms are in place for all aspects of data platform management.\nExperience developing in an Agile development environment, and comfortable with Agile terminology and ceremonies.\nKeen on embracing new responsibilities, facing challenges, and mastering new technologies\nWhat we expect of youBasic Qualifications and Experience:\nMaster s degree in computer science or engineering field and 1 to 3 years of relevant experience OR\nBachelor s degree in computer science or engineering field and 3 to 5 years of relevant experience OR\nDiploma and Minimum of 8+ years of relevant work experience\nMust-Have Skills:\nExperience with Databricks (or Snowflake), including cluster setup, execution, and tuning\nExperience with common data processing libraries: Pandas, PySpark, SQLAlchemy.\nExperience in UI frameworks (Angular.js or React.js)\nExperience with data lake, data fabric and data mesh concepts\nExperience with data modeling, performance tuning, and experience on relational databases\nExperience building ETL or ELT pipelines; Hands-on experience with SQL/NoSQL\nProgram skills in one or more computer languages - SQL, Python, Java\nExperienced with software engineering best-practices, including but not limited to version control (Git, GitLab.), CI/CD (GitLab, Jenkins etc.), automated unit testing, and Dev Ops\nExposure to Jira or Jira Align.\nGood-to-Have Skills:\nKnowledge on R language will be considered an advantage\nExperience in Cloud technologies AWS preferred.\nCloud Certifications -AWS, Databricks, Microsoft\nFamiliarity with the use of AI for development productivity, such as Github Copilot, Databricks Assistant, Amazon Q Developer or equivalent.\nKnowledge of Agile and DevOps practices.\nSkills in disaster recovery planning.\nFamiliarity with load testing tools (JMeter, Gatling).\nBasic understanding of AI/ML for monitoring.\nKnowledge of distributed systems and microservices.\nData visualization skills (Tableau, Power BI).\nStrong communication and leadership skills.\nUnderstanding of compliance and auditing requirements.\nSoft Skills:\nExcellent analytical and solve skills\nExcellent written and verbal communications skills (English) in translating technology content into business-language at various levels\nAbility to work effectively with global, virtual teams\nHigh degree of initiative and self-motivation\nAbility to manage multiple priorities successfully\nTeam-oriented, with a focus on achieving team goals\nStrong problem-solving and analytical skills.\nStrong time and task leadership skills to estimate and successfully meet project timeline with ability to bring consistency and quality assurance across various projects.",Pharmaceutical,"['SQLAlchemy.', 'Pandas', 'Pyspark', 'Etl', 'Sql', 'Python', 'Java']",2025-06-24 06:19:54
"Strategic Data Archive Onboarding Engineer, AS",Dws Investment,6-8 Years,,Pune,"Role Description\nStrategic Data Archive is an internal service which enables application to implement records management for regulatory requirements, application decommissioning, and application optimization.\nYou will work closely with other teams providing hands on support onboarding by helping them define record content and metadata, configuring archiving, supporting testing and creating defensible documentation that archiving was complete.\nYou will need to both support and manage the expectations of demanding internal clients.\nWhat we'll offer you\nAs part of our flexible scheme, here are just some of the benefits that youll enjoy,\nBest in class leave policy.\nGender neutral parental leaves\n100% reimbursement under childcare assistance benefit (gender neutral)\nSponsorship for Industry relevant certifications and education\nEmployee Assistance Program for you and your family members\nComprehensive Hospitalization Insurance for you and your dependents\nAccident and Term life Insurance\nComplementary Health screening for 35 yrs. and above\nYour key responsibilities\nProvide responsive customer service helping internal clients understand and efficiently manage their records management risks\nExplain our archiving services (both the business value and technical implementation) and respond promptly to inquiries\nSupport the documentation and approval of requirements including record content and metadata\nIdentify and facilitate implementing an efficient solution to meet the requirements\nManage expectations and provide regular updates- frequently to senior stakeholders\nConfigure archiving in test environments- will not be coding new functionality but will be making configuration changes maintained in a code repository and deployed with standard tools\nSupport testing ensuring clients have appropriately managed implementation risks\nHelp issue resolution including data issues, environment challenges, and code bugs\nPromote configurations from test environments to production\nWork with Production Support to ensure archiving is completed and evidenced\nContribute towards a culture of learning and continuous improvement\nWill partner with teams in multiple location\nYour skills and experience\nDelivers against tight deadlines in a fast paced environment\nManages others expectations and meets commitments\nHigh degree of accuracy and attention to detail\nAbility to communicate (written and verbal) concisely both business concepts and technical details and to influence partners including senior mangers\nHigh analytical capabilities and able to quickly grasp new contexts we support multiple areas of the Bank\nExpresses opinions while supporting group decisions\nEnsures deliverables are clearly documented and holds self and others accountable for meeting those deliverables\nAbility to identify risks at an early stage and implement mitigating strategies\nFlexibility and willingness to work autonomously and collaboratively\nAbility to work in virtual teams, agile environment and in matrixed organizations\nTreats everyone with respect and embraces diversity\nBachelors Degree from an accredited college or university desirable\nMinimum 4 years experience implementing IT solutions in a global financial institution\nComfortable with technology (e.g., SQL, FTP, XML, JSON) and a desire and ability to learn new skills as required (e.g., Fabric, Kubernetes, Kafka, Avro, Ansible)\nMust be an expert in SQL and have Python programming experience.\nFinancial markets and Google Cloud Platform knowledge a plus while curiosity a requirement",Banking,"['metadata', 'Kubernetes', 'It Solutions', 'Sql', 'Ansible', 'python', 'Hive', 'Scala', 'Pyspark']",2025-06-24 06:19:55
Data Analyst / Analytics Engineer - Client Analytics and Strategy,Dws Investment,7-12 Years,,Mumbai,"Data Analyst / Analytics Engineer - Client Analytics and Strategy Team, AVP\nThe Client and Sales Analytics Specialist develops and manages the end-to-end process of delivering the analytics around revenue, pipeline, KPIs etc to stakeholders, bringing transparency to the Corporate Bank Leadership teams as well as the Coverage and Sales organisations on our top client relationships. The role requires a holistic understanding of internal and external client data, along with the ability to distill and communicate a contextualized narrative with actionable insights to a wide audience. As part of the Client Analytics squad and in collaboration with all stakeholders, the role will support the build out, training and provide ongoing support to colleagues across the Corporate Bank.\nYour key responsibilities\nProduction, enhancement, maintenance of Global MI related to the Corporate Bank,\nData quality controls, enabling translation / transformation of data to stitch together disparate data sources and drive data clean-up\nConsolidate different datasets to fabricate essential client insights\nDrive effort of integrating analytics into strategic platforms and other relevant forums\nSupport the business by building and deploying value-added MI and Dashboards\nSupport audit and regulatory requests by provided data after validation and aggregation\nSupport Management teams with investigations, deep dives and adhoc analysis\nYour skills and experience\nExperience in Analytical tools such as Tableau and SQL\n7+ years of experience in data visualization (preferably Tableau)\nDesign and build Tableau dashboards\nBe hands-on and very familiar with complex SQL\nUnderstand data modelling and data warehouse designs\nData modeling: from raw data, to building report and eventually deployment of dashboards\nBe able to do required changes on database level (design and build new tables, views etc.)\nStrong MI background with high data interpretation skills\nWork with users to understand business requirements and design solutions\nStrong interpersonal skills, communication, stakeholder management & teamwork\nAbility to work independently and under tight deadlines\nRelevant experience in the banking sector",Banking,"['data interpretation', 'data warehouse designs', 'Analytics', 'Tableau', 'Data Modelling', 'Data Visualization', 'Sql']",2025-06-24 06:19:56
Master Data Management Software Engineer,Amgen Technology Private Limited,1-9 Years,,Hyderabad,"Design, develop, and maintain data solutions for data generation, collection, and processing.\nContribute to the design, development, and implementation of data pipelines, ETL/ELT processes, and data integration solutions.\nDevelop and maintain front-end applications using HTML, CSS, and JavaScript frameworks (React, Angular).\nBuild and maintain back-end services using languages like Python, Java, or Node.js.\nCollaborate with the design and product teams to understand user needs and translate them into technical requirements.\nWrite clean, efficient, and well-tested code.\nParticipate in code reviews and provide constructive feedback.\nMaintain system uptime and optimal performance.\nLearn and adapt to new technologies and industry trends.\nCollaborate and communicate effectively with product teams.\nParticipate in sprint planning meetings and provide estimations on technical implementation.\nWhat we expect of you we are all different, yet we all use our unique contributions to serve patients.\nBasic Qualifications:\nMaster s degree and 1 to 3 years of Computer Science, IT or related field experience OR\nBachelor s degree and 3 to 5 years of Computer Science, IT or related field experience OR\nDiploma and 7 to 9 years of Computer Science, IT or related field experience\nCloud Computing certificate preferred.\nPreferred Qualifications:\nHands on experience with web development, proficient with HTML, CSS, JavaScript.\nHands on experience with backend development, proficient with SQL/NoSQL database, proficient in Python and SQL.\nAbility to learn new technologies quickly. Strong problem-solving and analytical skills. Good communication and teamwork skills.\nSoft Skills:\nExcellent analytical and troubleshooting skills.\nStrong verbal and written communication skills\nAbility to work effectively with global, virtual teams\nHigh degree of initiative and self-motivation.\nAbility to manage multiple priorities successfully.\nTeam-oriented, with a focus on achieving team goals.\nStrong presentation and public speaking skills.\nGood-to-Have Skills:\nGood understanding of data modeling, data warehousing, and data integration concepts.\nCertified Data Engineer / Data Analyst (preferred on Databricks or cloud environments).\nMachine Learning Certification (preferred on Databricks or Cloud environments.",Pharmaceutical,"['HTML', 'CSS', 'Python', 'Java', 'Node.js', 'Sql']",2025-06-24 06:19:58
Technical Support Engineer - Data Analytics,Workday,3-5 Years,,"Pune, India","Your work days are brighter here.\nAt Workday, it all began with a conversation over breakfast. When our founders met at a sunny California diner, they came up with an idea to revolutionize the enterprise software market. And when we began to rise, one thing that really set us apart was our culture. A culture which was driven by our value of putting our people first. And ever since, the happiness, development, and contribution of every Workmate is central to who we are. Our Workmates believe a healthy employee-centric, collaborative culture is the essential mix of ingredients for success in business. That's why we look after our people, communities and the planet while still being profitable. Feel encouraged to shine, however that manifests: you don't need to hide who you are. You can feel the energy and the passion, it's what makes us unique. Inspired to make a brighter work day for all and transform with us to the next stage of our growth journey Bring your brightest version of you and have a brighter work day here.\nAt Workday, we value our candidates privacy and data security. Workday will never ask candidates to apply to jobs through websites that are not Workday Careers.\nPlease be aware of sites that may ask for you to input your data in connection with a job posting that appears to be from Workday but is not.\nIn addition, Workday will never ask candidates to pay a recruiting fee, or pay for consulting or coaching services, in order to apply for a job at Workday.\nAbout the Team\nJoin our team and experience Workday! / About the team\n\nIt's fun to work in a company where people truly believe in what they're doing. At Workday, we're committed to bringing passion and customer focus to the business of enterprise applications. We work hard, and we're serious about what we do. But we like to have a good time, too. In fact, we run our company with that principle in mind every day: One of our core values is fun.\nAbout the Role\nJob Description / About the Role\nWorkday is looking for a Support Engineer specializing in Analytics with expertise in troubleshooting, performance optimization, and data analysis across Workday's analytics services, including Prism Analytics, People Analytics, Discovery Boards, and Accounting Center. The ideal candidate has a solid foundation in big-data processing, data transformation, and reporting frameworks, with the ability to diagnose and resolve complex issues by analyzing logs, performance metrics, and system integrations. This role requires hands-on experience with query performance tuning, data pipeline debugging, and structured troubleshooting methodologies to support Workday's analytics solutions. Strong data modeling, log analysis, and problem-solving skills combined with clear, effective communication are essential for success in this role.\nAbout You\nKey Areas of Responsibility:\nProvide sophisticated technical support for Workday's reporting and analytics tools, including Prism Analytics, People Analytics, Discovery Boards, and Accounting Center, focusing on performance optimization, index debugging, memory management, and system health debugging.\nDevelop expertise in Workday analytics services to drive high-performance reporting and data analytics solutions, using Prism Analytics, People Analytics, and SQL best practices.\nCollaborate with clients to define business requirements and translate them into optimized reports and configurations, improving query performance, data accuracy, and system health using Prism Analytics and Discovery Boards.\nTroubleshoot and resolve issues related to report configurations, system performance, integrations, and memory management, including detailed analysis of logs, query performance, and data pipelines.\nGuide customers in building, modifying, and optimizing reports, ensuring scalability, data integrity, and alignment with business needs, especially in Prism Analytics and Accounting Center.\nEducate users on standard methodologies for Workday reporting, security, and data governance, emphasizing People Analytics and Discovery Boards.\nCollaborate cross-functionally with engineering teams to address data quality issues, security concerns, and performance optimizations across Prism Analytics and Accounting Center, with a focus on memory management and system health.\nContribute to documentation, QA efforts, and the optimization of analytics tools, with a focus on SQL querying, indexing, and debugging system health issues.\nParticipate in 24x7 global support coverage, providing timely and efficient support across time zones.\nKey Technical Skills & Knowledge:\nBachelor's degree in Computer Science, Information Management, Statistics, Data Science, or a related field.\n3+ years of experience in customer support, system performance optimization, data analysis, or similar roles, with a solid background in big data technologies and AI-driven analytics.\nDemonstrable experience with data platforms (e.g., Spark, Hadoop) and working with large-scale datasets, including data pipeline design and distributed processing.\nHands-on experience with advanced reporting tools and analytics solutions, including AI-powered reporting platforms and big data tools like Spark for data transformation and analysis.\nStrong proficiency in SQL and data querying with the ability to analyze complex data sets, optimize queries, and perform data-driven insights to enhance system performance and business processes.\nDemonstrated ability to gather and map business requirements to advanced analytics and application capabilities, ensuring alignment with AI-driven insights and reporting solutions.\nSolid understanding of data architecture, including data lakes, ETL processes, and real-time data streaming.\nStrong analytical skills to collect, organize, and interpret complex datasets, using AI and big data tools to drive product improvements and optimize reporting performance.\nAbility to deliver data-driven insights to technical and non-technical partners, presenting complex findings to end-users and executive teams in an actionable manner.\nProven collaboration skills, working across teams to drive issue resolution and using AI or machine learning models to enhance system functionality and customer experience.\nStrong written and verbal communication skills, with experience in technical consulting, customer support, or AI/ML-driven technical roles.\nSelf-motivated with the ability to work independently in a fast-paced environment, while using AI and big data technologies to identify and resolve issues.\n\n\nOur Approach to Flexible Work\nWith Flex Work, we're combining the best of both worlds: in-person time and remote. Our approach enables our teams to deepen connections, maintain a strong community, and do their best work. We know that flexibility can take shape in many ways, so rather than a number of required days in-office each week, we simply spend at least half (50%) of our time each quarter in the office or in the field with our customers, prospects, and partners (depending on role). This means you'll have the freedom to create a flexible schedule that caters to your business, team, and personal needs, while being intentional to make the most of time spent together. Those in our remote home office roles also have the opportunity to come together in our offices for important moments that matter.\nAre you being referred to one of our roles If so, ask your connection at Workday about our Employee Referral process!",IT/Computers - Software,"['Structured Troubleshooting', 'Performance Optimization', 'Query Performance Tuning', 'Data Pipeline Debugging', 'Reporting Frameworks', 'Troubleshooting', 'Analytics', 'Data Analysis', 'Data Modeling', 'Sql', 'Log Analysis', 'Data Transformation']",2025-06-24 06:19:59
Sr Semantic Engineer - Research Data and Analytics,Amgen Technology Private Limited,6-9 Years,,Hyderabad,"In this role, you will be responsible for constructing semantic data pipelines, integrating both relational and graph-based data sources, ensuring seamless data interoperability, and leveraging cloud platforms to scale data solutions effectively.\nRoles & Responsibilities:\nDevelop and maintain semantic data pipelines using Python, RDF, SPARQL, and linked data technologies.\nDevelop and maintain semantic data models for biopharma scientific data\nIntegrate relational databases (SQL, PostgreSQL, MySQL, Oracle, etc.) with semantic frameworks.\nEnsure interoperability across federated data sources, linking relational and graph-based data.\nImplement and optimize CI/CD pipelines using GitLab and AWS.\nLeverage cloud services (AWS Lambda, S3, Databricks, etc.) to support scalable knowledge graph solutions.\nCollaborate with global multi-functional teams, including research scientists, Data Architects, Business SMEs, Software Engineers, and Data Scientists to understand data requirements, design solutions, and develop end-to-end data pipelines to meet fast-paced business needs across geographic regions.\nCollaborate with data scientists, engineers, and domain experts to improve research data accessibility.\nAdhere to standard processes for coding, testing, and designing reusable code/components.\nExplore new tools and technologies to improve ETL platform performance.\nParticipate in sprint planning meetings and provide estimations on technical implementation.\nMaintain comprehensive documentation of processes, systems, and solutions.\nHarmonize research data to appropriate taxonomies, ontologies, and controlled vocabularies for context and reference knowledge.\nWhat we expect of youWe are all different, yet we all use our unique contributions to serve patients.\nBasic Qualifications and Experience:\nDoctorate Degree OR Master s degree with 4 - 6 years of experience in Computer Science, IT, Computational Chemistry, Computational Biology/Bioinformatics or related field OR\nBachelor s degree with 6 - 8 years of experience in Computer Science, IT, Computational Chemistry, Computational Biology/Bioinformatics or related field OR\nDiploma with 10 - 12 years of experience in Computer Science, IT, Computational Chemistry, Computational Biology/Bioinformatics or related field\nPreferred Qualifications and Experience:\n6+ years of experience in designing and supporting biopharma scientific research data analytics (software platforms)\nFunctional Skills:\nMust-Have Skills:\nAdvanced Semantic and Relational Data Skills: Proficiency in Python, RDF, SPARQL, Graph Databases (e.g. Allegrograph), SQL, relational databases, ETL pipelines, big data technologies (e.g. Databricks), semantic data standards (OWL, W3C, FAIR principles), ontology development and semantic modeling practices.\nCloud and Automation Expertise: Good experience in using cloud platforms (preferably AWS) for data engineering, along with Python for automation, data federation techniques, and model-driven architecture for scalable solutions.\nTechnical Problem-Solving: Excellent problem-solving skills with hands-on experience in test automation frameworks (pytest), scripting tasks, and handling large, complex datasets.\nGood-to-Have Skills:Experience in biotech/drug discovery data engineering\nExperience applying knowledge graphs, taxonomy and ontology concepts in life sciences and chemistry domains\nExperience with graph databases (Allegrograph, Neo4j, GraphDB, Amazon Neptune)\nFamiliarity with Cypher, GraphQL, or other graph query languages\nExperience with big data tools (e.g. Databricks)\nExperience in biomedical or life sciences research data management\nSoft Skills:Excellent critical-thinking and problem-solving skills\nGood communication and collaboration skills\nDemonstrated awareness of how to function in a team setting\nDemonstrated presentation skills",Pharmaceutical,"['CI/CD', 'Sql', 'PostgreSQL', 'MySQL', 'Python', 'Cloud Services']",2025-06-24 06:20:00
